﻿字段1,字段2_文本,时间
1339,不要脸的，快两年陪了一万六，必须举报,2018/8/8 10:33
979,要不要脸！！强制持减！还好意思发什么不定期折算的公,2018/8/8 10:28
880,大家可在网上向证监会投诉此基,2018/8/8 10:23
1860,同意举报的举手,2018/8/8 10:22
1014,一起举报吧,2018/8/8 10:22
928,明明回本了，一块钱买的，为什么6000元变成3000多？为,2018/8/8 10:18
1460,叫“赚钱养鸡”“大漠苍狼068”“分级A友”的咋没声了,2018/8/8 10:07
1555,为什么他们可以强制减持,2018/8/8 10:04
662,做报表给基金公司看的，文字游戏。,2018/8/8 10:01
939,华友钴业估计要歇菜了,2018/8/8 9:57
925,请问大家怎么投诉，这个基金强行调减，做法太不要脸了,2018/8/8 9:57
800,有谁能解释一下折算的原因,2018/8/8 9:56
725,尼玛的，怎么搞的,2018/8/8 9:53
773,彻底失望！,2018/8/8 9:45
827,华友钴业天天大跌，你他妈还不减仓，有病啊,2018/8/8 9:45
861,特拉斯爆涨11/100，本鸡变绿，何也？,2018/8/8 9:44
2085,昨天不是涨了1.2吗.为什么支付宝我就剩1400了.昨天还,2018/8/8 9:33
940,怎么投诉？,2018/8/8 9:08
872,不对啊 为什么我的份额少了一半然后钱也是少了 还是亏,2018/8/8 9:07
743,真他妈的死垃圾，垃圾，垃圾，就没赚到一分钱，强行调,2018/8/8 9:02
466,这基怎么回事？也不出来解释一下，太霸道 了，抢人的,2018/8/8 8:47
836,画饼充饥呀？,2018/8/8 7:56
4012,上折了，份额少一倍，净值多一倍，等于没变！,2018/8/8 7:49
1021,新能源为何这么贪心！谁还敢跟你合作！！为什么为什么,2018/8/8 7:35
1029,跌太多又折？？？？？？？,2018/8/8 7:30
2156,关于富国中证新能源汽车指数分级证券投资基金之新能车,2018/8/8 7:24
874,艹，这是什么垃圾。还可以这么做文章！！！,2018/8/8 7:23
988,下折前没有任何的风险提示，没有短信没有电话，这种事,2018/8/8 6:58
997,这个经理不行，在数字上做文章，赔钱还耍让外人看到赢,2018/8/8 5:48
964,真不要脸了啊！撤！咱不玩了！,2018/8/8 3:08
2063,如果刚刚拿出来的人惨了，份额变了！,2018/8/8 2:16
2111,给大家讲个笑话 本人7月27日进场 以为抄底了,2018/8/8 2:03
5021,关于富国中证新能源汽车指数分级证券投资基金不定期折,2018/8/8 1:30
1056,难道强行调减还强行收手续费？我又没申请,2018/8/7 23:35
877,为啥没有一个说明？怎么回事？,2018/8/7 23:23
1035,认真算下我少了400块，分红钱一样就算了，还多扣400，,2018/8/7 23:08
539,怎么找到他们联系电话？,2018/8/7 22:49
477,真会玩啊,2018/8/7 22:38
803,又有下跌空间了，难道还要继续割门上,2018/8/7 22:31
868,骗子公司。9百多的份额变成5百多，有人了性吗？买了基,2018/8/7 22:29
1242,少了5000多份，坑死了……,2018/8/7 22:04
873,麻痹，折算是什么意思,2018/8/7 21:59
567,真尼玛折腾啊,2018/8/7 21:55
800,我六月底的时候赶紧把这只鸡超级转换去国投瑞银中证指,2018/8/7 21:49
969,强行调减是什么意思，哪位大神出来解释一下！,2018/8/7 21:48
700,老比,2018/8/7 21:44
768,没人性,2018/8/7 21:35
645,妈的怎么少了这么多！老子万把块没了！艹！,2018/8/7 21:35
633,一个字乱,2018/8/7 21:34
862,五万多份少了一大半真有良心哎，呆x,2018/8/7 21:32
857,拿我们血汗钱开玩笑，好意思吗？,2018/8/7 21:31
969,咋回是啊，份额咋少啦,2018/8/7 21:29
1010,22000多份额变8000多，什么情况，损失太大了？,2018/8/7 21:15
3218,为什么本来亏1万多，现在赚两万多，这钱是我的吗,2018/8/7 21:12
795,两个二逼都不出来解释一下，就闷声发财？,2018/8/7 21:11
934,今天赎回的举手,2018/8/7 21:05
792,大家一起赎回吧，没意思了,2018/8/7 21:01
1418,看不懂啥东西，真是无语啊，虽然我投入的少一点，但是,2018/8/7 20:59
1581,突然强行调减是什么意思？,2018/8/7 20:57
771,骗子骗子骗子骗子骗子骗子骗子骗子骗子骗子骗子骗子骗,2018/8/7 20:53
744,骗子，各种骗,2018/8/7 20:35
610,昨天大盘跌1个多点，你跌3个多点；今天大盘涨2个多点,2018/8/7 20:07
1112,这可是血汗钱啊,2018/8/7 19:10
814,要特莫的两块才能回本了,2018/8/7 19:04
782,亏得更多了,2018/8/7 18:33
689,要到1.5才能回本啊,2018/8/7 18:32
867,明天北汽借壳上市，会不会涨,2018/8/7 17:52
914,不要再买这个垃圾基金了,2018/8/7 17:27
835,现在可以卖了，能卖多少份额,2018/8/7 17:14
773,养两头猪还可以杀了卖钱，这俩货不如猪。,2018/8/7 17:11
840,这个鸡，基本完蛋了，下折以后，在到0.5，在下折，在,2018/8/7 17:02
803,怎样举报啊,2018/8/7 17:02
617,这个基金是在找死,2018/8/7 16:52
752,现在可以卖啊，3点以后应该是明天的净值了吧,2018/8/7 16:45
1716,全部卖了，要不亏损大了,2018/8/7 16:31
2392,能卖今天一定要卖完，大盘涨成这样都不涨，明天领跌的,2018/8/7 16:25
901,我们赔钱人家赚，都陪在我们身上，涨净值人家涨，我们,2018/8/7 15:55
1388,昨天下折了吗？怎么净值突然回到1块？但是我账户昨天,2018/8/7 15:53
928,现在卖了合适吗,2018/8/7 15:39
762,强行把估值调回1，就没人管管？可以举报不？,2018/8/7 14:15
首页上一页470471472473474475476477478479480下一页尾页 共534页,,
,,
737,跌了,2018/8/7 15:29
744,又回来了，骗子,2018/8/7 15:29
1718,为啥涨了？,2018/8/7 15:24
3292,本来亏20 个点现在怎么还盈利22个点。。。,2018/8/7 15:09
2593,凭什么不让赎回啊,2018/8/7 14:47
766,天下最最不要脸的公司，非富国莫属了,2018/8/7 14:37
750,这基最差,2018/8/7 14:34
2434,跌的太多太狠！净值到了0.6元，知道难看了，强行折算,2018/8/7 14:23
1889,此基太作假了。没得搞了。三四万剩不到两万。搞机巴都,2018/8/7 14:21
1125,开门，老子不陪你玩了,2018/8/7 14:20
2077,再跌净值就变成0了！所以以虚假的分红方式把净值提高,2018/8/7 14:09
612,大盘涨了两个点你涨0.2都没有，跌倒是领跌,2018/8/7 14:04
728,上半年不行下半年怎么样,2018/8/7 13:47
733,这是开始红了？明天还能进吗？,2018/8/7 13:47
792,为什么不让卖，为什么跌了，资产增加了,2018/8/7 13:41
2356,为什么单位净值变为1元了,2018/8/7 13:39
1270,这两个基金业务员在？,2018/8/7 13:37
630,很好，十连跌,2018/8/7 13:36
599,关门不准跑,2018/8/7 13:35
523,关门了，不准跑！,2018/8/7 13:35
579,艹，要吃得大家骨头都不剩,2018/8/7 13:31
609,为什么不能赎回？,2018/8/7 13:22
659,老子的份额让狗吃了,2018/8/7 13:08
391,一坨翔,2018/8/7 12:45
774,今天三股翻红，TM牛张俩位不知脸红吗？,2018/8/7 12:43
715,太不要脸了,2018/8/7 12:18
844,我想知道什么时候可以赎回,2018/8/7 11:53
507,好基，跌这么多居然不反弹,2018/8/7 11:49
856,有谁知道这是不是分级基金？,2018/8/7 11:37
1524,打公司电话，举报！,2018/8/7 11:37
731,你mmd！卖也不能卖！为什么？我们自己的钱！,2018/8/7 11:27
2780,这是国家补贴吗,2018/8/7 11:26
8978,请教各位大神，基金份额转移可以吗？转出之后也是现金,2018/8/7 11:22
709,分级的不能买，都把钱给a了，赔钱也要撤出,2018/8/7 11:19
1817,这这算啥意思啊，我今天全卖了，行吗，,2018/8/7 11:19
733,难道这个也是分级基金吗？要是的话明天全部跑了,2018/8/7 11:18
429,这只基真是太不要脸了，被坑死了,2018/8/7 11:08
2824,我昨天还陪8000多，今天就差不多回本了，这是怎么回事,2018/8/7 10:51
863,明明没有这么高的市值，却去化个妆出来继续坑，分级基,2018/8/7 10:57
1042,不会是我少投了吧！,2018/8/7 10:52
551,选股选的太差，板块都红的，基金竟然还跌1个点,2018/8/7 10:49
736,这基金公司不要脸到了极致，下折了还不让赎回，强抢,2018/8/7 10:47
2177,这个基，跌懵了吧？居然给这么多收益！,2018/8/7 10:41
693,是我买过最垃圾的一只基没有之一，十连跌一点反弹没有,2018/8/7 10:40
1866,已全部清仓，等中美结束后再进场,2018/8/7 10:40
539,基金公司不要脸,2018/8/7 10:42
3361,这是什么鬼？跌了还有这么多钱！,2018/8/7 10:32
1759,这样拆算是不是钱变多了？,2018/8/7 10:32
700,经理抱着华友钴业不放等死啊？,2018/8/7 10:30
831,我估计净值上调，我们的钱还是以前那,2018/8/7 10:29
725,总盈亏还是没变，说明就是忽悠人勒,2018/8/7 10:29
636,终于出手抢劫了！,2018/8/7 10:26
521,还是跌，怎么办呢,2018/8/7 10:25
1538,幸好没大投，只投了25000,2018/8/7 10:20
720,这真是关起门来打狗,2018/8/7 10:18
1672,这机怎么回事？还是亏损，怎么钱给变多了？,2018/8/7 10:17
513,文字游戏！,2018/8/7 9:47
631,还是跌呀,2018/8/7 10:15
4372,关于富国中证新能源汽车指数分级证券投资基金不定期折,2018/8/7 9:43
733,坐等一帮人回心转意。,2018/8/7 9:10
597,我的钱啊,2018/8/7 10:20
709,滚蛋，亏得没脸见人，又调回1元,2018/8/7 9:21
634,这又是忽悠人，估计8号就变回去了！,2018/8/7 10:12
1006,这个基亏得实在没脸见人了，只好把值恢复到1.0，臭不,2018/8/7 7:54
819,什么鬼？,2018/8/7 7:52
4608,为什么今天跌了，我的钱涨了5000多,2018/8/7 1:17
1364,今天这涨的钱算数吗？,2018/8/6 23:56
2265,今天是不是不算数？？,2018/8/6 23:31
4851,下折对我们这个母基金无影响(其实类似基金分红，就是,2018/8/6 22:01
4007,有人知道折算期间，今天的亏损会算吗？,2018/8/6 21:57
1666,垃圾中的战斗机,2018/8/6 21:34
2544,我只想知道1块多买进的还有吗,2018/8/6 18:01
851,立马撤，赶紧开,2018/8/6 16:33
893,开了，立马撤，死机,2018/8/6 16:32
2512,折算是怎么回事？对客服务,2018/8/6 16:22
2244,今天加不了仓，闹心，上个星期五上车,2018/8/6 16:22
2008,分红有什么用，分红后价格又拉的好低好低！,2018/8/6 16:20
477,跌成这样还不让赎回，你这是要谋杀啊。,2018/8/6 15:04
首页上一页471472473474475476477478479480481下一页尾页 共534页,,
3348,懵了，这钱是我的了吗,2018/8/7 1:17
1520,分级基金下折只是B平仓，但A保持结算是A B的总和，最,2018/8/7 7:03
1690,B级折算和这个有关系么。。。。,2018/8/6 16:20
684,这只逼货,2018/8/6 15:39
868,还硕士，根本就是两吸血鬼，不会是我们的钱去融券买空,2018/8/6 15:18
743,这么烂的技术，让我干我100%比这两位操作的好。,2018/8/6 15:15
904,6.29日是近期的一个高点，曾劝大家暂时不要做了，今天,2018/8/6 15:09
757,你还能救吗？还有人愿意救你吗？只能陪你耗死下课！,2018/8/6 15:08
774,九阴真经,2018/8/6 15:05
682,一直在等回本，不知道何年何月哦，妈的，真是想骂人了,2018/8/6 14:55
819,这个基金已是黄昏独自愁！一步踏入沼泽地，越陷越深！,2018/8/6 14:54
676,被害死了 草草草,2018/8/6 14:49
902,不能买了？,2018/8/6 14:48
2996,这基金建议大家都卖掉吧，坑死老子们了，孙子你心不会,2018/8/6 14:21
806,这基是我买的，认了！,2018/8/6 13:53
888,这两大爷管的基金买不得啊！大多数都是巨亏！,2018/8/6 13:32
803,不死有何用,2018/8/6 12:30
810,有本事掉到一毛？这个股市就是渣！,2018/8/6 12:30
1437,近期消息面利空扰动，资金恐慌情绪的反复升温导致市场,2018/8/6 11:53
850,还要分红，真是病的不轻，要下折了,2018/8/6 11:48
788,乏孬了 不要赎回了！,2018/8/6 11:38
832,尼玛气到觉得好笑了，明天来个十全十美！,2018/8/6 11:33
816,九连跌我也是服气的,2018/8/6 10:53
5644,关于调整新能车B(证券编码:150212)折算基准日证券简称,2018/8/6 10:09
805,今天要炼成九阴真经？,2018/8/6 9:49
2675,哈哈！终于下折了，亏了15%！,2018/8/6 9:49
611,基金，天下第一坑,2018/8/6 9:39
8870,持有分级基金的朋友们请注意，下折潮警报拉响,2018/8/6 7:37
2253,关于富国中证新能源汽车指数分级证券投资基金办理不定,2018/8/6 7:29
1870,关于富国中证新能源汽车指数分级证券投资基金办理不定,2018/8/6 7:22
2404,富国中证新能源汽车指数分级证券投资基金不定期份额折,2018/8/6 7:17
2749,这是要干嘛，暂停申购与赎回,2018/8/5 23:54
3778,二月赔了10万，我也是人才,2018/8/4 22:15
2057,下折了,2018/8/4 10:31
4823,如果下折，对161028基金有什么影响啊 会亏钱不？求大,2018/8/4 0:16
2162,这是又要减仓了吗,2018/8/3 23:23
2933,近期高点卖出近半持仓，此时进场捡拾廉价筹码,2018/8/3 21:38
1473,不见他猛涨只见他猛跌……,2018/8/3 19:04
2558,富国中证新能源汽车7月月报,2018/8/3 16:09
1954,降降降，补补补，就不信你这个邪,2018/8/3 16:06
1900,本周进来已经7个点了,2018/8/3 16:02
2376,黑色星期五！今年股市是五穷六绝七坑八黑！,2018/8/3 15:55
1351,预祝晚上多发新股，监管机构皆大欢喜。好 预祝晚上多,2018/8/3 15:38
2906,中美贸易与a股暴跌 无关，与周五晚上有关。,2018/8/3 15:23
1892,连降连降，连连降，真不是玩意！,2018/8/3 15:03
2174,今天要下折了吧，挺期待的……,2018/8/3 13:58
1836,马上八连跌，牛逼,2018/8/3 13:48
4423,今天又加仓了，我要看看它能跌到哪去。 哈哈,2018/8/3 12:26
1896,暂时先撤了，新能源车股涨得少，跌得多，明显处于弱势,2018/8/3 11:47
1955,今天不错，止跌了，赚5个点走人,2018/8/3 10:30
1966,煤飞色舞，新能源车重仓的就是色，锂，快要起飞了，昨,2018/8/3 10:27
1564,明知道会亏钱还要去买，赌是人的天性！天性是无罪的那,2018/8/3 10:15
1661,今天小涨就买入.,2018/8/3 9:55
3583,又不是分级B，下折会有影响？ 不懂，求明白人科普,2018/8/3 9:45
2198,别装了，赶快跌吧,2018/8/3 9:36
2264,富国中证新能源汽车指数分级证券投资基金之新能车B交,2018/8/3 7:36
3712,再跌就下折了，瞬间变一块，加仓不,2018/8/2 23:59
2060,以为是抄底 没想到六连跌,2018/8/2 22:33
1821,基金就相当于赌博，明知道会亏还要去赌，赌是人的天性,2018/8/2 20:27
2363,我眼巴巴的盯着大盘，想从你们的发展中谋得微弱的红利,2018/8/2 19:57
1144,为什么其他信息6月30能及时更新，持仓人结构还是2017,2018/8/2 19:49
1616,服气了算是,2018/8/2 18:46
1730,敢就买，买就死,2018/8/2 17:14
1618,为什么删帖！！！！七连阴啊！！！比股灾还惨！！！,2018/8/2 16:47
1612,跌跌不休，七连阴了，从来没有过啊！！！每天割你一块,2018/8/2 16:45
1956,下折是不可能的，早呢，,2018/8/2 16:19
1781,此基，活跃哦！厉害,2018/8/2 15:13
1243,还留点悬念，明天见分晓,2018/8/2 15:04
4207,今日准备上车，来晚了点，跑步进场。 哈哈。,2018/8/2 14:38
2899,仓库里8000  ，准备加8000，摊薄成本,2018/8/2 14:08
1210,必须折呀，符合广大基民的基本诉求！,2018/8/2 14:05
2033,下折了！,2018/8/2 13:51
1756,跌倒怀疑人生,2018/8/2 13:22
3911,历史的低点，真心想买个10万，,2018/8/2 12:42
3117,MD真是没有底线啊，昨天加仓就是给他送钱一样，基金股,2018/8/2 12:39
1702,买买买了,2018/8/2 12:38
1605,未来预计连续跌八天！,2018/8/2 12:37
1725,抢钱啦,2018/8/2 10:52
1853,明知道会往下跌还要往里加仓，赌博是人的天性那就继续,2018/8/2 10:06
1762,昨天出来了，亏损八千,2018/8/2 10:04
1852,国家一直打压新能源汽车，都没补贴了！,2018/8/2 10:01
1558,估计能跌到五毛。,2018/8/2 10:01
首页上一页472473474475476477478479480481482下一页尾页 共534页,,
3947,为什么一直跌？,2018/3/7 12:34
1917,警告！加仓危险提示！！！,2018/8/2 10:00
2999,富国中证新能源汽车指数分级证券投资基金可能发生不定,2018/8/2 9:51
1922,估计今天能跌到0.62 不错哈 但是我还是明天才会入手 ,2018/8/2 9:47
1713,买你这个历史新低的还天天暴跌领跌，辣鸡啊,2018/8/2 9:45
1763,要下折了，,2018/8/2 9:43
1969,加油 离我的0.64还差一点点 准备入 0.64,2018/8/2 9:38
1865,对该基金失望透顶！我不退出是希望你能慢慢起来，没想,2018/8/2 8:41
2443,熊市中B基金的下折很容易发生，对持有人来说损失很惨,2018/8/2 0:21
1965,连续6天下跌，跌了7.23个点，再加把劲争取跌10个点吧!,2018/8/1 22:00
2013,看似一个坑，明儿又出来个地下室。,2018/8/1 18:27
2151,明天下折了！,2018/8/1 17:48
2199,机构昨晚发利好今天兑现，所幸我在上月13日大减。今天,2018/8/1 17:18
1435,有多少个看似黄金坑把人套里面能玩一年半栽比如以前煤,2018/8/1 17:14
5284,新能源状态有所回升，各基金正常表现 筑底过程中仍需,2018/8/1 16:26
2078,关注这个基金,2018/8/1 15:31
1991,现在炒购低价股，请大家买低价股后续会发财。,2018/8/1 14:40
1951,大家以为会涨没想到又跌了，又被套死在里面。,2018/8/1 14:29
2157,坐飞机的时候到了！,2018/8/1 14:23
2086,继续继续 今天准备入手 不到0.65不入,2018/8/1 14:18
2251,这个基最垃圾,2018/8/1 14:16
1816,不会吧，还跌啊，没完没了咯。,2018/8/1 13:47
5454,财政部发布关于节能新能源车船享受车船税优惠政策的通,2018/8/1 13:14
1914,一日游。,2018/8/1 12:13
1733,新能源竟然逆市飘红！大涨百分之零点三九！！！真TMD,2018/8/1 11:57
1458,0.65打算今天入,2018/8/1 11:14
1349,今天准备入手 估计能跌到0.65 哈哈,2018/8/1 11:14
1287,被套得深，要走就大出血！还是做卧底！,2018/8/1 11:07
3897,新能源车已跌到前低位置，如果明天再跌就创新低了，创,2018/7/31 23:19
1585,MD，跟抢钱一样！！！,2018/7/31 22:14
1415,富国基金呵呵贫国基金差不多,2018/7/31 21:16
3925,说自己亏了40%.丢不丢人？？,2018/7/31 21:12
1392,靠,2018/7/31 20:52
1849,妈的，天天都跌！,2018/7/31 17:10
2245,买那个跌那个！真TM见鬼了！,2018/7/31 16:59
2317,连跌5天，应该可以买了吧,2018/7/31 14:48
2840,真是无语了？新能源车到底怎么了？请基金经理做出书面,2018/7/31 14:47
1337,只有连跌的，不见连涨！,2018/7/31 14:47
2080,这两个辣鸡经理，脑袋里装的什么玩意,2018/7/31 14:46
1425,此经理已麻木了，他娘那个比，想散伙里,2018/7/31 14:44
1394,这垃圾没救了,2018/7/31 14:41
1258,辣鸡辣鸡怎么不去死,2018/7/31 13:23
1405,还靠你特妈翻身，翻你麻个鬼！,2018/7/31 13:14
1409,经理，不闻不问,2018/7/31 13:14
1167,跌成这样还不定期折算，那就等你折算好了再看看你这垃,2018/7/31 13:10
1245,这二个经理根本就不管，一直持仓股票就没动过，买了就,2018/7/31 13:06
2097,这个不定期折算什么影响？,2018/7/31 12:53
1051,本来我都不想说啥了，但是，特码你亏了30％是什么概念,2018/7/31 12:45
1256,跟国泰比一下 气死人,2018/7/31 12:41
1343,哎，加仓就跌,2018/7/31 11:35
1138,真烂,2018/7/31 11:21
1809,难道真要跌完？,2018/7/31 10:55
1331,今天汽车9为什么会跌？,2018/7/31 10:33
1002,无底洞！,2018/7/31 10:06
1162,可以买点了吧,2018/7/31 9:47
1424,富国可以关门歇业了,2018/7/30 15:05
1489,加点仓平平仓位，见高再出点,2018/7/30 14:27
2276,基民的钱不是血汗钱吗？基金管理人有自己的钱买这只基,2018/7/30 11:09
1452,重要的事情说三遍，基金经理从不买基金！,2018/7/30 10:59
1403,基金管理人操作太差了，水平差到不行，要求换基金管理,2018/7/30 10:55
5195,小白问下是这个国泰国证新能源汽车指数160225好还是富,2018/7/30 10:33
2022,瘟基！每天跌,2018/7/28 16:55
2365,富国无根无据下调23日净值，严重损害当日赎回的持有人,2018/7/27 22:34
1937,我去，又跌回上周的起点了，一周白忙了。,2018/7/27 19:32
2108,死基,2018/7/27 15:06
1995,都是套路，满满的套路深！,2018/7/27 12:41
15643,今天要建仓新能源汽。,2018/7/27 12:13
4987,昨天就买了个底仓了。,2018/7/27 11:55
2340,到月底要大跌！赶紧跑。,2018/7/27 11:06
6007,横盘这么久了很有可能近日要起飞。,2018/7/27 9:55
3044,垃圾中的战斗基。,2018/7/27 7:53
2281,富国中证新能源汽车指数分级证券投资基金可能发生不定,2018/7/27 7:26
3581,份额折算是啥意思？对我们有影响吗,2018/7/26 22:25
2387,明天大跌或者微涨就进,2018/7/26 21:23
3270,今天黑四跌一个点，明天微微涨几厘！,2018/7/26 14:05
2485,新能源无底洞？？有底可抄吗？？,2018/7/26 11:11
2389,富国中证新能源汽车指数分级证券投资基金可能发生不定,2018/7/26 7:37
2117,死基、烂基,2018/7/26 7:06
3935,至如今已亏二十个点，何时能够归来！,2018/7/25 16:50
2161,最近大盘连续反弹，本基却给人涨不动的感觉，查了一下,2018/7/25 15:52
首页上一页473474475476477478479480481482483下一页尾页 共534页,,
2033,跑了，又开始跌了,2018/7/25 14:51
1921,快点出，这机死了,2018/7/25 14:06
1892,日,2018/7/25 13:31
2052,半死不活的垃圾股，想硬撑到啥时候？,2018/7/25 13:25
1881,又开始走下坡路！！小心一滑掉几个点。,2018/7/25 12:40
1880,啥也别说，有本事涨到九毛估计很难！！,2018/7/25 10:13
2743,回调就买,2018/7/25 2:54
1684,看人家白酒一涨就是三个点，这样才够刺激！,2018/7/24 22:11
1371,0.55………,2018/7/24 16:49
1393,0.55你TMD真牛！！！,2018/7/24 15:04
1272,经常吊我胃口，给的少跌的多！此鸡半死不活。,2018/7/24 14:50
2285,不科学，涨这么多，估值才零点几！！！！！,2018/7/24 12:34
2188,这个鸡从来没给过两个到三个点的。,2018/7/24 11:34
2242,发红包有什么用，有这时间把持仓整好效益提上去比啥都,2018/7/20 22:24
2262,经理明每天就喝茶睡觉啊，第一重仓的汇川就不能往下调,2018/7/20 22:18
1978,早猜中你会少给，果然不出我所料。,2018/7/20 21:35
2050,又偷吃,2018/7/20 20:41
1574,富国中证新能源汽车指数分级证券投资基金可能发生不定,2018/7/20 19:36
2006,今天又是汇川拖后腿,2018/7/20 15:00
1953,涨的不够猛，不给力！,2018/7/20 12:40
1990,调仓了吗,2018/7/20 9:35
2049,能骂娘吗？,2018/7/19 15:33
1801,北京新能源汽车补助政策有所调整 补贴不超车价60%,2018/7/19 15:23
2050,还是买股票吧！基金被套死了出不来了。,2018/7/19 14:53
2081,绿油油的一片！看来今年别想回本了的呢！,2018/7/19 14:52
2175,看来今年都别想能回本了,2018/7/19 14:47
2259,塌乎了！这坑挖得很技巧，不用奢望爬出来了，割肉侍虎,2018/7/19 14:26
2223,看来今天到头了！又要被割韭菜了！经理倒霉蛋！,2018/7/19 12:06
4617,摊薄价:0.7219目前选择继续补仓，少补为宜，新能源还,2018/7/19 10:16
2220,跌的永远比涨的厉害！！,2018/7/18 17:42
2505,神奇的2：30,2018/7/17 14:34
2428,新的产品往往是不成熟！,2018/7/17 12:41
2394,新能源尚未成熟，还得继续努力。,2018/7/17 12:40
2659,有红包的基金就是陷阱，红包就是诱饵。,2018/7/17 11:52
2436,没上八毛的鸡不是稳定鸡。,2018/7/17 10:20
2387,没上八毛的鸡都是不稳定！不宜投资。,2018/7/17 10:19
2398,懒机,2018/7/17 9:45
2243,富国中证新能源汽车指数分级证券投资基金可能发生不定,2018/7/17 7:18
2009,富国中证新能源汽车指数分级证券投资基金可能发生不定,2018/7/17 7:18
2725,过来问候一下经理,2018/7/16 14:47
2747,重要的事情说三遍！利空。,2018/7/16 14:46
674,喊你一声贱人你敢答应吗,2018/7/16 13:12
722,贱人就是矫情,2018/7/16 11:59
2393,真坑人这破鸡,2018/7/16 11:29
2493,快跑吧,2018/7/16 10:32
2429,坚持到7天马上跑,2018/7/16 10:29
2363,我就回来看看，还有谁是冤大头，不舍跑，在这里填坑的,2018/7/16 10:25
2076,又开始利空，各位做好心里准备！,2018/7/16 10:05
11609,最新 新能源汽车 盘面解读个人操作思路,2018/7/16 9:18
2102,看评论你们都跑了，那还回来叨叨啥？  少骗人，积点德,2018/7/16 7:15
2443,比亚迪 呵呵   买新能源真惨 周一见,2018/7/15 22:16
4117,比亚迪又出事了，下周怎么办,2018/7/15 14:30
2469,黑五到了，一到周五都是这样高开低走。,2018/7/13 12:44
2790,又在吸引散户，不要进！！,2018/7/13 11:34
2390,这机除了大户进来没希望，再过3/5年才能起,2018/7/13 11:27
2468,死去吧，今天全撤,2018/7/13 11:15
2440,你是最垃圾的 为什么挑到你这只辣鸡,2018/7/13 11:13
2948,涨20个点才能回本，有人跟我一样吗？,2018/7/13 10:15
1704,这个鸡和煤炭是最差劲的，我也不想骂这个鸡精经理的，,2018/7/12 15:15
2577,此鸡现在还不稳定，不宜投入！,2018/7/12 14:56
2780,再涨九个点基本稳定，就可以抄底进！,2018/7/12 14:56
4025,特斯拉算新能源？,2018/7/12 13:12
2658,准备再跌才能进。谁知，不过还要跌0.6,2018/7/12 12:53
2530,都红了别的鸡能给三个点，为什么你就不行？？,2018/7/12 12:38
2397,还差二十个点！能不能给点力，每次才给一个点那么少。,2018/7/12 12:36
2463,今天一定要站稳0.7,2018/7/12 10:14
2616,半死不活的野鸡经理,2018/7/12 10:09
784,几大利好都涨不了，玩你妹！！！,2018/7/12 9:50
2839,中德签署大规模合作协议，新能源汽车板块今日注定大涨,2018/7/12 9:13
2616,今天加了1亿,2018/7/11 22:26
2600,涨了到八毛我才会加二十万！,2018/7/11 21:54
2535,估计是要跌，再跌3天加10万,2018/7/11 21:25
3573,劝你们割肉也要走，谁会听？都舍不得，慢慢的就套住了,2018/7/11 15:30
2613,0.88走的，0.69我又杀回来了。,2018/7/11 15:18
4208,坐稳了，明天要大涨了,2018/7/11 14:56
330,54321，红了,2018/7/11 14:46
2648,神奇的2点半,2018/7/11 14:08
2119,今天会涨到0.7，猜对了我去买彩票,2018/7/11 13:34
2746,0.9才回本，早着呢,2018/7/11 12:44
3174,美国影响新能源吗,2018/7/9 15:01
首页上一页474475476477478479480481482483484下一页尾页 共534页,,
2111,以前买过他，好不容易割肉走了，手贱又买了他，然后套,2018/7/11 11:25
2158,特斯拉来了,2018/7/11 10:40
2429,我去，我一看这是起飞了啊，昨天的风吹过来了，,2018/7/11 10:23
1834,每次都是这样涨一个点以为很多，第二天一下子把昨天的,2018/7/11 9:57
396,新能源汽车将改变世界格局,2018/7/11 9:31
389,新能源汽车还没成气候,2018/7/11 9:30
824,基金资讯 今天 07:30 举报此帖 只看楼主 评论 0 赞 0 ,2018/7/11 8:41
478,今年还能不能上1元，去年上了两次。,2018/7/10 15:04
2113,提示出局，基金公司又可以赚一笔。,2018/7/10 10:02
2005,起风了那吗，！。,2018/7/10 9:50
2105,富国中证新能源汽车指数分级证券投资基金可能发生不定,2018/7/10 7:14
2179,这基新能源怎么这么垃圾呢，难道都是假象，最大得骗局,2018/7/9 23:43
1849,这机现在就是死机，就差一步就死了，勉强跟着活了,2018/7/9 20:09
2899,新能源怎么这么垃圾呢，难道都是假象，最大得骗局？,2018/7/9 19:15
2579,涨幅低于对应指数的基金都是弱鸡不能留了,2018/7/9 15:56
2035,今天涨不到三个点的都是垃圾,2018/7/9 15:13
1679,比机除非有大投资，要不估计玩完,2018/7/9 15:12
1626,垃圾中的战斗鸡,2018/7/9 14:29
1866,为什么涨这么少,2018/7/9 13:48
1639,汇川你就少跌点吧,2018/7/9 13:20
1795,基友们怎么这么死心塌地的跟他？与其在这等死为什么不,2018/7/9 12:42
1750,能源是个垃圾，臭不要脸的，人家都涨三四个点，它只有,2018/7/9 11:53
1533,你这机咋就不比医药，跌是大跌，涨势太小，再这样，我,2018/7/9 10:42
1534,你涨吧么，一星期又输了800，现在这机跌进去3000了，,2018/7/9 10:40
1502,感觉新能源就是个骗局，老是涨不上去，跌的话一落千丈,2018/7/9 10:26
1464,能源就你涨的最少，看别的鸡涨的厉害！,2018/7/9 10:24
1627,没救了这个垃圾,2018/7/9 10:21
290,这破鸡谁买谁倒霉,2018/7/9 10:07
1501,指数大涨你怎么还大跌呢,2018/7/9 10:06
1466,我昨晚梦到我的机就这个机跌。这机跌惨了,2018/7/9 10:06
2385,记得我从0.97跑的，亏了700.亏了7个点，幸好跑的快，,2018/7/9 9:59
2140,TMD，发誓再不玩比鸡,2018/7/6 14:50
2128,这基是跟创业板的吧？,2018/7/6 13:46
2163,富國基金 你告訴大家  那個你家做的基金是不跌的 一群,2018/7/6 12:58
2098,基金都是由那些机构在操控着他想让你涨就得涨，他想让,2018/7/6 12:38
1894,没有底限，只有更低！,2018/7/6 9:33
1885,醒醒吧！老百姓赚不了钱的～所有基金股票都别买，爱怎,2018/7/6 3:51
4550,不是说今天利好新能源汽车吗，玩呢,2018/7/5 21:46
1778,这机不能加了，估计烂了，最近查环保还不涨，不查更不,2018/7/5 21:21
1797,跌到怀疑人生。己经亏了四十几个点了。半年工资都送给,2018/7/5 21:00
2347,一直跌的话说明企业或管理出现问题，我们喜欢反向思维,2018/7/5 20:12
2074,昨天清了，少跌了一天,2018/7/5 20:10
1483,这个基金是有问题的，你们看到15年到现在，超过1块的,2018/7/5 19:42
1543,要是跌的话我是不会加仓，涨到八毛我会毫不犹豫加仓我,2018/7/5 14:58
1392,我的底线八毛才加仓十万。,2018/7/5 14:56
1769,底线0.435上手,2018/7/5 14:37
1910,此基金会下折不?什么价下折,2018/7/5 10:20
2103,富国中证新能源汽车指数分级证券投资基金之新能车B交,2018/7/5 10:13
1347,不投他，还不如酒和医疗,2018/7/5 10:03
1386,就是垃圾，每天希望就失望！糟糕透了,2018/7/5 10:02
1621,看今天的了，这么多新能源利好消息，在不行，那就是真,2018/7/5 9:26
1782,富国中证新能源汽车指数分级证券投资基金之新能车B交,2018/7/5 7:21
1728,天天都有新能源利好消息，就是不涨，真的腻心啊,2018/7/4 20:25
1782,我就怀疑股市一直这么跌，难道国家机构散户们以后都不,2018/7/4 20:25
2328,0.7以下，加仓！,2018/7/4 16:59
1446,现在买基金都是买完每天进来看到基金不断缩水，然后发,2018/7/4 15:38
1611,mb，没完没了的跌。看不到尽头,2018/7/4 13:18
1352,快都跑了，买医疗吧,2018/7/4 13:15
1845,开启下折模式！心里拔凉拔凉的！,2018/7/4 11:55
1398,这基金2015年来，就没涨过,2018/7/4 11:47
1591,发薪常态化是市场的最大利空。,2018/7/4 10:31
1563,新能源也是深不见底,2018/7/4 10:14
1548,这样下去要折算了,2018/7/4 9:58
1507,再投,2018/7/4 9:45
1566,富国中证新能源汽车指数分级证券投资基金之新能车B交,2018/7/4 7:21
1684,真险啊，今天差点亏四个点…,2018/7/3 19:10
591,富国中证新能源汽车指数分级,2018/7/3 17:12
546,贱人就是矫情，破鸡就是破鸡，永远是个破鸡！,2018/7/3 14:26
1634,大家想想！股市七输二平一赚！这概率就是赌场也比它高,2018/7/3 13:22
505,还好姐姐没加仓，这个破鸡,2018/7/3 12:12
1722,这周下折，应该没问题了！,2018/7/3 10:46
1497,富国中证新能源汽车指数分级证券投资基金之新能车B交,2018/7/3 7:25
1732,富国中证新能源汽车指数分级证券投资基金之新能车B交,2018/7/3 7:24
5611,新能源汽车短期赚钱机会有，但不擅长波段的干脆别碰，,2018/7/2 16:47
1532,国家鼓励喝酒的，一直打压科技。,2018/7/2 14:41
1709,又开始一泻千里了,2018/7/2 12:38
1533,还要比脸不？都跌多少了，还跌,2018/7/2 10:20
1424,都涨为什么是绿的,2018/7/2 9:54
1941,还有6个点回本,2018/6/30 10:03
2210,我目前亏五个点，大概率今天能回血三个多点～解套有可,2018/6/29 21:54
首页上一页475476477478479480481482483484485下一页尾页 共534页,,
2104,经理能不能快点，这个时间三胞胎都出生了,2018/6/29 21:34
709,下周要涨一个星期,2018/6/29 15:07
2025,所有的基都在涨，计算机这个礼拜最给力，谁知道下个礼,2018/6/29 15:05
1970,昨天下了，不知道是不是成功被割韭菜……,2018/6/29 14:52
398,破车破车我呸呸呸,2018/6/29 14:17
1816,要是下午还一直往上冲，那就创奇迹了！,2018/6/29 13:23
2300,学会从容离开，0.65再入出太阳,2018/6/29 12:23
2664,这机咋回事，没希望回升了吗！,2018/6/29 11:40
4306,这个底到了没？问问大家,2018/6/29 11:01
1812,富国中证新能源汽车指数分级证券投资基金可能发生不定,2018/6/29 7:26
1906,离下折很近了，关键看明天了,2018/6/28 17:09
1979,天快塌了，证券公司不会也人间蒸发了吧。亏了三四十个,2018/6/28 14:45
320,这个鸡跌起来很狠的，很痛的！,2018/6/28 14:16
﻿486,觉得自己技术真差,2018/6/28 10:42
5099,21号入的出掉,2018/6/28 9:43
1649,富国中证新能源汽车指数分级证券投资基金可能发生不定,2018/6/28 7:19
1897,估计查环保查的影响我们机了，这社会啥也不能买了,2018/6/27 14:52
2557,今天下折了！抢钱了！,2018/6/27 14:03
2046,还有6个点回本,2018/6/26 22:39
5089,明天大涨，天齐锂业国家战略收购外企，许家印都把老贾,2018/6/26 19:42
4626,基友们冲啊，历史的大底到了，夏天抄新能源没错，春天,2018/6/26 17:38
2128,看来是割韭菜的时候了，把你的钱合法装进他的口袋！,2018/6/26 13:36
2099,你他妈凭什么折算啊，,2018/6/26 12:31
4494,听说，今天利好新能源？听说要暴涨，很期待哦,2018/6/26 11:40
3470,谁能说下这几天的风险公告是什么意思？,2018/6/26 11:39
2922,这个星期还要跳水了！,2018/6/25 16:29
2096,今天刚刚转进来,2018/6/25 16:26
1936,卖掉啊,2018/6/25 14:41
1872,今天又没戏，这懒机,2018/6/25 13:39
1898,今天有戏,2018/6/25 11:06
4751,二月底进此鸡如今亏十七点！忍痛割肉！愿赌服输！悔不,2018/6/25 9:59
469,气死我了，我横竖竖呢,2018/6/25 9:34
1951,周五买了半仓,2018/6/25 9:22
1621,富国中证新能源汽车指数分级证券投资基金可能发生不定,2018/6/25 7:19
2080,今天爆涨,2018/6/25 6:32
4227,昨天下午两点多入了一万，为什么今天的盈利我没有？求,2018/6/24 18:10
2299,今年还能上1块么？,2018/6/22 22:58
569,富国新能源，好样的,2018/6/22 21:59
2497,昨天刚卖今天就涨了,2018/6/22 21:09
2202,误入此鸡！每次的反弹都是给我减仓的机会！,2018/6/22 19:28
4870,要不要撤了，问下大家？,2018/6/22 18:17
3185,我撤了点，没都撤，害怕了,2018/6/22 15:07
2371,冲啊 同志们,2018/6/22 14:33
6264,不定期份额折算有什么影响？哪位大佬解释一下,2018/6/22 12:19
2743,周五又是全世界一齐跌，这只鸡下星期就下折了！,2018/6/22 10:22
2297,没救了，唉……,2018/6/22 10:20
2519,加油！努力！拉屎要用力！！！,2018/6/22 10:16
2466,这基会不会下折？？,2018/6/22 8:52
2412,太惨了……,2018/6/22 0:46
2545,这一波下注下错了，还好仓位很轻没伤元气。静静观察等,2018/6/21 23:46
2303,问一下，这基会下折吗？,2018/6/21 22:03
2373,买了一个星期，低了10%真不知道这是一只什么样的鸡,2018/6/21 21:59
2754,赔了20%,2018/6/21 21:56
2292,你凭什么我们买的便宜，你折算成贵的，损失你陪嘛？,2018/6/21 20:30
2330,打不死的小强，割不尽的韭菜！,2018/6/21 20:28
2093,我也没钱再加了,2018/6/21 16:58
2200,你说折算就折算，也不问我们同意嘛，,2018/6/21 16:54
2083,没钱加了。装死吧！,2018/6/21 16:16
2250,入,2018/6/21 15:55
1985,估计这机能跌到0.5左右，不行的机,2018/6/21 15:36
1948,再等跌到0.6再加仓吧！要不还要下,2018/6/21 15:35
531,反弹即是赎回机会,2018/6/21 15:12
1225,富国创业板指数分级证券投资基金可能发生不定期份额折,2018/6/21 15:01
2031,看来又有一波要跌了！,2018/6/21 14:13
1722,牛逼的你,2018/6/21 13:53
3025,有下车的没。都下了吧？？,2018/6/21 13:37
858,只能装死了,2018/6/21 13:35
1630,跌得疯狂,2018/6/21 13:34
1584,每次加10万现在没钱加了，退了呀,2018/6/21 11:44
1486,中国基金,2018/6/21 11:43
1470,就是烂,2018/6/21 11:43
1461,牛,2018/6/21 11:43
1467,烂基,2018/6/21 11:18
2021,加油啊，还有8个点就回本了！,2018/6/21 10:36
3906,这个基金不会象B级基金那样存在下折风险吧,2018/6/21 10:30
1768,不错，天齐跌停还有2个点，明天有戏,2018/6/20 21:39
1758,我已经累计赔了30多个点了,2018/6/20 21:20
557,今天不错，涨得比跟踪标的多,2018/6/20 20:25
587,昨天进了1万，看来是进少了,2018/6/20 16:31
首页上一页476477478479480481482483484485486下一页尾页 共534页,,
