﻿字段1,字段2_文本,时间
454,今年出台鼓励汽车消费新政 “汽车下乡”将重启？,01-09 10:20
329,真他妈的倒霉,01-09 09:59
513,保持补仓节奏。,01-04 18:31
230,非逼着人走不行，经理可以大赚一笔,01-04 15:52
486,去死吧，死鸡,01-03 22:50
252,麻木,01-03 11:25
216,到八毛一就开始加仓！,01-03 11:00
309, 太假了吧！,12-28 14:20
328,2018年基金就没好过，我2015年买的基金到现在。这几年,12-27 21:45
407,[基金行情走势图],12-27 20:40
596,什么情况，看不懂，我们的钱不是人民币吗？,12-26 09:46
5903,加如何,12-24 15:30
824,坚持定投，等牛市盈利卖出。,12-24 11:54
968,啥时候能是个底？,12-23 05:02
1247,该死的基金温基，什么时候才能回本亏损60。,12-21 13:00
1293,增加份额，接着给跌，直接的了，这基不比了，买了5000,12-21 10:25
1242,你妹的天天跌,12-21 09:48
1487,1,12-19 10:55
1816,基金经理我买了七次。分红是不是算少了？一万份额应该,12-18 15:34
1716,该基金是个垃圾基金，每拆分一次亏损就更大，太不像话,12-18 10:05
1927,分红437份额。减份额减了我28700份额请问你们算得正确,12-18 09:01
首页上一页462463464465466467468469470471472下一页尾页 共534页,,
,,
7806,这个板块近期涨得多？！,12-18 08:51
726,关于富国中证新能源汽车指数分级证券投资基金定期份额,12-18 07:47
794,关于富国新能源汽车A份额定期份额折算后次日前收盘价,12-18 07:32
1709,该基金是个垃圾基金太糟糕了亏损60%,12-17 21:09
1743,为什么12.月14号收益怎么回事？亏多一倍多,12-17 20:15
1161,买了一年，亏10%,12-17 17:46
1759,此基又在坑人12号净值0.945。13号下跌1.48净值0.914。,12-17 13:59
1745,富国中证新能汽车12号的净值是0.945，13号-0.146净值,12-17 13:15
1963,基友们他们弄错了怎样联系客服？,12-17 13:02
4238,七万多份为何变成四万多你们玩什么游戏？请解释,12-17 10:00
1775,对美国车减税，对中国车利空啊？,12-17 10:00
1794,诱坑,12-17 09:58
1717,不会再缩水吧？？？ ,12-17 09:53
1890,羊毛出在羊身上，是猪吗！经理,12-16 12:28
2191,谁知道怎么联系此基金的客服？,12-15 15:50
2219,这次折算是好是坏啊，那位懂得大侠请回下我吧，谢谢！,12-15 15:48
2200,暂停关税到底是利好还是利空啊,12-15 13:25
2304,折算没了，就不折了[兴奋],12-14 02:24
2329,又要折算了,12-13 19:46
2618,怎么卖不掉了,12-13 16:38
2239,太坑人了,12-13 16:13
2352,[基金行情走势图],12-13 14:30
3004,又要折算了[鼓掌],12-13 11:12
2310,不会吧我昨天才买，今天就阳痿了啊,12-13 10:43
5999,我在2018-12-03日14:20:35卖出了富国中证新能源汽车指,12-11 12:41
3826,70多亿的资金被两位大爷搞到只剩下20多亿，牛逼逼啊，,12-10 15:29
2676,新能源汽车有一点底仓,12-09 07:21
2850,只希望能赶紧回本[哭][哭],12-07 12:40
24477,11月产品月报：富国中证新能源车,12-04 15:41
3518,我在2018-12-04日14:55:05卖出了富国中证新能源汽车指,12-04 15:12
967,真佩服今天上车的朋友  勇气可嘉,12-04 15:12
3134,我在2018-12-04日10:04:06买入了富国中证新能源汽车指,12-04 10:04
3092,汽车要加油了,12-03 16:10
3098,什么时候能回本呀！,12-03 14:36
3443,我在2018-11-30日19:10:31买入了富国中证新能源汽车指,11-30 22:46
3441,何时能回本,11-30 22:12
3627,我在2018-11-30日19:10:31买入了富国中证新能源汽车指,11-30 19:10
3121,喝酒加油,11-30 14:41
3163,逼经理[不赞][不赞][不赞],11-30 11:26
3172,买啥啥暴雷的经理张先生,11-30 10:25
3506,一半多资金已经蒸发了,11-30 02:33
3157,出吧没办法了，在下折没了,11-30 02:28
3087,能怎么办呢,11-29 17:52
3525,11月财报发出来，又一个大跌打得人啪啪响。假汽车子唱,11-26 12:23
4469,亏了6万[怒][哭],11-23 21:21
6638,我在2018-11-23日14:56:40买入了富国中证新能源汽车指,11-23 15:08
4601,这是我买过最垃圾的基金,11-23 13:06
3828,我在2018-11-22日14:42:53买入了富国中证新能源汽车指,11-22 14:44
4188,我在2018-11-21日10:52:17买入了富国中证新能源汽车指,11-21 22:53
3979,别了烂基，我等了你两年多，亏了三分之二，我认了，你,11-21 15:54
4884,我在2018-11-19日11:38:10买入了富国中证新能源汽车指,11-20 22:46
4637,钱全被这两个憋犊子经理坑了[不屑],11-19 18:50
5581,为什么购买费率明明说降到0.12%但是实际购买费率还是1,11-18 21:59
4288,所有的基金都出净值了，就你难产,11-16 22:10
10300,这一波涨的不错。,11-16 18:08
7181,跌了百分之四十，涨不起来。,11-14 17:56
5155,真的不得不说了，为什么要骂经理呢，要知道这是个被动,11-12 10:07
6930,我买的时候是1.2左右买的，怎么现在变成1.7多才回本了,11-09 00:47
6332,我要到1.83元才能回本。,11-09 00:46
14781,被困在黎明前。,11-08 16:48
5770,1.32才能回本，感觉没救了，也没多余的可以加仓了,11-07 20:00
11149,现在还亏百分之四十，回本直接卖了。,11-07 10:09
5703,我1.35妈蛋都不敢补了赔了35%,11-05 21:14
7797,说实话。我都不敢补仓了。,11-05 20:39
9234,至目前为止亏损百分之四十五。,11-05 20:38
7841,今天涨的不错！,11-05 19:34
5647,今天不错！,11-05 16:09
首页上一页463464465466467468469470471472473下一页尾页 共534页,,
