﻿字段1,字段2_文本,时间
941,哈哈，这两死逼开心死了，又可以折算了！,2018/8/20 13:49
2307,无止境的跌,2018/8/20 13:20
2357,均胜电子跌了百分之五十，你大爷的,2018/8/20 12:37
2383,又奔下折去了，,2018/8/20 12:33
2599,几天没看，亏了几千块，交易记录全是强行调减，减你大,2018/8/20 11:15
2213,畜牲,2018/8/20 10:53
1872,没希望的基,2018/8/20 9:53
1725,你咋这样？,2018/8/18 14:48
2632,垃圾到极点的基金，最垃圾，没有之一。,2018/8/18 8:14
2609,这能再坑点吗？我还有钱，坑到底吧！,2018/8/17 22:17
2573,礼拜一就割 看错人,2018/8/17 22:14
2131,还是中计了，利好变利空，看在早盘拉升的份子上今天又,2018/8/17 18:28
2872,职业年金加速入市引活水 超千亿资金有望驰援A股,2018/8/17 16:45
4334,已经亏了50%了，只希望回点本走人,2018/8/17 14:02
2584,从持股来看，应该是正数上涨的，怎么又成绿的呢？TMD,2018/8/17 11:48
2399,忍不住要骂,2018/8/17 11:23
2321,辣鸡,2018/8/17 11:21
2296,这估值准吗？？？,2018/8/17 11:01
3656,折算后，我坚持认为这是新生。重仓。看好你，不要让我,2018/8/17 2:07
2024,未来盈利可期,2018/8/17 0:51
2818,亏损11个点 市场不认可新能源汽车 拜拜,2018/8/16 22:20
2629,这基金经理比强盗还黑，折算到1块，准备再跌回6毛。,2018/8/16 14:51
3008,再见！大爷走了！,2018/8/16 14:21
2509,这垃圾基金就没正过！,2018/8/16 13:35
2350,这基金真啃爹,2018/8/16 13:15
2323,两位趁早滚蛋！,2018/8/16 13:09
2306,现在还让你哭，再不走，哭都没机会了！,2018/8/16 12:38
2359,我只是来告诉大家一声，这个是垃圾股，千万别买，跌到,2018/8/16 11:49
2626,没本事千万别出来害人，2位鸡，快滚蛋,2018/8/16 9:56
2281,不服不行啊！买过最差劲的就是这鸡了！,2018/8/16 9:52
2258,两SB经理，从去年到现在一直只见跌，也永不调仓,2018/8/16 9:38
2303,加油加油，争取在段时间内再次跌到0.6，我相信凭基金,2018/8/15 21:45
3809,跑路了煤炭9成仓，来此地冒个泡，哈哈哈,2018/8/15 20:23
1318,热点,2018/8/15 17:57
2928,两位神童这是操的什么盘,2018/8/15 16:27
2308,两位基金经理人无力操盘，赶紧换人！,2018/8/15 14:09
2516,尼玛个垃圾，把净调到一块多是不是又要跌回六毛啊,2018/8/15 13:26
2384,真垃圾,2018/8/15 11:30
2244,跌跌跌……就知道跌！不见你涨,2018/8/15 10:09
2468,垃圾股，实在快受不了，谁买谁被套！,2018/8/15 6:15
5746,终于开涨了，坐等回本赚钱。哈哈。,2018/8/9 13:31
4617,谁能告诉我为什么会强行调减,2018/8/9 11:21
4595,100份0.5元和50份1元，2者的总金额是一样的，大家每天,2018/8/8 7:17
3223,创新低，补仓,2018/8/2 23:58
首页上一页468469470471472473474475476477478下一页尾页 共534页,,
,,
2981,2800貌似是个不了跨越的鸿沟～,2018/8/9 13:38
2845,强盗！为什么投资的Top10股票都升了，你還是下跌？！,2018/8/9 13:27
2293,老子真看不下去了,2018/8/9 13:15
2279,不说分红怎么没了呢？,2018/8/9 13:13
4235,越亏越多，是割肉还是继续装死，求懂的人给点建议。,2018/8/9 12:21
3166,我宁愿我还是那么多份额，你跌成我都不管，把份额还回,2018/8/9 11:56
10925,明天涨就算了，跌我就整治这个新能源汽车。,2018/8/9 11:55
2212,各位，今天铁下心转出去了！拜拜！,2018/8/9 11:44
1972,垃圾,2018/8/9 11:31
2401,强行减持合法么，请问,2018/8/9 11:29
2188,昨天感觉此鸡没希望，割肉了，陪了2千，今天就大涨,2018/8/9 11:23
2208,请问凭什么强行调减，分个红你还强行调减我的份额,2018/8/9 11:20
2056,有病吧，为什么我强行调减了,2018/8/9 11:18
1921,跌到底，折回1元；再跌到底，再折回一元……以前想着,2018/8/9 11:15
5781,谁能告诉我怎么突然从6毛到一块了，然后我还是亏损了,2018/8/9 10:45
1996,还好我只买2000元试试,2018/8/9 10:42
2046,垃圾中的战斗基，我只买了2000块，亏了800,2018/8/9 10:40
1972,别装了，下来吧,2018/8/9 10:34
1819,跌多涨少,2018/8/9 10:16
1932,赔钱也比再赔墙,2018/8/9 10:12
1941,全部撤出，不要买,2018/8/9 10:11
3141,我一个月就输了1万多，还下折，骗人了,2018/8/9 10:04
2769,大家还是散了吧，这基烂泥扶不上墙，感觉不跌到0.8很,2018/8/9 9:48
3466,明天估计要涨，特别是国内的汽车板块，,2018/8/9 9:19
1847,这两个基经不是帮投资人理财，而是在抢钱。,2018/8/9 8:31
2814,为什么份额少了，怎么举报,2018/8/9 1:32
2201,很好，天天新低，九阴真经加十全十美，已经麻木不仁了,2018/8/8 23:55
2604,不要脸,2018/8/8 21:59
2941,求解：原来15400多份额，现在怎么剩9000多份额了？谁,2018/8/8 21:53
3416,关于富国中证新能源汽车指数分级证券投资基金不定期份,2018/8/8 21:42
1912,两次下折了，此基太不靠谱了,2018/8/8 21:31
6430,大家骂了这么久下折，可我还是没弄明白下折的坏处在哪,2018/8/8 21:09
1586,两个机巴货，亏惨了,2018/8/8 20:53
2611,绝对不能买，等你陪够了，再回到一元，绝对坑人，哪里,2018/8/8 18:12
1778,机构都是吃钱的老虎，就想着从你手里坑钱,2018/8/8 18:12
3337,牛志冬 张圣贤没有金刚钻就不要揽瓷器活，做人要厚道,2018/8/8 16:57
1823,买了一千，亏了二百五。,2018/8/8 16:43
1967,所以现在应该卖出还是继续持有？亏损严重……,2018/8/8 16:34
5399,大家注意了，这个基金千千万万不能买点,2018/8/8 16:18
1659,尽快去富国清户～什么玩意,2018/8/8 16:05
1276,这基金～害人精～,2018/8/8 16:04
1150,想明白这样做合法吗？,2018/8/8 15:49
898,这鸡说洗牌就洗牌,2018/8/8 15:17
3885,基金净值调成1是为了再次跌到0.6做准备，最起码看起来,2018/8/8 15:07
1507,算了，割肉了，要实在看不下去了,2018/8/8 15:01
3676,看着一群傻子在这里骂人，好搞笑,2018/8/8 15:01
818,小偷太多傻子明显不够用,2018/8/8 14:55
934,为什么份额会少？,2018/8/8 14:47
1216,再到0.6我立马进10亿,2018/8/8 14:37
1082,这个基金纯粹坑人的，大家都别买，每天来一次广而告之,2018/8/8 14:26
890,往死里跌，基金经理死了,2018/8/8 14:08
922,操,2018/8/8 13:19
990,不敢投，是陷阱,2018/8/8 13:08
774,不行的话基金经理换人，别拿大家的钱不当回事。,2018/8/8 12:38
1038,不要脸的,2018/8/8 12:24
1067,我也想知道他们有什么资格乱动我们的份额,2018/8/8 12:00
2609,前两天忽悠大家买入的那些人呢？居然说下折对母基金没,2018/8/8 11:55
1029,他妈的不是有分红嘛，光他娘的下折了。,2018/8/8 11:54
984,怎么投诉？,2018/8/8 11:41
13484,就像问个懂的人，如果发生折算了，对本基金持有人来说,2018/8/8 10:41
932,不折算是不是原来那个价要清盘了？现在拿我们的份额来,2018/8/8 9:56
763,富国垃圾，没有诚信。有那点心思不如想想怎么让基金涨,2018/8/8 9:14
901,太可恶了，该死的，该死的，从此不买富国基,2018/8/8 9:04
2390,不要再买富国的基金了,2018/8/7 22:54
1581,什么叫强行调减？,2018/8/7 22:48
2409,证监会举报电话：12386还有01066210182和01066210166,2018/8/7 17:04
首页上一页469470471472473474475476477478479下一页尾页 共534页,,
