﻿字段1,字段2_文本,时间
3630,我对这个绝望了，清了,2018/6/20 15:06
3438,亏损了18多个点，套死了,2018/6/20 14:51
1478,我还有18个点才回本,2018/6/20 13:41
1316,天齐要连续-10了，本周五奔着五毛去...天齐不跌完不加,2018/6/20 9:33
1263,又一次股灾吗,2018/6/20 9:32
1491,天齐已经10,2018/6/20 9:24
1716,新能源处在吃补贴阶段。。。。鸟用。。。都清了吧,2018/6/19 20:18
1340,照估计0.65会反弹0.81,2018/6/19 20:09
1290,跌到6角还会继续下跌哈哈,2018/6/19 20:07
1247,15号那天我全部清仓了,2018/6/19 16:26
1704,等跌到0.65-0.68来一波大抄底,2018/6/19 15:49
2572,完啦完啦完啦。无药可救了。咋整？？,2018/6/19 15:24
1447,你应该能也跌进0.6，跌吧,2018/6/19 15:15
1294,两天就跌了差不多十个点，呵呵,2018/6/19 15:11
1334,等死,2018/6/19 15:10
1467,18年应该是总体向下的趋势，短平快赚钱看本事了,2018/6/19 15:07
1333,加了点仓，平下仓位,2018/6/19 15:03
835,终于纸包不住火了,2018/6/19 14:47
1152,今天赔了6000 ,2018/6/19 14:35
792,怎么办,2018/6/19 14:32
694,我的钱啊……,2018/6/19 14:26
740,为啥这只鸡跌这么惨，我的钱啊……,2018/6/19 14:21
780,垃圾。真TM垃圾,2018/6/19 14:16
912,特斯拉否认暂停接收中国新订单，这种消息对于市场的新,2018/6/19 13:40
769,底裤都跌没了,2018/6/19 13:11
1920,请问今天可加仓吗?,2018/6/19 12:54
871,国家不重视新能源啦！兄弟们赶紧撤吧。,2018/6/19 12:34
1073,已经跌一星期了。操！,2018/6/19 12:31
1947,你们继续加吧，这个鸡肯定到7毛以下，不信等着,2018/6/19 11:40
920,8连了，能抄底不？,2018/6/19 11:36
976,上周五把老底都投进去了今天还跌成这样，希望下午能翻,2018/6/19 10:43
947,等跌到5毛钱在加仓,2018/6/19 10:43
477,再跌没裤衩穿了！！！！！！！！！1,2018/6/19 10:10
1027,17年73.9低18年71.7可能还有更低，靠,2018/6/18 15:33
1064,今星期有望0·70可以存多点仓好过理财啦,2018/6/18 15:29
820,发财的机会来了，加仓呀。,2018/6/16 20:14
3350,有可能跌破0.71的历史净值,2018/6/16 10:13
824,我靠，吹牛逼现了原形,2018/6/16 9:48
1747,终于回到2月9号的净值水平，我就是2月9号卖的。,2018/6/16 9:46
1670,死基跌惨了，在也不要买它了。,2018/6/16 5:52
1743,瞎JB扯蛋。瘟鸡一只，行不行呀？不行趁早滚赎子。买了,2018/6/15 21:46
2240,加仓啦，我已加仓5万，下星期二必涨！,2018/6/15 21:35
1431,五月二十二以来就红了三次，真是惨不忍睹……,2018/6/15 16:35
1673,七连跌！！！牛逼！,2018/6/15 16:33
1564,七连跌呀！,2018/6/15 15:25
3348,今天可以加仓，加了10万,2018/6/15 15:13
1295,可以加仓了吧,2018/6/15 14:49
2643,黄金坑，补。,2018/6/15 13:54
701,我靠，靠补贴过日子,2018/6/15 13:51
1531,加点仓，成本降下来,2018/6/15 12:41
2678,谨慎小小加仓,2018/6/15 12:12
616,全是垃圾，产业不成熟,2018/6/15 11:06
1320,哭晕在厕所,2018/6/15 10:35
1338,请继续跌……,2018/6/15 10:25
1396,涨的那么多，怎么净值还是绿的！太不要脸了！,2018/6/15 9:38
1530,重仓的军工，新能源，计算机，都已经是超跌了，来一波,2018/6/15 9:35
1592,六连跌！！！有不服的吗？,2018/6/15 8:16
530,这破鸡我还是不要陪你玩了,2018/6/14 15:39
2067,这个基金我从1.02的时候开始买，从0.94的时候止损清仓,2018/6/14 15:34
2305,预计会跌到七毛二！,2018/6/14 15:32
1682,妈B的天天跌！,2018/6/14 14:28
1539,赔了12个点，还能回来吗？明天还跌就清仓，不玩了。,2018/6/14 14:13
1636,你奶奶的臭比,2018/6/14 14:05
1998,昙花一现 弱势行情下  新能源汽车还仍是需要时间。,2018/6/14 11:46
436,破鸡，要跌就好好跌，别磨磨唧唧的,2018/6/14 9:51
530,这破鸡没救了，涨都是假象。。。。清了。。。。等以后,2018/6/14 9:43
392,这鸡好弱,2018/6/14 9:38
1594,让你们跑没人听,2018/6/14 9:32
576,2011年12月31日 该指数为1000点，昨天收盘2012点，6年,2018/6/14 9:30
634,中证新能源汽车指数基本面,2018/6/14 9:27
1762,还有0.28的盈利，呵呵！,2018/6/13 22:31
1375,大盘涨他也不涨，死机,2018/6/13 14:48
1608,这机还跌，估计今年够呛,2018/6/13 14:47
1709,中国股市真TM窝囊,2018/6/13 14:46
1693,连续跌了四天了！,2018/6/13 14:43
363,还好我减仓了，破鸡,2018/6/13 14:33
1430,吹水鸡！,2018/6/13 13:16
1323,前面发的新帖怎么一下子被删了？？,2018/6/13 12:52
1412,想清仓的基友们要赶紧不要犹豫，投入白酒马上钱就回来,2018/6/13 12:49
1361,此鸡一直跌制造要涨的假象，然而能源由于锂电池不行国,2018/6/13 12:47
首页上一页477478479480481482483484485486487下一页尾页 共534页,,
,,
357,这破鸡我是打算清仓了，留着没用,2018/6/13 11:59
291,这破鸡不要继续拿了，回调马上清仓,2018/6/13 11:33
1407,……为什么能一直跌,2018/6/13 11:26
347,我算是看出规律了，这破鸡跌个五六天，然后再小涨一两,2018/6/13 10:36
1462,你妈妈比，你要垃圾到什么时候,2018/6/13 10:31
1347,经理下面拉接着上面进，这样就不用劳动咯,2018/6/13 10:09
1379,咋天刚进5000，风口错了吗？,2018/6/13 9:47
1433,看好此鸡,2018/6/13 8:49
2443,新来的看看，不要进厂,2018/6/13 7:39
3159,赚了27元，卖不？,2018/6/13 6:30
2054,入场！,2018/6/12 23:19
3164,等，风来,2018/6/12 21:15
1716,中国新能源汽车应该淘汰锂电，直接上核电，哈哈,2018/6/12 17:45
1603,今天八坑！不知对否！,2018/6/12 17:34
1356,0.757买的,2018/6/12 16:38
2484,还有要加仓的么,2018/6/12 16:14
684,富国的基金的管理费和托管费真高,2018/6/12 15:35
1792,长园集团怎么回事……又踩雷了？,2018/6/12 15:17
1424,这几就是破，跌倒底了也不想涨,2018/6/12 15:02
404,贱人就是矫情，明天该涨了，你这破鸡。鸡精经理天天被,2018/6/12 14:55
1393,申请破产的鸡,2018/6/12 14:39
1531,所有的都红了，为什么唯独这只鸡还是绿的。只有新能源,2018/6/12 14:36
1401,不忍直视……,2018/6/12 14:26
1677,大盘，创业板都涨这么多了，为什么这基金还跌了，,2018/6/12 13:48
1607,还要跌吗?,2018/6/12 13:15
1592,死蛇烂蟮一条,2018/6/12 13:12
412,破车，看看人家白酒,2018/6/12 11:36
1518,别人都涨你还跌？？？,2018/6/12 11:27
326,贱人就是矫情,2018/6/12 11:25
1274,垃圾永远是垃圾吗,2018/6/12 10:41
241,贱人，等反弹我就下车了，这破车,2018/6/12 10:30
287,这破车，还好我减仓了,2018/6/12 10:03
4330,15年拿到现在了，垃圾中的垃圾！！！！,2018/6/11 22:10
1062,据分析，涨幅太不稳定这样的鸡跌的比涨的多不宜作投资,2018/6/11 21:55
1208,又开始狂跌了，愁啊,2018/6/11 14:06
363,贱人就是矫情,2018/6/11 11:29
2114,基金手续费太高，我抗议！还有人觉得手续费高的没？,2018/6/11 11:22
1662,跌的永远比涨的多，本想着稳定涨了再进，这是不想让我,2018/6/8 11:01
1803,每晚都最迟岀净值。十点多了还不岀。,2018/6/7 22:06
4772,再涨5个点我进场，我知道他不给我机会,2018/6/7 20:59
1677,都是政府补贴退坡惹的祸，未来前景堪忧。,2018/6/7 15:39
1800,都政府补贴退坡惹的祸啊！未来前景堪忧！,2018/6/7 15:36
3436,8毛以下不用跑，8毛以上撒腿就跑。,2018/6/7 14:47
474,贱人就是矫情，你还出货了,2018/6/7 13:58
1937,今天解套,2018/6/6 21:48
3536,未来还要涨几天，不知道我说的对不。,2018/6/6 19:01
1611,怎么人那么少,2018/6/6 15:46
1907,再涨四个点我加仓！,2018/6/6 15:45
2031,又回来啦，一路跌一路买，今天大涨基本上回本啦。慢慢,2018/6/5 23:24
3986,今天减仓三分之二，等企稳了再回来。,2018/6/5 22:30
1909,昨天加对了,2018/6/5 14:01
1690,今天估计平了仓位，先放着,2018/6/5 13:56
519,这破鸡今天什么情况，怎么开始涨了,2018/6/5 13:55
2992,重要的事情说三遍！不涨不加仓。,2018/6/5 11:29
431,这破鸡真的太不像话了，什么玩意儿嘛，涨就只涨一点点,2018/6/5 10:31
1532,贱人就是矫情，要涨就给我好好涨嘛，要死不活的!,2018/6/5 10:22
2270,要清盘的节奏？一路狂跌8个点,2018/6/5 10:09
1592,今天建仓，有没有一起的,2018/6/5 0:58
3282,滚，我打算撤了，去煤炭!,2018/6/4 22:38
1558,这个基金当初建仓以后不动的话，净值应该要比现在高的,2018/6/4 22:27
2114,今天加至七成仓，剩点钱等最后一跌,2018/6/4 17:09
292,怎么看着这个鸡精经理我就觉得讨厌！！,2018/6/4 16:49
2990,今天清仓了，赔了3个点,2018/6/4 16:27
4927,必须拿到低点宁可错过一波行情。低点买上后就不要像股,2018/6/4 15:32
2234,加仓有风险！等涨了再加仓。看人家白酒越涨加仓越猛。,2018/6/4 15:06
1349,唉,2018/6/4 15:06
1640,已经建仓，慢慢玩吧！心急吃不了臭豆腐！,2018/6/4 15:00
2283,可以考虑建仓加仓了，不建议全仓，我买的很少，慢慢加,2018/6/4 14:53
1583,今天可以建仓了，短期的会有一波。,2018/6/4 14:22
1348,感觉是差不多了，今天加到一层仓位,2018/6/4 14:16
565,破鸡破鸡破鸡，骂死你！,2018/6/4 11:05
1593,做了两个波段，都成功逃顶。,2018/6/4 10:51
1436,我回来了又,2018/6/4 10:50
493,这个破鸡，今天你敢不敢跌两个点三个点,2018/6/4 10:23
316,什么垃圾玩意儿，怎么还在大跌啊，滚滚滚,2018/6/4 10:16
787,我不知道是要骂这个鸡呢还是要骂这个鸡精经理，我好愤,2018/6/2 20:40
1805,赔钱的基,2018/6/1 22:54
1433,赔了20个点卖了，这基金不是一般的垃圾！千万千万千万,2018/6/1 11:27
1497,垃圾玩意，眼看快回本的气候就一路下跌，总之没有盈利,2018/6/1 9:39
1611,跌的时候劲大，大盘涨上天了，它还是要死不活的，垃圾,2018/5/31 22:43
首页上一页478479480481482483484485486487488下一页尾页 共534页,,
2130,个人认为此基金在0.72~0.75左右买进算是低点了。所以,2018/5/31 21:40
1402,已经撤了，绝逼辣基的经理！！！,2018/5/31 21:06
1694,跌不动了明天在跌的话进场机会来了,2018/5/31 18:10
677,一个人管那么多基金，没有一个好的啊,2018/5/31 16:09
1276,长园集团拖后腿,2018/5/31 14:50
1511,跌3个点，涨0.3，NMD，猴年马月才回得来,2018/5/31 14:45
1352,烂鸡一个！,2018/5/31 14:29
1341,瞎忽悠，进来就出不去了,2018/5/31 14:29
1112,怎么还是这个样子，烦,2018/5/31 14:20
2288,连跌第七天，该加仓了，不要犹豫，果断加仓！,2018/5/31 11:59
1795,新能源什么时候能起啊。。。我已经潜伏太久了,2018/5/31 11:56
1414,其他都涨，可惜天天锂业停牌了,2018/5/31 11:41
1174,半死不活，想割肉，又怕明天大涨了,2018/5/31 11:21
1248,今年两度感觉回本又望，却又跌的更惨，还亏十来个点，,2018/5/31 11:16
235,好想打死你,2018/5/31 10:32
278,你看看人家白酒，你这破鸡烂鸡,2018/5/31 10:24
1231,长点像乌龟爬，跌起来像拉稀！,2018/5/31 10:17
577,感觉这基金经理傻的吗,2018/5/31 10:13
1067,跌的多，涨的少，此基太弱，什么时候能回本呀,2018/5/31 10:00
1337,大跌的时候总有你份,2018/5/30 22:46
1526,暴跌我反而开心，不用想了，加仓！加仓！！,2018/5/30 18:18
1465,破位了，观望下,2018/5/30 18:15
1333,心态炸了,2018/5/30 16:17
1582,昨天看到此板块指数破位下行我就跳车走了，本以为到底,2018/5/30 15:46
1350,明天进场.,2018/5/30 15:14
1337,暴跌刚刚开始，想进的好自为之吧。,2018/5/30 14:46
1709,这是怎么啦？怎么啦？金融风暴吗？天天跌，可能吗。都,2018/5/30 11:48
1250,0.81清的仓，准备强势回归,2018/5/30 11:01
1207,幸好昨天都清了,2018/5/30 10:37
571,辛亏0.8的时候清仓了,2018/5/29 21:15
4212,拥抱下跌，建仓2万,2018/5/29 14:58
655,辣基还能再辣一点吗？,2018/5/29 9:50
4823,下周暴涨，拭目以待,2018/5/28 16:08
791,基金经理真磕颤,2018/5/28 15:18
34179,最新 新能源汽车 盘面解读,2018/5/28 15:01
4455,汽车税下降，应该是天大利好才对呀，怎么就跌呢，直尼,2018/5/27 11:47
871,今年看来回本无望了,2018/5/26 18:24
495,清完了，爱加就加去吧,2018/5/25 15:22
669,有加吗,2018/5/25 15:10
777,废物，都不懂调仓的!吃白饭的!,2018/5/25 15:08
649,加仓平下仓位，我买的不多,2018/5/25 14:58
717,有人加吗,2018/5/25 14:45
409,惨不忍睹,2018/5/25 14:26
818,起来丫，别让医药给填坑,2018/5/25 12:02
472,就这基亏了，0.84买的,2018/5/25 11:33
550,陪到吐血,2018/5/25 10:28
478,滚O吧！！,2018/5/25 8:14
572,跌两个点，涨0.2个点，猴年马月回本,2018/5/24 12:18
6090,宁德时代获得批文，下周将带动新能源产业链,2018/5/24 10:55
527,表现不是一般的差,2018/5/24 10:30
665,告辞！！！,2018/5/23 22:42
628,差一个多点回本，你今天又大跌，蛋痛啊,2018/5/23 20:39
625,缺的是关税钱吗？缺的是汽车钱。该买的要买，不买的还,2018/5/23 19:57
481,哎，撤少了，又要熬了……,2018/5/23 15:14
481,本来昨天就要转出去一半的，结果又撤销了！今天全抛了,2018/5/23 14:54
489,凄凉了,2018/5/23 14:37
875,汽车完了降关税都去买进口车了,2018/5/23 14:35
400,今日最少亏一个点，,2018/5/23 13:54
609,降税的是传统汽车行业，跟新能源车有毛关系，不懂瞎叫,2018/5/23 13:24
383,怎么回事,2018/5/23 13:18
599,老是跌,2018/5/23 10:05
4637,这里人说话都不用脑子，谁也不能信,2018/5/23 7:32
1612,财政部官网消息，国务院关税税则委员会发布关于降低汽,2018/5/22 21:43
1789,宁德时代下周三申购,2018/5/22 17:18
452,又白忙活一天,2018/5/22 15:04
586,撤一部分仓，不知道上证能不能上3300……,2018/5/22 14:59
319,什么情况,2018/5/22 14:56
557,要不要撤了，感觉不对劲……,2018/5/22 14:39
846,昨天出了，择机再进。,2018/5/22 10:58
462,昨天的又吐出来了，操,2018/5/22 10:48
821,过来建个底仓,2018/5/21 14:57
8809,还好，继续涨吧，好回本呀！,2018/5/21 11:40
838,今天预计2点以上,2018/5/21 7:28
3870,高管都在减持，下车啦，落袋为安,2018/5/18 20:31
731,指数一直是红的，怎么绿这么多,2018/5/18 14:31
727,温水中的青蛙，没一点激情！,2018/5/18 11:43
5676,估计8毛2到顶了。。,2018/5/18 8:32
931,哈哈哈，靠吹牛炒概念可以休息了,2018/5/18 6:44
663,再给你一次机会,2018/5/17 22:02
5599,今天加仓6万,2018/5/17 17:41
首页上一页479480481482483484485486487488489下一页尾页 共534页,,
929,不暴跌不行，高高在上的市盈率,2018/5/17 13:51
645,今天全是绿的,2018/5/17 13:46
687,跑了跑了,2018/5/17 11:10
479,哈哈哈哈哈哈哈哈哈,2018/5/16 15:53
440,王八蛋,2018/5/16 14:13
2982,今天我准备拿出来，9号买的，10号确认。正好7天。,2018/5/16 11:09
953,再涨4个点我就回本了，求给力，加油！！！！,2018/5/15 21:44
1134,所有基金清仓不玩了，认了，玩不过这些黑心基金经理，,2018/5/15 20:11
711,白忙活,2018/5/15 14:54
560,己经拉不出来了,2018/5/15 14:47
842,加仓,2018/5/15 14:42
459,为什么不跌了呢，快跌啊,2018/5/15 14:16
716,开始拉了。,2018/5/15 13:49
483,怎么又不跌了,2018/5/15 13:48
552,要跌就快点跌，别磨磨唧唧的,2018/5/15 11:06
490,加油，加油！,2018/5/15 10:57
655,完了蛋了，这波又到顶了，还差两千回本,2018/5/15 10:15
598,现在该不该抛了……？,2018/5/15 10:12
658,昨天抛了，我是不是s,2018/5/15 9:36
1487,特斯拉（上海）有限公司成立 注册资本1亿元 今天 16:2,2018/5/14 22:21
803,"0.76的成本，现在收益5.14%,静待收益十个点清仓",2018/5/14 19:15
5279,我0.95买的，有比我高的吗,2018/5/14 16:44
4298,因看好古业和锂业，周五追高也要买。,2018/5/14 16:19
807,大于七天是从购买三点钱算还是确认？本人小白，求回复,2018/5/14 14:20
2527,昨天卖了，今天的心情太,2018/5/14 13:25
2214,今天能入吗？,2018/5/14 12:07
610,除了白酒估值靠谱，其他都是扯淡,2018/5/14 10:54
977,上周五上的车,2018/5/14 10:40
572,幸好重仓了科技股，不然,2018/5/14 9:45
879,我想上车，不让我上车了吗,2018/5/14 9:43
1017,请问哪位大神知道这鸡现在适合建仓吗？求解,2018/5/13 19:57
3896,自己看看,2018/5/13 19:25
5085,0.8以下放心加仓,2018/5/13 6:01
868,0.768入的，利好还没出完，还可以再持有一段时间,2018/5/12 13:48
1922,今天3个点没问题吧,2018/5/11 21:11
2110,什么时候卖？,2018/5/11 18:34
1051,五月份咋看啥基金都觉得可以买啊……周期性低谷……,2018/5/11 15:11
639,大头长的都挺好，怎么估值还这么低？,2018/5/11 15:02
1313,看你们说要建仓，感觉心也挺大，套了大半年了，还差7,2018/5/11 14:10
568,勇敢不等于必胜,2018/5/11 13:24
2436,拉的太高，不敢进了。,2018/5/11 12:21
545,5连阳了吗,2018/5/11 11:13
514,说对了吧。,2018/5/11 11:12
804,昨天加仓加少了,2018/5/11 10:59
689,看持有股票的涨幅，今天应该此鸡涨幅应该到三个点！加,2018/5/11 10:38
473,看这架式今天2个点以上,2018/5/11 10:35
711,就建了个底仓，不给机会就强上车。,2018/5/11 10:08
2634,这个分级基金会不会上下折？可以定投吗？,2018/5/11 5:47
542,这就是一只死鸡不死不活不指望,2018/5/10 21:37
755,这基今年一到0.8附近就半死不活，希望这次能冲破下,2018/5/10 16:47
709,这个分级基金会上下折吗？求答，谢谢！,2018/5/10 12:55
883,一定要把这只鸡身上亏的赢回来,2018/5/10 10:50
2015,等我上车,2018/5/10 10:32
663,想法错误，波段王只是个笑话,2018/5/10 9:46
3644,新能源汽车什么时候启动？,2018/5/9 20:37
885,今天以为小跌加仓了，估值又是小涨，再跌再加,2018/5/9 16:13
607,牛年马月会冯,2018/5/9 12:51
838,这两天不死不活的，看来是为黑四大跌做铺垫！,2018/5/9 11:24
3636,投一个多月，刚刚回本，下车了,2018/5/9 0:36
1916,发现一个规律，逢单数季度表现可以，双数季度很差。,2018/5/8 23:58
685,扶不起的阿斗,2018/5/8 14:43
724,回调了就建仓,2018/5/8 11:04
698,大单还没来啊,2018/5/8 10:38
587,666,2018/5/8 10:26
613,技术到位之时，就是飞起之时,2018/5/8 9:50
2681,0.8830逃顶，现在准备进。,2018/5/7 23:36
1558,怎么还不出净值啊,2018/5/7 21:51
1933,今天经理可以好好睡大觉了 反正你一直都在睡 也不知道,2018/5/7 16:13
852,今不错的，涨3点多，可还亏8个点，加油,2018/5/7 15:29
893,今天几乎所有的基都在涨，大概是因为大盘涨得比较多的,2018/5/7 12:38
1196,居然反弹了？？？,2018/5/7 11:36
780,坚持住，就靠你转机了！,2018/5/7 11:30
455,今天还不错,2018/5/7 11:25
960,能涨上来不？逼货,2018/5/6 22:40
1751,就往这支上面下死注，我看你能跌到啥位置，反正也坑了,2018/5/4 17:55
1730,此鸡已陪五千，新能源车的春天该到了吧？,2018/5/4 13:10
1002,从今天起，在跌我就入手，跌的越多我就往死里买，,2018/5/4 12:59
1715,富国中证新能源汽车指数分级证券投资基金招募说明书更,2018/5/4 11:15
628,丢人了。跌,2018/5/3 14:46
640,我就是来看他跌的。这经理太水了。,2018/5/3 14:46
首页上一页480481482483484485486487488489490下一页尾页 共534页,,
1644,这只烂货！把我害惨了！,2018/5/3 13:08
2018,尼妈的，0.84的单价，都大半年了，还有脸再跌呀！！！,2018/5/3 11:27
609,这是要创历史新低的步伐吗？还是政策不到位啊。,2018/5/3 11:00
638,我说你跌太多 贴都不给发?,2018/5/3 10:17
532,看你能跌成啥样 呵呵哒,2018/5/3 10:16
595,唉，没钱补仓了,2018/5/2 19:28
647,我就想不懂，这么多涨的，为啥总体才持平,2018/5/2 13:34
988,今天又补仓，谁知道还能跌成啥样。 新能源是趋势，我,2018/5/2 13:19
689,持仓都红，但这里是绿的，什么鬼,2018/5/2 13:18
801,富国医疗涨的多好呀，我觉得今年还是医药比较好,2018/4/27 21:42
1013,又到了开始建仓的时候了…记得一两个月前搞过一波十个,2018/4/27 21:35
791,这个垃圾，一个多月亏了十几个点！,2018/4/27 17:49
796,专买垃圾股的鸡！还重仓！是不是为自己补偿亏损？？？,2018/4/27 11:18
715,这两个不要脸的废物！,2018/4/27 8:53
597,这只鸡死了吧,2018/4/27 0:22
663,跌的估值这么准，涨的估值一直被吃，,2018/4/26 21:48
1227,持有大半年了，现在的成本价还要0.87，今年以来一涨到,2018/4/26 21:29
2262,可能回到2月7了,2018/4/26 16:51
559,股市都这样了还发行新股不是圈钱?,2018/4/26 14:58
1140,求教高手！到加仓的时候了吗？,2018/4/26 13:52
820,臭基，涨得时候，比别的都少，赔钱的时候，赔的最多,2018/4/26 13:27
534,快到五毛了，垃圾。,2018/4/26 12:29
7690,对了，我昨天只提示风险，担心误导大家操作，这里统一,2018/4/26 12:28
3841,赚了十五个点，清仓有人了，后续慢慢进入到位的白马股,2018/4/26 12:28
627,这是明着抢我们的钱呀,2018/4/26 10:18
1666,亏大了，怎么选圣阳股份这只股票？现在一路下跌！,2018/4/26 7:40
575,该调整一下基金经理了,2018/4/26 7:24
462,这不行,2018/4/25 13:18
499,这只不能转换其他基金嘛,2018/4/25 11:45
429,都在涨，就这破鸡在跌，昨晚净值都十点多了还不出,2018/4/25 10:35
493,这支鸡是不是偷吃净值！,2018/4/24 22:39
606,超过10点还没净值，我去。,2018/4/24 22:16
585,哪里可以举报这个基金经理,2018/4/24 22:07
589,别再抱怨了，今年买鸡唯一亏损的就是这只，当初都没考,2018/4/24 21:22
1894,南油继续大涨  军工 白酒没有失望  新能源需要时间,2018/4/24 14:22
556,猛加仓！反击开始，号角吹响了！,2018/4/24 14:20
579,昨天加仓太少，仅仅1K，早知全仓加上了！,2018/4/24 14:19
422,完蛋贷,2018/4/24 13:43
4819,在这个基金上没亏过，经历过暴涨和暴跌。第一波在刚发,2018/4/24 11:37
846,经理能不能出来解释下啊？今天的持仓明明应该是正的，,2018/4/24 1:17
2937,我们要维权，富国基金严重欺骗基民。举报161028富国中,2018/4/24 0:35
375,靠，跌停仓,2018/4/23 18:00
654,可惜子弹用完！,2018/4/23 14:56
597,搞个定投天天补仓,2018/4/23 13:37
1707,持有的股票都是红的，为啥此鸡却是绿的？,2018/4/23 12:59
608,举报，都在涨，还是跌的，前几名,2018/4/23 12:28
634,已上车,2018/4/20 19:08
597,垃圾中的战斗鸡……,2018/4/20 14:54
567,垃圾，还能再垃圾吗,2018/4/20 13:08
611,稳住我们能赢！,2018/4/20 11:38
652,华西能源,2018/4/20 11:35
1513,经理调仓了啊！？,2018/4/20 11:16
927,下跌如流水，上涨如抽丝。开启定投，拉低成本，回本就,2018/4/19 21:11
579,走咯,2018/4/19 15:13
627,九毛八的日子不会超国庆吧加油涨啦,2018/4/19 13:28
662,大起大落的基才够味,2018/4/19 13:00
710,琢磨很久了这只鸡的规则是涨一个点跌三个点！,2018/4/19 10:59
944,还是看好此基的，它让我赚了一千块钱，啊哈哈哈哈哈,2018/4/19 10:48
840,这支也有点可怕，买入一个月跌了10个点,2018/4/19 10:33
555,各种大涨，就他最少,2018/4/19 10:19
637,什么东西，越跌越多,2018/4/18 20:01
566,今天买入，强加油,2018/4/18 15:19
520,算是看透了这只鸡，涨一个点跌两个点。,2018/4/18 15:07
579,猜对了结局 猜不对这个过程,2018/4/18 14:46
2156,昨天加仓加早了,2018/4/18 14:15
406,快跑！跌的比涨的厉害。,2018/4/18 11:51
434,跌了就买进跌的还更厉害，跌跌涨涨！跌的比涨的还厉害,2018/4/18 11:49
428,买了几年了，一直亏。,2018/4/18 11:36
488,完了完了，无药可救了。。。。。。。,2018/4/18 11:05
537,看来入股市的99.9%的人都赔啊，那么我们为什么还继续,2018/4/18 11:02
408,完了，快跑吧！,2018/4/18 10:49
372,无底洞,2018/4/18 10:10
532,要不要清仓啊，跌了这么多……,2018/4/18 10:01
492,这只基怎么样,2018/4/18 9:20
491,跌就入仓再跌再入哈哈，不要怕,2018/4/18 8:43
386,今天停电懒的看，跌这么多，搞什么鬼……,2018/4/17 22:14
363,继续跌吧,2018/4/17 21:21
1757,现在日日入仓,2018/4/17 17:38
874,哎，怀疑人生，干啥都没劲。买个鸡要操全世界的心，累,2018/4/17 15:59
1108,怎么办,2018/4/17 15:41
首页上一页481482483484485486487488489490491下一页尾页 共534页,,
884,啥时候到0.76元，就加仓！,2018/4/17 15:19
1151,真的没有最低,2018/4/17 14:33
522,每年四月份和五月份都是这样,2018/4/17 10:40
404,死翘翘,2018/4/17 10:37
551,自从买后，收益没有正数过,2018/4/17 10:17
468,这鸡难道是无底洞？,2018/4/17 9:59
524,还会涨不？太垃圾了。,2018/4/17 7:42
1692,都知道有业绩，可估值也不低。今周下压3.5%就加仓！,2018/4/16 22:22
560,开始定投加,2018/4/16 18:29
625,逢低加吧,2018/4/16 14:39
589,一直在8毛的位置上上上下下,2018/4/16 13:10
410,死鸡缓不起来了。,2018/4/16 12:10
921,可以加了弟兄们,2018/4/13 14:49
1155,次鸡不适合长期持有，，只适合波段持有，，近两年来净,2018/4/12 16:22
107,跌的趋势很明显，希望不要跌两个点……,2018/4/12 14:36
681,加仓来一点，加油跌到0.78,2018/4/12 13:53
1849,扶好我，让我戴着眼镜仔细瞧瞧今天是红的,2018/4/12 13:44
632,昨天想减仓，后悔也没用了……,2018/4/12 10:55
762,我拿了两年了,2018/4/11 21:09
459,真想宰了这只鸡,2018/4/11 14:50
607,估计今天又白忙活了,2018/4/11 10:32
850,这只鸡是我唯一一只赔钱的鸡！！ 垃圾的要死！,2018/4/11 10:17
604,新能源前景好，应该是发现方向，但是补贴减少的话，盈,2018/4/11 9:49
552,這基还有希望没,2018/4/11 9:41
1067,一块钱的时候跌到0.94，本来想着回本就卖了，结果看到,2018/4/10 17:23
391,能不争口气,2018/4/10 14:49
538,此鸡长期持有,2018/4/10 14:47
582,唉！！！,2018/4/10 13:32
422,不稳定,2018/4/10 11:42
445,~_~,2018/4/10 11:04
681,就你排第一，可惜我没买。新能源汽车泡沫太大。买点银,2018/4/10 11:01
436,坚持住呀！,2018/4/10 10:25
1192,怎么登录不上,2018/4/9 15:24
414,抬不起头了来。,2018/4/9 15:00
442,？,2018/4/9 14:47
411,辣鸡,2018/4/9 14:34
439,垃圾,2018/4/9 14:33
442,跌的没信心了,2018/4/9 12:30
466,這基到底怎么样？都想撤了,2018/4/9 11:39
436,还要跌吗,2018/4/9 10:30
387,反正已经死心卖掉你…你随便跌吧,2018/4/9 9:35
895,该调整一下投资组合了，适当灵活，像吉利等都可以加进,2018/4/7 23:19
714,套得少等反弹就回笼，套深了低入高出都会有阳光，加油,2018/4/5 9:33
1630,这鸡大盘涨他不涨，大盘跌他跌的比谁都狠,2018/4/4 13:50
692,不知道出来还是不出来，重仓这只鸡……其它鸡很多也涨,2018/4/4 13:33
793,今天清仓你…,2018/4/4 13:32
3414,沃特玛，大家自行百度吧～善意提醒，注意风险,2018/4/4 11:30
669,狗鸡理,2018/4/4 9:49
6892,新能源最近利空？怎么回事？,2018/4/3 21:51
516,割了，对此基不抱希望了,2018/4/3 17:03
791,天要下雨，娘要嫁人，割肉走人！,2018/4/3 9:38
745,赢的不够填此基坑，无语了,2018/4/2 15:16
682,吓死人，今天要亏多少？,2018/4/2 13:38
442,割肉,2018/4/2 13:36
4027,上周五割肉的我哭死了。。。。,2018/4/1 13:09
758,估值和净值一样，真准，佩服!  佩服!,2018/3/30 21:45
1423,富国中证新能源汽车指数分级证券投资基金二0一七年年,2018/3/30 21:14
2784,清仓了,2018/3/30 17:45
1287,果然没看错是个垃圾，别的鸡都红的发紫了，你这个连个,2018/3/30 13:26
5162,这个和国泰新能源汽车哪个好？,2018/3/30 11:04
3407,看新闻特斯拉都要破产了,2018/3/30 10:25
11467,今天估计好多人哭都来不及，我也有点惨，2月5到9号那,2018/3/30 10:21
1023,买基金的人大多数都是亏钱，现在赎回费又涨三倍了，意,2018/3/30 6:47
4569,可以重仓抄底了吗？,2018/3/29 22:42
1073,看到有人忽悠加仓，重仓，我就莫名的紧张，难道又要大,2018/3/29 16:03
2221,本来打算做短线，2个点就跑，前天没守纪律盈利被吃掉,2018/3/29 15:55
568,哎……,2018/3/29 15:16
2223,这个鸡真垃圾，看错了！！ 回本就撤吧,2018/3/29 15:05
493,失望,2018/3/29 15:00
535,加油加油加油加油,2018/3/29 14:44
557,加油啊…还有十几分钟，给你翻红的机会啊,2018/3/29 14:43
729,你倒是争气呀，我总共四只鸡，其他三只都是红的，就你,2018/3/29 14:18
2268,比亚迪新能源汽车一季度亏惨了,2018/3/28 23:24
826,今天的新能源喝醉了？竟然跟随白酒的脚步～～,2018/3/28 19:52
1623,刚缓过气，又在跌！！！,2018/3/28 14:58
681,昨天没跑，不守纪律的下场啊,2018/3/28 14:35
652,今天建个底仓,2018/3/28 14:15
4149,持有者,2018/3/28 14:05
593,今天至少3个点,2018/3/28 13:48
604,昨天升的，今天又要吐回来了。操,2018/3/28 13:09
首页上一页482483484485486487488489490491492下一页尾页 共534页,,
541,买一百股多少钱,2018/3/28 11:47
537,买一百股要多少钱,2018/3/28 11:46
1306,新能源大会，比亚迪竟然跌这么多，比亚迪是有什么事情,2018/3/28 10:56
708,比亚迪跌停了,2018/3/28 9:31
734,美股今晚不太给力，但看起来新能源和科技股好像有戏,2018/3/27 22:26
738,明天新能源大会满仓看好,2018/3/27 21:42
1873,昨天加一万,2018/3/27 17:50
615,此基报废，择机撤离,2018/3/28 10:12
1692,今天可不也可以进来，求大神指教,2018/3/28 10:42
536,真猛啊，半仓在里面还是挺舒服的,2018/3/27 16:48
486,这样的疯狂日子，到底有几天？,2018/3/27 16:15
410,能加仓吗,2018/3/27 14:52
585,小心明天再跌哈,2018/3/27 14:57
﻿612,割肉的反正不止我一个,2018/3/27 16:13
1332,割肉是有多蠢哭死,2018/3/27 14:49
437,时间静止,2018/3/27 14:42
4144,本周末有个新能源车技术大会，这算是利好消息吧！,2018/3/27 13:24
450,今天能减仓吗？,2018/3/27 14:23
543,为啥才发的帖都不显示？,2018/3/27 12:19
985,就问你们23号星期五有没有加仓、我就加了两倍仓、今天,2018/3/27 12:15
496,怎么操作？能减持吗？,2018/3/27 14:41
443,？,2018/3/27 12:19
3050,这基持仓股票属于什么板块啊？,2018/3/27 10:19
3187,预测还要再跌10到20个点,2018/3/26 23:42
825,将近0.9的成本，天晓得多久能回本,2018/3/26 22:45
1113,上周五加仓新能源和钢铁，钢铁今天继续加仓,2018/3/26 21:22
724,3.12号跑的,2018/3/26 21:41
2900,我上周五清仓的，哭晕在厕所，害怕金融危机啊,2018/3/26 21:15
2518,今天怎么说？跑还是不跑？,2018/3/26 16:39
3051,美国妥协了？,2018/3/26 14:28
677,"还没到神奇的2:30,一切都可能发生。",2018/3/26 14:14
767,请问各位大神，我周四清的仓，今天可加仓吗,2018/3/26 11:04
522,哭晕在厕所,2018/3/26 10:44
629,今天不回本，对不起，我周五一天亏得5000块,2018/3/26 10:36
529,上周五清了,2018/3/26 10:24
445,居然红了,2018/3/26 9:48
1470,日了狗了,2018/3/25 23:02
683,终于看见了久违的红色，虽然现在只是一点，而且还不知,2018/3/26 9:49
527,看你美国佬能左右的了大中华,2018/3/26 10:01
2737,加仓的好机会入手五万先,2018/3/25 18:17
241,富国中证新能源汽车指数分级证券投资基金-托管协议,2018/3/24 12:00
1402,富国中证新能源汽车指数分级证券投资基金基金合同、托,2018/3/24 11:36
3966,14年买的4万到今天亏了1万，割肉了！放高利贷去1年回,2018/3/24 7:11
1813,今晚不敢出净值？？,2018/3/24 0:21
688,还好周二清了。只有当大跌之后才能体会到不满仓的重要,2018/3/23 17:19
1590,瘟基，前几天行情好点补仓进去。今天一天就亏了我一个,2018/3/23 16:42
1514,买这鸡2年舍5千八,2018/3/23 15:54
613,妈的，一个月工资沒了。,2018/3/23 15:53
1971,今天有人加仓吗？,2018/3/23 15:51
1490,又回到了年前一幕，,2018/3/23 15:30
1883,看来前段时间减仓是正确的～周一再来看是否加仓,2018/3/23 15:17
1195,继续减仓，目前还剩六成仓(目标减到四成仓，降低压力,2018/3/23 15:03
525,加仓1000，周一看是跌还是涨。估计还会跌2些呢,2018/3/23 14:56
616,终于等到大好机会上车了，哈哈,2018/3/23 14:55
638,熔断了，没人管么？,2018/3/23 14:46
700,子弹充足，少量加仓,2018/3/23 14:24
401,昨天清仓了，才确值,2018/3/23 14:20
573,经理应该减仓了？,2018/3/23 14:17
513,卧槽，要吓死爹了,2018/3/23 14:04
397,他那的，跌成屎了艹,2018/3/23 13:59
627,跌了就骂，涨了贪心不卖，亏死你们。我也留一点仓，预,2018/3/23 10:15
505,中国的股市太垃圾太垃圾了！,2018/3/23 10:15
430,垃圾，卖了，再也不买基金了，我的私房钱呀,2018/3/23 9:53
2005,垃圾股，3万块已经损失一千了，赎回了，以后再也不买,2018/3/22 22:52
957,就想问问吧友们这基和002168嘉实智能汽车比怎么样？有,2018/3/22 22:34
667,又要高台跳水啦？,2018/3/22 14:28
791,明天总该了吧？,2018/3/22 13:58
1815,这两只猪就不会调下仓吗？!吃白饭的吗?!,2018/3/22 12:43
3766,此基不给力，回本就撤,2018/3/22 11:34
673,一帆风顺我是欢欢，蚂蚁那边不让说话,2018/3/22 7:08
649,回本的时候贪心了，没舍得卖，现在就跌到亏损了，哎,2018/3/21 18:53
692,臭不要脸的，还能行不？,2018/3/21 17:44
1170,这基，真不给力，别的都涨，他往下跌,2018/3/21 14:51
499,跌破眼镜,2018/3/21 14:38
552,买这只基，不如自己炒股了，坑死了,2018/3/21 14:34
1434,是涨还是爹取决于韭菜多不多！,2018/3/21 14:32
2151,昨天又加了几千…还不红？,2018/3/21 14:23
682,继续加仓吧，割肉不可能的,2018/3/21 10:50
696,完了,2018/3/21 10:49
1000,今天试水1w。,2018/3/20 22:16
首页上一页483484485486487488489490491492493下一页尾页 共534页,,
798,这基好垃圾,2018/3/20 18:52
572,这基不好，没劲！,2018/3/20 17:38
494,快点跌下来吧..哈哈,2018/3/20 16:10
629,新能源污染环境了,2018/3/20 15:08
1894,今天领爹？大盘已经红了,2018/3/20 13:31
3829,赶紧跌,2018/3/20 13:17
2005,新能源这是怎么了？？,2018/3/20 13:12
875,好了，今天白忙一场，,2018/3/19 14:58
731,你把人郁闷的，重仓了你,2018/3/19 11:11
1150,光弘科技涨停，看持仓比例应该红了吧！,2018/3/19 11:08
694,努力拉升，微红也好,2018/3/19 11:02
600,车费那么贵，难道这就是山顶了吗,2018/3/19 10:19
7431,第一次买基金，0.87买入，希望不要让我失望,2018/3/17 1:50
734,没法玩..1元买,2018/3/16 22:22
8886,1.4元买的还能再回本吗？哎！,2018/3/16 19:17
777,没法玩了。,2018/3/16 14:59
1329,看不懂什么时候上车好，就今天上车了，定投开始,2018/3/16 14:37
1183,今天可以加仓吗,2018/3/16 14:36
2108,新能源大清早闹脾气？,2018/3/16 10:33
1482,大资金流入，暂时观望。六成仓目前不动,2018/3/15 18:18
3924,我猜测明天高开高走，涨幅不低于1%[胜利],2018/3/15 16:51
803,昨天入手很正确，加油！,2018/3/15 15:07
2645,我说不能我一买就跌呀，多涨一点给个红包。,2018/3/15 14:25
2500,昨天上车的,2018/3/15 10:03
676,跌？你跌我加仓！我就不信了呢,2018/3/15 9:12
2866,3.12跑了,2018/3/14 21:43
3347,我准备全部清仓了。等下波行情,2018/3/14 19:46
3961,今天想上车可以吗，各位大神，求指点,2018/3/14 14:56
1070,强行上车,2018/3/14 10:23
8444,今天上车，胆子不是一点大的,2018/3/14 10:23
454795,新能源车板块基金分析,2018/3/14 2:20
4538,机构出货了。,2018/3/13 18:30
659,走了！,2018/3/13 15:02
1126,今天不建议加仓，再看看情况，找合适机会再进入,2018/3/13 13:02
1240,此基今天能加仓吗？,2018/3/13 11:42
4277,今天合适加仓嘛?,2018/3/13 11:09
847,加仓,2018/3/13 10:12
1018,算了一下，年后这只鸡已经涨了20个点了,2018/3/13 9:56
4784,2025全面禁售燃油车，就凭这个政策，新能源车也会涨起,2018/3/13 9:44
826,跌半年了，不可能只涨几天，有机会还要加仓继续干！,2018/3/13 7:43
972,从亏18%个点到现在盈利1%，持有快半年了,2018/3/12 23:00
4302,加上手续费，差不多要3个点左右回本，该抛吗？,2018/3/12 22:54
1307,这基金每天要从收益中抽手续费吗？抽多少啊？哪位知道,2018/3/12 22:26
620,再努力一下,2018/3/12 22:07
1269,亏最多时-20%多，现在扭亏了。,2018/3/12 21:29
762,差不多了，全抛了！,2018/3/12 19:45
622,我发的贴呢,2018/3/12 17:31
1142,新能源汽车就是个趋势，看好这基。不到1.8不放,2018/3/12 16:19
633,急什么出手。大起大落，跌宕起伏，这只鸡还得蹦跶!,2018/3/12 15:46
757,今天厉害了！！！！大涨过后必大跌！小心！！！,2018/3/12 15:34
19246,3位绩优基金经理详解“新能源”投资重点,2018/3/12 15:05
586,出货，入袋为安,2018/3/12 15:00
755,已回本，除掉手续费0.65，赚2个点多一点，全出了。,2018/3/12 14:56
643,可以抛了,2018/3/12 14:55
3361,前几天跌势的时候很多人就跑路了还在庆幸，我当时都说,2018/3/12 14:26
594,今天要上4个点就破记录了,2018/3/12 14:07
535,新能源汽车，飞起来，吃鸡啊,2018/3/12 14:02
574,这鸡是疯了,2018/3/12 14:00
533,这涨势太吓人了，都不敢持有了...,2018/3/12 13:56
680,我手残，上周非要转换成金融鸡,2018/3/12 13:54
764,今天出25亿，近值上3元就卖了,2018/3/12 13:47
412,看走眼了,2018/3/12 13:46
2897,跟了半年一直跌，卖了之后一直涨，气的不行不行的,2018/3/12 13:31
711,无法阻止了,2018/3/12 11:28
576,再入200,2018/3/12 11:22
626,卖早咯,2018/3/12 11:21
615,今天出。,2018/3/12 11:02
920,手头上的现金为什么还留着，为什么不去投股票？怪不得,2018/3/10 9:51
764,现金留太多,2018/3/10 9:49
1419,不到1块不卖。,2018/3/10 8:43
997,虽然这基最近涨的不错，但是每次大跌，指数很快就上来,2018/3/9 19:44
4226,昨天亏损状态下全抛了，想哭,2018/3/9 19:09
980,没耐心，刚到回本线，赎回差不多一半，剩下的就放着任,2018/3/9 16:20
1075,昨天犹豫一下，没入是个错误，新能源汽车今年也有机会,2018/3/9 15:11
1089,真尼玛辣基，放着一直没管，一看16年的时候强行调减11,2018/3/9 15:01
872,强行调减什么意思,2018/3/9 14:54
1017,卖三成，毕竟盈利十几个点了入袋为安一部分。后期继续,2018/3/9 12:25
757,乱听瞎扯，昨天跌了就减仓，应该稳住平常心的。,2018/3/9 10:25
3280,都以为是股神吗？跌一点就跑，此基目前处于历史中等线,2018/3/8 22:50
2469,回调开始了 下一波再进,2018/3/8 20:36
首页上一页484485486487488489490491492493494下一页尾页 共534页,,
2302,这鸡跟那个盘呀？指数盘都红了它还绿，这是没救了呀！,2018/3/8 15:49
1523,少跌点就行，别无他求,2018/3/8 14:52
2335,撤退了，爹够了再来，祝各位发财！,2018/3/8 13:21
1813,不妙啊，,2018/3/8 13:19
521,雄起,2018/3/8 13:17
1574,这是要变天了吧,2018/3/8 11:55
2171,一直赔钱，果断卖了，不等了！,2018/3/7 17:34
3144,这个今年有希望吗？,2018/3/7 13:12
987,大盘要回调，适当减仓,2018/3/7 13:05
659,不按套路出牌,2018/3/7 11:08
848,静静等待，还亏不到3%了，希望回本有望,2018/3/6 22:28
3820,想补仓，可行吗？,2018/3/6 21:30
968,杀了不留了,2018/3/6 15:01
887,起飞未必，充其量也就是小慢牛,2018/3/6 13:21
813,都坐稳了，起飞啦！,2018/3/6 11:58
2727,新能源汽车辆购置税优惠政策再延长三年，这应该是利好,2018/3/6 11:54
858,开始赢了！！！！,2018/3/6 11:24
1147,请问一下，这两天能买吗,2018/3/6 11:24
1741,感觉该收了，再不收就套住,2018/3/6 1:52
1653,大家都在等疯来！疯一来，板砖也能够超音速巡航！！！,2018/3/6 0:45
5160,不管今天涨和跌都要出仓了，可惜还没回本。及时止损比,2018/3/5 22:17
1124,我上礼拜五进来的，今天也怕不掉，不知道明天怎么样,2018/3/5 17:39
1191,应该还有15%的涨幅，看好。,2018/3/5 17:03
803,今天就这个红。厉害了,2018/3/5 14:19
4782,两会都没有点新能源利好的消息，，，,2018/3/5 11:57
829,指数跌就涨神奇,2018/3/5 10:31
1018,继续大力发展新能源汽车！,2018/3/5 10:03
3770,今天建了点底仓，打算慢慢加跌值，长期持有,2018/3/2 18:35
1174,大盘要回调了，晓测,2018/3/2 17:23
1434,硬不起来啊。疲惫了，要扶墙才能起来，一个人站这么高,2018/3/2 15:57
1207,今天没进，因为价格偏高。再观察几天看,2018/3/2 15:09
976,还亏4个点……,2018/3/2 13:52
1006,冲高回落…有点想落袋为安了,2018/3/2 13:48
1126,到底什么时候才给个上车机会啊,2018/3/2 13:04
1518,懂行的说说，最近这个冲击波是什么情况，在圈人加入吗,2018/3/2 13:04
2378,目前这鸡给力，净赚1000多,2018/3/2 12:59
875,今天追加了1万。,2018/3/2 12:50
939,昨天刚建仓。,2018/3/2 11:16
1042,昨天卖了,2018/3/2 10:40
1080,怎么最近吃了兴奋剂了,2018/3/2 10:39
1134,。。。昨天就出了百分之八十,2018/3/2 10:38
2105,快跑吧！震荡期快来了,2018/3/2 10:34
855,该跑了就,2018/3/2 10:32
1019,不错，赚了不少,2018/3/2 10:31
984,十个点就行我不贪。今天有走的吗？,2018/3/2 10:31
987,回生了,2018/3/1 20:59
3372,发现此基每次都是炒作起来的，这次是真的狼来了吗？有,2018/3/1 20:38
1169,能跑400公里的车是真的，那就火了。,2018/3/1 20:25
1098,坚持持有，开启笨鸟模式,2018/3/1 20:11
957,飚得太高了,2018/3/1 17:48
3346,比亚迪电动大巴占英国50%市场份额 今天 15:27  经济参,2018/3/1 16:46
3434,去还是留，大神给点意见,2018/3/1 15:14
1337,这些人没经历过1块1跌下来的绝望,2018/3/1 14:04
1034,长得没机会上车了,2018/3/1 12:07
1405,胆子太小了，出太早了,2018/2/28 21:47
1159,昨天卖了，可惜但是不过不后悔,2018/2/28 15:24
1255,还亏十几个点了，想撤了，真耽误不起功夫,2018/2/28 14:16
1326,看这架势明天还得小涨,2018/2/28 14:08
1673,盈利接近十个点了，准备撤了，啥时候回调啥时候撤,2018/2/28 14:03
3002,昨天下午一点买的，是按昨天的净值，还是按今天的？,2018/2/28 13:09
1299,新能源可以建仓了，风险肯定有，抱着玩玩的心态,2018/2/28 12:02
1223,感觉此鸡三月要大涨,2018/2/28 11:58
2960,次基近期可以入手吗,2018/2/28 11:44
1125,今天喝昨天应该打平,2018/2/28 10:34
1088,盈利7个点了该不该买呢？,2018/2/28 10:18
1395,美股绿了……,2018/2/28 3:40
1761,又一茬韭菜长出来了，过两天来个利好便可收割！小韭菜,2018/2/28 3:19
3471,回本就走，不留。,2018/2/27 22:39
1816,消息层面全是你，明天不知吉凶。,2018/2/27 22:26
1658,买的是对未发展的看好,2018/2/27 21:11
1627,能留几天吗？,2018/2/27 14:02
3539,还亏10个点,2018/2/27 11:20
1193,来吧，宝贝,2018/2/27 10:34
1668,不跑没机会了,2018/2/27 9:39
1300,观望中……,2018/2/27 8:01
1957,从亏损六个点，到现在盈利九个点，世事无常啊,2018/2/26 22:17
1501,今天跑了1/3，还亏损蛮多的，机会合适了再进拉低成本,2018/2/26 21:49
1513,适合定投,2018/2/26 15:13
1678,不到3800点坚决不出，养鸡要养肥！,2018/2/26 14:54
1513,这一波很不错,2018/2/26 12:19
首页上一页485486487488489490491492493494495下一页尾页 共534页,,
2826,唉下车早了,2018/2/26 12:08
2549,你们这些夸奖的怕是没体会到从1块1毛钱跌下来的绝望,2018/2/26 11:37
1327,使劲跌，越跌越买,2018/2/26 11:32
1749,富国智能汽车和新能源汽车就是一对攀比的无赖。,2018/2/26 10:41
10870,新能源汽车是大趋势，养基不是一两天能养大的！耐心持,2018/2/26 10:37
6375,你们这些人一天天的在吧里磨磨唧唧的，累不累呀，涨了,2018/2/24 21:41
1180,赞一个,2018/2/24 20:51
1200,不错不错,2018/2/23 15:24
765,涨啊,2018/2/23 14:19
867,一飞冲天,2018/2/23 14:00
1057,昨天应该下车的，后悔了,2018/2/23 13:16
1097,长的没人家高，跌的比人家底，老子墙都不服，舅服你！,2018/2/23 11:44
701,刚没红一下，就绿,2018/2/23 11:00
1035,等个上车机会,2018/2/23 10:47
749,又在作死行情了,2018/2/23 10:06
952,没一波3以上我就死在里面不出来了,2018/2/23 9:57
4590,求高手指点:今天是走？还是留？,2018/2/22 21:44
806,难产了吧,2018/2/22 21:38
2743,明天后天持仓不动（满仓）下周一沪指红不动。跌就减仓,2018/2/22 15:29
847,坐等下跌,2018/2/22 12:44
939,新能源，我耐你,2018/2/22 10:20
1270,今天吧里挺冷清,2018/2/14 12:51
1032,见证奇迹的时刻到了，神奇半小时！,2018/2/13 14:34
1204,近三月爹18.45，也是没谁了,2018/2/13 14:01
6262,新能源汽车的主力电动是电动汽车 但在国家补贴取消 续,2018/2/13 12:38
2628,为啥持有的份额突然变少了？哪位高手给解释一下？,2018/2/13 11:11
2820,6.01和5.97相差多少？有老鼠！,2018/2/13 11:08
1501,估计又在搞鬼怎么偷吃了，到现在还更新不出来,2018/2/12 22:13
1082,你现在怎么不在支付宝以发红包引诱基民上当，骗人了，,2018/2/12 21:48
724,下车早了，应该今天下，马德,2018/2/12 20:25
1896,看今天的分时图不像散户行为,2018/2/12 18:09
764,庄要它涨就涨 要它跌就跌 白酒 煤碳 新能源…挨着个来,2018/2/12 17:46
2687,养了11个鸡，每个鸡都亏了十个点以上，真他妈的踩了狗,2018/2/12 16:58
1227,多么有前途的一个行业！然而前段时间跌了那么多，非要,2018/2/12 16:24
681,多么有前途的一个行业！然而前段时间跌了那么多，非要,2018/2/12 16:19
718,不容易呀，今天给你一个赞,2018/2/12 14:58
2533,明天要大跌的预谋,2018/2/12 14:57
836,前天大跌 也不过才跌了两个点 跌的时候不敢买 涨了的,2018/2/12 14:56
1746,有敢加仓的吗,2018/2/12 14:54
1192,加仓2万加仓2万，,2018/2/12 14:41
471,开挂了，这个,2018/2/12 14:39
906,一天就回本了，定投的确强大,2018/2/12 13:16
595,可惜买少了,2018/2/12 13:08
460,牛B了,2018/2/12 12:43
556,要涨停的节奏啊！,2018/2/12 12:32
2653,新能源车销量大涨,2018/2/12 11:57
2627,继续定投，加大力度,2018/2/12 10:20
628,拉五个涨停板,2018/2/12 10:08
1602,今天未创新低，后市潜力大，立帖为证,2018/2/9 20:45
1511,这次股灾还要持续，麻痹加仓早了,2018/2/9 20:45
1292,难受，麻痹，心疼我的钱。十八只鸡全赔,2018/2/9 20:44
674,每天加一千，準备长期对抗熊市。,2018/2/9 15:27
647,偏偏不信邪，今天再进10万,2018/2/9 13:52
470,看着还有些天要亏,2018/2/9 12:03
445,冲啊，,2018/2/9 10:06
467,没救了,2018/2/9 10:03
988,这狗基一直在发行价下游泳，看来离清盘不远了……,2018/2/8 15:05
749,把江特电机卖了，结果人家涨停,2018/2/8 14:51
726,15年的股灾 不过如此,2018/2/8 13:29
630,再跌一点是不是就要清盘了啊,2018/2/8 7:59
810,不要想着抄底，抄到了不涨，拖你个几年,2018/2/7 23:25
1641,明日此基又得大跌，立此为证。如今基金净值已跌至两年,2018/2/7 20:27
2091,总共就买了500，亏了二百多，你们看看吧,2018/2/7 20:19
586,垃圾,2018/2/7 16:31
487,明日此基又得大跌。立此为证。,2018/2/7 16:17
465,涨一个点不到，有啥逼用。,2018/2/7 14:25
505,没救的基金,2018/2/7 12:55
995,这板面不好看估计又是小涨或小跌。,2018/2/7 12:01
435,亏了4千多了，垃圾金，让人崩溃!,2018/2/7 10:35
606,20个点，就这样耗着吧，亏钱我是不会走的，当存定期吧,2018/2/7 9:00
597,亏18个点了,2018/2/6 23:48
488,全跌停多好，辣鸡,2018/2/6 23:13
479,漂亮，咋样，见证了我的预言吧，,2018/2/6 21:59
418,今日神点评。 上联：保千里一泻千里 下联：乐视网全都,2018/2/6 21:34
584,奶奶的，买三万就剩二万了。咋整的。让不让人玩了,2018/2/6 20:34
480,还要跌吧，大盘现在还处在中高位,2018/2/6 19:31
465,如果这4个月我一直拿着应该亏了百分之30多了！应该是,2018/2/6 18:10
451,真牛逼！我服了！,2018/2/6 16:29
463,太恐怖了,2018/2/6 16:03
300,真垃圾，赔了快20个点,2018/2/6 15:56
首页上一页486487488489490491492493494495496下一页尾页 共534页,,
840,历史最低点0.712，跌破了就加,2018/2/6 15:28
339,mlb熔断啊。差点跌停。此基绝对牛逼。没有之一,2018/2/6 15:08
515,两天加起来就亏了十个点了。历害！没救！,2018/2/6 15:07
376,mlb差点熔断。跌停。本基金绝对牛逼,2018/2/6 15:06
352,从最高点买入到现在 赔了30%,2018/2/6 15:02
465,买了这么久忍不住骂人了，两个垃圾经理，从买了就没赚,2018/2/6 14:55
497,什么时候再下折？,2018/2/6 14:47
404,投5万亏了一万，整庆幸昨天转了大半到白酒,2018/2/6 14:47
419,不到一星期就又跌了10个点，股灾来了吗？年后再买吧，,2018/2/6 14:43
2362,现在有点迷茫了，是要割肉走呢？？还是补仓分摊成本好,2018/2/6 14:41
645,这基还两个SB管理，三个月亏近二十个点啊这是佩服他俩,2018/2/6 11:23
590,我本以为此处为沟渠，迈过即可。谁知这是东非大裂谷，,2018/2/6 11:20
791,跌的将近20个点了，哎！,2018/2/6 11:03
502,股灾  鸡灾,2018/2/6 10:59
1438,我0.94跑的，看看现在，简直万幸啊！大伙赶紧割肉跑吧,2018/2/5 20:46
704,关于汽车的鸡都不能买，买一次赔一次。,2018/2/5 20:14
512,涨十五点可回本？,2018/2/5 17:03
1054,这个基金简直跌起来没有底线，几个月时间亏了14%，准,2018/2/5 16:23
511,水煮青蛙！慢慢吃了！等死吧！这就是新的节奏！,2018/2/5 16:13
501,银行赚的都来填这个几把坑了,2018/2/5 15:03
537,买保险和这鸡，保险涨的基本都填了这个坑,2018/2/5 14:52
453,你美的，始终吓爹,2018/2/5 14:40
498,这家伙很个性，只认跌，任你大盘指数变化始终如一吓爹,2018/2/5 14:39
509,这鸡骗你越来越精了！不少人上当，它现在正在数钱过年,2018/2/5 13:30
452,我当时就说过，要跌几轮，不信我的,2018/2/5 12:21
795,这么题材鸡，真的坑，一路补仓一路跌，补到现在没子弹,2018/2/5 12:06
1278,天天在风舞狂跌没商量，以为是底，补仓补仓减少损失。,2018/2/5 11:46
561,五百块三个月亏了17个点，千万别买，特别差劲，从未大,2018/2/5 11:02
1664,3个半月，亏了十个多点了@_@,2018/2/4 23:32
883,能加仓吗？,2018/2/2 20:01
965,请问各位基金SM时候停止交易，年后几时开始交易？,2018/2/2 16:19
1566,此烂泥巴一堆，有关部门必须追究相关责任人，给广大基,2018/2/2 13:56
826,天天在耍我们玩呢。大盘涨你跌。大盘跌你狂跌，如今玩,2018/2/2 13:41
537,哈哈，你们不信我说他还有两个点要跌，都不信,2018/2/2 12:03
560,这一个星期跌了6个点。真牛逼,2018/2/2 10:28
346,再跌真就跌出大家的心理防线了,2018/2/2 10:05
386,王八蛋，滚犊子吧,2018/2/2 9:46
379,准备入手,2018/2/1 22:34
455,脑残经理！,2018/2/1 21:38
2095,大盘涨你跌，大盘跌你还跌，，虽然木有买你，但还是见,2018/2/1 20:46
555,积极定投中，已经加大定投力度，嗨皮得很,2018/2/1 18:33
357,又坑害了一批补仓的基友们,2018/2/1 16:10
323,垃圾就是垃圾。别指望着补仓拉平衡,2018/2/1 16:06
364,要下折了吧,2018/2/1 15:34
452,真尼玛狠啊，心痛,2018/2/1 15:02
387,呵呵，亏的只剩内裤了,2018/2/1 15:02
738,又扑街啦,2018/2/1 15:00
393,跌两天，一个月都涨不回来，都在坑我们的钱,2018/2/1 14:48
432,经理真不容易啊，一直绿脸毫无办法，心里苦啊！中国经,2018/2/1 14:44
311,跟你们说过，自己不听，还有个几次下跌等着,2018/2/1 14:27
296,什么时候涨，服了，能不能不要跌了！,2018/2/1 14:16
1230,真不要脸，下跌无底限，这基是要等跌到历史最低点才敢,2018/2/1 14:07
269,为啥删帖,2018/2/1 11:49
882,经理，辞职吧！,2018/2/1 10:05
267,今天又要跌了,2018/2/1 9:51
232,实在垃圾。,2018/2/1 1:45
353,这基是拉极，业绩很差，真別买。,2018/2/1 1:23
453,这基金有毒吧，涨少跌多。,2018/1/31 22:25
726,这得养！不用总看！,2018/1/31 21:28
375,突然发现大多都有补仓深套再补，俩SB基金经理就是不停,2018/1/31 16:49
409,这没救了！两个基金经理垃圾,2018/1/31 16:08
3115,这吧里都没几个人评论，估计就没几个人买这垃圾基金，,2018/1/31 14:56
346,真垃圾,2018/1/31 13:37
398,牛，牛，实在牛，,2018/1/31 13:33
294,就看着你们亏完,2018/1/31 12:15
342,跟你们说了无底洞。没人信,2018/1/31 12:15
382,昨日锂业大涨，此基金净值如此之低，明明就在克扣。,2018/1/31 11:28
356,这只鸡玩的你没一点脾气，毫无下限。,2018/1/31 11:20
374,沃→_→,2018/1/31 10:44
320,为啥删帖,2018/1/31 10:30
323,昨日锂业大涨，为啥净值那么少。每每都在克扣基金净值,2018/1/31 10:29
670,你丫就是扫把星，选的挨个出问题。 电池被代替、补助,2018/1/30 8:27
464,拿命来！,2018/1/30 0:05
354,没有最低只有更低点,2018/1/29 14:23
485,加一份,2018/1/29 14:05
393,你妈妈比，老子可是重仓。,2018/1/29 13:36
399,亏了18个点，还在站岗。,2018/1/29 13:12
348,无底洞啊，补不住,2018/1/29 12:25
714,两块屎,2018/1/29 11:42
520,准备入手200只基金，每只投100元。,2018/1/29 11:29
首页上一页487488489490491492493494495496497下一页尾页 共534页,,
353,外围的股市太红火了，唉，中国,2018/1/29 10:08
417,股市太不公平了，涨了那么多，我的都在跌，什么股市，,2018/1/29 10:06
677,这就是一个真正的垃圾基金！,2018/1/29 0:50
1900,各位看看他俩所管理的各个基金，亏的一塌糊涂。还有亏,2018/1/26 16:23
1562,听我的吧，赶紧走吧！我当初0.94割肉亏了800跑了，还,2018/1/26 15:32
382,我就猛跌不商量,2018/1/26 15:12
335,大盘都涨你还跌,2018/1/26 15:02
352,垃圾,2018/1/26 15:02
429,你俩大sb。已经是历史最低值，都要3年了咋还有脸跌,2018/1/26 14:59
531,下周估计又大跌,2018/1/26 14:47
624,持仓股票总体是涨的，为什么基金在跌？,2018/1/26 13:54
637,这基金就是tmd的黑洞，补仓多少亏多少，千万别想拉拉,2018/1/26 11:35
345,我的帖子为啥删掉,2018/1/26 11:23
577,今天能跌2个点以上。故意这样就是怕我们减仓,2018/1/26 11:22
365,nnd没有最低只有更低，别想着拉差价,2018/1/26 11:21
484,先别上去，等我慢慢吃点货,2018/1/26 11:06
582,挤牙膏一样往下滑。。。。。不好看这板面,2018/1/26 11:00
420,牛，张这两个驴叼出来的卜街！,2018/1/26 10:58
330,这个基金现在买入怎么样呢？,2018/1/26 10:46
418,到一块的时候果断出局了，幸亏跑的快，熬了3年没亏钱,2018/1/25 21:17
336,别想着抄底，这鸡来讲，没有最低只有更低。越加仓就陷,2018/1/25 20:13
340,卧槽，这条线我特么就服你,2018/1/25 15:15
273,一泻千里,2018/1/25 14:50
368,这条弧线，舅服你！,2018/1/25 14:50
705,哈哈，果然不负众望,2018/1/25 14:48
473,明天情况不太乐观感觉，可以卖掉了,2018/1/25 14:18
450,套了老子壹仟捌佰元,2018/1/25 13:18
353,狗入的老子买了你的鸡你就不涨,2018/1/25 13:16
284,我抄底，赚点抹平其他,2018/1/25 11:14
347,长时如拉稀，跌时一泻千里,2018/1/25 10:42
988,这个指数基金比较郁闷，根本就是坑货级别。,2018/1/25 1:04
565,买的时机对了，一周赚了两个点。只是放了一点点进去,2018/1/24 22:27
672,这个鸡毫无底线，劝大家别入，否则后悔，陪了20个点了,2018/1/24 16:55
579,今天忍痛全出了！,2018/1/24 15:01
334,偷吃了吧！,2018/1/24 14:17
287,mlgb，亏了16个点,2018/1/24 14:05
585,MLGB，创业板涨那么多，它却原地不动，太他妈的坑爹了,2018/1/24 13:43
439,老子真想卖呀，可是赔了20个点啦，要是老子后悔死啦,2018/1/24 12:58
3576,亏损20个点的有吗？,2018/1/24 10:38
580,看持仓的涨的很多啊，为何估值这么低？,2018/1/24 10:12
526,这只垃圾基金还有救吗,2018/1/23 22:56
572,你真是zhu涨时如小孩撒尿，跌时如黄河泄梯,2018/1/23 21:44
604,昨天已经果断买了,2018/1/23 19:13
572,是否在反弹了？可以入了吗？,2018/1/23 16:20
682,这个垃圾我现在也只能放着不管啦，也没办法,2018/1/23 11:46
739,今天能涨3个点我就减仓30%,2018/1/23 11:34
743,新基金不能买啊，工银互联网加、前海人工智能、新能源,2018/1/23 10:40
368,套着吧，垃圾中的战斗力,2018/1/23 9:31
629,买的所有基金中，这只最垃圾,2018/1/23 0:00
370,众泰没有了?,2018/1/22 22:29
2512,让我怎么卖，被深度套牢啦，都亏了靠近20个点啦,2018/1/22 22:00
400,看我其他的收益，都是3点多，这个真垃圾,2018/1/22 20:58
456,小涨，只为更好的大跌,2018/1/22 19:50
569,拿了几年还亏25个点，买此基很受伤,2018/1/22 16:41
656,今天都吃到肉了吧，继续持有，明天还有涨头。上周入了,2018/1/22 15:42
467,大盘大涨你小涨，大盘小跌你大跌，呵呵,2018/1/22 13:09
446,大盘都跑不过,2018/1/22 13:01
559,我还以为你不会调仓哦！,2018/1/22 11:13
535,原来这个基是跟着创业板走的，看来今天有点收益,2018/1/22 10:40
627,我把富国公司的基金定位成垃圾基金，只希望少赔点，目,2018/1/22 10:35
1046,跟上投摩根新动力那只一样，天天绿,2018/1/22 10:22
758,富国的基金怎么个个都垃圾呢，都赔钱了,2018/1/22 10:19
761,看了看这鸡大有可为，已经快到历史的最低点了，可以分,2018/1/22 0:05
1554,18号下午3点前买的，摊铺单价却是17号的净值，不是应,2018/1/21 16:53
1338,富国中证新能源汽车指数分级证券投资基金2017年第4季,2018/1/20 13:49
1957,富国中证新能源汽车指数分级证券投资基金2017年第4季,2018/1/19 20:40
595,这基金18号下午3点前买的，怎么摊铺单价是17号的净值,2018/1/19 19:22
1826,这鸡估计下周跌一两天就涨了,2018/1/19 17:35
89020,卖了换基！不值得骂！,2018/1/19 13:04
529,这只基金太奇葩，基金经理在搞什么鬼,2018/1/19 11:48
326,今天又要跌？？？,2018/1/19 11:32
2114,我1块2的时候感觉情况不对，撤退了,2018/1/19 11:05
448,太业余了经理水平，我去比他强，上当了买这个江湖鸡金,2018/1/19 6:13
450,今天可能是红的,2018/1/18 21:26
392,今天又跌了,2018/1/18 20:12
524,底线0.354,2018/1/18 18:26
357,这是要下折的节奏啊，,2018/1/18 17:47
381,明日必大涨,2018/1/18 17:31
1131,我都不懂了这鸡天天跌怎么还有人买 看看净值没有一天,2018/1/18 16:03
430,玩蹦极抓紧绳索待反弹。,2018/1/18 15:42
首页上一页488489490491492493494495496497498下一页尾页 共534页,,
355,看看这三年的业绩也绝望了,2018/1/18 15:38
421,tmd就是无底洞，以为到底了抄趟底亏一趟,2018/1/18 15:00
1341,名字起的好呀 富国,2018/1/18 14:58
475,再跌3-5个点就可以出重拳，捶死他,2018/1/18 14:02
328,你们是猪啊。还在跌,2018/1/18 13:48
511,坑爹货！眼看持有两年了！卖出不分年限了全部0.5手续,2018/1/18 13:28
377,今天不涨，就加加,2018/1/18 13:03
421,舅服你,2018/1/18 12:04
526,这周只能喝粥保命，下周可以吃饭了。,2018/1/18 11:06
393,还能再跌么,2018/1/18 10:25
395,垃圾样，别人涨多少了，你才涨这么点,2018/1/18 10:14
282,[大便],2018/1/18 10:07
388,亏损9.35%，也只能先拿着了,2018/1/18 10:02
325,tmd跌到啥时是个底啊,2018/1/18 9:32
356,怎不涨点？,2018/1/18 8:49
376,这只基金咋回事，一个劲的跌,2018/1/18 6:54
2243,从9月跌到现在，我就不信还会再跌。日K周K月K都处在低,2018/1/17 21:50
1494,0.9680入的，目标想到一块，结果不能看,2018/1/17 21:10
498,你丫丫的精里，你是要把大家掏空吗？,2018/1/17 15:28
426,新能源基金的朋友。大家都涨跌了多少点了？欢迎评论回,2018/1/17 15:22
424,新能源早已利尽。现在还远远没有到底。先撤出来。再跌,2018/1/17 15:20
528,敢问路在何方,2018/1/17 15:19
494,历史低点,2018/1/17 15:08
385,装死。逢大跌加仓吧。两年前1.3的在高岗上,2018/1/17 15:06
562,加了2k，若继续跌3天后再加3k，连跌5天再加8k，装死不,2018/1/17 14:49
1197,tmd股灾2800点时基金估值0.8。如今2年过去了，跌进0.7,2018/1/17 14:44
512,此，四跌后小涨必然跌,2018/1/17 14:36
﻿381,机会来了买,2018/1/17 14:10
455,这个基就是个粪坑，进去了就很难完整出来了。,2018/1/17 13:20
667,个人觉得今天还不是加仓机会。慎重。。,2018/1/17 13:01
315,无底洞,2018/1/17 12:07
432,买买买！,2018/1/17 11:41
479,再创新低，能有啥法，唯有加仓，妈蛋,2018/1/17 11:31
500,锂电未来十年不会被淘汰，钠离子电池还没有成功，至于,2018/1/17 11:19
557,钠离子不稳定要代替锂还早着呢,2018/1/17 11:04
1480,15号才刚加了，现在又暴跌，真他妈的无底洞了，又要加,2018/1/17 10:55
1044,大家分析一下，到底值得持有不？,2018/1/17 10:53
377,我昨天就割肉出来了亏死了大家赶快撤吧别再死等了！,2018/1/17 10:46
296,富国的基金涨的少，跌的多,2018/1/17 10:45
391,今天是怎么啦！太不要脸了！太坑散基民,2018/1/17 10:26
408,感觉要疯了,2018/1/17 10:26
1906,今天买了20万,2018/1/17 10:23
390,还特么要不要脸了！！！！！糙！！！,2018/1/17 10:10
373,感觉会死的样子,2018/1/17 10:03
377,真能愁死我这只,2018/1/17 9:55
400,是时候增仓啦……,2018/1/17 9:46
1102,继续持有吧我做好准备了/,2018/1/17 9:35
449,你该死啦。,2018/1/16 18:03
393,何时探底？,2018/1/16 17:10
2308,还有勇气加仓么,2018/1/16 15:16
777,创业板该反弹了，今天全仓进，明天估计4～5个点的涨幅,2018/1/16 15:06
600,没办法了继续赌你，玩完散伙,2018/1/16 14:52
476,无语了。。。,2018/1/16 14:50
521,反正就放了3000多块，装死吧。新能源这么好的主题，被,2018/1/16 14:33
384,垃圾,2018/1/16 14:22
502,"富国昨天割了,这个基金只知道往下扎猛子,太CaoD了",2018/1/16 14:00
1218,从9月1元买入，到现在0.8几，还有没有比这更坑的了？,2018/1/16 13:15
532,如何能做到众人皆涨你独跌,2018/1/16 13:15
370,尼玛！无语……要不要活了？,2018/1/16 12:31
594,今天进了点，希望这是底。,2018/1/16 11:54
451,请教？还能不能持有,2018/1/16 11:54
505,疯了吧，还跌呢，再跌底裤都没了！出个钠锂电就爬了？,2018/1/16 11:53
303,估计我有站错队了,2018/1/16 10:59
720,锂电池已经走入末路，即将被市场抛弃，取代它的是钠电,2018/1/16 9:54
613,分级基金要是跌的话可是很能跌，而且还越跌越快，涨的,2018/1/16 8:03
409,想抄底的想多了，还远没有到底,2018/1/16 6:33
1604,白酒保险赚的钱全添给这个无底洞了,2018/1/16 1:02
2626,今天有多少加仓的,2018/1/15 23:39
462,我都亏了15点，怎么办,2018/1/15 23:12
469,当初亏两千的时候割肉了，还好跑得快，不然现在至少五,2018/1/15 22:20
537,A股最大的特色，就是一个月的涨幅可以一天跌没了,2018/1/15 20:22
772,这基值得长期持有吗,2018/1/15 19:58
432,一阴吞十一阳,2018/1/15 16:45
532,今天太邪门了全绿了……,2018/1/15 15:31
368,又一次受挫 哪天能爬出来,2018/1/15 15:13
380,坑太深 蚂蚁行动,2018/1/15 15:11
4594,评论区的人是智障吗，这是被动型指数基金，和经理水平,2018/1/15 14:45
435,苍天，跌出天际线么要,2018/1/15 14:43
406,这鸡是不是又要折算了呀,2018/1/15 14:31
302,厉害了我的基,2018/1/15 14:27
首页上一页489490491492493494495496497498499下一页尾页 共534页,,
343,再创新低……他大爷的,2018/1/15 14:25
366,看来分级基金是个坑！！！,2018/1/15 13:38
265,牛皮牛皮,2018/1/15 13:32
607,周五已经转走，看来对了,2018/1/15 12:32
415,感觉一下打回瓷器时代了,2018/1/15 11:45
397,鸡理内平不行，呆人，大脑袋人,2018/1/15 11:42
363,烂泥是扶不上墙的,2018/1/15 11:23
328,太刺激了全民玩蹦极。,2018/1/15 11:04
334,这个基金太烂,2018/1/15 9:56
688,@#:-snbi,2018/1/12 14:45
719,今天入场，慢慢定投,2018/1/12 8:09
690,等回本了永远不碰这垃圾鸡，能回本不？还亏十多个点,2018/1/11 15:23
596,我被这只基深深伤害了依旧希望它拯救我,2018/1/11 14:02
459,今天要涨点了,2018/1/11 13:20
1062,新能源汽车产业在咱这国家到底是啥情况？这鸡越来越…,2018/1/10 23:18
451,这两个垃圾经理，该死,2018/1/10 15:32
598,这无能的两个猪头!!!,2018/1/10 15:04
582,尼玛的好惨啊，好日子什么时候能到呀,2018/1/10 14:45
444,你们是猪啊。真能狂跌,2018/1/10 13:42
366,来人，把经理拖出去杖打1000,2018/1/10 13:09
526,我不知道你这个坑何时才能填上哦，越陷越深！,2018/1/10 11:24
485,兩位雞經理 為什麽漲的時候 你們的凈值總比估值少 而,2018/1/10 11:13
980,老牛逼了，十年十倍这牛逼吹的，你要是公牛你就努力点,2018/1/9 16:59
423,这隻鸡经理专买垃圾股。,2018/1/9 15:38
428,别在拉稀了快吃力特灵 勿做病基阳起往上冲吧,2018/1/9 15:15
593,走了吧兄弟们，割肉也要走啊！我0.96的时候跑的，亏了,2018/1/9 15:09
439,挂羊头卖狗肉的货。,2018/1/9 14:16
412,这只鸡就是骗手续费的！本来想等到持有两年免手续费的,2018/1/9 13:11
413,这只基金是骗手续费的,2018/1/9 11:17
609,两位基金经理，你的祖先喊你们去阴曹地府和他们吃年夜,2018/1/9 11:15
390,厉害厉害比大盘涨的多,2018/1/8 13:10
696,曾经辉煌过，希望振作起来，一直持仓，加油＾０＾~,2018/1/7 20:32
563,垃圾一直跌 坑爹的节奏,2018/1/6 8:26
405,坑爹本色不改,2018/1/5 14:37
604,太失望了,2018/1/5 13:20
802,不如国泰新能源汽车指数,2018/1/5 12:56
428,两个垃圾经理,2018/1/5 12:54
600,又要开始拉稀了,2018/1/5 8:04
519,阳痿早泄了？,2018/1/4 14:47
3111,真够了，最高点买入的，两万陪了三千,2018/1/4 12:10
669,9毛多的时候买的，到现在还是亏，啥时候能让我平回去,2018/1/3 23:44
811,进来就赚3.3个点，可惜仓位很小,2018/1/3 21:27
802,明天估计要回调，要不要先出来点呢！纠结,2018/1/3 14:49
664,还跌14个点呢！何时回本,2018/1/3 13:30
722,下午能稳住，可以解套了,2018/1/3 11:57
563,放个假把净值都放停了？？,2018/1/2 22:42
522,怎么还不出净值，有鬼！,2018/1/2 22:12
771,政策好，为什么新能源汽车还是起不来？经理在睡懒觉吗,2018/1/2 14:59
576,是不是要起飞了？？,2018/1/2 13:38
764,垃圾,2018/12/30 22:28
794,这吧里为啥没什么人评论？难道没什么人买。,2018/12/30 14:28
558,买这个基金真是眼睛瞎了,2018/12/29 18:08
525,该基吧小跌小涨，大跌未必大涨，套你没理由。,2018/12/29 14:42
571,不死不活的逼样,2018/12/29 13:57
566,节后可能大跌，闪人了各位,2018/12/29 10:56
378,一泻千里，等着吧，阳痿的经理,2018/12/29 10:34
402,垃圾中的垃圾！,2018/12/29 10:25
561,经理们，又在捣什么鬼？,2018/12/28 21:08
480,有人骂，说明黑心经理赚钱了，没人骂的时候他们就恐慌,2018/12/28 14:57
324,垃圾,2018/12/28 13:35
524,怎么能垃圾到这种程度呢,2018/12/28 12:20
471,这就是个垃圾,2018/12/28 11:07
435,真怀疑新能源灌的都是水吧,2018/12/28 10:21
377,垃圾,2018/12/28 9:56
528,昨天买了一点，探水温,2018/12/28 9:36
488,仓位是不是跟小，,2018/12/28 7:33
745,免购置税延至2020年了,2018/12/27 20:17
1010,新能源汽车取消购置税了,2018/12/27 15:28
1135,新能源汽车有惊喜了啊,2018/12/27 15:21
1975,亏了10个点，想加仓平摊单价，但这二货两年了亏17点，,2018/12/27 14:14
476,硬气不起来啊。,2018/12/27 10:50
510,今日该不会是虎头蛇尾吧,2018/12/27 10:32
476,逐浪下跌，萎迷不振,2018/12/26 18:14
1719,牛啊，能一直跌不容易。,2018/12/26 17:39
1156,好像明年新能源车的补贴会减少……,2018/12/26 8:52
361,辣鸡基金走了,2018/12/25 21:41
5042,各位大神，现在是低吸的时候吗，，还是说再等等？？？,2018/12/25 13:18
701,谁买谁后悔,2018/12/25 10:15
701,会下折啊？,2018/12/22 14:49
609,谁买谁倒霉,2018/12/22 14:07
首页上一页490491492493494495496497498499500下一页尾页 共534页,,
1759,买了富国真是最大的失误，2万还剩7千，妈的,2018/12/21 21:26
1008,选了好多鸡，看着这个最好，就定了它，结果它是跌的最,2018/12/21 12:36
523,死去吧,2018/12/21 10:36
1388,这是指数基金，被动型的，骂经理毛用～,2018/12/20 21:05
534,经理耳鼻,2018/12/20 15:20
459,made经理,2018/12/20 15:20
695,辣鸡,2018/12/20 14:55
486,两个经理，你就不能调仓换股，扬眉吐气一回。,2018/12/20 14:42
497,这两个家伙怎么还不死       死了好换经理,2018/12/20 13:57
529,瘟神,2018/12/20 13:55
742,早走早脱身，否则越陷越深，我都陪了四千多了,2018/12/20 13:48
460,发现跟科技沾边的都喜欢绿,2018/12/20 13:44
3317,各位觉得明年前景如何？,2018/12/20 13:13
624,两位爷，长点心行不行？！,2018/12/20 13:09
416,垃圾,2018/12/20 13:01
550,舅服你。不争气的东西,2018/12/20 12:31
409,能买进吗？,2018/12/20 11:37
476,漂亮，继续跌，亏了十个点，也不差那么一个点,2018/12/20 10:59
397,辣鸡，垃圾，大家请快点跑不然就跑不了啦,2018/12/20 10:13
496,这是真正的垃圾鸡！,2018/12/19 22:20
632,这个基是真滴牛批，不论大盘如何跳，我自岿然不动跌,2018/12/19 14:46
642,要跌到什么时候？臭屁股！,2018/12/19 13:27
434,没有最低只有更低,2018/12/19 12:50
767,有本事今天在跌0.8我在进重仓这个蛋疼,2018/12/19 12:47
421,瞧你那逼样儿吧。咋不去死呢,2018/12/19 11:31
453,今天你还跌啊，新能源汽车这么火，你怎么这么差劲啊！,2018/12/19 10:37
1426,关于富国中证新能源汽车指数分级证券投资基金之富国新,2018/12/19 8:55
1541,关于富国中证新能源汽车指数分级证券投资基金定期份额,2018/12/19 7:41
431,辣鸡，继续跌啊，艹,2018/12/19 3:06
658,今天分红了。,2018/12/18 21:39
566,跌死去,2018/12/18 14:10
5056,想请教，这样的折算到底对持有人是有利还是有弊啊？,2018/12/18 13:26
683,还好意思跌,2018/12/18 13:23
608,分完红就杀了这只鸡,2018/12/18 9:01
4010,什么情况，为什么跌一点，钱不对等，有高手解答一下吗,2018/12/16 19:54
752,在最高点买入，亏了17个点了，哎，无力吐槽了。,2018/12/16 17:04
640,辣鸡，最高点买的。,2018/12/16 17:00
1454,这基分红怎么分呀？我今天咋就亏一千多呢。有高人指点,2018/12/15 23:09
1004,分个红还要等到19号才能买卖。俩2b又在想什么妖蛾子。,2018/12/15 19:38
776,一进来一直是跌多涨少，什么时候才回来，什么时候才能,2018/12/15 15:19
665,都0.85了还分啥红，两脓包可以QS了,2018/12/15 14:46
556,还能行不？还能涨不？,2018/12/15 11:13
571,跑的人太多，只好关起门来跌了！,2018/12/15 11:09
379,你怎么能这样跌,2018/12/15 10:38
368,所谓价值投资，mmp。,2018/12/15 10:15
874,我是股灾那年买的他，割了，这不一年了，回来看看，我,2018/12/14 17:18
816,这什么鸡能出来说明下吗？涨时候不涨跌时狂泻，该吃点,2018/12/14 11:01
1904,12月15日要定期拆分了,2018/12/13 23:34
616,尼玛，新能源，多好的前景，被整成这样，明天亏本杀,2018/12/13 21:27
1173,让一个鸡鸡经理管吧，责任能分清楚点，这一年让你二人,2018/12/13 14:19
738,选的什么鬼组合，经理患脑膜炎,2018/12/13 10:13
680,两二货,2018/12/12 15:04
807,鸡鸡个股涨的这好，为什么市值不涨，有猫咪吗？？？？,2018/12/12 10:59
3828,关于富国中证新能源汽车指数分级证券投资基金办理定期,2018/12/12 8:06
2375,关于富国中证新能源汽车指数分级证券投资基金办理定期,2018/12/12 8:06
764,管理基金的这两位高人如何在富国基金混下去的，给我们,2018/12/12 7:34
527,我自己做估计水平也和两个高才生基金经理差不多吧，运,2018/12/12 0:18
465,哎，一脑袋扎入此基坑，拔不出来了。,2018/12/12 0:14
479,跌的时候猛跌，涨起来才一点点，嘛的,2018/12/11 11:47
524,垃基，涨起来慢悠悠的，跌起来一泻千里,2018/12/8 14:53
592,今天是回光返照吧,2018/12/8 11:55
456,最最不要脸的一只,2018/12/8 10:14
617,我是九月二十一日买的这个基金一万元，怎么没有显示呢,2018/12/8 6:55
466,咋就变红了,2018/12/7 9:51
331,妈的，我一加仓就跌，一赎就涨，真是醉了,2018/12/7 9:49
421,这么吊？和估值一模一样,2018/12/6 21:21
329,真差劲，都赔了15个点，想走人了,2018/12/6 17:05
322,走吧，换个基金。,2018/12/6 16:46
453,你们还不走啊？还相信这鸡吗？三年来一直都亏，还好上,2018/12/6 14:50
451,跳水冠军,2018/12/6 13:51
558,这基，买2万块钱，已经亏了我1500块了，昨天已经转换,2018/12/6 12:06
392,基金经理太牛逼了，今天大涨0.2个百分点。比昨天有进,2018/12/6 10:43
484,今天在我的自选基金里面你又第一，不过是倒数第一，两,2018/12/6 10:26
569,亏百分之十多，辣鸡基金，不懂合理分配资产，一月份之,2018/12/6 7:27
418,xxxxxxxxxxxoxoxoxoxo,2018/12/5 21:34
470,2017.11.16我发帖：我投20万一年没挣一分钱。早卖早扭,2018/12/5 20:49
425,还得继续跌，看着吧！谁进来谁被坑,2018/12/5 17:33
659,神一样的基金经理，我服你。看看你操盘的水准，回家种,2018/12/5 15:04
473,搞机机呀，还能好好玩吗。瘟鸡一只,2018/12/5 14:31
706,今天买10万。,2018/12/5 14:17
首页上一页491492493494495496497498499500501下一页尾页 共534页,,
504,这是咋啦啊？绿油油的？,2018/12/5 14:01
390,赔大了！艹他个娘的,2018/12/5 13:35
483,赔了百分之20。打算跑了。继续留着的。祝你们幸福,2018/12/5 12:48
487,你该私去，你从来都是晦气。,2018/12/5 12:40
434,这只鸡一直装死中，涨的少跌的多,2018/12/5 11:10
438,完蛋，这鸡的经理真的是四亲吗,2018/12/5 11:07
453,一块买的，亏到9毛3卖的，现在还在下跌，当初是明智的,2018/12/5 10:35
325,买了一万亏了一千，惹不起了，快躲,2018/12/5 10:24
429,他妈的，这个基金我不买它就涨，一买它就跌，而且是飞,2018/12/5 10:09
307,只要有人骂你们俩，我就高兴。,2018/12/5 10:08
309,两SB经理,2018/12/5 9:54
331,都撤了吧，赶紧的！,2018/12/4 21:13
400,还有人玩？都割肉跑了,2018/12/4 20:54
323,此基金是我投资生涯中的一大污点,2018/12/4 16:45
391,垃圾中的垃圾,2018/12/4 15:00
224,经理滚犊子,2018/12/4 14:48
366,亏了2万多买你，什么新能源，诱饵而已，滚犊子吧！！,2018/12/4 11:33
244,这基就是一坨翔,2018/12/4 9:54
481,好了各位，升0.6，然后又跌2-3个点！这鸡的绝活拿手戏,2018/12/3 21:44
629,最好退了，钱买其他的还能补回点损失，如果指望这个1,2018/12/2 13:10
562,大盘小跌，你大跌，大盘大涨，你小涨，此基有毒,2018/12/2 9:24
363,赶紧出来，这类指数型太危险,2018/12/2 0:13
549,什么状况，，，5750份额，今天净值0.58，我的收益怎么,2018/12/1 20:56
344,提醒下，别买此鸡，买了后悔,2018/12/1 15:41
303,跌12个点了，JB东西,2018/12/1 10:28
264,目前亏了7%,2018/11/30 20:49
734,怎么办，也亏10几个点,2018/11/30 16:21
385,两万半个月亏两千经理去屎吧,2018/11/30 8:10
388,死基经理也不知道调仓，这样涨还不如跌得好，看得就想,2018/11/29 21:43
399,跳水冠军,2018/11/29 11:06
737,2800点时，基金净值在0.8左右晃。如今股灾过了两年，3,2018/11/29 10:57
367,这基金经理赌性十足,2018/11/28 21:43
476,你的能力超乎我想象，滚蛋,2018/11/28 21:30
448,明天跑一大堆，又是大跌,2018/11/28 17:28
274,涨2个点都难,2018/11/28 16:44
370,涨似乌龟，跌如瀑布。娘希匹的,2018/11/28 13:27
355,15年成立的到现在还是负的，你们还在这个行业里混个球,2018/11/28 10:53
418,拿出跌得勇气啊，要能跌能涨，不要坐王八,2018/11/28 10:15
3110,话说骂经理的都是没看过此基金的公告，或起码了解&quo,2018/11/27 22:54
770,这鸡我买过…划不来！垃圾经理！而且……阴割的招数很,2018/11/27 19:45
697,好几个跌停，股灾啊,2018/11/27 17:35
518,比股灾还严重,2018/11/27 17:34
335,什么情况！,2018/11/27 14:44
616,新能源？国家专搞这些坑股民的损招，一会电一会酒精的,2018/11/27 14:42
336,再一次股灾！,2018/11/27 14:40
353,继续装死,2018/11/27 14:37
429,SM,2018/11/27 14:15
253,烂基，不天天跌会死啊，总是大幅度跌跌跌跌跌跌,2018/11/27 14:15
424,这周大盘動蕩不稳，不知时否应该入手,2018/11/27 13:34
298,还好上周5⃣清了…从买入共亏11个点……这基没选对…,2018/11/27 13:18
259,cnm两个月赔两千,2018/11/27 12:03
341,终于全清了……,2018/11/25 19:47
873,购此基20万两年零19天，我沒挣一分钱，！早卖早扭亏！,2018/11/25 13:37
3420,希望是触底了，进入上升通道。加油！,2018/11/24 20:43
577,你进垃圾场吧！,2018/11/24 20:19
642,这2个垃圾经理还没有换啊？哈哈哈，那就一直垃圾下去,2018/11/24 14:50
368,垃圾中的战斗机,2018/11/24 11:59
683,"申购是当天申购,次日成交吗?",2018/11/24 8:42
353,减仓，减仓，这基太烂。,2018/11/24 1:25
1753,买两三个月，已经亏了10个点,2018/11/23 20:53
409,建个底仓留个印,2018/11/23 15:43
705,已转换到160137.此鸡明年才会有行情。,2018/11/23 15:07
382,股灾,2018/11/23 15:00
467,成功买到了最高点，你大爷,2018/11/23 14:04
414,经理选的什么鬼组合，每天跌跌不休,2018/11/23 10:19
470,这个鸡就是昙花一现，吸引来人后，降到你吐血，慎重投,2018/11/23 10:11
519,拖拉机,2018/11/22 16:41
4190,持有一个多月了，这个基确实有问题，回本就撤，新能源,2018/11/22 12:01
362,这鸡是否跌懵了，都不知道还有上坡一说。,2018/11/22 10:28
2135,重仓都涨停了，才那一丁点，看下富安达新兴四个多点，,2018/11/21 20:59
307,谁买谁倒霉,2018/11/21 20:50
517,没买的新人，奉劝别买此基，简直就是个坑。,2018/11/21 17:44
310,富国新能源和煤炭一样的涨跌,2018/11/21 10:59
272,这操作水平危险啊,2018/11/21 10:43
310,昨天刚转过来 今天居然跌了,2018/11/21 10:33
275,今天又有好戏看了，不知道经理会不会被骂死。,2018/11/21 10:30
840,从1.008买入到现在亏了12个点，晕灬讨厌,2018/11/21 10:28
358,又tm偷吃,2018/11/20 21:31
394,今天杀入,2018/11/20 21:00
1315,哥站在山顶往下瞧，不胜寒啊,2018/11/20 20:58
首页上一页492493494495496497498499500501502下一页尾页 共534页,,
348,看见还在骂基金基金经理，我松了口气。。。,2018/11/20 20:56
409,今天持股涨这么多，最后才这么点，虽然新能源的可以买,2018/11/20 20:40
1044,可以加仓了。,2018/11/20 19:55
291,趁着回点血赶紧跑,2018/11/20 15:51
384,是我看错啦吗？有一个停牌,2018/11/20 15:08
326,此鸡不对劲，怎么可能涨那么点,2018/11/20 15:01
255,明天啥情况，拭目以待,2018/11/20 14:56
1393,垃圾谁买谁倒霉,2018/11/20 14:42
340,麻痹，是不是换仓了？,2018/11/20 14:16
263,这个基金太烂了！,2018/11/20 14:11
370,基金经理去吃shi吧，大盘涨那么多，你才给这一点？闭,2018/11/20 13:51
562,此基是我投基史上的一块污点！,2018/11/20 11:26
569,有鬼。。。全红，还是负的,2018/11/20 11:13
331,我算了一下，按现在的涨势，怎么会只有0.76,2018/11/20 11:13
290,卖了一部分就涨起来了。。。,2018/11/20 11:12
244,我他妈的刚卖了,2018/11/20 10:59
266,说真的，今天没有两个点，我只能继续认怂,2018/11/20 10:57
1467,这个基不靠谱，经常看着持仓股涨得还行，估值就低得不,2018/11/20 10:18
278,这基什么玩意，重仓股涨了还在跌？,2018/11/20 9:53
651,跌的习以为常了！哪天能解套？,2018/11/18 16:56
462,两个月了，妈的还亏损8%,2018/11/17 21:33
358,两位老板你这也跌得太有底气了！不得不佩服二位的能力,2018/11/17 19:53
239,牛圣贤,2018/11/17 18:43
282,蓝瘦香姑,2018/11/17 17:49
1528,这基金我倒是没买，可我买了新能源车……,2018/11/17 17:25
324,千万别买了，赔干了,2018/11/17 15:33
302,跌的很稳,2018/11/17 15:18
344,这个走势特别稳,2018/11/17 15:06
301,厉害了,2018/11/17 15:04
275,看清了吧！这就是资本主义血淋淋的现实体现。,2018/11/17 14:58
254,走了，实在是受不了这个烂,2018/11/17 14:39
358,这基金也太损了吧，成立几年了，居然还是负收益！,2018/11/17 14:33
288,前天狠心卖掉你，看来很明智,2018/11/17 14:20
525,走了，换基,2018/11/17 14:02
276,天天跌 垃圾啊,2018/11/17 14:00
308,跑路了。。还没走的朋友们。祝你们好运。。空了回来看,2018/11/17 13:13
795,是真的生气_,2018/11/17 13:07
457,全红你他妈还跌？换股又错位了不是？晕基？猪脑,2018/11/17 12:22
269,这个鸡经理是低能儿，专挑垃圾股，不亏才怪。,2018/11/17 10:47
352,看这个基的走势，这是要变金拱门啊,2018/11/17 9:51
468,新能源只是概念，转化成利润还早着呢,2018/11/17 4:49
16369,期待新能源王者归来{转发}给大家说个令人振奋的消息，,2018/11/17 0:07
548,还好果断割肉转到保险一天就赚回来了，进来看看惨不忍,2018/11/16 22:56
559,拿手里目前亏了5个点左右，反正不急用钱，继续持有等,2018/11/16 22:51
8588,己转换到161033,2018/11/16 22:08
258,今天转换了兴全家的了，永远不碰这家鸡。,2018/11/16 22:00
1135,今天可以加仓了，各位自己决定，仅作建议。,2018/11/16 21:20
697,富国的基金不能买，谁买坑谁,2018/11/16 19:51
304,天天都是跌幅前几名。。脑子呢。还加仓。你怕是真的拖,2018/11/16 19:40
215,两只傻狗，此鸡迟早被你坑完,2018/11/16 17:03
4899,掐指一算，明天双锂、钴大涨，此鸡大涨！哈哈…,2018/11/16 17:02
383,垃圾，两吃，只会偷,2018/11/16 16:47
454,两只老鼠垃圾，只会偷吃,2018/11/16 16:46
321,呵呵，是要骗我们加仓吗？莫套路我们。再降10个点再加,2018/11/16 16:43
335,富国，中邮，这俩垃圾公司单位基金千万不要碰。特别垃,2018/11/16 15:15
1286,不怪基金，都是这国家弄的,2018/11/16 15:01
254,"两位基经理能给自己""涨""点脸吗？能不能不要",2018/11/16 14:59
270,局面有些尴尬,2018/11/16 14:29
297,买这只鸡很长时间了，我都不知道什么是涨了！劝大家远,2018/11/16 14:01
409,2800点时跌破到0.8。如今两三年了到3400点，净值0.9。,2018/11/16 13:45
240,你们是猪,2018/11/16 13:42
268,你妹的,2018/11/16 13:31
246,我是来你们骂经理的,2018/11/16 13:30
1824,新政策害四人,2018/11/16 13:20
1248,亏了十几个点，赔了几万了，欲哭无泪了！[哭][傲] 基,2018/11/16 12:39
283,我从0.945就撤了，亏了700,2018/11/16 11:24
317,中国经济就靠那瓶酒了，转到白酒吧，稳挣了,2018/11/16 11:05
257,这俩驴顶的就不是个东西,2018/11/16 10:53
539,王八蛋的，新能源一年涨这多你也不涨，跌的时候比谁推,2018/11/16 10:37
894,今天可以进不,2018/11/16 9:59
284,两年负30多也是没准了,2018/11/16 9:57
277,趁涨撤吧……不会再有好结果……,2018/11/16 9:53
245,趁涨就撤吧……不会有好结果……,2018/11/16 9:51
340,跌多涨少，也是醉了，一直等回本，越等越套牢,2018/11/15 23:59
298,你们是怎么样实施看跌涨幅的？,2018/11/15 22:02
586,今天加仓了，博明天反弹。,2018/11/15 21:12
262,涨的不明显  跌的受不了。,2018/11/15 21:02
360,果断切割，走人,2018/11/15 20:59
355,送大家俩字，淡定,2018/11/15 20:52
237,后悔啊,2018/11/15 20:48
首页上一页493494495496497498499500501502503下一页尾页 共534页,,
265,政策一出，私到一片,2018/11/15 20:48
205,垃圾啊,2018/11/15 20:48
305,明天肯定跌,2018/11/15 20:47
516,国家新政策一出，亏四了,2018/11/15 20:47
304,冲向三个月底线，应该反弹了吧,2018/11/15 20:39
321,亏了800跑了,2018/11/15 19:53
358,卖了以后此货涨了3天，今天一看又跌如此之多，它是我,2018/11/15 19:42
320,13号还差4个点才能回本，没走，今天更亏得多，何年何,2018/11/15 19:03
183,还好早跑了,2018/11/15 18:26
354,你吃基民的利润，你良心何在，黑心啊？,2018/11/15 16:56
197,稳,2018/11/15 16:55
442,跌得最多，快不行啦，崩盘吧，有几个像这个基，太辜负,2018/11/15 16:46
287,哈哈，十月中跑路的，天天看这个基，一直在绿，不知道,2018/11/15 15:28
449,今天的暴跌，要多少天能涨回来？,2018/11/15 15:09
322,还是买港股好。,2018/11/15 14:53
400,从买上到现在居然亏了8个点……经理是不是脑抽疯抽傻,2018/11/15 14:47
456,全卖了，亏了3千，这两白痴搞了那么多垃圾股，别人不,2018/11/15 14:44
675,"我靠,虽然咱8号清仓比13号是早了几天,看着今天的点数,",2018/11/15 14:34
456,今天入一些底仓。,2018/11/15 14:34
256,还好昨天全撤了,2018/11/15 14:09
395,亏大发了 0.9630买的,2018/11/15 14:04
339,这基持仓股数，几十个，不亏就怪罗！,2018/11/15 13:47
304,昨天进，今大跌，要命啊!,2018/11/15 13:42
291,还没回本，这回亏大了,2018/11/15 13:36
269,经理脑抽疯犯了…………,2018/11/15 13:31
286,两天亏了我2千，不玩了，认输，怪谁呢，买的时候没看,2018/11/15 13:09
201,鸡经理这次赚大了！年底3倍加薪金。,2018/11/15 12:58
186,我前几天跑了,2018/11/15 12:56
232,打着新能源汽车的牌子，其实是垃圾！,2018/11/15 12:51
138,股灾来了！！！⋯⋯,2018/11/15 12:36
182,11月16日国际宽宏日，基经理是不是在考验基民们的脾气,2018/11/15 12:20
370,天呐，十大重仓股居然没有一个红的,2018/11/15 12:17
293,看着真心疼,2018/11/15 11:53
151,想哭,2018/11/15 11:50
677,行业、主题基金风险就是打，建议买宽基策略指数基金,2018/11/15 11:43
159,还好前天跑了,2018/11/15 11:33
253,可以抄底了吗,2018/11/15 11:30
205,这基厉害了，这是要把一年的收益都亏掉了！,2018/11/15 11:30
176,涨起来没这么利索，跌起来毫不客气，这两二百五,2018/11/15 11:15
251,基金买到现在我一直在赔钱，可悲啊，看起来我不 适合,2018/11/15 10:54
173,赔惨了,2018/11/15 10:27
222,今天怎么跌这么多,2018/11/15 10:24
343,人不要脸，天下无敌，服气了。,2018/11/15 10:22
285,只希望今天不要跌那么多,2018/11/15 10:15
224,血亏10个点，溜了,2018/11/15 10:10
278,上来就跌2个点大爷的,2018/11/15 10:08
1155,2天就把6天涨得跌没了，新能源不行了吗？最近跌得多涨,2018/11/15 9:51
571,看来今天又是死多活少了！,2018/11/15 9:47
200,飞流直下三千尺,2018/11/15 9:40
246,真的好垃圾,2018/11/14 21:34
531,你该死去，跌的真痛快，不带一点客气，把几天涨得又吃,2018/11/14 21:31
262,这个基金经理真的厉害，偷了钱赶客，绝！,2018/11/14 21:26
234,你们俩鬼真是个猪,2018/11/14 20:03
256,一朝回到解放前，无语了，太狠了，这经理是个二百五吧,2018/11/14 16:13
270,整天的新能源、锂电怎么就带不动,2018/11/14 15:17
262,死蛇烂鳝！,2018/11/14 14:59
236,吃泻药了,2018/11/14 14:54
269,泄了吧？新能源短期内不会涨,2018/11/14 14:48
203,涨四天的，你一撸到底,2018/11/14 14:39
283,真正的驴顶的。,2018/11/14 14:10
312,涨4.5天，都不够一天跌完！,2018/11/14 14:06
252,跌起来真 狠 ，3天涨不够一天跌的,2018/11/14 13:48
274,垃圾，还跌四个点，昨天下车了,2018/11/14 13:38
309,还亏三个点，忍痛转了,2018/11/14 13:09
264,涨么一点点，跌起来倒不含糊,2018/11/14 11:39
201,锂业真丢人,2018/11/14 11:38
179,还亏4个点！,2018/11/14 10:41
171,还亏三个点,2018/11/14 9:58
418,我想转换161033，怎么转入基金中没有161033，你们是怎,2018/11/14 7:26
160,跌起来真猛,2018/11/14 9:51
12345,我还在呢！悲催的还有吗？,2018/11/14 0:22
324,唉，半死不活，还亏一个点，什么时候回本呀,2018/11/13 15:04
292,这经理管这么多基金，难怪成绩这么差,2018/11/13 14:18
224,这基不死不活的,2018/11/13 13:58
460,垃鸡，10月份亏3个点果断割鸡，然后买的易方达消费，,2018/11/13 13:42
217,今天有希望了,2018/11/13 13:31
404,锂电池到底行不行，经理管管这只鸡呗,2018/11/13 13:22
280,快回本了……,2018/11/13 13:20
230,为什么总在地平线下排回,2018/11/13 11:31
1976,消息面[加油] 1、风渐起 三路径布局新能源汽车 当前，,2018/11/13 11:30
首页上一页494495496497498499500501502503504下一页尾页 共534页,,
