﻿字段1,字段2_文本,时间
5659,要到1.22才能回本，还能回得了吗？,11-05 09:41
6796,你们看看这两基金经理的业绩，也知道，回本无望了，等,11-04 21:54
13124,回光返照！,11-03 11:19
6654,我在2018-11-02日14:47:47卖出了富国中证新能源汽车指,11-03 02:01
5940,这几天，天天是冲高回落。,11-02 10:11
5988,我在2018-11-01日21:17:51卖出了富国中证新能源汽车指,11-01 21:19
6212,我在2018-10-31日14:12:31买入了富国中证新能源汽车指,10-31 14:37
6135,我在2018-10-31日14:26:20将富国中证工业4.0指数分级,10-31 14:28
18880,回本再加仓，不回本不加仓！,10-31 12:46
18826,张志东，牛圣贤你俩货干嘛呢？,10-31 10:30
14170,要求更换这俩人,10-31 01:27
6007,骗子公司,10-30 22:35
6110,基金经理该换了，跌成这样出来骗人买,10-30 22:35
7007,会破产吗？,10-29 21:26
6477,在下折就没有了,10-26 18:28
11239,到底什么时候才能涨回本呀。只要一回本马上卖掉。从此,10-26 14:17
6591,有本事你跌，跌就买,10-25 15:06
4627,这两个基金经理就是坑人的经理，业绩太差了[不赞][不,10-24 23:18
20830,别装了 两位孤儿,10-24 19:36
15027,66666,10-23 15:37
18732,今天把昨天涨的跌完,10-23 14:21
7379,昨天走了，便宜点再来,10-23 11:15
7923,今天什么情况？,10-23 10:27
6882,最高峰净资产有70亿，硬被这几个啥比玩样儿整成27亿，,10-22 18:54
6584,还缺20个点，何时是个头啊！,10-22 12:31
22235,今天打了鸡血了,10-22 11:24
22314,目前还可,10-22 10:55
3284,不知道减仓加仓吗,10-22 08:40
17268,加十万,10-20 22:50
13199,每天来问候下两个啥比,10-19 21:05
1330,《这才是佛系投资》,10-19 15:39
7013,又十全十美了,10-19 12:06
1561,两SB经理，天天吃巴豆。,10-19 11:25
8920,十连跌，服了,10-19 11:18
18406,新能源就像一个守了18年贞操的处女，破红就在今天。,10-19 11:13
22717,人家都涨就你降，真服了,10-19 10:47
18539,是不是打算一年折算两次，让我们的血汗钱彻底亏空？,10-18 22:18
7053,妈蛋，亏了一半了，死鸡,10-18 18:51
9886,这鸡明天再跌就应该进场了吧，今年的净值都差不多腰斩,10-18 18:49
8304,好，明天继续暴跌，大盘跌到2450我就建仓,10-18 14:55
14524,这鸡今天又练成了一次九阴真经,10-18 14:08
12551,跌的真牛逼,10-18 11:37
10807,就没见他红过，天天绿帽戴,10-18 11:10
22705,大盘涨了你也是跌，大盘小跌你大跌，你到底想怎么弄啊,10-18 11:07
7470,亏啦百分之四十五！再这样下去内裤都亏没了。,10-18 10:28
7375,青铜时代，关注新能源车局部机会,10-17 18:01
7878,亏了百分之三十了,10-17 17:26
8784,我在2018-10-17日14:39:58买入了富国中证新能源汽车指,10-17 16:50
10559,日常问候两位孤儿,10-17 15:18
11625,每天轮到次鸡涨了,10-17 14:57
19239,毫无底线～8连跌,10-17 13:44
9357,被这傻币坑死了,10-17 13:31
6231,牛逼,10-17 13:26
5843,再下去又要下折了，赶紧转去别的鸡,10-17 13:24
12177,我在2018-10-17日12:46:17买入了富国中证新能源汽车指,10-17 12:48
11296,迭到0.60又拆升质回1元？,10-17 12:39
12749,麻的，这鸡真的没底线啊,10-17 11:48
11931,钻业到底怎么了？跌的没边了，基金经理不知道调仓换股,10-17 10:18
14944,装死不，经理,10-17 08:07
6263,装死不,10-17 08:07
14525,看着这资产减的太严重，不会熄火吧富国新能源,10-16 22:13
13229,7W亏了4W,10-16 14:46
11576,这一波，不吃十五个点我是不会走的,10-16 14:43
4887,真想骂人了，赔了50%,10-16 14:36
3126,这么跌法没活路了,10-16 14:29
7557,狂泻千里，奶奶的!两sb,10-16 13:51
10603,一年亏了百分之四十五牛掰，我改庆幸亏不幸中的万幸了,10-16 13:49
8277,[心碎],10-16 13:23
10736,自已操做股票也不会亏这么多，垃圾经理,10-16 12:22
5067,死鸡你好醒醒了！,10-16 12:12
4831,两位神童要控制好风险！,10-16 11:41
10400,大盘跌的时候咱们在跌，大盘涨的时候咱们也在跌，为什,10-16 11:28
3889,今天涨的真厉害，0.01个百分点！,10-16 10:06
5481,跌倒0.6？哈哈,10-16 10:00
1046,[基金行情走势图],10-16 07:05
11999,我在2018-10-09日14:58:00买入了富国中证新能源汽车指,10-15 21:35
4718,又快拆分了？,10-15 17:42
9004,假如此鸡明天再跌可以买了吗？,10-15 17:33
8527,上星期五买的，以为是低点了，事实证明是无底洞,10-15 14:07
8136,离折算还差2毛6，两位大神继续努力！,10-15 13:53
首页上一页464465466467468469470471472473474下一页尾页 共534页,,
,,
7516,要求换基金经理、脑子比还笨,10-15 12:52
6124,这个基金经理是猪脑子吗？,10-15 12:52
7501,买这个基金，赔了一半。呵呵了。,10-15 10:17
5416,要清盘的节奏[哭],10-13 17:04
7803,别的基跌你跟着跌，别的基在涨你还跌。彻底失望了！！,10-13 17:02
7566,这只鸡经理你吃饱了没有啊？,10-13 14:10
7499,23:10都没出净值啊？,10-12 23:11
6141,死基经,10-12 22:38
4267,辣鸡中的战斗机,10-12 21:32
5180,对两位经理绝望！！！,10-12 20:16
5183,尼玛这是又准备拆分么？,10-12 17:32
5074,除了这个在亏钱，其余都翻红了[好困惑],10-12 17:29
4803,我都亏了60%了，经理还不滚蛋,10-12 16:27
4585,要求撤换经理,10-12 16:22
4792,今天股票都在涨，你还跌。,10-12 16:21
4321,白酒今天涨三个多点，就你在跌。,10-12 16:14
5033,涨停的时候也没见它涨停,10-12 15:14
4439,我在2018-10-12日14:59:18买入了富国中证新能源汽车指,10-12 15:01
4394,加一千,10-12 15:00
4315,这基金直接成死鸡了,10-12 14:46
2528,万红丛中一点绿，你牛,10-12 14:34
4243,八只基金就这只是绿的，今天都涨了就他不涨！！[哭][,10-12 13:42
4811,这个和国泰新能源LOF基金哪个好点？,10-12 11:57
3508,这个基太垃圾，老子在它上面已亏2万毛爷爷，真心想哭,10-12 11:56
3569,马上净值又要调整到一元！,10-12 11:54
3386,厉害了！看看这几天跌了多少点？得什么时候才能涨回来,10-12 11:19
1960,过几个月又可以下折了，真棒的两头朱！！！,10-12 11:09
3241,我擦，这周要干掉多少个点?,10-12 11:06
3352,万紫千红一片绿[心碎][心碎][心碎][心碎],10-12 11:06
3171,和汇添富一样辣鸡，创业板破1200是你们的功劳,10-12 11:02
2975,这个可以下市了,10-12 10:59
3109,这个基一年下来负50个点，厉害哈！,10-12 10:50
3033,无底洞啊,10-12 10:43
3106,我在2018-10-12日10:06:02买入了富国中证新能源汽车指,10-12 10:11
3016,跌吧。牛逼的两人渣。,10-12 10:05
3034,经理拉稀，越泻越厉害，伤不起呀！,10-12 09:52
2393,有加仓的吗？我的难兄难弟们！,10-11 23:53
3107,刚折没几个月，又准备再折一次了吗？铁了心是不让我回,10-11 22:07
3029,是不是傻了  有跌成这样的  还好早跑了  都跌成狗了,10-11 21:41
3104,是不是又要下折了,10-11 19:59
1943,看来行业指数风险还是太大了，基友们还是买大盘宽基指,10-11 17:36
3413,我没见过跌的这么多的基。。。,10-11 15:38
3013,大神会耍这垃圾吗,10-11 15:33
3086,基内24股跌停,10-11 14:37
4472,赔了31.39%，兄弟们认为还能抢救下么？我怕越套越厉害,10-11 14:32
3575,我在2018-10-10日15:00:16买入了富国中证新能源汽车指,10-11 14:20
3068,基金套路深，我要惠农村。,10-11 12:58
2894,。,10-11 12:57
2923,要崩盘了吗？？？,10-11 12:49
2922,又回到解放前。,10-11 12:49
2807,两位大神加油啊，离0.6不远了，也就是说离回归到1不远,10-11 12:36
2873,擦！亏无言了。五万没了。,10-11 11:47
2865,好惨烈,10-11 11:14
3757,抓紧时间跌，跌到6毛了，两位基金神童又可以折算啦！,10-10 21:38
3243,目测两位神童再跌倒6毛，然后再拆，一波神操作，把大,10-10 16:53
2990,跌说明不稳定，只有涨说明企业运转正常。,10-10 15:50
3017,早就知道你会跌所以没加仓，涨到一块再加仓。,10-10 15:45
3100,二位神童适可而止吧,10-10 14:44
3054,两个,10-10 13:55
3460,我就想知道此基还有救么？,10-09 15:52
3607,两位神童，神操作,10-09 11:16
3569,怎么办罗,10-09 11:10
1076,富国中证新能源车9月月报,10-08 16:38
3915,太不稳定了，加油涨起来。,10-08 13:19
7845,每次看到這支基金估值和最後價格，都不理解，不明白為,10-03 07:22
7495,我想静静，这两SB是不是又要跌到6，在回折一次。伤心,10-03 07:10
9916,基民一起来告这叼毛公司,09-30 15:18
8028,8月6日下折后的份额是怎么换算的？不对啊，差了好多钱,09-30 13:54
8104,s去年九月份开始买，他跌36%，我亏6%，加油继续！,09-29 18:16
8428,还不出？？,09-28 22:48
8660,富国基金天天最晚出净值。,09-28 22:46
8074,准备放个几年,09-27 19:34
6778,牛张二位经理，你们怎么能做到和其他同行差这么多? 我,09-27 08:19
1285,《定投计划原来长这个样子……》,09-26 14:33
8917,到目前为止还亏33%，两位神童再接再厉把下折钱赚回来,09-25 11:24
15773,0.96跑了8层仓位，虽看好，但要找好下个进场的时机，,09-24 10:06
10587,从月线级别看各指数，三大指数现在都还没有跌到位。有,09-23 06:44
10263,重回1时代，还差百分之16回本，加油吧两神童,09-21 21:52
10201,中午给力一次了,09-21 16:14
7258,新能车飙了，可惜我最近减仓了。。哈哈。,09-21 14:01
首页上一页465466467468469470471472473474475下一页尾页 共534页,,
2331,高铁鸡选哪个？,09-20 12:36
9221,两位神童啥时候把下折的钱赚回来！！,09-18 13:49
11722,跌的好跌的好！,09-17 14:13
11878,往死里跌,09-17 11:09
9442,不对啊，今天怎么没人评论骂那俩2傻了？都跌成这样大,09-17 10:59
8231,牛逼了今天,09-15 08:23
17973,不要走开，熊市的两座“大山”正在移除,09-14 21:22
8067,今天减仓了，把9.10 补的全出了，挣了点小钱，够周末,09-14 19:17
8110,必须点赞,09-14 16:15
12461,跌了33.7了有超过的么,09-14 15:17
13204,完犊子了感觉。。。。。,09-14 14:18
13774,新能车终于崛起了，加油干。 哈哈。,09-14 13:12
2877,我是18年3月份入的新能源这个大坑，当时好像是八毛多,09-14 12:29
10584,都亏了百分之四十了,09-14 12:21
13273,应该是收到蔚来汽车在美国大涨的消息影响，还是外来的,09-14 10:39
10569,大涨暴涨十天才能回本[牛],09-14 09:51
14684,两位神童能否把下折的钱赚回来。,09-13 15:32
8140,这只基金持有从成立到现在，一直定投，一直是亏的。想,09-13 11:49
13736,这只死鸡就是个坑今天清了它！,09-13 10:05
15254,9.10加仓，连涨两天了，还有人说是拖吗？还有人说地主,09-12 22:19
392,目前4层仓位，必定有肉吃，,09-12 20:51
11307,今天肯定大口偷吃,09-12 19:47
12422,今天走了,09-12 19:27
18014,今天加仓此鸡，亏的不算多，应该有翻本赚钱的机会。不,09-12 16:05
18057,车上的兄弟不容易，深表同情，顺便问候两只猪,09-12 16:01
13750,是不是绝望的一天？？,09-12 11:10
14311,新能源你这样做生意大家怎么能跟你合作心寒啊！,09-12 06:35
1034,一共三万，亏了我一万，你妈的，我们的钱，不是血汗钱,09-12 05:32
12861,我的评论咋删了，又啥见不得人的,09-12 05:26
14376,亏了26%,09-11 19:55
13579,亏损26%，撤了，肯定还会跌的,09-11 19:55
15575,不废话，就是加仓干。 哈哈。,09-11 13:03
14453,尼玛的傻儿子，持仓一年，亏损46.5%，继续持仓不是想,09-11 11:37
11618,套死了，垃基,09-11 11:13
13084,两位神童，神操作,09-10 20:05
356,两位 啥 13,09-10 18:06
11947,吃人不吐骨头的基金,09-10 15:23
11705,没有一天涨超过2个点，动不动就连跌5个点，做T都做不,09-10 14:42
14536,这两个基金经理到底是什么东西，自从买了之后就一直跌,09-10 14:36
11920,为了看起来不那么难看从0.6及强行调整到1.0   就现在,09-10 14:32
8550,这两个基金经理到底是什么东西，买了之后就一直下跌，,09-10 14:31
14383,这基亏了N多，咋对媳妇儿交待？求助。。,09-10 14:08
12292,[加油]太他么的能跌了,09-10 11:13
15657,不会又要到6毛吧？,09-08 16:55
15659,经理加油，争取在半年的时间内再次跌入到六毛，相信你,09-07 15:49
15491,两位经理，前段时间持有绿色动力，怎么这几天没了，绿,09-07 15:30
13032,跌的吐血，不会到最后腰斩吧,09-07 07:44
13509,帖子都被删了吗？,09-06 17:43
15881,垃圾，象你妈,09-06 15:05
15790,垃圾,09-06 13:34
15848,[大笑],09-06 13:10
1895,富国中证新能源汽车8月月报,09-06 10:50
15381,要求公司换掉傻子经理,09-06 09:13
898,基金PK大赛，你更看好谁？,09-05 21:19
15907,以后不关注新能源了，都牛不起来太失望了。,09-05 19:19
16603,说下折没影响的拖们呢？哈哈,09-05 15:46
15238,油价涨了，新能源也该涨涨了吧!,09-05 15:10
11841,涨的多给那么少都不够塞牙缝,09-04 15:53
11236,给的太少了,09-04 15:52
11120,涨的多给的少，经理偷吃了！,09-04 15:52
11421,我在2018-09-04日14:32:18买入了富国中证新能源汽车指,09-04 14:32
10922,偷吃这么厉害,09-03 22:25
6629,新能源汽车行业的展望,09-01 14:15
181,这两个基金经理的历史业绩真亮啊！,09-01 08:15
9979,太不要脸了。下折后准备再一轮下折吗,08-31 18:22
4378,真是个无底洞，一马当先的跌。,08-31 14:08
9538,下月新能源大涨！,08-31 12:47
7800,还记否？“熔断”之后买过的新能源车,08-31 10:55
8966,大神们，今天什么情况?,08-31 09:54
4667,各位基友，你们算没算此基金下这前后的价值？真的差好,08-30 21:55
8529,我在2018-08-30日11:28:48买入了富国中证新能源汽车指,08-30 11:28
7891,月底大部分会跌！,08-30 10:17
7306,该鸡8月6日，单位净值一下子提升许多，是怎么回事？有,08-29 22:31
7237,妈的2000块盛1200了，幸好只是试探一下,08-29 19:20
6487,把昨天的跌完了！新能源跟不上时代了。,08-29 15:58
6587,这才是真正的牛鸡,08-29 15:48
10008,二万，已经亏六千，怎么办，要不要撤，之前其他的全亏,08-29 11:33
6696,给个手续费就走,08-29 11:32
6483,昨天微涨今天掉这么多，有什么用！,08-29 10:27
7070,私自，把价抬高，把份额减少，抢钱呀,08-29 09:38
首页上一页466467468469470471472473474475476下一页尾页 共534页,,
6003,成本价1.8827！！！谁比我牛！！！！,08-29 06:33
6998,一个月没来看，怎么份额变少了，这基金真垃圾,08-28 21:48
1779,富国中证新能源汽车指数分级证券投资基金二0一八年半,08-28 19:31
6556,加油啊,08-28 15:26
682,《定投500，你还在考虑什么？》,08-28 14:55
6591,今天怎么雄起来了,08-28 14:08
6203,必须点赞，抄底抄对了,08-28 13:52
7944,就没有雄起一盘，你两是不是把屎吃了,08-27 23:03
6989,垃圾天天偷吃,08-27 22:24
1486,赶紧起来，我要吃肉,08-27 22:16
5648,国家都富起来了，唯有富国基金没富起来。,08-27 22:12
6690,所有的基金都出净值了。唯有富国基金难产。,08-27 21:42
6627,这鸡真垃圾,08-27 20:39
6126,亏30个点，经理，还要好好耍不,08-27 18:41
6229,经理，亏30个点了，你到底在耍啥，小心火烛！,08-27 18:40
5870,已经远离这鸡了，丝毫看不到起势的希望,08-27 14:34
6552,幸亏走了，这两只那啥,08-27 12:01
6481,真TM呕心，涨不过大盘，跌的时候往死里跌,08-27 11:29
6318,涨跌幅跟持仓不联系，跌起来使劲，涨起来拉稀。很明显,08-27 11:20
6258,垃圾经理，垃圾鸡,08-27 11:19
4075,垃圾中的垃圾,08-27 11:07
6024,越来约感觉我们被耍的团团转,08-26 06:49
6407,等着清盘吧，垃圾基金,08-25 20:52
6777,这辣鸡我准备放五年呀，就不相信他不涨,08-25 17:22
4802,不忘初心，方得始终！,08-24 21:20
4873,不忘初心，方的始终！,08-24 21:20
5165,两位神童神操作,08-24 14:28
5011,就是个坑，别人涨它小涨，每次都是领跌，从来没有领涨,08-24 12:20
4854,美国已经对价值340亿美元的中国商品加征关税，还计划,08-24 11:36
4572,今天起不来下周一还要跌！！,08-24 11:22
1878,以为这基金绝地反击了，没想到刚要飞翅膀断了。,08-24 11:15
4450,昨日上涨1.23%但是最终结算按1.2%结算，0.03%被吃了吗,08-24 11:12
5117,给基金经理点赞，辛苦了，基金起飞了,08-24 10:53
2476,黑五到来，又开始放水呢。,08-24 10:37
1368,试试水深不深,08-24 09:23
4739,曹,08-23 14:56
4920,我只是来提个建议，两年陪两万，不信你们就买，因为跌,08-23 14:56
4673,我八月初就抛了，怎么现在快半个月了，还没有到帐啊,08-23 14:41
2736,这两头猪害我亏了15%，这基金公司也不知道换人，从成,08-23 14:03
4753,我在2018-08-23日13:48:13将富国中证新能源汽车指数分,08-23 13:47
1740,基金下折前后价值不一样，求基金公司给说法！,08-23 13:31
4344,基金经理评价里面，本鸡其中一个基金经理张圣贤自从业,08-23 12:50
4241,高开低走，这鸡永远抬不起头。,08-23 09:49
4475,半夜把你清仓，本来市场资金少，别人都买好的去了，你,08-23 00:53
4380,二万，已经亏了六千多了,08-22 15:54
4530,亏了快4000块了，看着这个鸡感觉好恶心。,08-22 15:10
4432,这个鸡还有得跌，莫急着操底。,08-22 15:04
4423,无止境的跌,08-22 14:55
3992,两只牲畜拿我们的钱给垃圾股接盘，以后自己买股票都不,08-22 14:32
1154,这两头猪要奔0.6去了，过不了多久又TMD要折算。,08-22 13:51
1315,跌的比样,08-22 13:17
2996,涨一点跌几个点有意思么？玩的啥游戏呢？,08-22 13:15
2795,太不稳定，又开始走下坡路了。,08-22 12:41
2966,没的救了,08-22 10:25
2827,你俩TM的就不能大涨一天，让爷爷奶奶们不骂你俩？,08-22 09:48
2920,这鸡唯一的恶心的地方，就是份额折算，这是最恶心的,08-21 23:40
3079,畜牲,08-21 20:05
3024,这俩个逼，涨的手续费都不够，垃圾,08-21 17:36
2832,心疼车上的，我已转卖到白酒鸡，今天大涨3个点,08-21 16:03
2869,难道还要走下坡路。,08-21 15:13
2756,小起大落，何时回本,08-21 14:55
2640,垃圾比,08-21 14:37
2712,这两逼货，涨的手续费都不够。,08-21 14:31
2622,厉害( •_•)跌的牛掰，涨的墨迹,08-21 14:03
2935,回本是回不了了，割肉又舍不得，唉,08-21 14:03
2678,经理是猪吗，选的什么股，涨就涨一点，跌是一点不含糊,08-21 14:00
2626,这个持仓，不应该这个估值，偷吃严重啊！,08-21 13:47
2533,这样的基金公司可以关门了,08-21 13:37
2822,臭狗屎，跌哗啦啦跌，涨就一点点,08-21 13:30
2478,持仓涨这么多我们才分这点点？明摆着是富国基金公司在,08-21 13:20
2530,还是就你最瘟！,08-21 13:09
2446,把你丢了是,08-21 11:00
2500,垃圾永远垃圾,08-21 10:07
2521,不可能只涨这么点？经理又偷吃了,08-20 20:36
2693,简直就是无底黑洞，敢就来，来就死,08-20 15:37
2756,周五入的几个，涨的就置换出来，的就再加一些仓,08-20 15:22
3938,亏28个点了，有超过的吗？,08-20 15:16
2761,进场,08-20 14:56
890,TMD，再不走，连裤衩都跌没了。,08-20 13:53
首页上一页467468469470471472473474475476477下一页尾页 共534页,,
