﻿主题,发帖时间,_ 作者,回复
电动车的人脑子里全被“规划”占居，累不累,2023/1/5,plum2000,12
现在的问题是高速上充电的不可预知性,2023/1/26,huankuib,4
假期走情访友500公里,2023/1/25,hellokkzhu,5
初四东四环刹停的海豚在吗？,2023/1/26,zyzx77,1
仰望这名其实跟当年霸道一样。,2023/1/26,Johnnywu1,0
开电车回家越来越多了,2023/1/25,shunderen,1
开电车跑大长途一定要做好防寒预案。,2023/1/15,MyNameIs007,38
1200公里回老家，电车可行？,2023/1/25,hx2001,12
温度和能量回收有关吗,2023/1/25,littlelulu,5
二胎家庭怎么解决三代6人出行的？,2023/1/24,LaughLy,29
另一个角度看 电车的最大问题是屌丝乐儿,2023/1/25,immanent,6
特斯拉的核心能力只有一个：制造,2023/1/24,mafama,19
【zz】2023年春节假期高速出行充电指南来啦,2023/1/20,hsv,13
电车一个比较大的优势其实是 (转载),2023/1/25,VegeFruitPku,4
我感觉油车没有电车好开,2023/1/25,hellomao,1
ID4的二氧化碳热泵怎么没有媒体评测,2023/1/25,hosion,2
比亚迪汉冬天长途电耗,2023/1/25,valah,3
电车们都是“时间空间规划大师”？,2023/1/25,plum2000,3
e充电看了一下京昆高速充电桩情况，每个服务区桩都有闲置,2023/1/19,XJTUMEC,7
总有蠢货把辅助驾驶当自动驾驶开,2023/1/25,googlestyle,2
21年二手标续特斯拉16～17万,2023/1/24,zhangxy11,12
500年后还会区分蓝牌绿牌吗？,2023/1/23,imchenghaibo,4
极狐T北京至石家庄高速行程情况,2023/1/19,zdland,32
走京港澳500公里，有充电攻略吗？,2023/1/18,nihaha,32
这几天标定了一下冬天高速续航,2023/1/25,huankuib,1
在中高端新能源市场，建立全自营体系是巨大的优势,2023/1/25,mafama,8
极氪能加钱升级夹胶玻璃吗,2023/1/25,iamdady,0
冬天高速百公里能耗得多少？,2023/1/24,spinage,22
昨天去海坨，第一次体会电车的焦虑,2023/1/24,mmtmmt,23
听说奔驰eqc 和宝马i3都落到二十多万了？,2023/1/24,Acui,3
发个新热乎的快充数据-极狐,2022/12/29,wangdass8,59
i3国家电网120kW充电桩充电时功率多少？,2023/1/25,XJTUMEC,0
国内各种养路费各种税都算在油价里，会不会对电车以后收这一笔,2023/1/22,SHTower,30
大家买了电车,2023/1/25,Henry14,4
蔚来这个换电模式，碰到节假日也没太大作用,2023/1/23,ZLLF,24
东北特别是哈尔滨(零下30度)，现在电车还能开么？,2023/1/23,Engelberger,23
今天出去转了一圈，5.1折,2023/1/24,oRo,4
美帝如果制裁中国电车芯片,2023/1/23,nolonger,32
高速大家一般开到多少？有飙 200 的么？,2023/1/23,tanguofu,11
现在磷酸铁锂和三元锂能量密度还是差距巨大呀 160VS255,2022/11/10,flyflit,60
小鹏P7转弯后不自动回方向是咋回事？,2023/1/24,czx1990,10
2025年半固态量产，就真的不用考虑油车了,2023/1/14,pigflying,17
开上了大马力电车后,2023/1/24,kiky123,1
最近选车，纠结几何M6、比亚迪元PLUS，烦请各位大佬们说说看法,2023/1/22,sinodcs,26
问下特斯拉跟上海的对赌协议,2023/1/16,wangdass8,21
大年初二初三从北京到秦皇岛往返高速堵车吗,2023/1/16,zhey,7
假如有续航2千公里的电车,2023/1/17,rd07,23
大冬天跑远途开电车是不是纯属找虐呀,2023/1/16,zhaozhao1982,40
[合集] 特斯拉买的水军都好Low，难怪很多路人都会随手踩两脚,2023/1/24,nolonger,0
秦岭高速大雪堵车,2023/1/14,Elric,15
感觉电池近5年都没啥进步,2023/1/20,adds12345,28
才发现小鹏也可切换到单踏板模式,2023/1/24,woodandearth,7
乡下小城市对电动车接受度上来了,2023/1/22,liangges,11
去天津 高速就只有一个长乐店服务区有充电站  么,2023/1/23,chouachou,11
北京人苦呀只能买个冬天不能开的电车,2023/1/19,zhaozhao1982,102
养路费和国道通行费都加到燃油税里了,2023/1/24,noirecafe,5
老家河北买电车合适吧,2023/1/24,trabalhar,9
最近有没有特斯拉车主从北京去过山东,2023/1/17,marshall93,35
[讨论]2022年12月编码序号43669，大概多久能排到新能源？,2023/1/23,zyhyyzql,2
好猫多少钱？,2023/1/24,trabalhar,0
问界m5 纯电有车主吗,2023/1/15,samsonov,16
不知道是不是在这发，北京能用老头乐吗，在哪里买？,2023/1/20,OPPINE,4
开新势力回村是不是应该把价格也贴车身上?,2023/1/23,SHTower,7
特斯拉新版本更新,2023/1/23,shiguang,12
感谢电动车，治好了我的社恐,2023/1/21,bigmealie,20
五万的预算选啥？,2023/1/23,trabalhar,12
电动车太贵了，十万元买不到像样的车 (转载),2023/1/16,harrycheng,9
以后会不会出现 包月充值才能刹车,2023/1/23,Ctrl1005,2
纯电开了一趟长途，感觉还是的弄个油车。,2023/1/20,xubeida02,47
应该是本版春节电车开的最长距离的吧。,2023/1/23,hyeana,27
理想汽车真牛！,2023/1/23,chery,10
刚才打开流浪地球1,2023/1/23,wsnsw,0
投诉/销量比理想霸榜，宝马垫底,2023/1/20,touareg,45
最终友商也得纷纷降价，基本不会有例外,2023/1/20,touareg,18
这两天北京市区看不见丰田车了,2023/1/23,zyzx77,0
现在网约车为啥还有很多不是电车？,2023/1/22,chery,9
北京宋plus dmi现在需要等多久呐？,2023/1/23,championer,0
车牌快到期了，可以续吗？,2023/1/13,ljsGO,8
流浪地球2蔚来植入不错,2023/1/23,xixihaha2019,0
10万是不是买不着啥电车了？,2023/1/16,wujizhang,18
吹特斯拉自动驾驶的,2023/1/23,flyyan,4
深蓝的屁股真的好丑啊,2023/1/22,mafama,8
男子开“电动爹”回东北：200公里充次电，共充了14次,2023/1/20,plum2000,15
换电最大的风险是车企升级电池接口,2023/1/23,virus27,2
冲着蔚来充电桩，看着蔚来换电,2023/1/19,Bolitengteng,20
真到了没有石油之后,2023/1/22,masterbe,9
林志颖开特斯拉自撞“车主被吓坏”   二手平台惊见转卖潮,2023/1/22,chery,1
北京今年会有一次性增发新能源指标吗？,2023/1/22,LaughLy,1
啥软件找附近充电站方便好用,2023/1/15,xiti,12
电动爹，想说爱你不容易,2023/1/22,zhaozhao1982,47
零下12度，山海关 到 沈阳 400Km model 3,2023/1/20,bj798,24
现在都是分享长途跑高速的帖子，这算是进步了吗？,2023/1/22,churchilllee,2
电车真正的考验还要过几天,2023/1/22,valleyshaDow,3
今年新能源销量增速能到30%吗,2023/1/22,bbbmmm,7
改夏天过年可有效促进新能源发展,2023/1/22,dadadedada,1
不理解为何总有人质疑电（驱）车相对于油车的核心竞争力,2023/1/21,touareg,25
过年了，说特斯拉的明显少了,2023/1/21,shiguang,19
电车目前还是比较适合南方，特别是两广和海南,2023/1/21,huankuib,3
据说国六B汽油的动力又下降了？,2023/1/18,touareg,7
明天更冷了,2023/1/22,bdjnl58,0
所以去年肯定有新势力也积压了大量库存,2023/1/22,TrinidadSeal,4
麒麟电池能量密度255？,2023/1/22,huankuib,0
电车相对油车的核心优势在哪里？,2023/1/13,isofttalent,70
临时从奥迪q5改成了特斯拉Y,2023/1/20,HYXMU,52
写字楼有固定车位 为什么zf不支持按私人充电桩,2023/1/21,haove,4
感觉比亚迪的车身轻呢,2023/1/22,kkk158,1
要那么多续航里程干嘛,2023/1/21,kiky123,34
现在滨州服务区是撞死人了吗？,2023/1/19,imchenghaibo,13
ET7一日北京到西安,2023/1/19,lacrover,54
问蔚来车友们一个问题,2023/1/18,fancysky,22
byd趴窝了,2019/6/18,Rsp,117
别再说特斯拉在中国全球最便宜了，是在美国,2023/1/21,junopapaya,42
BYD现在还有趴窝的？,2023/1/15,skyfromheart,38
1300公里回家行程分享,2023/1/21,yoyohoney,11
特斯拉就是强,2023/1/21,dawei78,9
高架匝道上有油车不打转向灯实线处变道,2023/1/16,wordsword,6
电车怕冻吗？油车我知道要加防冻液,2023/1/21,mddzz,7
理想 L8 广州到台州,2023/1/20,powell,33
比亚迪应该第一时间全系果断降价2-5w,2023/1/20,zheshimimi,8
北京至包头700多公里来回充电能耗大约27kw/100km,2023/1/21,jiutouliao,7
咨询路边停车收费问题,2023/1/20,lclniuniu,3
有点儿不明白这些车企的思路,2023/1/21,masterbe,17
北京市长关于摇号政策变化的官方吹风,2023/1/19,Berater,6
今天降温第一天，电车从北京开到葫芦岛,2023/1/20,litra,14
有钱还是上仰望吧,2023/1/12,memory166,32
过年了，本版发点购车红包,2023/1/21,Zinux,0
别特斯拉了，来个国产天花板路特斯eletre,2023/1/8,gokukun,98
有什么应用可以看高速上充电排队情况？,2023/1/19,tanguofu,7
蔚来es6 一天时间从北京到湖北咸宁,2023/1/19,jidicl,14
北京街头电车不多,2023/1/21,guoqingjie,3
我在纯电站遇到了我的爱情，感谢电车,2023/1/21,shuiwoods,1
05年丰田出混动的时候，没什么人热捧吧,2023/1/20,shightemplar,15
汽车出事故，第一时间接到领导电话要求低调解决,2023/1/21,shemar,1
单枪匹马，开极狐到珠穆朗玛峰了,2023/1/19,minghw,24
听说特斯拉同规格车，中国卖的最便宜，是真的吗？,2023/1/19,fermiyark,26
春节期间，某国产新能源车发生严重交通事故，车头都快没了,2023/1/20,kaka2w,14
喜欢大屏嵌入式的车现在哪款电车是大屏嵌入的呢,2023/1/18,zhaozhao1982,9
比亚迪今年估计新增200万销量，不知道会抢谁的市场,2023/1/11,albatrosss,81
零下二十度，三元锂，能充电吗？对电池什么影响,2023/1/20,hernij,3
小鹏汽车的最大败笔就是找杨笠代言了吧,2023/1/20,lcy362,7
有出特斯拉的吗,2023/1/20,martin931110,1
高速充电接口都接满的时候，功率下降的很多呀。,2023/1/20,xiti,0
零跑C01，变相降价2.5万,2023/1/17,census,9
年终奖可以看出车企2022年是真行还是假行,2023/1/20,treewood,3
纯电矿卡一天只用一度电,2023/1/20,ble,7
Re: 新出来好点的车都是额头三个包的吗？,2023/1/20,原帖已删除,2
新能源车行业欧美绝对会被中国碾压,2023/1/11,googlestyle,125
中国永远是组装厂吧？,2023/1/20,Johnnywu1,11
怪不得电车续航就在五六百左右,2023/1/19,valleyshaDow,8
理想市值居然超过蔚来了,2022/12/8,mchh211,29
2023年小鹏产品体系猜想,2023/1/18,AD007,29
哪个城市只能用纯电动车？,2023/1/19,HLWJSJ,2
蔚来宣称的电池临时租用模式就是个笑话,2023/1/18,yehorse,40
M7，遥遥领先,2023/1/19,kaka2w,3
长途省电利器,2023/1/20,tianming1992,0
小电瓶一般多长时间应该换一次？,2023/1/19,phoenixhills,2
比亚迪仰望这么牛的么？,2023/1/20,T0OLD,0
12123app没有新能源换牌选号了,2023/1/20,dawei78,0
海豹、SL03、smart精灵、闪电猫、哪吒S哪个先降价？,2023/1/19,census,3
新能源车的电池寿命是几年？,2023/1/19,silvereyes,17
哎，最悲哀的是新能源无法回老家显面,2023/1/17,zhaozhao1982,24
[合集] 某人造谣说所有特斯拉事故都只有特斯拉可以解释,2023/1/20,nolonger,0
纯电出租车为啥不选续航600km的？,2023/1/17,rising,36
ouyangmm被取消在GreenAuto版的发文权限,2023/1/20,deliver,0
chaodide被取消在GreenAuto版的发文权限,2023/1/20,deliver,0
最讨厌的功能被大众就这么BUG破解了？,2023/1/19,zyzx77,13
听说加油开始排队了，充电也排队了吗,2023/1/14,zthenry,16
2023年降价是主旋律,2023/1/19,fengwudian,2
电车主们嫌弃电动出租车，想坐油车。而买电动车却说它比油车好,2023/1/17,plum2000,17
小康为啥改名叫赛力斯？,2023/1/19,wen1984,4
如果辅助驾驶过程中车机死机重启,2023/1/19,BlueTears,5
今年油价继续宽松，燃油车的用车成本即将回归到正常,2023/1/19,HLWJSJ,9
新势力们能不能集体出点钱给特斯拉，让他别降价了,2023/1/18,SHTower,27
理想L8刚提车半个月提示驱动系统异常,2023/1/19,hvdc1100,26
半月谈：价格战伤不起！经济回暖需价格稳字当头,2023/1/19,orwell,1
头脑一热，入了i3,2023/1/16,xsfyzcl,51
看不上特斯拉的应该没有几辆车,2023/1/14,springautumn,22
DCD和JRTT一个公司俩世界啊,2023/1/19,zyzx77,2
秦岭高速暴风雪大堵车，电车怎么应对？,2023/1/14,soochowboy,229
赛李斯出大事了,2023/1/18,xiadayu,15
北京蓝牌油车，换插混车可以不改为绿牌，保持蓝牌吗？,2023/1/19,llkk,2
腾势D9的驾乘体验不怎么样,2023/1/18,touareg,89
求教长途充电规划,2023/1/14,fanfx,22
小鹏降价不叫降价，叫价格体系调整,2023/1/18,Google333,12
新能源回东北辽宁过年，需要注意什么吗？,2023/1/15,saintqaghan,8
河南南阳有开过去的吗，年前走有啥注意的,2023/1/15,alexsmile86,13
Re: 各位出京远游的勇士们，一定要抢在第一波充上电啊,2023/1/19,原帖已删除,4
一炮干不到山东的电车大广高速出京攻略,2023/1/18,hellokkzhu,13
4000公里，从北京到香格里拉了,2023/1/17,silybh,9
搜索充电桩用什么app,2023/1/17,huankuib,4
用了四年的北京EU550，感觉续航不太行了,2023/1/17,Mrsundy,17
特斯拉降价促销后，日均销量超过1.2万辆,2023/1/18,LucaToni,25
特斯拉工程师证实2016年自动驾驶视频是伪造,2023/1/18,wuxueyun1983,19
2016年的特斯拉自动驾驶视频,2023/1/19,ia,6
刚看了微博的直播，换电站效率真是高啊,2023/1/18,tsa300,24
今天体验了一下蔚来高速服务区免费换电,2023/1/18,stanlyliusu,2
本版反向的厉害啊,2023/1/18,ooo661,14
腾势前脸对密集恐惧症者太不友好了吧,2023/1/18,mollyc,0
大家多分享一些过年高速充电的情况呀,2023/1/18,haixian02,3
特斯拉再降降价就能成功进军网约车市场了吧,2023/1/18,mafama,1
ID6X高速,2023/1/2,sm8822,31
七座的model y国内不卖吗？,2023/1/18,lOlOlO,17
国产电车看起来没有价格护城河啊,2023/1/17,tcwyzhf,14
为啥叫新能源?,2023/1/16,chylli,11
特斯拉最近两周交付量出现了有趣的变化,2023/1/17,mafama,24
gle450和理想l9哪个回村更容易显得混的好？,2023/1/17,Johnnywu1,5
法拉第未来FF宣布与黄冈市合作,2023/1/18,Crusade,9
新能源车价格大战才刚刚开始,2019/7/11,michaelchen,7
为啥开电车出租车的司机都穿着羽绒服开车？,2023/1/17,chery,14
是国人钱多人傻？还是高价位车利润高？,2023/1/18,qwt,7
弗吉尼亚州禁止福特和宁德合资修建电池厂,2023/1/18,nisus,8
还有人觉得后续国产车会降价，但比亚迪不会降价,2023/1/18,wuzhou,18
北京打到了纯电车出租,2023/1/18,hellodx,1
放开摇号纯粹是痴人做梦吧,2023/1/18,zhaozhao1982,13
智能驾驶最好的小鹏不行了,2023/1/12,dawei78,279
比亚迪的腾势应该自建4s店,2023/1/18,Icanread,8
已提零跑C11长续航版,2022/12/23,slippercc,29
腾势D9大定订单居然有4万多,2023/1/17,peibch,15
周末看了下G9，感觉小鹏真的危险了,2023/1/16,kochpy,51
磷酸铁锂电池冬季表现这么好吗？,2023/1/17,slepton,11
新能源打垮“加价王”，雷克萨斯跌落神坛,2023/1/18,chery,8
车牌就跟生育一样，真放开了就会发现需求早就被磨没了,2023/1/18,virus27,13
老旧的特斯拉操作系统又更新版本了，功能看不过来,2023/1/16,zhouxxs,18
可以边充电边开空调吗？,2023/1/17,qbyang2009,13
LYRIQ系统升级实现前脸常亮,2023/1/3,phoning,13
自动延期1月8号后取消了吗？,2023/1/17,almostaloser,2
潮州特斯拉撞人事件，最终的调查结果还没出来？,2023/1/18,shightemplar,1
小鹏g3i才16万左右就可以到手，大家觉得性价比如何？,2023/1/17,oldgeng,19
如果国外一旦发明革命性的固态电池技术，宁德和byd是不是就完蛋,2023/1/17,content,22
蔚来真不该做套娃,2023/1/17,mafama,42
开过美国车通用，别克，福特的都知道美国制造业没救了,2023/1/8,MachuPicchu,21
Re: 看了一年半荣威和比亚迪，最后还是买了IA5,2023/1/18,原帖已删除,17
曝特斯拉降价后刹车减配,2023/1/17,mafama,18
关注碳酸锂矿价格，就知道电动车还要降价，特别是特斯拉,2023/1/10,langmanyixia,44
收特斯拉的车贩子倒霉了,2023/1/18,qbb,4
长安奔奔EV 6年，卖了17500,2023/1/16,homschen,34
小鹏迎战特斯拉：宣布降价2-3万，有没有诚意？,2023/1/17,HLWJSJ,8
不收特斯拉的二手车商还收不收小鹏？,2023/1/18,dsf008,2
李想说今年不推L6了,2023/1/15,touareg,29
今天看车总结,2023/1/15,wxh85,9
2022全年总销量排名,2023/1/16,oneroad,15
比亚迪海豹碰撞测试五颗星，车身设计过于结实被扣分,2023/1/17,sushou,6
友提：荣乌渤海新区服务区不开门，可充电，上厕所,2023/1/17,sdlk,5
国产车大概多久会跟风降价？,2023/1/10,dadadedada,21
日产轩逸e-power引领新增程，首月销量超过5000+,2022/2/14,soochowboy,37
比亚迪啥时候出个DMI的高顶小货车肯定卖爆,2023/1/15,Oceanian,40
小鹏降价，降了个尴尬~~~,2023/1/17,zyzx77,14
今天在一个充电站观摩了一下,2023/1/11,noirecafe,59
北京电车异地变更,2023/1/17,XC2019,5
关于海豹及CNCAP的碰撞相容性测试,2023/1/17,tedxyz,3
2-3月份，能不能等来新能源车的集体降价？,2023/1/16,zheshimimi,11
一则“新闻”——王传福放言2025世界第一，秘密武器是新能源车,2023/1/17,kaka2w,47
果然是小鹏先扛不住,2023/1/17,xiadayu,20
京哈充电桩,2023/1/16,liuzhe2017,8
电车需要换防冻液吗？,2023/1/17,mounthelicon,15
22年出口汽车311万辆，同比增54.4%,2023/1/17,giszinc,2
这个图有点意思,2023/1/17,chelseaLL,1
咨询下，model y的白色款的车损险比黑色贵多少,2023/1/17,daniven,1
蔚来的车型有点多,2023/1/16,googlestyle,18
海鸥图及申报参数,2023/1/11,huankuib,21
这种在高速连续行驶被拍了扣钱吗？,2023/1/17,xiechuanhust,0
比亚迪外观设计没有怎么搞套娃,2023/1/16,huankuib,13
东风猛士917,2023/1/17,AZTU,0
有多少人真正使用半自动辅助驾驶的？,2023/1/17,Metoes,3
有什么必须要去4s店做的保养吗？,2023/1/17,mounthelicon,1
流媒体后视镜能不能帮新手提高一下安全驾驶分数？,2023/1/17,zheshimimi,12
品牌创始人对品牌的影响极大,2023/1/16,ziheng89,103
猜猜十年后还剩哪几个纯电品牌,2023/1/9,CoEnzyme,26
智己ls7,2023/1/17,gokukun,3
国产新能源还任重道远呀,2023/1/16,zhaozhao1982,24
雷车崩盘了,2023/1/14,chery,77
理想车主夜间驾车中控显示有人追车,2023/1/16,Onepunchman1,11
听说梦想汽车的悬挂掉下来了,2023/1/16,googlestyle,12
怪不得上海护着特斯拉,2023/1/16,jacklee2004,11
蔚来同时占据两个十大啊，牛逼了,2023/1/17,socool,0
本版逻辑,2023/1/17,Qid,0
特斯拉电耗参考,2023/1/16,tedxyz,22
微博上有个人在直播开电车从深圳回东北,2023/1/16,LucaToni,14
潮州特斯拉鉴定还没结果？这也太慢了吧，还是出来了不公布？,2023/1/16,yishuihanxia,5
买货还是买广告？,2023/1/16,zyzx77,1
小鹏车主的智能驾驶使用经验,2023/1/12,woodandearth,18
问界降3-4万,2023/1/13,cokebear,39
"电车冬天必须准备多块电热毯,功率60-100w",2023/1/16,Elric,19
过年大家电车都开多少公里,2023/1/14,sanlang,5
[原创]广汽GE3三年总结,2021/10/25,stormlin,30
看视频评论太逗了,2023/1/16,zthenry,5
今年新能源车都要降价，不是因为特斯拉,2023/1/16,ingeno,16
网传特斯拉又加了10000补贴,2023/1/13,xiadayu,39
15万的model3，18万的model y你会买么？,2023/1/16,Engelberger,7
突然想问,2023/1/16,imchenghaibo,4
太爽了吧！,2023/1/16,williamtong,6
中汽研测评中心CCRT发布新一批次电动汽车低温续航测试结果,2023/1/15,FHWYSH,21
电动汽车就像电脑攒机,2023/1/15,op1qtz,12
说说特斯拉和国产品牌在商业模式上的区别,2023/1/12,djkstra,21
LexLexis被取消在GreenAuto版的发文权限,2023/1/16,deliver,0
蔚来es7 ec7为什么不叫es6 ec6二代？,2023/1/16,Onepunchman1,7
蔚来春节高速换电免费真的秒,2023/1/13,stanlyliusu,23
tsl的快速下滑，原因在于对客户和市场没有敬畏之心,2023/1/14,AD007,68
大家觉得电车没门槛，那是因为产业链在天朝,2023/1/15,pklmsthree,9
遥遥领先的问界M7后防撞梁竟然是树脂塑料,2023/1/16,nyrika,6
二手车商不收特斯拉 一夜血亏数十万赔惨,2023/1/16,wuxueyun1983,4
比亚迪宋dmi，提车9天，集齐8个故障码,2023/1/16,touareg,2
前两天有只人说他开蔚来北京到合肥11小时就到了,2023/1/15,LexLexis,12
进口Model3+蔚来ES7车主,2023/1/14,qq623390226,47
蔚来内部的腐败应该很严重,2023/1/15,mafama,27
小米造车还是值得期待的,2023/1/14,xianrena,60
微博有人说新能车要死掉90%,2023/1/16,i6v1206,5
华为问界这种增程车是不是可以更好的应对陕西暴雪？,2023/1/15,yuanfei2021,8
打算 30-初5 这几天 北京周边300-400公里电车自驾游 求推荐路线,2023/1/15,sn89991,6
L7与L8啥区别？？？？？,2023/1/15,czx1990,9
M7开一个月感受,2023/1/14,ruizhu,15
秦岭高速堵车通了吗？,2023/1/16,xiechuanhust,0
[求助]地下车位物业只提供商业电,2023/1/12,zhu521,9
呵呵,2023/1/15,guoshi,2
长续Model y开回山西大同朔州一带靠谱吗,2023/1/15,Parongrong,6
又一新发明！可有效提升电池续航能力,2023/1/15,Laurasia,8
我两年前就在版面说增程式越野车是划时代的进步,2023/1/14,touareg,46
跑了一趟雁栖湖 来回150km 掉电270km,2023/1/15,HeartIsBlue,6
小鸟还不降价？底气这么足嘛？,2023/1/14,vake,10
秦岭高速大堵车时，增程的优势很大,2023/1/15,touareg,20
充电口的国标改了么？,2023/1/15,doitmy,1
新能源有没有商务车 保姆车呀？,2023/1/15,xiti,6
老破小停车难小区，自动驾驶擅长么？,2023/1/14,djshaofei,14
智己LS7怎么样,2023/1/14,baobestest,8
dmi的ev受限问题依然没解决,2023/1/15,touareg,11
特斯拉上海超级工厂扩建遭推迟,2023/1/14,chery,18
news：马斯克（Elon Musk）警告称,2023/1/15,imchenghaibo,9
能不能搞个大号充电宝卡车，上高速给各种电车充电,2023/1/14,youcheng,4
问界降价了，m5咋样？,2023/1/13,zp0425,9
2022年最愚蠢的车，让丰田造出来了,2023/1/13,knowhowto,1
特斯拉降价的本质是新能源车技术含量太低了,2023/1/15,gwyxg,6
懂车帝2022新能源冬季测公布，理想L9竟成为500万内第一个趴窝？,2023/1/11,AD007,29
一年不跑2WKM买混动，不是单纯市区用车买纯电都是交智商税,2023/1/15,hippocn,1
自动驾驶与辅助驾驶的区别到底是啥,2023/1/12,TimeAndRiver,6
这个冬天本版爆电车路上趴窝的几乎消失了,2023/1/14,churchilllee,15
想起了华为，当年我是疯了，一制裁就直接归0,2023/1/14,MachuPicchu,23
比亚迪是如何对待最后一代皮带发电机唐的？,2023/1/14,touareg,20
在中国买特斯拉卖到国外去,2023/1/14,chrome2000,6
同志们 海南充电情况如何？,2023/1/13,xiti,17
大众ID系列如果也降个3-4w，是不是就很值得买了？,2023/1/13,zheshimimi,29
ID4大众充电桩问题咨询,2023/1/2,chen20082759,5
电车小白，求推荐,2023/1/14,wxh85,10
预计腾势未来有一百万的销量,2023/1/13,albatrosss,21
"新油车，加油300，有没有能跑700,800公里的车？",2023/1/13,zhejiushij5,37
广汽埃安 sp  真续航能耗贴,2023/1/12,yuanshanqian,37
咋没有看到大家回家的自驾贴,2023/1/13,k6888888,32
埃安Hyper GT,2023/1/14,MEIZUMX2,5
看不懂车企的操作,2023/1/14,googlestyle,10
这polic car也太帅了，好像是alpha T？,2023/1/13,chaojun,4
国产新势力的普遍电耗是多少,2023/1/14,TimeAndRiver,15
问界今年到底有几款车要发布？,2023/1/13,ruizhu,5
[充电]关于交流充电机损耗的问题,2023/1/13,tedxyz,8
随便下高速了，高速下充电也很方便,2023/1/14,zyzx77,3
AITO问界汽车宣布降价,2023/1/13,Trumpplus,19
我的车完灭特斯拉model Y,2023/1/8,TimeAndRiver,103
小鹏要是真找了王凤英,2023/1/12,googlestyle,6
问界降价要感谢谁,2023/1/13,whtysh,25
现在感觉华为的问界都没啥流量啊,2023/1/11,TimeAndRiver,25
特斯拉省电的秘诀并不在于高胎压,2023/1/13,yehorse,18
[合集] 9000吨压铸机将运往亚洲,2023/1/14,nolonger,0
[合集] 蔚来春节高速免费换电这事干的非常不地道,2023/1/14,nolonger,0
[合集] 纯电车到底图个啥啊,2023/1/14,nolonger,0
TimeAndRiver被取消在GreenAuto版的发文权限,2023/1/14,deliver,0
BreathLess被取消在GreenAuto版的发文权限,2023/1/14,deliver,0
tsl降价的本质原因,2023/1/14,stupidboy,1
丰田利润急剧下滑 (转载),2023/1/14,Simu1ink,0
hev冬天短途都会乳化吗？,2023/1/14,bdjnl58,1
买秦、荣威e等第一代电动车的，看着蔚小理比，作何感想,2023/1/12,CodePeasant,14
仰望公布了动力系统参数吗,2023/1/14,shunderen,0
仰望那个在雪地里75公里速度跑圈，是不是也很惊人？,2023/1/13,peibch,6
Re: 我的车多半上了公交司机的黑名单,2023/1/14,原帖已删除,3
问届最近好像挺热的，版上有人买吗？,2023/1/11,kunseng,20
蔚来高速换电春节期间免费,2023/1/13,charles263,47
降价好!,2023/1/13,ouyangmm,4
特斯拉美国也降价了,2023/1/13,gjq,14
压铸机这种东西为啥不能用来卡美国脖子,2023/1/13,gondar,28
特斯拉美国大降价,2023/1/13,TrinidadSeal,10
国产电车降价不含糊啊，利润很高啊,2023/1/13,bdjnl58,4
特斯拉美国标续y降价1.3w,2023/1/13,xiadayu,18
有点意外，高合居然这个销量,2023/1/13,toodaamoon,21
蔚来——国货之光！,2023/1/13,punkdrew,13
广汽埃安涨价3000-6000元不等，涨价去库存,2023/1/12,whtysh,12
春节沪杭和杭金衢上的充电站挤不挤啊？,2023/1/13,psklf,4
亦庄小米汽车一期工厂预计今年6月完工,2023/1/13,wwsq001,11
博世将斥10亿美元在苏州建电动车零部件基地,2023/1/13,Dankeschon,1
比亚迪据报将在越南设厂生产汽车零组件,2023/1/13,Dankeschon,0
关于2022年北京市拟拨付第二批新能源汽车财政补助资金的公示,2023/1/13,xilong,0
乘联会秘书长崔东树：其他车企不会跟进特斯拉降价,2023/1/13,Zhusaid,3
海关总署：去年我国锂电池和汽车出口分别增长86.7%和82.2% (转,2023/1/13,Simu1ink,3
有个疑问，不是说美国成本高，特斯拉不容易降价吗？,2023/1/13,census,2
华为是不是第一个跟着特斯拉降价的？,2023/1/13,TimeAndRiver,14
直驱吹如何解释各种DHT销量惨不忍睹的事实？,2023/1/11,touareg,45
慢充桩到电池的效率（损耗）,2022/8/25,hsv,30
skyfromheart被取消在GreenAuto版的发文权限,2023/1/13,deliver,0
[合集] BYD能踏实把基本的品控和设计做好吗,2023/1/13,nolonger,0
海关总署：2022年中国出口汽车332.1万辆，同比增56.80% (转载),2023/1/13,Simu1ink,0
albatrosss被取消在GreenAuto版的发文权限,2023/1/13,deliver,0
withfei被取消在GreenAuto版的发文权限,2023/1/13,deliver,0
ouyangmm被取消在GreenAuto版的发文权限,2023/1/13,deliver,0
xx0791被取消在GreenAuto版的发文权限,2023/1/13,deliver,0
soochowboy被取消在GreenAuto版的发文权限,2023/1/13,deliver,0
特斯拉德国也降价了,2023/1/13,xiadayu,1
李想自称L7的最大客户群是特斯拉车主或意向用户,2023/1/12,touareg,10
新能源重卡12月实销超6000辆爆表！全年2.5万辆涨140％,2023/1/13,Simu1ink,11
前天贵州高速上运输中着火的车是哪家的？,2023/1/13,XC90,4
特斯拉大减价最大受害者是合资车,2023/1/8,shunderen,30
Model Y/S获得欧洲Euro NCAP评测最高分,2023/1/12,TrinidadSeal,2
2022全年，中国汽车出口量311.1万辆 (转载),2023/1/12,Simu1ink,10
2022年中国新能源车保有量同比增长67%,2023/1/11,Dankeschon,1
2020年model3长续航算韭菜么,2023/1/6,chrome2000,18
2023年，新能源整体都要降价多少？,2023/1/12,HLWJSJ,6
问界降价,2023/1/13,ia,1
蔚来的换电模式注定无法成事,2023/1/4,10-Jun,37
宁德时代今年含泪赚了300亿 (转载),2023/1/12,oBigeyes,10
说说仰望的牛逼,2023/1/6,goodpower,68
特斯拉降价先倒下的居然是问界,2023/1/13,xiadayu,11
美国国家公路交通安全管理局:正在加速特斯拉自动驾驶事故的调查,2023/1/12,chery,2
收购威马汽车的这个阿波罗没听过啊,2023/1/12,lwc1785,11
比亚迪拟在印度大举扩张 计划2030年占四成市场份额,2023/1/12,Dankeschon,16
小康改名，M5会不会大卖？,2023/1/12,wen1984,10
