﻿主题,发帖时间,_ 作者,回复
问界明天开始降价,2023/1/12,iasky,3
仰望的易四方是汽车越野的天顶星技术,2023/1/12,Berater,4
维权闹腾了一上午的收益,2023/1/10,wsnsw,12
蔚来，理想，小鹏感觉都要破产,2023/1/11,Dhyanacap,36
为什么国产新能源集体发力中大型SUV？25万的中型SUV让特斯拉全,2023/1/12,ruizhu,58
求推荐电动汽车,2023/1/12,terrytangm,4
2022 年纯电动车上险量排行,2023/1/12,whtysh,2
0度左右续航下降厉害吗,2023/1/12,xiti,19
非蔚来车，去蔚来超充站，是否比在高速服务区的国家电网充电 时,2023/1/12,haixian02,23
新能源为啥不继续补贴了？,2023/1/12,nolonger,2
强制所有车加碰撞检测，遇到障碍直接杀死,2023/1/12,tanguofu,9
请教一个插电混动的牌照问题,2023/1/12,lj93,4
把自动刹车aeb搞到非常可靠，比自动驾驶更有价值吧,2023/1/12,zheshimimi,8
最高车速200以下的车都是垃圾，不看,2023/1/10,swen,39
"疑似宝马失控冲向人群,5死13伤",2023/1/12,dynasty1215,2
20.2亿美元，APOLLO出行收购威马汽车,2023/1/12,biubiu02,1
听说比亚迪仰望算是摸着Rivian过河？,2023/1/11,test321,8
统计一下大家的车在户外冻一夜，掉电多少km,2023/1/12,slippercc,2
油管上有个人对比了x7和l9,2023/1/12,juinjwst,15
说说比亚迪U8的突破之处吧，请指正,2023/1/11,zhaozhao1982,28
特斯拉的还有一个降价促销手段,2023/1/12,LaughLy,29
告诉你们为什么不要指望自动驾驶,2023/1/12,touareg,14
各厂商的均价和销量变化,2023/1/12,touareg,3
比亚迪的基本盘真的很稳么？未必,2023/1/12,djshaofei,17
"反对增程的,是不是都是完美主义者?",2023/1/11,Elric,61
蔚小理和东风日产、上汽通用比，哪个先倒掉？,2023/1/12,census,0
比亚迪跟理想在基础建设上真的要加强,2023/1/12,gaozhuang,11
异步电机都是垃圾，三万公里就坏，不看,2023/1/12,sirius0777,8
12月新能源渗透率为啥跌了？,2023/1/11,ruizhu,28
2022年新能源汽车保有量增长67.13%,2023/1/12,Simu1ink,6
奔奔ev180电池崩了，刚修完又崩了,2023/1/9,hushLinux,26
不懂就问系列,2023/1/12,imchenghaibo,5
[合集] 原来金方向盘奖是这么个东西,2023/1/12,nolonger,0
为啥好多人说m3只值15万，没人喷国产30万的电车？,2023/1/10,census,172
快过年了，比亚迪这是开启下饺子模式了——下午三点半，腾势发,2023/1/11,vvvvv5,26
2010年车展纯电车,2023/1/12,zyzx77,2
长城汽车2022年销量同比下滑16.66%,2023/1/11,chery,9
新能源车用冷胎2.9的胎压的利弊都有哪些?,2023/1/12,wangdass8,27
youyuan715被取消在GreenAuto版的发文权限,2023/1/12,deliver,0
skyfromheart被取消在GreenAuto版的发文权限,2023/1/12,deliver,0
[合集] 纯电车根本不是什么新能源汽车,2023/1/12,nolonger,0
特斯拉下一波价格调整时间及幅度,2023/1/11,BTuniversity,1
蔚来，理想，小鹏何德何能和比亚迪同列,2023/1/12,fancysky,13
丰田从加价到打大折，为什么没有丰田车主站出来维权呢？,2023/1/11,lemonbox,10
如果特斯拉降到15万,2023/1/10,zhaoyifan222,23
Re: 销售也是有脾气的,2023/1/12,原帖已删除,1
电动车最好的状态是公共租不是个人买,2023/1/11,CRH11,19
油电之争,2022/7/22,dahai2999,17
ZZ马曼然 比亚迪不光硬件牛，自动驾驶也是最牛的，只是不宣传这,2023/1/11,googlestyle,20
特斯拉为啥要降价？是因为伟大的工程改进，成本下降了吗,2023/1/10,gangshen,6
特斯拉降价是因为人民币大幅度升值,2023/1/11,goooooog,3
最权威的预测，model 3能降到15万,2023/1/11,langmanyixia,7
就这还要年销400万？——车fans某店：比亚迪汉限量版从一车难求,2023/1/11,soochowboy,6
比亚迪仰望的技术被友商复制的概率大吗,2023/1/11,xiadayu,20
电车必须配模拟发动机声--广州事件有感,2023/1/11,dadadedada,3
华尔街见闻:比亚迪的黑科技,2023/1/11,test321,1
理想L8和L9分获同级别销冠,2023/1/10,touareg,50
增程架构适合高端车、性能车和高可靠性要求的车,2023/1/11,touareg,29
昨天下午一辆特斯拉炸了,2023/1/10,xiadayu,55
转载：蔚来李斌：我们从来不把自己称作豪华品牌,2023/1/10,bobolp,50
十八线小城市新能源车少,2023/1/11,HLWJSJ,4
想换modle y，请教下,2023/1/11,panda666,34
奇怪了，大半年找不到高合的销量了,2023/1/11,trumpchi,9
byd开发布会的这些人都一言难尽,2023/1/11,chuanlang,11
据说特斯拉将来还要降价,2023/1/9,XiaChuan,10
特斯拉12月份中国销量环比下降44.4%,2023/1/10,chery,14
秦plus dmi油耗4.7，1.5吨，那理想L8L9油耗应该是？,2023/1/11,census,2
理想算什么混动油耗和油车一样,2023/1/11,zhaozhao1982,8
不知道仰望U8相比BBA有什么优势吗,2023/1/6,zhaozhao1982,60
老司机问路,2023/1/11,hypeanut,8
lacrover被取消在GreenAuto版的发文权限,2023/1/11,deliver,0
春节长途怎么规划,2023/1/11,Orzero,6
特斯拉单店新增订单110-130,2023/1/9,biubiu02,40
我去，停在路边车位被蹭了,2023/1/11,tedxyz,3
现在还差一步，把底盘做简单了,2023/1/11,doitmy,0
销量不好，降价卖车不丢人，别包装就好,2023/1/11,memory166,8
吉利有混动变速箱，但依然推增程产品,2022/12/24,touareg,13
电动车在乘用车领域淘汰燃油车的临界是,2023/1/10,wanllow,66
Re: 中国电动汽车的希望靠：比亚迪？,2023/1/11,原帖已删除,54
"如果我是tsl,我要降价促销，会要点面子",2023/1/9,guoqingjie,19
国产新势力能跟风特斯拉降价吗,2023/1/8,TimeAndRiver,43
阿维塔也算智能化天花板了，为啥关注度这么低？,2023/1/11,ruizhu,13
2022年新能源乘用车国内零售同比增90%,2023/1/11,Simu1ink,0
ID3属于什么水平,2023/1/10,soulcreater,10
长城的混动车为什么没人关注,2023/1/5,gokukun,18
在宣布降价后 特斯拉中国三天内获3万辆汽车订单,2023/1/10,CRDM,50
有深蓝车主么,2023/1/9,piggybankk,7
苏州特斯拉车主去维权,2023/1/11,zhaozhao1982,1
理想L9跑了一下高速，7.9L油耗 (转载),2023/1/9,pigflying,117
TSL这一降价，近期能不能带动一波儿降价促销？,2023/1/9,zheshimimi,5
明天准备从深圳回湖北咸宁崇阳，一路小雨，有什么注意事项吗,2023/1/11,lingyunfei,3
Model Y除了黑色，换其他颜色要加价8000？,2023/1/10,daniven,5
关于降价维权，我有一计,2023/1/11,imchenghaibo,2
锤子车在国内这么搞，品牌算是砸了,2023/1/10,AD007,13
取消限牌是空想,2023/1/11,ahmi,7
希望大家提供线索，电车的(征集),2023/1/10,z375437138,4
[合集] 中午微信群讨论牌照的事，感觉不靠谱,2023/1/11,oBigeyes,0
[合集] 特斯拉引以为傲的高毛利,2023/1/11,oBigeyes,0
刹车失常实锤视频~~~~,2023/1/8,zyzx77,15
特斯拉的销量会继续下降,2023/1/8,youyuan715,62
没感觉仰望的技术很牛啊,2023/1/6,piggybankk,190
等tsl降到20以下再出手,2023/1/8,Laurasia,42
销量下降才会降价,2023/1/10,shunderen,6
上险量,2023/1/10,gaozhuang,16
随便问问喜欢byd的，元+有什么先进电子？,2023/1/8,guoqingjie,11
今年特斯拉的负面新闻会特别多！,2023/1/10,langmanyixia,5
特斯拉降价后7万订单差不多吧,2023/1/10,tedxyz,7
特斯拉要是在中国靠着价格战大胜，必然在全球疯狂收割,2023/1/10,wanllow,5
今天跑了高速，吓死了,2023/1/8,z375437138,39
年轻人还是喜欢电车，追新啊,2023/1/10,fancysky,26
比亚迪的高端品牌叫法,2023/1/10,googlestyle,6
满屏tsl降价，换个话题：电子后视镜要来了,2023/1/8,hsv,33
[新能源]国庆北京-西安出行总结,2020/10/8,zthenry,76
仰望的横向移动，实现原理是啥？,2023/1/5,touareg,40
标杆汉兰达是被理想抢走了份额吗,2023/1/9,zhaozhao1982,4
雾霾跟交通关系还是很大 (转载),2023/1/10,harrycheng,0
去年的家庭号分数段人数,2023/1/8,wen1984,3
电车显示的剩余里程预估为什么都那么不靠谱呢,2023/1/9,spinage,25
问界M7高速油耗,2023/1/10,ruizhu,27
特斯拉听到了30万以下跑不进6秒的群众呼声,2023/1/9,tedxyz,35
特斯拉三宗罪,2023/1/10,nzjw2016,10
擦，两年前蔚来说的150度电池呢？,2023/1/2,somebody,60
真是服了，现在一大堆外地牌照的新能源车,2022/11/2,lengsong,22
比亚迪2023年有什么新款纯电车上市？,2023/1/9,sunny81,44
一个产品降价，对消费者这么好的事，竟然有人骂,2023/1/9,semilog,27
[建议]比亚迪下一步要改进的,2023/1/9,fengwudian,15
新韭入局,2023/1/8,ddle,36
[原创]从22年数据看新能源下半场[23456],2023/1/9,fgvbnh,50
汽车行业技术含量不高，迟早跟家电行业一样,2023/1/10,oahgnid,2
大家出门用什么软件充电啊,2023/1/8,tjugadfly,16
唐DMP超过半年还交不了车,2023/1/10,coolfist,22
极氪电机怎么选？,2023/1/10,BlueTears,2
zz2020年旧闻：丰田认为特斯拉电子技术领先其六年,2023/1/10,zhouxxs,2
前排座椅中间的格挡叫啥？,2023/1/9,BlueTears,18
100度电epa续航800公里的特斯拉出来一定买,2023/1/8,shunderen,14
随车充二楼飞线的话5米是不是不太够,2023/1/10,LeonTang,5
装充电桩物业要收电力增容费怎么办？,2023/1/5,byh,10
为什么会有为“家用”买特斯拉的啊？,2023/1/10,zhangxy11,23
[电动]宝马i3，求靠谱购买渠道,2023/1/9,tiangang1987,4
新品极狐 kaola,2023/1/9,ViniciusJR,19
极氪的标配软件功能里有自动泊车么？,2023/1/9,BlueTears,25
小鹏的ngp是不是相当于特斯拉的eap,2023/1/9,carykel,2
对特斯拉降价不满的只有两种人,2023/1/9,Jambalaya,13
咨询电车路线规划,2023/1/5,sibalu,25
下半年m3改款后还要降价,2023/1/9,meirenai,4
冬季高速续航,2023/1/3,babala,27
蔚小理真不行，红旗去年都卖了31万,2023/1/7,peibch,13
同事22年8月份提的汉转手,2023/1/10,zhaoqiuyan,10
仰望头顶上三个包是什么？,2023/1/6,omin,9
特斯拉降价是好事儿啊！,2023/1/9,wxpkupig,7
特斯拉车主有什么特点,2023/1/9,Neofire,12
现在这个价格不买model y买什么x5就有点傻了,2023/1/8,prize,42
特斯拉中国model y交付期增加一周,2023/1/10,mafama,4
比亚迪长板很长，但短板也很短，就是个瘸腿,2023/1/8,yehorse,106
人还是不要贸然进入自己不了解的行业,2023/1/8,fancysky,65
讨论特斯拉降价问题之前，是否可以先明确一下订单量的问题?,2023/1/8,h9527,27
市面上后轮转向的电车有哪些,2023/1/9,gokukun,12
我是油车的车主，但是我非常欣赏比亚迪,2023/1/8,metalic,11
谈谈我用的几辆（北汽）车辆，顺便回复一下不买极狐的理由,2023/1/4,hsv,134
我有一计促进新能源的发展,2023/1/9,dadadedada,1
现在这温度续航220跑100公里够不够？,2023/1/9,BigMMB,1
U8定价简析,2023/1/7,flukeox,53
byd没有能跟理想L8、L9对抗的车型吧,2023/1/9,evermore,24
新能源商务MPV是很大市场,2023/1/9,LeonTang,10
也说说我的选车历程以及最近ID4和I3的真实价格,2022/12/14,radish83,21
经常教育消费者的企业容易培养出死忠粉丝,2023/1/9,zhangxy11,0
进京检查站刷脸通过是什么原理？,2023/1/9,touareg,5
特斯拉车主难道还比我们惨吗,2023/1/9,zhaozhao1982,15
理想急吼吼宣布月销量过两万,2022/12/30,touareg,82
问一下，上海产的特斯拉需要交关税吗,2023/1/9,lalaqing,15
请问北京新能源车是排队还是摇号申请？,2022/12/27,yitruly,7
鼓噪现在买特斯拉的是不是傻,2023/1/9,canghai,6
100度电对于俺是刚需,2023/1/8,shunderen,3
网络有放大效应，切勿拿个别人的行为强加到大多数人身上,2023/1/9,zpw2000,0
来途虎换轮胎，师傅说,2023/1/7,wwsq001,3
请假：宝马销售的车贷利息对不对？（20万，5年，利率3.5%）,2023/1/8,daniven,18
官方预测：车路协同的自动驾驶2035年才会普及,2023/1/9,yuandao888,3
特斯拉恶意降价算不算倾销,2023/1/7,canghai,54
求问这个排名今年能排上吗？,2023/1/9,zhangop1999,5
说到被割韭菜，还有比我同事惨的吗？,2023/1/9,tedxyz,7
突发！特斯拉老车主占领直营店：靠零食吃回本！,2023/1/9,XC90,10
早晨看到一台没挂牌的黄色路特斯Eletre,2023/1/9,catherineyun,2
海豚的后排座椅可以向下调么，额头碰到车顶了,2023/1/9,daniven,6
[合集] 能相信一个4s店一天订单7万,2023/1/9,nolonger,0
[合集] 策划特斯拉维权的是比亚迪员工,2023/1/9,nolonger,0
[合集] 某特斯拉店：一天订单7万……,2023/1/9,nolonger,0
[合集] 蔚来李斌：蔚来绝不会考虑降价！,2023/1/9,nolonger,0
[合集] 特斯拉降价将加速国产新势力死一大片,2023/1/9,nolonger,0
TimeAndRiver被取消在GreenAuto版的发文权限,2023/1/9,deliver,0
[合集] 没有特斯拉，我们还得继续40万老头乐,2023/1/9,nolonger,0
奥迪再次以增程电车赛车出战巴黎-达喀尔拉力赛,2023/1/9,touareg,11
通用汽车2022在华销量暴跌20%,2023/1/7,chery,18
丰田章男再次质疑纯电动车,2023/1/6,chery,35
理想迟迟不出纯电车型的原因：储备不足,2023/1/8,AD007,17
刚刚想到中国新能源汽车的一个致命缺陷了 真是吓出我一身冷汗 (,2023/1/9,qsw,4
中国电动汽车生产成本比欧洲低一万欧元，2030年将占欧洲市场12.,2023/1/9,Dankeschon,0
国家乙类乙管了，北京宣布解除疫情没？,2023/1/9,shuguohui,1
特斯拉的问题，不在降价而在促提,2023/1/9,tedxyz,4
Tesla降价主要威胁的是海豹,2023/1/8,Icanread,13
特斯拉典型美国制造业，垃圾的一笔，唯一优势车机,2023/1/8,MachuPicchu,6
Model S/X如果引入上海工厂生产，价格能降到多少？,2023/1/8,yehorse,21
byd和tsl哪个自燃爆炸的概率高？,2023/1/8,qiuqiudu,8
毛豆3到15，y到18，,2023/1/7,mozat007,46
150度电对我来讲是刚需,2023/1/8,cococap,47
Re: 比亚迪23年计划销售400万辆，能不能实现？,2023/1/9,原帖已删除,25
特斯拉比国产车差在哪啊，为什么拼命降价,2023/1/7,content,42
Re: 有些人就是不懂得以发展的眼光看问题,2023/1/9,原帖已删除,2
友商策划了TSL维权事件？这一定是谣言,2023/1/8,LucaToni,3
还是得买byd  一涨价先买的总觉得赚了 心里爽,2023/1/8,Buerme,1
比亚迪的车机就是前面放了个平板。。就此而已。。,2023/1/8,MachuPicchu,11
仰望这么牛逼的技术，论坛也有喷的。真是服了,2023/1/6,findmyhappy,220
把话隔这，比亚迪超350万辆，我吃粑粑,2023/1/8,MachuPicchu,26
特斯拉车机承载了他们软件帝国的实力，超比亚迪30年,2023/1/8,MachuPicchu,4
传王传福透露：比亚迪2023年销量有望达到500万,2023/1/8,mafama,3
特斯拉model3开了两年了，准备卖了，细数两年感受。,2023/1/8,q1w2e3r4t5y7,51
吹仰望的出来走两步,2023/1/7,sdlk,47
终于知道美国佬为啥二手车和汽修市场发达了,2023/1/8,MachuPicchu,0
不要用零和的眼光看待电车市场,2023/1/8,shunderen,7
哈哈哈,2023/1/8,wakesman,0
Re: 比亚迪唐拖着货拉拉越野，锤烂合资车拥趸的脸,2023/1/8,原帖已删除,2
合资电车会跟着特斯拉降价吗,2023/1/8,shunderen,1
新势力就是当年的山寨机迟早玩完,2023/1/8,V587,4
我就不明白了，为啥汽车越来越便宜，手机越来越贵啊？？？？,2023/1/6,langmanyixia,18
这下子是真的没钱买比亚迪了,2023/1/7,pklmsthree,5
特斯拉车主们都这么硬核的吗？,2023/1/8,z8j,2
特斯拉一降价，逼格降低一大半,2023/1/8,timspace,6
【理想one的二手车跟宋dmi二手车一个价了，真掉价】,2023/1/8,chaodide,10
20款model3，4万公里，新车29万，今天特斯拉估价12.5万..,2023/1/8,q1w2e3r4t5y7,19
冷知识，性能车特能装30万以下型号百公里加速都进不了6s,2023/1/7,zhangxy11,18
特斯拉维权居然成功了 ？,2023/1/7,huizhijia,15
[讨论]特斯拉为啥在中国不给力了？,2023/1/8,nirvanavrin,15
Re: 买特斯拉的101%是为了“虚荣”吧？,2023/1/8,原帖已删除,7
涨价骂，降价骂，承诺不降价也骂,2023/1/8,omin,2
Re: 特斯拉掌握车辆驾驶权，就是裸奔啊，车主不怕吗？,2023/1/8,原帖已删除,42
涨价窃喜，降价就闹事？,2023/1/7,Laurasia,23
Re: 大众要被比亚迪干死了,2023/1/8,原帖已删除,0
特斯拉也该换代了吧,2023/1/7,qiuqiudu,35
Re: 特斯拉未完成年度计划，预150实130导致降价促销,2023/1/8,原帖已删除,17
特斯拉对于均贫富起了一定的作用,2023/1/8,henrykaka00,2
tsl降价其实对所有车主乃至中国对美博弈都是好事,2023/1/7,zhouxxs,21
马斯克不理解中国特斯拉车主的虚荣心理 (转载),2023/1/8,harrycheng,5
拉着哥们去特斯拉维权壮声威,2023/1/7,wsnsw,14
外企的产能瓶颈在哪,2023/1/8,hbwc,0
特斯拉的年内价格应该是低开高走,2023/1/8,phantombin,0
小鹏的至暗时刻已然度过,2022/12/2,AD007,20
咨询个换电问题,2023/1/8,gates25,1
想了半天，不明白原地掉头的场景到底是啥,2023/1/5,cclhyw,28
特斯拉维权成功是谣言,2023/1/8,henrykaka00,3
特斯拉最大的问题是老马没心思搞电车,2023/1/8,shunderen,4
2022年北京现代销量同比下滑25.6%,2023/1/8,chery,2
本田中国发布2022年销量同比下降12.1%,2023/1/8,chery,1
西部世界里的飞行车,2023/1/8,bxdx,2
有点理解为什么老外砸特斯拉了...,2023/1/8,Kawhi,4
四轮独立控制  挺担心安全性的  有一点不一致不就跑偏了？,2023/1/7,fzf,6
两种说法哪种正确？还是都正确,2023/1/8,JEFW,0
Re: 特斯拉在美国干过这样的事情吗？,2023/1/8,原帖已删除,1
看了下外媒对仰望U8的报道,2023/1/7,zhenxinhero,15
特斯拉本次降价目的,2023/1/7,fengwudian,4
问个特斯拉订单实效的问题,2023/1/8,shuguohui,1
车名，车标这种几乎零成本，却至关重要的因素,2023/1/7,qiuqiudu,6
提了腾势D9，深深被国产车打动了,2022/12/5,altlas,69
说特斯拉没有营销的都是胡说...,2023/1/8,Kawhi,0
个人出比亚迪秦 pro ev500,2023/1/7,jseanj,8
开年暴击！特斯拉全系官方降价，最高降幅超10万,2023/1/6,bufu110,6
终于明白有些人追求的所谓智能车的核心科技,2023/1/7,googlestyle,8
特斯拉降价，误伤哪家车？,2023/1/6,HLWJSJ,28
喷特斯拉降价的人是什么心理,2023/1/7,jimmylee0726,10
My660冬天高速续航能到330吗,2023/1/7,saynot,3
原地掉头视频,2023/1/8,test321,1
相比其他新能源车，特斯拉这次的价格真算便宜了,2023/1/8,crystalboy,5
特斯拉的中国籍新ceo下手够狠的,2023/1/7,dexterhl,8
特斯拉新产品何时出来？,2023/1/8,HLWJSJ,1
比亚迪技术跑偏了,2023/1/5,test321,62
Re: 特斯拉据说以成本定价，说明后续还要继续降,2023/1/8,原帖已删除,0
特斯拉订单有效期,2023/1/8,smiledi,0
跟大车后面多远可以降低风阻？,2023/1/5,sunlustre,32
极狐提车俩月，行驶七百问题汇总,2023/1/7,felixnbgg,36
大可不必喷蔚来的换电,2023/1/4,Neuromancer,91
仰望充分体现了比亚迪的一贯传统思维：为我独尊,2023/1/6,yehorse,78
特斯拉最要命的是股价,2023/1/6,SmartIC,46
这双标 百万的仰望恨不得得能飞才算牛逼,2023/1/7,stockerr,1
感觉比亚迪领导肯定干预插手设计部门了,2023/1/7,qiuqiudu,6
关于理想L7的一些细节zz,2023/1/7,qtpr,23
看这个视频，应急浮水居然是轮毂当螺旋桨,2023/1/7,ble,6
据说轮毂电机不适合高端车,2023/1/5,touareg,8
ET5召回了,2023/1/6,spinage,11
开惯了电车真不能开油车,2023/1/7,China500w,3
tsl把降价的钱拿来装修内饰不香吗？,2023/1/7,dryfish118,14
lacrover被取消在GreenAuto版的发文权限,2023/1/7,deliver,0
来看看【仰望】给你们露一小手。。。。。。。。。。。。。。。,2023/1/7,tsa350,8
看了仰望，我觉得比亚迪十年内肯定能量产高达了,2023/1/7,mafama,8
澳洲车评人看比亚迪仰望,2023/1/7,stockjack,3
接下去几年，小米华为百度智能车非常密集出来,2023/1/6,MachuPicchu,5
理想的油门和刹车的感受做得很一致,2023/1/7,touareg,4
仰望的防水功能，会不会随着不断开关门，漏水啊,2023/1/7,tiaoyang,0
smart精灵12月都卖了4606辆,2023/1/7,qko,1
仰望挺厉害，能把失控降低一万倍。其他厂家如果跟进也好。,2023/1/7,guoqingjie,0
难怪老巴要卖掉比亚迪，该改良升级的不搞，弄一些歪门邪道，辣,2023/1/6,playmobil,34
仰望这么大自重，原地掉头几次轮胎就磨平了吧,2023/1/7,pir,5
深蓝SL03订单转让,2023/1/7,marvin1985,10
试驾了理想L9,2023/1/7,youyuan715,0
关联仰望浮水脱困，转一个21年的特斯拉涉水测试,2023/1/7,wangdass8,12
content被取消在GreenAuto版的发文权限,2023/1/7,deliver,0
估计三家新势力都得玩完,2023/1/7,fancysky,25
仰望U8后轮能转向吗？,2023/1/7,huankuib,1
想到一个私桩的功能,2023/1/7,hippopipi,4
四电机没有什么技术含量，预计很多车企会很快跟进,2023/1/5,yehorse,145
比亚迪元Plus旗舰国庆节期间订单转让（涨价前）,2023/1/1,silveron,5
至少仰望的标还算好看,2023/1/7,PE2017,0
【特斯拉降价理想也玩完，年中差点被没名的赛里斯干趴下。】,2023/1/7,chaodide,8
仰望这车光水里开就是个大卖点,2023/1/6,lOOO,80
叶问分析仰望定价50左右合理,2023/1/7,amo9n,4
仰望确实提升比亚迪档次,2023/1/6,shunderen,3
发现高德地图新能源也可以规划长途路线啊,2023/1/7,XJTUMEC,0
问界m7和理想L8的销量对比如何？,2022/12/13,touareg,29
仰望门把手东北容易冻住吧,2023/1/7,stockjack,1
谈谈特斯拉的绝技,2023/1/7,oneroad,17
国外专业媒体是怎么评价仰望的,2023/1/7,content,2
原地掉头这么高级的功能,2023/1/7,weibeiqs,4
特斯拉最大得麻烦是竞争对手太多，而且没法制裁。。。,2023/1/6,MachuPicchu,12
[合集] 仰望U8毫无技术含量，造车还看丰田,2023/1/7,nolonger,0
特斯拉的家用充电桩有啥特别之处吗？,2023/1/7,Dingshuding,7
Model S X Cybertruck 有没有可能国产？,2023/1/7,henrykaka00,4
仰望100多万很多人喷贵，那么14年左右100多万买model S你们喷吗,2023/1/6,casid,10
特斯拉标续和长续怎么选,2023/1/7,ddle,28
米车谍照来了,2023/1/5,hzzonline,80
向版上各位同仁请教几个摇号和积分排队的问题，谢谢！,2023/1/7,lvjrbm,2
日产中国2022年12月汽车销量下降同比41.7%至70482辆。,2023/1/6,chery,13
特斯拉车主买自动驾驶比例多少,2023/1/7,LaughLy,10
仰望再怎么黑，一年5万辆肯定有，营收500亿吧,2023/1/6,MachuPicchu,73
陶琳回应大幅降价：特斯拉独一无二的极佳定律！,2023/1/6,zhangxy11,16
特斯拉还是太抠了,2023/1/7,vta,1
比亚迪别的不说，美感这块真的不行,2023/1/7,content,4
比亚迪为什么不上轮边电机,2023/1/6,dawei78,3
Re: Re: 以前说特斯拉是汽车中的苹果,2023/1/7,原帖已删除,25
这样真不好,2023/1/7,googlestyle,13
韩国日本这俩美国狗腿子，把他们所有产品给他们爸爸,2023/1/6,MachuPicchu,3
仰望U8原地调头视频 (转载),2023/1/6,flysand,3
鲜明旗帜支持特斯拉降价,2023/1/6,Acui,22
特斯拉打响2023降价第一炮，,2023/1/7,mozat007,3
特斯拉最大的问题是没新车,2023/1/6,shunderen,8
建议特斯拉出个价保险，收个5000，降价了补差价,2023/1/7,youcheng,0
特斯拉官网居然有官翻二手车！有些只开了几百公里,2023/1/6,presento,10
tsl把s和x腰斩才合理,2023/1/7,wakesman,4
我感觉m3还是贵了,2023/1/7,meirenai,5
仰望一出，多少豪车降格成了伪豪车,2023/1/7,immortalxu,0
傻子才信特斯拉按成本定价,2023/1/7,omin,4
特斯拉对赌协议,2023/1/7,chuangzilin,6
2023年后，国内新能源车还有几家能活下来？,2023/1/6,longyiyun,34
传说比亚迪发布会讲牛顿第二定律f=ma，真的吗？,2023/1/7,NuscaleSMR,3
特斯拉model Y价格还能到27万吗？,2022/7/13,newssmth,41
特斯拉各车型价格走势图,2023/1/6,carykel,14
易四方是真正电动车的起点,2023/1/7,bxdx,1
i3到底差在哪？被大家这么鄙视,2023/1/6,xiti,7
特斯拉够呛了,2023/1/6,biubiu02,51
仰望这车,2023/1/7,fengwudian,2
tesla这是又降价了吗？,2023/1/6,anomy,71
疑问求助，可否添加岳母为家庭成员组团摇号？,2023/1/6,smartbit,6
好久没关注，这一两年的骚操作，感觉特斯拉要玩完,2023/1/7,Kawhi,3
是大部分4s店都不补胎吗？,2023/1/7,TonyWare,1
找到仰望介绍的视频了,2023/1/6,helloxxx,6
竟然有人说仰望卖不了1000辆,2023/1/6,qko,1
我突然想到为啥特斯拉突然这么急着降价了,2023/1/6,dyatpk,7
为啥特斯拉一直有降价空间还能维持利润？,2023/1/6,BrownPupil,40
特斯拉真够狠的,2023/1/6,shuguohui,18
个人感觉2023年比亚迪320万辆，2024年430万辆,2023/1/6,MachuPicchu,0
特能装降价之后终于利润正常了,2023/1/6,zhangxy11,32
大胆预测比亚迪将很快放弃dmi转投增程路线,2023/1/5,snwofox303,92
本版有谁准备买仰望啊？,2023/1/6,census,15
理想L9使用感受,2023/1/4,sofarsobad,24
早上跟出租车司机的遭遇,2023/1/4,vboy,25
不管怎样BYD这波营销目的达到了,2023/1/6,skyfromheart,2
现款的标续磷酸锂model 3Y到底多少度电？,2023/1/6,zhangxy11,1
model x要选装6座么,2023/1/6,lossfunction,6
量产车能横着走吗？,2023/1/6,bdjnl58,1
Re: 三蹦子的电池寿命只有2到3年，为什么电车的电池寿命还可以,2023/1/6,原帖已删除,4
刚用了下手机唤车，停车场小妹惊了,2023/1/6,wholeholes,11
烦死了，买tesla降价这么多,2023/1/6,wopengyou,14
特斯拉降价一顿吹，小鹏理想降价一顿喷,2023/1/6,pigflying,4
Re: 特斯拉保价吗？,2023/1/6,原帖已删除,4
长城的坦克不是真坦克，比亚迪的是真坦克,2023/1/6,hellokkzhu,1
仰望什么时候可以试驾呀？,2023/1/6,willdx,0
这波降价以后，北京是不是买Y长续航最划算吧,2023/1/6,qiqi2qiqi,6
终于量产，Modely 4680电池实测参数解读,2023/1/6,zhangxy11,0
跟仰望相比，慰来真成了8848式的伪高端了,2023/1/5,testimonial,23
特能装降到这个价格就可以闭着眼买了？,2023/1/6,zhangxy11,10
仰望技术不错，但没有意义呀,2023/1/6,sunhw168,5
丰田以后要牛就应该搞出来便宜耐操高性价比得氢能源车,2023/1/6,MachuPicchu,3
硬派越野与超跑目前还没有存在于同一个品牌下的案例,2023/1/6,pabkyh,5
model y能到20万吗？,2023/1/6,jack1234jack,5
特斯拉官方降价，m3 23，my 26，韭菜厂名不虚传,2023/1/6,crystalboy,21
宝马i3哭晕了，刚降价赚了波人气，上个月腰板硬了开始提价,2023/1/6,youcheng,5
特斯拉降价有啥用？帝都很多地方不让进不让停的,2023/1/6,xubeida02,1
特斯拉要是配上冰箱彩电沙发就无敌了,2023/1/6,omin,7
哈哈，全网嘲笑特斯拉车主,2023/1/6,chelseaLL,23
仰望续航多少,2023/1/6,Andy888,0
FSD Beta V11 有什么比较大的改进吗？,2023/1/6,census,2
极氪有群吗,2023/1/6,xeam,1
实事求是的讲，小鹏的辅助驾驶一流，但是aeb一般,2022/8/20,AD007,2
仰望是轮边电机吗,2023/1/6,dawei78,2
比亚迪仰望展示的所谓黑技术,2023/1/6,zhaozhao1982,14
我是不理解本田日产这种都能年销100多万辆。。丰田么确实可以,2023/1/6,MachuPicchu,0
比亚迪仰望星空 发明了火,2021/1/22,dawei78,3
新能源渗透率在12月出现了连续下滑,2023/1/5,mafama,18
新能源汽车的大趋势就是价格不断下降,2023/1/6,henrykaka00,3
特斯拉这波降价时间选择很好，正好很多人发年终奖的时候,2023/1/6,youcheng,0
锤子车主维权吧，还等什么,2023/1/6,AD007,4
新能源车的价格战才刚刚开始，它就是大号的手机,2023/1/6,YuRuiTianXia,7
比亚迪确实技术突破了,2023/1/5,anaiw2,40
[心得]我觉得比亚迪这些年发展蛮好的,2023/1/6,dataee,0
特斯拉 降价 是针对 比亚迪 吧？,2023/1/6,Zhusaid,14
选装轮胎尺寸不一样算改装吗？,2023/1/6,rdsky,5
大众其实过得很舒服,2023/1/6,tedxyz,1
特斯拉大降价，就是因为销量急剧下滑,2023/1/6,tedxyz,6
日本经济产业大臣暗示加入美对华芯片制裁,2023/1/6,nisus,1
比亚迪这么搞，把爱国为的路给堵死了,2023/1/5,MachuPicchu,14
据说27号model3一步到21万,2022/11/24,rovskin,116
特斯拉官宣降价，历史最低,2023/1/6,tniuli,62
特斯拉这是在为新款清库存吧,2023/1/6,googleask,2
电车为啥还需要低压电瓶呢,2023/1/6,modelx8808,5
