﻿主题,发帖时间,_ 作者,回复
特斯拉这种几个月降价一次的，估计很难卖了。,2023/1/6,flyere,13
横着走就是典型的哗众取宠吧！,2023/1/6,GoogleGlass,9
理想的电池3年后会损耗很大吗？,2023/1/4,bbxin,44
有没有共享汽车的平台,2023/1/4,pany,1
zz害怕新能源车电池衰减？实测57万公里混动车电池性能,2023/1/5,AZTU,63
据说比亚迪的四电机独立控制是人类历史级技术？,2023/1/6,fzf,3
特斯拉 yyds 谈下降价后续,2023/1/6,oneroad,20
model3 22.99万 还是想买海豹怎么办,2023/1/6,zhangxy11,2
U8这种车，还是买混动靠谱吧？,2023/1/6,flysand,4
Re: 造车新势力出息了，小鹏造会飞的车比亚迪造会游的车 (转载),2023/1/6,原帖已删除,5
仰望这个太牛了，户外圈炸了,2023/1/6,wholeholes,0
仰望如果可以选配防弹玻璃，是不是齐活了？,2023/1/6,peibch,4
特斯拉以前不是卖的B格吗，现在降价了，B格也没了,2023/1/6,flyere,3
听说12月电费因第三阶梯暴涨，会影响电动车销售吗？,2023/1/6,soochowboy,4
只剩大众和日产没发布12月销量了,2023/1/6,Crusade,0
原来比亚迪才是那条鲶鱼,2023/1/5,stocklotus,20
这么多仰望的帖子,2023/1/6,memory166,0
【仰望就是西亚土豪梦想之车啊，满足有钱就能横着走的愿望】,2023/1/6,chaodide,2
为什么4电机其他汽车厂商没想过呢,2023/1/5,zhenxinhero,18
"知道什么叫无风不起浪了吗？model3,19万9，半年内看到",2023/1/6,langmanyixia,0
理想ONE开2年亏了半辆车，新车降6万，年后会更不值钱？,2023/1/6,bufu110,3
仰望的意义是跨时代的,2023/1/6,goodpower,4
22.99能卖的好吗,2023/1/6,meirenai,0
我们单位还是不让买特斯拉怎么办？,2023/1/6,sunlustre,0
奔驰拟拓展业务，投资数十亿美元进入充电业务,2023/1/6,peibch,1
现在转新能源，排到多久以后了？10年？,2022/12/26,royguo1988,10
电车领头羊是谁？,2023/1/6,HLWJSJ,1
未来五年 比亚迪的纯电还是混动车多？大佬们,2023/1/6,HLWJSJ,5
仰望才是真正的利用了汽车电气化,2023/1/6,fancysky,0
纷纷涨价的鸡贼厂家们看看这次怎么应对吧？,2023/1/6,socool,1
宋plus ev，一年跑了6k8,2023/1/6,bjzxdp,9
这车还是有卖点的，对于有钱人吸引力很大！,2023/1/5,GoogleGlass,12
车是老百姓的工具，有钱人的玩具。喷仰望的可以休矣。,2023/1/6,bjny99,1
深蓝12月销量1.1万量,2023/1/3,simazl,77
其实BYD的市场占有率和电池技术，最应该推动换电吧 (转载),2023/1/5,CodePeasant,9
怎么关闭byd向车主手机传输行驶信息啊,2023/1/6,asyouwish,3
反馈L9乘坐感受，供养娃家庭参考,2023/1/6,jiajiaha,0
比亚迪的外观设计真难看,2023/1/6,qiuqiudu,5
立个高科技招牌而已,2023/1/5,oneroad,2
仰望u8真的好看,2023/1/5,zhenxinhero,8
U8这车有两大问题,2023/1/5,zthenry,8
仰望大灯真够丑的,2023/1/5,skyfromheart,2
比亚迪超跑U9,2023/1/5,Dadubaba,15
特斯拉新款Model S X售价公布,2023/1/6,henrykaka00,1
各个行业得华为太多了，快压不住了,2023/1/5,MachuPicchu,5
丰田混动车冬天油耗不咋地啊,2023/1/6,bdjnl58,3
买电车成本不能只算售价,2023/1/6,nOOneknOws,3
一家两代人，46分，五年之内好像都没指望,2023/1/5,wen1984,11
国产技术还是不行，百万级的超跑才2秒级加速,2023/1/5,content,9
为什么开空调比开座椅加热费电这么多,2023/1/6,NuscaleSMR,4
仰望是纯电？,2023/1/5,micromote,2
还是电好，都一样。,2023/1/6,wakesman,1
仰望可以当游艇开？,2023/1/5,flybox,20
新能源补贴取消会有什么影响？,2023/1/5,HLWJSJ,10
Re: 中了天津蓝牌，不打算买车，怎么保？,2023/1/6,原帖已删除,2
小鹏自动驾驶技术上人民日报头版头条了,2023/1/5,AD007,6
横着走是不是特别废轮胎,2023/1/5,bxdx,5
比亚迪确实牛逼啊,2023/1/5,runzzg,29
电池车今年遇到的最大问题,2023/1/5,lengdong,32
发现了冬天省电大招,2023/1/4,evermore,17
比亚迪 仰望能横渡台湾海峡么？,2023/1/5,tanguofu,1
全球车企市值排名,2023/1/4,he111,64
出租油车车牌,2023/1/5,candy0904,0
仰望发布会定位挺好的-安全,2023/1/5,Dadubaba,23
高合快挂了吧,2023/1/5,biubiu02,0
比亚迪创造了中国汽车工业史两个第一,2023/1/5,Crusade,46
仰望u8要是定价80万，理想L9就危险了,2023/1/5,qko,10
据本论坛消息  仰望要两年内干趴保时捷？,2023/1/5,fzf,2
仰望这俩车外观一言难尽啊,2023/1/5,dyatpk,12
比亚迪怎么感觉走上了华为得路，各种概念都出来了,2023/1/5,MachuPicchu,3
一直有个问题，电车后驱冬天下雪打滑怎么办？,2023/1/5,bangke,16
仰望有可能取代理想L9成为500万以内最好suv,2023/1/5,qtpr,4
仰望 要是再加个翅膀就全能了吧,2023/1/5,tanguofu,2
仰望几点发布？,2023/1/5,xiadayu,6
56E一个月卖三万多辆，ET7一个月卖一千多辆,2023/1/4,mafama,128
人防车位能装充电桩不,2023/1/5,skyfromheart,10
这个直接爱国迪了，反正我3岁半得地婧都知道比亚迪,2023/1/5,MachuPicchu,0
sevny被取消在GreenAuto版的发文权限,2023/1/5,deliver,0
yehorse被取消在GreenAuto版的发文权限,2023/1/5,deliver,0
一图读懂仰望—还在挤牙膏,2023/1/5,googlestyle,14
电车回安徽，充电地点有啥建议吗？,2023/1/5,compaqn800c,2
海豹近看还不错,2023/1/5,west,18
如果有安全可靠的液体电池，电车的核心问题是不是就解决了。,2023/1/4,zheshimimi,8
我可能是最公平公正的,2023/1/4,gokukun,20
比亚迪研发推出新车速度比特斯拉快了好多倍,2023/1/5,tiaoyang,11
搞半天仰望是纯电还是混动？,2023/1/5,tiaoyang,1
百度这个对标极客 001，要是起步 35 性价比很低了吧,2023/1/5,tanguofu,0
gucasxiaot被取消在GreenAuto版的发文权限,2023/1/5,deliver,0
极氪001 丐版、modelY丐版、汉EV创世版，这三个怎么选？,2023/1/1,toptime,66
看来我国汽车商品出口也不都是落后国家,2023/1/5,peibch,14
今年家庭60分希望大么,2023/1/5,chrome2000,1
未来电车要么单电机版本，要么四电机版本,2023/1/3,lemonbox,3
收一个随车充,2023/1/5,mooners,5
返京路上慌得一批,2023/1/3,stefseek,39
数量增加了6360个，及格线能多少？,2023/1/5,wen1984,0
各家新势力都跟保时捷过不去,2023/1/5,wanllow,0
到底啥是智能车？,2023/1/4,googlestyle,44
版上有bz4x的车主么？,2023/1/4,socool,18
万能，一年18000公里该买什么车？纯油、纯电还是插混？,2023/1/5,xubeida02,2
换电有可能盈亏平衡吗，一直不明白。,2023/1/3,kxtjmn,205
问智能车的，请自行补课,2023/1/5,AD007,0
ylh1969被取消在GreenAuto版的发文权限,2023/1/5,deliver,0
ylh0315被取消在GreenAuto版的发文权限,2023/1/5,deliver,0
dynasty1215被取消在GreenAuto版的发文权限,2023/1/5,deliver,0
特斯拉车主试驾小鹏g9，理想L9,2022/11/23,shiguang,49
小鹏 12月交付重回万台,2023/1/1,laoxinzhe,20
想买个极氪21年的订单,2023/1/4,BlueTears,6
路边停车如何线下缴费,2023/1/4,sharonyue,6
小鹏G9十月份销量：623辆,2022/11/9,census,44
哪吒s增程这车很有意思啊 300 纯电续航20万 别的车厂做不出来吗,2023/1/4,ChangKaishek,7
求推荐落地25W最右的新能源,2022/12/27,exist09,54
新手买suv 还是轿车呢？,2023/1/2,huanhuan87,13
wangdass9被取消在GreenAuto版的发文权限,2023/1/4,deliver,0
nuoya12被取消在GreenAuto版的发文权限,2023/1/4,deliver,0
坦克500也出PHEV了，先出100公里版，3月交付,2023/1/3,census,3
网传特斯拉国内订单还剩5800,2022/12/28,xiadayu,48
nuoya123被取消在GreenAuto版的发文权限,2023/1/4,deliver,0
为什么中国电车协会（xx部也行）不制定一个统一换电标准,2023/1/4,spritesw,8
比亚迪今年能稳定地月销破30万吗？,2023/1/2,OkBaby,42
EU5-单踏板4.0-水木第一批内测开始了--圆满完成招募任务,2020/11/22,hsv,93
旗帜鲜明的反对 说 理想是一家没有理想的公司,2023/1/2,shiguang,10
哪款车NVH比较好,2023/1/2,zthenry,13
感觉北京一辆电车出远门租车性价比极高,2023/1/4,zhaozhao1982,8
simazl被取消在GreenAuto版的发文权限,2023/1/4,deliver,0
sdlk被取消在GreenAuto版的发文权限,2023/1/4,deliver,0
这是充值价格没谈拢？,2023/1/3,TrinidadSeal,20
我看电爹售价很难降下来了,2023/1/3,imchenghaibo,11
前一段时间特斯拉车祸，不减速还撞死一人，最后什么结论？,2023/1/4,NuscaleSMR,8
电动车已有租用电池和换电模式，是不是该有第三方电池啦,2023/1/4,LYMing1986,13
蔚来马上要月销2万了？,2022/9/8,mafama,45
我预测过会大卖的车,2023/1/3,gokukun,46
理想的成功在于路径选择+套娃战术,2023/1/1,AD007,61
一些车企要试水换电了,2023/1/2,ahmi,41
埃安今年目标60万辆。,2023/1/3,biubiu02,14
新能源车12万以内有什么好的选择，要求宽敞一点，最好铁锂的,2023/1/3,speedoflight,14
补贴取消了 ，电车都涨价了吗？,2023/1/4,kevin110,4
天际是什么车，屁股还挺好看,2023/1/4,Dadubaba,1
第一次充电没充满正常吗,2023/1/4,exist09,6
byd的延保有用么，3k延保两年,2023/1/4,sevenseablue,9
我一直没想明白换电怎么解决涉水问题,2023/1/3,xianrena,12
北京摇号规则,2023/1/3,qwe5201,4
请问蔚来车主现在购车送多少换电权益,2023/1/3,xiadayu,31
比亚迪的百万豪车仰望据说是增程车,2023/1/2,touareg,106
新能源新车申请上牌当天可以拿到牌吗,2023/1/3,JDer,7
分享个热乎的极狐北京至大同高速数据,2023/1/1,wangdass8,152
et5 旅行版要来了,2023/1/3,AZTU,23
路上还没见过BYD驱逐舰，网上先看到烧了,2023/1/2,zyzx77,10
这个春节有多少大佬准备驾纯电动回老家的？,2023/1/3,HLWJSJ,17
长安深蓝sl03上市，非常看好增程款,2022/7/25,snwofox303,172
理想一年三分之二都是电驱动的,2023/1/2,pigflying,80
和蔚来、小鹏相比，理想是一家没有理想的公司,2023/1/2,AD007,52
特斯拉因夸大电动汽车续航里程被韩国罚款28.5亿韩元,2023/1/3,zmren,4
求推荐。。。以下条件的电车,2023/1/3,BrownPupil,15
新能源电动汽车当下的7大争议,2022/12/27,chery,46
下一量车可能是增程,2023/1/2,shunderen,21
下半年好像新能源自燃的新闻很少了,2022/12/31,peibch,41
极氪23款改款出来了,2023/1/3,xeam,14
转比亚迪7KW充电桩安装权益,2023/1/3,zhangjl521,6
"ID4提车1个多月,也来发今天的电耗",2023/1/1,gfjeff,14
自行更改轮胎尺寸，影响质保、保险和年检吗？,2022/12/29,zheshimimi,18
比亚迪全年销量186万辆 (转载),2023/1/2,Simu1ink,29
新能源60630，25年有戏吗,2022/12/29,bpdxcc,23
买小米汽车的会不会被笑话死,2022/12/31,langmanyixia,53
特斯拉又摊上事了,2023/1/3,qbb,4
发现现在网约车大部分都是比亚迪纯电车,2023/1/2,lclniuniu,10
Re: 小米汽车进展如何？,2023/1/3,原帖已删除,20
有id4c车友群吗？,2022/10/15,vandi,6
ID4 C 看一下今天的报价，还能再砍多少？,2022/9/24,gfjeff,29
我心中理想的新能源车,2023/1/2,maxwellgood,26
特斯拉在华订单暴跌96%,2022/12/29,chery,29
为什么爱国迪所有问题都是电池问题,2022/12/31,maxwellgood,64
理想 L8，纯电开了 200 公里,2023/1/3,powell,13
有点不明白啥叫核心技术,2022/12/30,guangge,31
汉兰达混动现在月销不到5000,2023/1/2,touareg,7
请教各位版友，现在ETC去哪办方便呀,2023/1/1,exist09,13
理想成功的秘诀是真正想去满足客户需求,2023/1/2,touareg,33
23年的指标分配还没出么,2023/1/3,s7715705,2
来说说今年有哪些值得关注的车吧,2023/1/3,Cobb,3
说一个老司机的高速开法,2023/1/2,vta,9
新手上高速的来看看法规的规定,2023/1/2,lewdster,5
极氪交付12月11337，全年71941,2023/1/1,cosun,24
月经贴：关于高速直驱的效率优势,2023/1/2,touareg,12
有人宣称不能外插充电的增程车不是增程车,2023/1/3,touareg,3
特斯拉中国负责人接管北美地区销售工作,2023/1/3,Dankeschon,1
比亚迪订金拖着不退,2022/12/30,limzerg,12
12月份这次无车家庭是多少分入围,2022/12/31,crdc,4
理想L8驾驶感，还是可以的。,2023/1/3,wholeholes,10
理想12月破两万了,2022/12/30,AZTU,75
美国很多州规定刚拿到驾照一年内不能上高速,2023/1/2,magicknight,3
刚提新车，新年第一跑，这油耗，还有谁！,2023/1/1,lidong016,24
上海租车，有定速巡航功能的纯电车，大概啥车型/价位？谢谢,2023/1/2,firstmj,0
难怪当时禁止特斯拉进入某些场所,2022/12/20,A00002,60
比亚迪元今年没有年度用车报告了吗,2023/1/2,niuya,1
看十大 竟然有不少司机认为高速比普通道路好开,2023/1/1,jiaoyi,51
求助，关于BYD维修,2022/12/27,zhoujianfeng,45
北汽和极狐12月份的销量出来了吗？,2023/1/2,OkBaby,7
高速好开，那是老司机,2023/1/2,chuangzilin,15
150度电池来了 增程还香吗,2020/12/22,wangkuo111,94
理想不是倒闭了吗？,2023/1/1,peakzhou,7
美帝想搞死中国就该多培养社死合伙人这类角色,2022/12/31,zhouxxs,17
没开过特斯拉，请教一个问题,2023/1/2,huangtian54,14
腾势是个很不老实的品牌,2023/1/2,zukerG,3
咨询下安装电桩的事儿，谢谢,2022/12/29,zone,17
阻挡中产 购买L9和009这种巨无霸的不是价格,2023/1/1,AD007,17
发个北京modely标续版 前几天的数据,2023/1/2,drifter777,10
高速够龟就好开,2023/1/2,zyzx77,0
贵版有人宣称日产note e-power不是增程车,2023/1/2,touareg,5
微小李12月及全年销量,2023/1/1,Crusade,34
大广高速上有车起火,2023/1/2,cropcircle,0
广汽的HyperGT很口水啊,2022/12/31,hsv,29
Re: 感觉蔚来 et5 要完蛋,2023/1/2,原帖已删除,73
新年第一天，都跑了多少公里呢？,2023/1/1,HLWJSJ,9
L8试驾感受,2022/12/31,als,19
呆弯省媒体又吹牛，说特斯拉配件70%是台湾产,2023/1/1,SmartIC,2
极狐日常讨论群及价格分享,2023/1/2,felixnbgg,5
油车跑长途1000公里有里程焦虑症吗,2023/1/1,plum2000,2
id4c p+今日电耗,2023/1/1,alcoholism,10
贡献一个冬天高速数据（秦plus EV 600km）,2022/12/31,norainbow,41
很少有人讨论小鹏的优惠,2023/1/2,gokukun,0
考虑了几天，还是放弃开车回老家了,2022/12/31,China500w,30
"蔚来2022年12月交付新车15,815台",2023/1/1,xixihaha2019,1
特斯拉降价了？,2023/1/1,qbb,10
xiaominggege被取消在GreenAuto版的发文权限,2023/1/1,deliver,0
今年过年回家提前几天走能避免少堵一会？,2023/1/1,xiuhuwang,9
各大车企，12月以及全年销量就要公布了,2023/1/1,Crusade,5
日版比亚迪汉亮相,2023/1/1,mafama,0
看到1-11月极狐的销量，有点吃惊,2022/12/27,spare,112
轮胎气压能影响20%能耗,2022/12/31,xiadayu,9
比亚迪宣布全系涨价2000-6000,2022/12/31,xiadayu,12
不懂就问：坦克500插混是怎么发电的？,2023/1/1,touareg,0
其实冬天电车不开空调也行,2022/12/29,nolonger,11
版面积分变更记录,2023/1/1,deliver,0
[新能源]ET5粉色提车了,2022/12/30,tidus,42
有电车自己加柴油发电机的吗？,2022/12/29,Onepunchman1,5
降价了,2023/1/1,sunlustre,1
理想L9和L8月销双破万，总月销21233,2023/1/1,touareg,0
长草岚图追光,2023/1/1,flyelectron,3
新年快乐,2023/1/1,XC90,2
140kWh麒麟电池的极氪001,2022/12/27,wnwang,108
12月份的销售量该公布了吧？,2023/1/1,Simu1ink,1
请教：2021年出厂的库存车可以买吗？,2022/12/31,lxw2007,6
要算全年的成绩了,2022/12/31,lifegolden,3
英国氢能进展迅速啊,2022/12/27,SmartIC,20
听说极狐国补结束厂家也给补贴。,2022/12/31,ChristCao,6
这板上极狐的帖子也太多了吧,2022/12/29,highlight106,44
电动车充电速度慢是基础物理规律所致,2022/12/28,guoshi,15
指标腾出来了，有啥毛可薅不,2022/12/31,idiotwsh,1
极狐vs特斯拉,2022/12/29,gokukun,55
小鹏的黏性可以,2022/12/31,LeonTang,4
特斯拉上海公司，不再属于马斯克？,2022/12/29,txgx,5
比亚迪秦ev300标准电量是多少？,2022/12/31,HaiJiaoCN,5
哪吒是360投资的，大家注意,2022/12/30,CXO,7
不得不说,2022/12/31,zthenry,35
昨天在北京路上看到一辆活的海豹,2022/12/30,ble,20
仰望外形有点太乱了，山寨感十足。,2022/12/30,nkzz,25
也是奇了，一辆奥迪在比亚迪4S门口自燃了,2022/12/31,peibch,0
不是特斯拉车主却特别关注特斯拉是什么心理,2022/12/29,shiguang,23
我从前一辆车，国家好像补贴了七八万,2022/12/29,sunlustre,10
特斯拉太矬了，一年跌了75%,2022/12/28,quany,85
这一年充电2301度，行驶15927公里,2022/12/28,nonexist,12
比亚迪汉EV和海豹有看过车的板油吗,2022/12/27,exist09,15
两驱电车后驱还是前驱好,2022/12/30,johnpig,56
广州车展一新能源车展台着火,2022/12/30,nzjw2016,9
加柴暖的纯电车越来越多了,2022/12/29,catherineyun,98
smart要20万？,2022/12/20,safari,25
梦想汽车还是霸道,2022/12/30,googlestyle,0
各位大佬，哪家店宝马i3现在能25万以内落地？,2022/12/29,semilog,3
12.31号了，买新能源还来得及锁定国补吗,2022/12/30,shuguohui,10
新能源摇号取消？,2022/12/29,HLWJSJ,15
小狐狸的年度用车报告。,2022/12/28,ChristCao,15
飞凡R7车主使用情况交流,2022/12/19,ruxia1949,26
比亚迪接盘成都紫光芯片厂,2022/12/29,Icanread,1
想收一个带安装的充电桩,2022/12/30,byh,0
1月6日公布售价 特斯拉Model S/X Plaid明年交付,2022/12/30,henrykaka00,0
大众在全球已交付超过50万辆 ID. 电动车,2022/12/26,tedxyz,40
蔚来是又提价了么？,2022/12/25,chelseaLL,11
求推荐大众ID6和比亚迪唐哪个车更好些,2022/12/24,zhanghg,120
特斯拉中国的研发部门是干啥的,2022/12/30,zhangxy11,6
关于指标延期使用的问题,2022/12/27,MEIZUMX2,14
特斯拉的FSD到底咋样？单指在美国的使用情况,2022/12/27,langmanyixia,27
继续提问啊，关于自家拉线扩容问题,2022/12/30,zone,1
求个汉车组群,2022/12/28,exist09,5
虽然特斯拉大跌，但是相对于启动前，也涨了三倍了,2022/12/29,langmanyixia,5
车库的最大好处，冬天早上不用提前热车,2022/12/29,Mrsundy,23
家庭电表扩容请教，谢谢,2022/12/30,zone,1
油车购置税优惠最后两天？,2022/12/30,xubeida02,1
中签了，求问几何A PRO600和极狐708行情,2022/12/26,xuzheng,43
极氪001，卖了1年多了，还是半成品吗？,2022/12/22,lipingxin,51
求证：台湾拒绝购买上海产的特斯拉，一直买德国的，真假？,2022/12/29,smezsc,16
byd汽车车载流量怎么买,2022/12/28,jackwang,25
什么时候北汽蓝谷能专注于代工？,2022/12/29,sunlustre,3
外面说我朝新能源汽车补贴总计1500亿,2022/12/27,SmartIC,85
冬天用车续航5折是正常的吗？,2022/12/27,xiadayu,32
11月新能源汽车销量排行榜,2022/12/29,cokebear,33
可以自主设置充电百分比的车有哪些？,2022/12/29,imchenghaibo,6
1月份买会比12月贵多少？,2022/12/27,exist09,11
电爹厂还在用cltc忽悠人？,2022/12/29,imchenghaibo,34
[混动]除了BYD和理想，混动（增程）推荐什么型号？,2022/12/29,tedxyz,8
catherineyun被取消在GreenAuto版的发文权限,2022/12/29,deliver,0
shiguang被取消在GreenAuto版的发文权限,2022/12/29,deliver,0
2023，新能源持续下跌么？,2022/12/29,HLWJSJ,14
极狐讨论群,2022/10/25,felixnbgg,6
Re: Re: Re: 极狐交流群,2022/12/29,原帖已删除,11
身边的人买电车很少看特斯拉了，品牌衰败可以这么快,2022/12/28,playmobil,42
看了一下新能源排号，23万,2022/12/28,bluedelzd,21
特斯拉股价大跌说明……,2022/12/29,catherineyun,2
路上终于看到一辆深蓝SL03,2022/12/14,ntstar,6
小鹏g9后防撞梁手都能摇动,2022/12/29,livermore,1
lengdong被取消在GreenAuto版的发文权限,2022/12/29,deliver,0
比亚迪，没人吐槽下前挡风除雾的按钮的位置吗？,2022/12/28,Kenny1107,17
请教，长安奔奔ev180电池坏了，维修遥遥无期,2022/12/27,hushLinux,18
求推荐安装充电桩的公司,2022/12/28,why00100,7
汉ev纯电框架啥时候上线,2022/12/23,lengsong,11
昨天验了个车，用了大概10分钟,2022/12/29,modelx8808,5
特斯拉到底有没有技术？,2022/12/25,zhiliang,17
Re: 在唐dmi上住了3天了,2022/12/29,原帖已删除,42
特斯拉：一周制造4680电池86.8万块，可装备1000多辆Model Y,2022/12/27,census,8
特斯拉怒撞延安路高架岗亭。。。。。。。。。。,2022/12/23,tsa350,38
取消补贴，终于公平竞争了,2022/12/27,sunlustre,16
一年电费3300,2022/12/26,prettyshelia,20
Model y突然打不动方向盘正常吗,2022/12/27,ziheng89,68
买车是个负担,2022/12/24,sunlustre,28
买了bmw的i3，后驱需要在东北开，有啥性价比高的雪地胎推荐推荐,2022/12/28,frankieboy,6
zhouxxs被取消在GreenAuto版的发文权限,2022/12/28,deliver,0
我觉得有一个功能很实用,2022/12/27,XJTUMEC,30
新ES8比L9贵了20万,2022/12/26,mafama,104
我这么理解没错吗？关于家庭摇号,2022/12/28,taugulua,4
model y避震太颠有得救吗，胎压已经2.6了,2022/12/23,zpw2000,36
开3年蔚来ES6，省出1辆宝马X3,2022/12/28,shemar,18
一般都到哪里去买特斯拉，必须4s店吗？,2022/12/27,onlyalive,17
001车主能否解释一下，为啥排故还需要回店里刷机？,2022/12/28,AD007,2
新能源车下一个开号是什么时候,2022/12/27,passmeds,13
疫情延期估计快要取消了,2022/12/27,Cobb,1
请教一下换车时车牌空置时间,2022/12/27,byan89,9
现在某车之家收一台L9，是否可行？,2022/12/27,playmobil,3
新ES8有点理想化的感觉,2022/12/24,leon1020,12
公司排队新能源第二年纳税达标需要如何操作,2022/12/27,easternsun,0
【亲历目睹】新能源车行驶中电池爆燃 可怕,2022/12/27,xianrena,6
alynnea被取消在GreenAuto版的发文权限,2022/12/27,deliver,0
求几个ID6车友群，谢谢,2022/10/12,wlan,6
一直摇油车现改申电车,2022/12/27,yitruly,3
一冲动定了理想L8pro,2022/12/10,CRDM,32
车托之家L9论坛上，一堆转让的,2022/12/26,resumeguo,17
从申电车改为申油车可以吗？,2022/12/27,yitruly,0
周末去看了阿维塔,2022/12/26,youyuan715,9
本版好像极狐粉不少，看测评这车不行啊北汽还是不行,2022/12/23,content,71
元plus在日本卖440万日元，LC300起价才510万日元,2022/12/23,he111,43
电车冬天起步第一个十公里是不是很耗电？,2022/12/26,ruxia1949,12
最近路上先后看见一个i3一个i4,2022/12/27,maxplux,1
20万以内的新能源--有啥遗漏的么？,2022/7/26,slippercc,66
昨天蔚来发布的第三代换电站比那两款车更有吸引力吧,2022/12/25,lakepanda,24
同志们，我今天提了一个海豚,2022/10/18,lengsong,110
好几天没开车了，发现电量掉了4%,2022/12/26,pTq,7
Re: 入手ID4C，求车友群,2022/12/27,原帖已删除,11
对电车来说，电子手刹有什么用？,2022/12/27,zheshimimi,7
现在上号牌还都是京A么,2022/12/27,heytu,2
不是特斯拉,2022/12/27,ylh0315,1
早就说过，自动驾驶是最大的泡沫和骗局,2022/12/26,woodguy,8
别摸我的ix3好像价格降了不少,2022/12/24,Buerme,18
本青交了es8的订金,2022/12/27,wudashu,3
家庭积分170+能迅速摇到电车号吗,2022/12/24,npp,19
特斯拉都用了哪些关键技术实现的超低电耗？,2022/12/15,wanllow,198
今天开始就没补贴了,2022/12/27,meirenai,1
把家里的第二辆车也换成了比亚迪,2022/12/26,Forane,36
转极氪001订单，不知发这里合适不？请版主留情。,2022/12/26,newtonxyz,1
元Plus EV选哪一款,2022/12/24,ph0632,4
至今40万以下没有超过M3P的？,2022/12/26,sunlustre,8
唐EV黑武士（轻拍）,2022/12/24,jason29,17
特斯拉诱导司机不管方向盘了吗？谣言！,2022/12/25,zhouxxs,14
合伙人：网络自媒体和特斯拉“车主”的营销话术面对各种撞车视,2022/12/26,zhouxxs,0
请问现在单位申请新能源车牌是摇号还是积分排号啊,2022/12/26,skywulin,0
疫情车号延期的政策是不是要取消了,2022/12/26,vincehong,4
Model Y23年改款,2022/12/21,XC2019,19
周末试驾了路特斯,2022/12/26,xglchong,8
为啥特斯拉最近股票狂跌，卖的不好？,2022/12/23,peibch,16
今天早上被别了 又是日系车,2022/12/26,haove,6
卖了个车,2022/12/23,wangyincnpe,5
咸鱼上那种卖xx年xx月订单的，大家怎么看？,2022/12/26,BlueTears,8
ec7来了 ,2022/12/24,stanlyliusu,59
特斯拉上海工厂被曝已停产，原因未知,2022/12/25,chery,31
欧拉很漂亮啊,2022/12/26,ZLLF,1
请推荐混动或增程suv车型，后备箱越大越好,2022/12/25,dying,14
买电车4年，逆风向而动。冬天开起了老油车。,2022/12/25,qwt,14
不追求动力的情况下，四驱对电车的作用有多大？,2022/12/23,lemonbox,37
有没有愿意买零跑C01的，第一批订单优惠超多（北京）,2022/12/23,sun0star,16
家充效率91.5%怎么样？,2022/12/24,biubiu02,18
蔚来新es8和es7没啥区别啊,2022/12/24,spinage,14
北京的油车置换新能源外迁补贴有办过的吗,2022/12/25,speeder,7
希望中签,2022/12/26,port7,0
发现几乎没有低于20万的电车了呢？,2022/12/23,dingmou,17
单位一辆宋plus刹车响声异常刺耳，低速都响,2022/12/17,shuiwoods,80
et5这天气续航大概六五折,2022/12/23,biubiu02,17
新能源汽车资格有效期120天已经开始计算了吗？,2022/12/25,ph0632,3
只论最硬，别的不论，是哪个有结论了吗,2022/12/24,restless,5
今年冬天怎么不举办趴趴趴大赛了？,2022/12/24,cumthyj,10
贯穿式全幅偏振/频移双模HUD？,2022/12/25,doitmy,3
元plus在新加坡181888新币，合人民币94万,2022/12/23,stocklotus,50
国产新势力到底有没有抄袭特斯拉,2022/12/17,TimeAndRiver,42
model y在米国跟x5一个价，国内便宜这么多怎么大家都不认呢,2022/12/20,prize,26
4s店都这么牛么？,2022/12/24,zheshimimi,5
车标的价值排名,2022/12/24,song2692005,6
蔚来今天出什么车型？,2022/12/24,LordTod,12
蔚来也上了冰箱和虚拟大彩电了,2022/12/24,xxyy0088,1
江淮收购安徽蔚来17亿资产,2022/12/24,wsnsw,8
欧尚z6idd感觉不错啊,2022/12/24,content,0
十二月第三周上险量,2022/12/21,ia,11
客观说说比亚迪和特斯拉,2022/12/21,yuandao888,15
求教个公共充电的问题,2022/12/24,tjugadfly,2
买车最重要的还是要挑机械素质,2022/12/23,west,22
老破电车真不行,2022/12/23,littlelulu,9
SEMI电动卡车被司机吐槽 ZZ,2022/12/14,googlestyle,34
北京新能源指标现在是自动延期吗？,2022/4/12,mutouren1234,23
已提唐EV730续航,2022/12/22,jason29,33
续航达不到标称的4折,2022/12/23,kz6681,7
比亚迪在哥伦比亚的广播广告【偶然发现的】,2022/12/23,willdx,6
宋plus ev 冬天续航能打几折？,2022/12/23,wxywxyyxw,5
卖二手哪里靠谱？,2022/12/23,yeludaoge,17
有这天气高速能开3小时以上的电动车吗？,2022/12/19,dxzsy,73
看不懂吉利集团的谜之操作,2022/10/20,AD007,64
