﻿主题,发帖时间,_ 作者,回复
帝都明儿开始暂停尾号限行,2022/12/21,nisus,7
抄袭其实不可怕，可怕的是无法抄袭,2022/12/17,TimeAndRiver,28
美国人民最近怎么不待见特斯拉了？,2022/12/23,mafama,11
蔚来这事说明新势力还是不行,2022/12/22,cokebear,18
大幅降价后，奔驰EQ系列月销量仍为个位数,2022/12/21,xingbake,8
Re: 求二手电车,2022/12/23,原帖已删除,3
展车的话一般会打几折销售？,2022/12/23,robocop,3
我早就说过特斯拉能耗低的因素,2022/12/17,zhangxy11,35
只买三者+较强可以吗？,2022/12/20,chouachou,16
最近觉得EQE很不错啊,2022/12/21,hulafly,21
电车全生命周期，自用，真的能省钱？,2022/12/16,GUAZHA,116
哪款电车现在适合开着出去浪？,2022/12/22,wsnsw,9
蔚来部分用户数据遭窃取,2022/12/20,nisus,1
补贴置换23年还会有么？,2022/12/21,BlueTears,5
甭管什么牌子的汽车，都是价格虚高的。看背后的资本都在憋着劲,2022/12/23,kadoyoo,1
ET5的坐姿太难受了,2022/12/20,ELP,35
貌似长安深蓝销量越来越大了,2022/12/17,simazl,67
限行取消了，要不要多发点指标？,2022/12/21,xiuhuwang,9
年底换车，出奔驰c260标轴运动,2022/12/20,gokukun,5
个人出6.4w公里2016款尊荣型秦ev300（已出）,2022/12/22,wuyiwangzi,0
特斯拉美国：官方大优惠,2022/12/22,census,0
蓝谷麦格纳之连接篇,2022/12/22,ylh0315,0
刚才在版纳见到一个京AA的威马,2022/12/22,iTuzi,0
蔚来泄露的数据真不少啊,2022/12/20,tsa350,86
统计一下，有前备箱的车主，平均一个月打开几次,2022/12/19,zhangxy11,32
好奇特斯拉的门店销售怎么算业绩,2022/12/21,orwell,5
今天提了理想L9,2022/12/13,pigflying,50
借人气求推荐好用 性价比高的3.3kw随车充，谢谢,2022/2/25,cart,37
细思极恐！蔚来数据泄露这事,2022/12/21,hhhhh1234567,10
国产新势力为啥不用碳化硅？,2022/12/17,TimeAndRiver,37
蔚来李斌说负责,2022/12/21,chuangzilin,12
一个包不够，要3，智己这是把怪异贯彻到底啊,2022/12/21,AZTU,18
你们对于当初的备胎是什么态度？,2022/12/21,cosun,4
ID.6带娃、买菜用还行吧？,2022/12/18,panyrd,30
制动能量回收和空档滑行哪种更节能？,2022/12/19,wanllow,19
三元锂电池到了后期都会起火,2022/12/8,xingbake,129
特斯拉Y 为什么不出长续航单电机版本！,2022/12/20,speedyw,10
有必要再再再给大家科普一下sic mos,2022/12/17,zhangxy11,48
21款汉EV优惠1万，望周知,2022/12/20,sjsyizhihua,12
五彩城的蔚来展厅撤了,2022/12/20,safari,4
【求助】新车选号遇到12123网站崩溃,2022/12/18,cathyrose9,9
销售说比亚迪一月份要涨价,2022/12/20,huanhuan87,10
北京的置换补贴，要求迁出么？,2022/12/20,BlueTears,10
电车电池就这样了么？,2022/12/3,HLWJSJ,35
et7新的1.2.0系统更新推送了,2022/12/21,stanlyliusu,2
听说特粉开始否认胎压3.0是颠撕拉核心黑科技了,2022/12/19,sirius0777,6
说个id3的倒霉事,2022/12/20,hypnos,14
据说Model y售后可以花3200换加长3cm的座椅，值吗,2022/12/21,zpw2000,0
颜值能打，奥迪A6 Avant e-tron将于广州车展首发,2022/12/20,AZTU,31
【蔚来：部分用户数据被窃取。蔚来也不行啊。】,2022/12/20,chaodide,1
特斯拉在华订单缩水92%,2022/12/20,txgx,15
小米汽车看上去可以，2.9秒破百，自动充电,2022/12/1,xingbake,23
比亚迪12月销量要大幅降低了,2022/12/20,Icanread,5
论架构的应用创新，国内产商得首推理想,2022/12/18,touareg,5
北汽新能源EU5轮胎转让。,2022/8/22,altima2015,3
modely标续，一年电池损耗2%？,2022/12/20,tedxyz,2
有人有类似的对车外观的感觉吗：无法忍受长条灯或者镀铬,2022/12/19,zpw2000,6
比亚迪：1200台DMi混动车型出口至哥伦比亚,2022/12/20,census,1
M7买了两周 我觉得是30万最好的6座车,2022/12/13,ruizhu,71
元plus新车不戴膜？,2022/12/17,z375437138,11
如果换第二辆新能源，各位会选哪款？,2022/12/17,Laurasia,23
“特斯拉”刹车方向盘变“硬”,2022/12/8,cokebear,7
给各位提个醒，小心无良瓜子车商,2022/12/18,chrome2000,19
特斯拉用sic是因为技术水平低,2022/12/18,goodpower,20
吉利新能源汽车11月销量34642辆,2022/12/8,census,6
电池质保8年15万公里，太没诚意了,2022/12/8,littelShrimp,16
有确切消息说明年唐要上E3.0平台吗？,2022/12/19,zergcq,0
据说疫情严重，比亚迪多地工厂产量大减3-5成,2022/12/19,peibch,1
[求助][电动]关于刹车,2022/12/19,kampoo,1
是不是可以确定特斯拉电耗低与单踏板和胎压无关了,2022/12/17,TimeAndRiver,22
现在byd在2019年招入的那个外饰大师貌似没影了？？,2022/12/18,stoneyang,3
关于蔚来BAAS的问题,2022/12/18,Neuromancer,15
0度气温，标续my高速续航,2022/12/17,elfstone,28
[原创][新能源]看了4个月，出手就3天，宝马i3已提，欢迎车友私,2022/12/12,yaofreedom,89
电车相比较油车，绕不过去的几个坎儿,2022/12/14,KBKATE,116
元plus现在订车有任何优惠吗？,2022/11/30,zheshimimi,9
id黑屏是因为上汽大众还没找到灵魂么？,2022/12/7,wsnsw,38
为什么秦的销量不如宋,2022/12/12,wanllow,31
停车出现错误代码自动倒退,2022/12/19,txgx,4
特斯拉又降12000,2022/12/19,henhenhahi,4
eletre很不错,2022/12/19,richiter,3
咨询一下电车车机问题,2022/12/17,z375437138,5
Re: 特斯拉的电动汽车是不是抄袭比亚迪的,2022/12/19,原帖已删除,16
特斯拉model Y的尾门能钣金不？,2022/12/19,hitmanman,0
换车，外迁给自己亲戚，大家觉得这个思路可以吗？,2022/12/18,ddrocky,5
特斯拉积压订单减少至20万以下，全球产量已明显高于销量,2022/12/17,chery,7
本地一个蔚来撞死一个上学的学生 (转载),2022/12/14,nisus,34
五菱晴空提车,2022/12/18,richiter,3
byd的车都好丑啊,2022/12/18,qiuqiudu,6
谁还记得造摩托的力帆？,2022/12/18,chuangzilin,7
FF宣布对首款车型FF 91 Futurist进行换代（贾跃亭又融到钱了！,2022/12/18,garfieldking,6
大众（中国）完了，11月销量暴跌,2022/12/9,TDK1,62
极氪再出一款SUV就好了,2022/12/18,qiuqiudu,1
求购一辆17年底及以后的新能源，北汽EU400，比亚迪元等,2022/12/18,axibaqwer,0
电车难出国是因为智能化,2022/12/17,covidtest,13
极狐到底能不能买-后续，提车感受,2022/11/4,ejuzju,138
懂车帝充值哪家强？,2022/12/13,livermore,7
【北京】标续model y第一个冬天续航，大约300多一点,2022/12/14,zpw2000,28
理想L9荣获年度最佳汽车轩辕奖,2022/12/16,touareg,15
比亚迪唐相比理想和问界的优势在哪里？,2022/12/15,wanllow,58
极氪10月份销量增速4995%,2022/12/17,Jokeson,2
TimeAndRiver被取消在GreenAuto版的发文权限,2022/12/17,deliver,0
国产车有法系风格的吗？哪一款？,2022/12/17,luoxiaoyi,3
12.09提了极狐T653S+,2022/12/12,redgladi,28
L9和L8的具体销量出来了，L8五千三、L9九千,2022/12/13,census,10
哪家4s店可以升级ID4 的1516版本了,2022/12/17,lewislee,1
除了特斯拉，还有多少进口汽车能留下？,2022/12/17,luoxiaoyi,0
冬天-5℃ 高速120续航打折多少？,2022/12/15,mayi,19
年年冬天说续航尿崩，今年还没怎么有人提,2022/12/17,newssmth,9
特斯拉追尾过程之现场视频,2022/12/15,TDK1,12
求购一辆18年的二手新能源比亚迪元ev360，北汽eu等,2022/12/13,axibaqwer,14
比亚迪在泰国斩获 10305 台 ATTO 3 订单,2022/12/15,census,13
极氪001提车分享,2022/12/17,hjr05,6
其实如果有多个充电桩，应该有1~2个收费较贵，给特别着急的人用,2022/12/16,xingbake,15
et5开了两天了,2022/12/15,biubiu02,17
请问下，北京到年底的卖车置换补贴有人领到过吗,2022/12/7,Monodyy,24
自选牌照的上号期也延长了,2022/12/16,wholeholes,0
上海氢能源现状,2022/12/9,Mars102,71
标准续航毛豆3的第一个冬天，一锅电将近500了,2022/12/15,djkstra,38
大部分时候自动驾驶，关键时刻需要人干预的更危险,2022/12/15,jpye,13
单踏板模式下，汽车不是在加速就是在减速,2022/12/12,dabaishu,32
今天坐了广汽埃安,2022/12/15,wyid,8
找充电桩烦死了，自用买电车找罪受,2022/12/14,GUAZHA,27
神器！！燃油空气加热器！！！,2017/12/4,ccypython,27
电车到最后的结果只会是国内消化,2022/12/15,hahahapoint,83
tsl又又又死一个,2022/12/14,zszqzzzf,40
潜力巨大,2022/12/15,wuhuadasha,2
各家亏损额,2022/12/15,wuhuadasha,0
有做电车头晕的吗？,2022/12/10,dabaishu,15
传统油车厂商出品的电车 不敢参加任何测试,2022/12/13,AD007,17
这个是汉 千山翠？,2022/12/15,doitmy,1
"Re: 广汽丰田iA5, 个人一手车，低价出售。",2022/12/15,原帖已删除,11
好奇买modelY的家庭收入多少,2022/11/28,maxwellgood,191
特斯拉打脸来得真快...特斯拉官宣支持steam,2022/12/14,charlesgoo,4
核动力汽车搞定够，电车油车都得死,2022/12/14,Engelberger,12
Re: 求助，新车屏幕就挂了,2022/12/15,原帖已删除,0
为什么电车都做的很宽？？,2022/12/14,gwyxg,16
极氪这车如何,2022/12/9,whitelies,50
特斯拉的原罪,2022/12/6,nzjw2016,83
明年特斯拉不补贴了吗？,2022/12/14,lOlOlO,3
低温就是所有电车的杀手,2022/12/14,win2012,17
纯技术讨论，340度电的MPV，续航可以达到多少啊？,2022/12/14,census,3
零下二三十度对电池有没有损害？？,2022/12/14,gwyxg,1
大家一起来晒一下各车型快充功率曲线图吧,2019/2/13,the9thbit,47
刚刷到说五菱百万销量0自燃,2022/12/14,wsnsw,12
看了一年车还是不知道买啥,2022/12/14,rockgirl,16
去四儿子店做空调清洗，洗完蒸发器之后还是有霉味,2022/12/10,xieyiyi,17
愚蠢的上汽大众id伙伴,2022/12/14,davyfl,4
是不是明年电池里程就能上千了,2022/12/13,xyhou,7
懂车帝冬测成绩出炉!,2022/12/12,huankuib,46
苹果汽车还没出来就已经宣告失败了,2022/12/12,albatrosss,44
特斯拉到底用没用byd电池马上就能验证了,2022/12/13,dyatpk,13
仰望的车标好看吗？国产车，哪家的车标比较好看？,2022/12/12,coolidge,71
12月第一周第二周上险辆,2022/12/14,ia,4
组个电标是不是很香？,2022/12/13,dorjie01,1
车跑起来电池都是被加热的，所以三元锂和铁锂的差别只在启动,2022/12/13,zhangxy11,13
MG Mulan这车怎么就扑街了呢？,2022/12/12,garfieldking,37
大众斯柯达：将要退出中国市场,2022/12/13,census,1
惴惴不安，换了唐EV,2022/11/8,fenghuang,17
观望两年还是入了个小电车,2022/12/5,mmtmmt,27
500公里续航的哪个最便宜？,2022/12/12,imchenghaibo,25
2023 年有哪些新上市的纯电 SUV？,2022/12/8,eric518,7
北京有D9纯电版提车的么？,2022/12/13,John524,0
家里电网改成由汽车供电的话，怎么接,2022/12/13,jpye,7
比亚迪的电池多长时间换一次，换一次成本多少？,2022/12/13,homeclouding,5
本田采购宁德123GW锂电池  千亿大合同 中国制造之光,2022/12/8,fzf,18
长安深蓝发布价格调整 SL03售价将上调2000-8000元,2022/12/13,Laurasia,0
特斯拉Model 3取代Model Y?成11月份德国最畅销电动汽车,2022/12/13,Laurasia,1
座椅加热后，能感觉到很热吗？,2022/12/13,mayi,14
byd 唐 vs 护卫舰07,2022/12/12,znsk,21
电车只用快充毁电池？？,2022/12/10,skyfromheart,78
年底换车，出自家停车19年比亚迪秦pro ev600,2022/12/13,panlee721,3
理想L8感觉挺好的，为啥那么多人转让订单,2022/12/12,playmobil,6
长途高速备一张实体电卡？,2022/12/11,LeonTang,5
海豹现在都有现车了,2022/12/13,meirenai,10
比亚迪元 PLUS（ATTO 3）在马来西亚开售，23-26万元,2022/12/9,census,2
Re: 准备换车，出售自己用秦pro ev600 顶配,2022/12/12,原帖已删除,14
?DCD去年和今年冬测对比吗？,2022/12/12,livermore,0
海豹的成绩,2022/12/12,Mars102,0
et5的保险真不贵,2022/12/12,biubiu02,9
[合集] 现在不买国产，不买国产电动，就是跪久了站不起来了？,2022/12/12,oBigeyes,0
[合集] 自己买的东西不容别人说不好是正常的,2022/12/12,oBigeyes,0
[合集] 自己不买的那个东西，容不得别人说好，这是病，也得治,2022/12/12,oBigeyes,0
[合集] 自己买了个东西，容不得别人说不好，这是病，得治。,2022/12/12,oBigeyes,0
电车在疫情中有个作用，可以当做一个小方舱,2022/12/7,yxsyr,23
i3会上大电池新款吗,2022/12/11,xiechuanhust,2
这个有意思,2022/12/12,Mars102,0
电动mpv来了,2022/12/12,wakesman,1
I3挺好，要是有网就更好了,2022/12/10,XJTUMEC,5
法系》德系》美系》日系》韩系，中系是各档都有， (转载),2022/12/12,luoxiaoyi,2
上午去订了极氪001,2022/12/11,whitelies,20
Model Y啥时候降价？,2022/9/30,rockgirl,8
我有一种感觉,2022/12/10,wsnsw,7
新能源贬值确实快,2022/12/9,djkstra,22
二手的比亚迪秦dmi可以买么？,2022/11/25,xiaole8422,43
钠离子电池实现量产,2022/12/12,txgx,4
Re: 有没有宝马i3的群，求拉,2022/12/12,原帖已删除,6
经济都这样了，为什么不放开牌照限制,2022/12/10,juinjwst,10
朋友换车,2022/12/11,zthenry,8
[合集] 试乘同事极氪001有感,2022/12/11,nolonger,0
最近要订车，准备海豹深蓝二选一,2022/12/10,zhangxy11,17
试驾深蓝,2022/12/7,bbser,14
混动房车有哪些？,2022/12/10,wwpty,23
理想这么豪也没仪表盘,2022/12/10,wakesman,12
能买油车为啥要买电车，其实是进入了汽车小康时代,2022/12/10,shunderen,17
今天第一次体验蔚来的换电,2022/12/9,stanlyliusu,16
曾毓群还是牛:赌性更坚强!,2022/12/11,lifegolden,3
北京 转银色+黑白内饰+电动踏板的L9订单，12月提车,2022/12/11,feifengxlq,0
我看价格基本就是100公里两万五,2022/12/10,imchenghaibo,5
明年全球持续衰退，今年买车就是站岗啊,2022/12/8,langmanyixia,9
发现电车对经济有促进作用,2022/12/9,mygodxp,6
网上总有说网约车司机腿毛掉光的事！,2022/12/9,gwyxg,16
比亚迪超过南北大众之和了,2022/12/10,Crusade,17
唐dmi如果一直只选择快充,2022/12/10,babydear,7
BYD护卫舰07上市，价格区间20.28到28.98万元,2022/12/10,census,1
汽车行业专家谈特斯拉召回事件,2022/12/10,TDK1,6
"即刻001， 极虎S，蔚来et5,那个体验好？",2022/12/9,shunderen,11
G9提车,2022/12/5,Jacker,34
啥叫同档次油车，哪些指标比档次？,2022/12/9,xiti,15
第一个冬天，电耗已经干到30度了,2022/12/3,Dadubaba,27
除了高油价，新能源销量暴涨也和口罩有关吧,2022/12/10,gwyxg,7
[合集] [新能源][电动]不知道有没有手里是油牌但是想换电车的朋,2022/12/10,oBigeyes,0
想不通，明明油车同档次比电车便宜好几万，为何不买油车？,2022/12/8,soochowboy,150
nisus被取消在GreenAuto版的发文权限,2022/12/10,deliver,0
求购一辆二手新能源，我外迁，最好是老款比亚迪秦，e5等,2022/12/10,axibaqwer,0
求拉理想one车主群或求一辆理想one,2022/12/10,robocop,0
[合集] 极狐销售又勾搭我去买车,2022/12/10,nolonger,0
为什么日本人就搞不定电车呢？,2022/12/6,coollpe,90
比亚迪唐车主爆料，有人联系他烧车！,2022/12/10,txgx,5
[合集] 极狐合伙人什么都好，就有一点不好,2022/12/10,nolonger,0
挪威刚进行的电动车冬季续航测试,2022/1/27,passa,148
这台hi版极狐s被评价得惨不忍睹啊,2022/12/9,cosun,1
威马这回是死透了吧？,2022/12/5,tclj9,63
黑屏不仅是大问题，而且是最丢人的问题,2022/12/3,shunderen,17
全球化已死，今后是半球化,2022/12/8,FCBotiga,8
16w-20w的插混MPV会不会火?,2022/12/9,Elric,6
特斯拉上海工厂将于12月25日至1月1日暂停生产Model Y,2022/12/9,TDK1,1
【某新势力疑似xx，然后冲进酒吧(转载)】,2022/12/9,chaodide,5
是不是快要宣布疫情结束了,2022/12/8,yehorse,22
开暖风的时候，开ac还是关ac更省电,2022/12/9,evermore,7
吉利gse的加热器坏了，有推荐的修理店吗,2022/12/7,chenbaobei,19
新能源车把油车踩的不行，这么大一个车才5万多,2022/12/8,wuhuadasha,1
特斯拉6月份产转向有问题，4儿子不给换,2022/12/7,zhigao,24
油车要放坏了,2022/12/9,evermore,1
第一次开电车长途,2022/12/9,spinage,7
新势力创造的首任车主这个词合法吗？,2022/12/9,imchenghaibo,4
理想L7感觉很水桶啊,2022/12/9,playmobil,8
新能源车损险  赔付 电池自然吗,2022/12/9,port7,4
公开测试版fsd beta在夜晚（黎明前）零下20度被积雪覆盖路面上,2022/12/9,GeneralMilk,1
新能源车销量持续大涨,2022/12/9,wuhuadasha,0
大家来数数恶心的营销？,2022/12/2,doitmy,28
特斯拉的车确实有过人之处,2022/12/8,richiter,24
谁认识能把旧车卖到外地的贩子,2022/12/9,flysand,1
有打算买极氪001的车主吗？,2022/12/9,lipingxin,0
byd的退役电池解决方案,2022/12/8,peibch,41
特斯拉要装雷达了，纯视觉党出来走几步?,2022/12/9,voTvo,7
深蓝sl03怎么样？,2022/12/9,Laurasia,0
11月汽车出口37万辆,2022/12/7,qko,19
三元锂电池循环次数到底是多少？,2022/12/9,chenyufine,13
乘联会出了11月出口数据,2022/12/9,Vas,11
汽车的格局变化很大,2022/12/8,shunderen,6
日系车新能源还会再起来,2022/12/9,doitmy,5
欧洲主要国家，新能源汽车11月的渗透情况,2022/12/8,census,16
minori被取消在GreenAuto版的发文权限,2022/12/9,deliver,0
岚图追光将于 12 月 15 日首发亮相,2022/12/9,census,2
[合集] 说一说我关注的新能源车,2022/12/9,nolonger,0
zyzx77被取消在GreenAuto版的发文权限,2022/12/9,deliver,0
wangdass8被取消在GreenAuto版的发文权限,2022/12/9,deliver,0
zhouxxs被取消在GreenAuto版的发文权限,2022/12/9,deliver,0
特斯拉扭扭捏捏的又降了6000，而且是偷偷的,2022/12/7,langmanyixia,18
北汽13周年幸运儿,2022/12/8,kevin284,5
11月份新能源渗透率已经到了44%,2022/12/8,shunderen,9
买什么车是个人自由，不明白为什么争来争去,2022/12/8,omni,15
比亚迪公布高端品牌仰望的车标,2022/12/8,Forane,44
北京电动车新牌照能上到二手电车吗,2022/12/8,aishuishou,8
哪家新能源车的底盘比较好,2022/12/8,tricky61,144
营收1170.81亿 比亚迪发布第三季度财报,2022/12/8,Mars102,21
不少厂家尤其老牌车企  不过袁术 袁绍而已［1］［2］［3］,2022/12/4,xlrh,10
BreathLess被取消在GreenAuto版的发文权限,2022/12/8,deliver,0
这数据真的？日系全完了,2022/12/5,qko,17
semi这种车，在中国还算卡车吗？是不是不让进五环,2022/12/7,deu66,4
友提慎用车内大屏,2022/12/7,djkstra,38
反向输出人才了 (转载),2022/12/8,LucaToni,6
宁德时代：钠离子电池可应用于500公里续航车型,2022/11/29,census,29
yunshi8796被取消在GreenAuto版的发文权限,2022/12/8,deliver,0
特斯拉招惹谁了？,2022/12/3,TDK1,27
吹的牛实现了！半固态电池带来超1000km续航，蔚来ET7明年量产,2022/12/5,txgx,28
集度汽车公司更名为幂航汽车,2022/12/7,hipara,16
电车相对于油车就是低科技,2022/12/8,terminats51,29
天上一轮才捧出，人间万姓仰头望,2022/12/8,Crusade,1
油啊电啊，国产啊，合资啊，大家都买得起,2022/12/8,doitmy,0
调查一下，大家买了现在的车有没有不满意,2022/12/6,autumnwind,65
没有唢呐带不走的魂也没有特斯拉送不走的人,2022/12/6,txgx,5
特斯拉降6000，不痛不痒的,2022/12/7,meirenai,39
semi是1000度电卖18万美元，所以电池价格是？,2022/12/7,census,22
是不是趋势，还要看资源往哪涌,2022/12/8,doitmy,4
比亚迪因《降低通胀法》暂不在美销售电动汽车,2022/12/8,Dankeschon,9
自游家官宣倒闭了，内容如下,2022/12/7,census,14
BYD各车型具体销量,2022/12/2,memory166,25
第一周上险，和版内发帖量对比下看看,2022/12/7,baggioest,14
国产何时跟进？奔驰两款EQT露营车亮相,2022/12/6,census,11
停车动力电池放电太多,2022/12/5,kz6681,8
今年的nio day会发布啥车,2022/12/7,shunderen,7
各家插混的亏电油耗多少？,2022/12/7,wuhuadasha,1
也来说说大众id黑屏问题,2022/12/4,nym232,26
现身说法，关于电车保险是不是贵很多的问题,2022/12/7,tedxyz,5
飞凡汽车是什么时候冒出来的？,2022/12/5,tcwyzhf,42
明年购置税免除这个优惠也没了吗？,2022/12/7,chelseaLL,3
今天蔡老板爆的视频，特斯拉算是被实锤了,2022/12/5,sal0nbus,36
史诗级问题,2022/12/7,gokukun,16
比亚迪：在欧洲建电动车厂事宜在计划中,2022/12/7,Icanread,29
蔚来866车主又开新车了,2022/12/4,moonfish,45
世界上第一个禁用新能源汽车的国家,2022/12/7,gokukun,11
30-40万预算,2022/11/10,slszz,84
小牛的新能源车不干了,2022/12/4,biubiu02,21
运气不错,2022/12/7,maxwellgood,14
友提：车险大降价了,2022/12/7,sdlk,6
CyclingLife被取消在GreenAuto版的发文权限,2022/12/7,deliver,0
smart精灵11月交付2410辆,2022/12/6,qko,8
蔚来理想营收已经超过日产了,2022/12/6,Crusade,8
新能源啥时候标配按摩大座椅和小腿支撑？,2022/12/7,langmanyixia,8
极氪现在订车需要等多久,2022/12/6,xeam,4
大家 一般哪儿卖二手车,2022/12/5,jpye,7
海豹内饰的质感比model3强太多了,2022/12/5,pigflying,64
请问现在新能源摇号排到多少啦,2022/12/7,yourtruelove,0
比亚迪出口销量都要超过新势力们了,2022/12/3,googlestyle,44
放弃唐转投宋max dmi,2022/12/2,upndown,19
魔都大G烧没了了，有后续了么？,2022/12/6,huizhijia,5
比亚迪官方消息：ATTO 3在11月销量为2333台,2022/12/6,census,13
新款model S/model X 取消换挡杆,2022/12/5,zhangxy11,34
回收动能用的是独立发电机线圈吗？,2022/12/6,wsnsw,5
独家｜特斯拉最全后台数据曝光：车祸前系统曾大量报错！,2022/12/6,hnoye,15
下单暴跌的I3了,2022/12/5,Elman,147
jiaxin10180被取消在GreenAuto版的发文权限,2022/12/6,deliver,0
咨询咨询—不更新指标指标有效期还是无限延长吗？,2022/12/6,zjak47zhuzhu,9
a04253被取消在GreenAuto版的发文权限,2022/12/6,deliver,0
比亚迪是皮尺部丰田+电池厂吗？,2022/12/5,soochowboy,13
比亚迪销量今年怎么突然就一骑绝尘了？ (转载),2022/12/6,careerCOACH,0
来版上汇报下，提车了,2022/12/3,zjheric,18
特斯拉胎压,2022/12/5,omigar2018,19
大众ID4 cross试驾体验初感,2021/3/31,gaozhuang,114
看到一个没镜子的车,2022/12/6,doitmy,13
不远将来水木“汽车版”会更名“传统能源汽车版”,2020/11/22,kakawayi,31
[合集] 【油车的末日越来越近】本田中国11月销量同比下滑42.8%,2022/12/6,oBigeyes,0
[合集] 湖南一辆suv定速巡航无法解除,2022/12/6,oBigeyes,0
[合集] 我站出来说两句，不求无过，只求问心无愧,2022/12/6,oBigeyes,0
大众id.3因供不应求涨价,2022/12/4,tedxyz,17
减税效果不及预期，2023面有可能继续减税,2022/12/5,wuhuadasha,1
[合集] 马斯克的星链升级为星盾，迈向军事化，大家不说说对特斯,2022/12/6,oBigeyes,0
北京哪个4s店宝马i3落地能在23万？,2022/12/5,yaofreedom,19
南北两个大众的11月销量咋还没出来？,2022/12/6,Crusade,4
你们的车ota多少个版本了,2022/12/6,zthenry,14
据说宝马i3价格24w了,2022/11/30,lewislee,98
朝阳车管所啥时候上班啊,2022/12/6,idiotwsh,0
12个月内，蔚来理想超日产，埃安超本田,2022/12/6,Crusade,20
Re: 请教一下，去哪里检车,2022/12/6,原帖已删除,1
爆了这么多的特斯拉热点，有一个实锤了吗,2022/12/5,gragon,19
这种算好算坏,2022/12/6,cokebear,14
还是不换车最省钱,2022/12/5,wuhuadasha,17
【新能源】乘联会2022年11月新能源乘用车厂商批发销量快讯,2022/12/5,beatlakers,8
友提：年底前置换ID6不到22W落地,2022/11/28,skyfromheart,77
特斯拉否认将在上海工厂减产,2022/12/6,Dankeschon,1
日系车的利润有数据吗？,2022/12/6,Simu1ink,1
还记得前几年那种丑哭了的宝马i3么,2022/12/5,zhangxy11,39
有关于蔚来这个半固态电池的介绍吗,2022/12/5,shunderen,7
知情人士：特斯拉计划降低上海工厂产量,2022/12/5,Dankeschon,16
【置顶规则仍在，既然某些人已经承认了】,2022/12/5,cosun,4
特斯拉还降价么？,2022/12/3,tubility,13
风向不对啊，昨天头铁刚提ID4c……,2022/12/3,gfjeff,30
ID车机黑屏的说法容易误导人，感觉应该叫仪表台瘫痪,2022/11/18,zzydy261,37
城会玩：飞机测隔音 —— 岚图VS丰田阿尔法,2022/12/5,census,0
比亚迪为啥没有类似ES8/L9定位的车型,2022/12/4,spiritsun,12
卫蓝半半固态电池参数--放卫星了,2022/12/5,shunderen,2
[投票]大家都是怎么充电的,2022/12/5,keywords,12
那种一头翘的隐藏式门把手，是猪脑子设计的吗,2022/12/5,tclj9,10
北美的8级电车卡车头,2022/12/5,Vas,41
关于买车和销量的关系,2022/12/5,ylh0315,3
特斯拉的自动驾驶这么厉害？！大家知道么？,2022/12/5,RustCole,12
厂家纷纷以明年涨价为由逼单,2022/12/1,zheshimimi,18
交出灵魂，北汽也要成为华为汽车代工厂？,2022/12/5,txgx,4
电车后驱，前驱,2022/12/2,kw123456789,64
好像没有适合一个人的小电炮,2022/12/3,doitmy,41
为啥北欧的ID没有爆出黑屏问题,2022/12/4,skyfromheart,31
wangkuo111被取消在GreenAuto版的发文权限,2022/12/5,deliver,0
et5交付比es7慢的原因是什么？,2022/12/3,AD007,30
恶心的营销要绕着走,2022/12/5,doitmy,0
宋plus真的实惠，路上同款真的多，颠簸路段真的晃,2022/12/4,Dankeschon,16
比亚迪预测一下，不到18万，销量持续走低,2022/12/1,playmobil,33
我开的是2022款id4c，目前一切良好,2022/12/3,thinkeye,11
交魂，北汽也要成为华为汽车代工厂？,2022/12/3,txgx,10
[特斯拉MY]大家主动去调整汽车胎压不？,2022/12/3,flythorn,10
[合集] [建议]行车万里回头看，新能源车怎么选,2022/12/5,nolonger,0
skyfromheart被取消在GreenAuto版的发文权限,2022/12/5,deliver,0
[合集] 【来看看这位极氪车主的回帖有多文明】,2022/12/5,nolonger,0
美帝特斯拉失控调查,2022/12/4,migbook,35
大众汽车将在中国生产出口欧洲的电动汽车,2022/12/5,konan,0
待确认：加拿大事故ModelX数据显示油门100%同时踩刹车,2022/12/1,reebox,44
置换车上牌流程求指导,2022/12/4,jizhihong,5
定了宝马i3，燃油车置换,2022/12/2,speeder,30
铁球电能充电宝,2022/12/4,Mars102,0
看了些文章，固态电池5年内似乎没戏,2022/12/4,shunderen,4
185万!全球首款太阳能汽车排产:开车几乎不花钱 (转载),2022/12/4,xingbake,5
突然觉得，淘宝的山寨车设计更合理,2022/12/4,shyfox,4
大众这种油车都各位种自燃的,2022/12/3,Eldo,21
低温黑屏这是硬件问题吧,2022/12/4,zheshimimi,2
石墨烯电池到底什么时候研究出来？,2022/12/3,gwyxg,3
BBA大众丰田这些都是杂牌电车了吧？,2022/12/3,soboat,16
比亚迪的车不是不能出口吗,2022/12/3,shunderen,8
法拉第未来要是在中国投产制造，是不是2年前就上市了,2022/12/3,homs,8
宋plus ev和id4乘坐感受差别多大？,2022/12/1,wen1984,247
个人感受毛豆3的刹车真的有点问题,2022/12/3,mountaincai,14
去年有个内蒙大草原零下20度几十辆电动车测试，有id吗？,2022/12/3,peibch,3
被封控，上不了牌，如何处理,2022/12/3,wholeholes,9
小朋P5一个板悬紧凑车落地也得24、5万啊,2022/12/2,MyNameIs007,15
这两天充电有点被动,2022/12/3,zwjwswjwz2,9
又是特斯拉,2022/12/3,Mars102,2
[合集] 【来看看这位极狐车主的回帖行为有多文明】,2022/12/3,nolonger,0
说实话，蔚小理的质量真心不错,2022/12/3,AD007,14
2023年有什么值得期待的电车,2022/12/3,shunderen,3
平安和太平洋哪个靠谱？,2022/12/2,liuzhe2017,13
