﻿主题,发帖时间,_ 作者,回复
感觉大众增加了营销投入啊,2022/12/3,tedxyz,3
这辆理想空调坏了？ 路边加雪种。。。。。。。。。。 (转载),2022/12/3,tsa350,2
玻璃水冻了，怎么办,2022/12/3,suli0021,16
手机蓝牙近场解锁，门把手自动弹出的世界性难题,2022/12/3,AD007,8
性能炸裂！地球上能买到的最强电车！Lucid Air全系列新车详解,2022/12/3,litra,4
中控到底为什么会黑屏？,2022/12/3,dreamr,15
好多人买车还是不太懂车 (转载),2022/12/3,careerCOACH,2
我就没懂，好多发帖人根本没有电动车,2022/12/3,thinkeye,4
最近一次满电大概240km,2022/12/3,evermore,4
据说EQS 深圳地区已经6开头了。,2022/11/30,zhouguangxiu,21
id电车彻底蹦了啊,2022/12/2,lengsong,32
上汽大众4008201111  投诉平台12315,2022/12/3,davyfl,0
民政局要审核，但婚姻登记显示没在审核范围内，怎么处理,2021/6/15,nihaha,15
cxx08007被取消在GreenAuto版的发文权限,2022/12/3,deliver,0
Re: 极狐可以呀，11月销量突破3000了？,2022/12/3,原帖已删除,6
完了，22款唐ev第一批车也让去检测电池了,2022/12/2,Dadubaba,25
11月蔚来14178,2022/12/1,xixihaha2019,31
ota导致召回成本低,2022/12/3,cokebear,17
比亚迪11月销量解读：,2022/12/3,txgx,2
理想还是挺牛逼的,2022/12/3,shunderen,1
早上遇到了id4黑屏,2022/12/3,ycwu,13
用二氧化碳制备汽油？,2022/12/3,txgx,1
大众的电车连2度都受不了,2022/12/1,shunderen,31
[汽车][新能源][讨论]小鹏的问题出在哪？,2022/12/3,processing,2
特斯拉召回，我发现了很多疑问-,2022/11/27,txgx,17
L8和L8各卖了多少？,2022/12/3,touareg,0
一夜入冬后 大众ID.4车机被曝大范围黑屏zz,2022/12/1,Acui,62
大家的大众ID车机黑屏么,2022/11/18,lewislee,61
想不到天一冷，国产车还没出事，ID系列首先成为焦点,2022/12/2,peibch,18
能预测一下明年五月排号的分数吗？,2022/12/1,huazhzhai,11
L9云提车流水账,2022/11/27,freewl,5
ID4 完美配置,2022/12/2,wuxu,12
1万块钱能买到车吗？,2022/12/3,muhua,2
haze67890被取消在GreenAuto版的发文权限,2022/12/2,deliver,0
有人觉得极氪001丑的吗,2022/11/25,maxwellgood,52
选ID4还是i3?,2022/12/1,radish83,28
个人认为特斯拉车辆问题的可能性非常大,2022/11/29,shile,40
中汽鉴定：TSL数据仅能由TSL读取，其他人只能读取车灯等非重要,2022/11/21,sirius0777,52
理想11月交付15034辆,2022/12/1,biubiu02,31
lewislee被取消在GreenAuto版的发文权限,2022/12/2,deliver,0
冬天电池能量都消耗到哪里了？,2022/11/30,gordonsun,26
"赛力斯 新能源 汽车11月销量为11,661辆",2022/12/1,oldgeng,8
国家市场监督管理局发布的特斯拉召回,2022/12/2,Fackau,0
零跑汽车：11月交付新车8047台,2022/12/1,census,9
比亚迪11月230427,2022/12/2,xiadayu,16
新手求问：如果明年5月份能排上电车，需要提前多久订车？,2022/12/2,garlihou,3
零下5度，五折的上来报个道吧,2022/11/29,HLWJSJ,45
疫情让我觉得,2022/12/2,memorylane,3
FF项目可以看出来，贾跃亭就是纯骗子,2022/12/2,Crusade,14
id6车机彻底歇菜了,2022/12/2,davyfl,9
昨天借同事的电车开 感觉不错,2022/12/2,prog2000,21
海豹到底咋样？门店通知说车到了。。。,2022/11/23,rjra,29
电车很有必要标配充气泵,2022/12/2,djkstra,20
外置加热坐垫有推荐的吗？,2022/12/2,vastman,4
特斯拉没有公关！,2022/12/2,zhangxy11,5
极氪11月交付11011台,2022/12/1,census,20
这次真的是刹不住的实锤了 (转载),2022/12/1,zhangxy11,26
小鹏11月交付5811台,2022/12/1,doudouba,17
有人说德国人的电车水平跟大清的火器水平差不多,2022/12/1,Dhyanacap,12
零跑的ic4,2022/12/2,dawei78,2
看收入买车有感，不如换个命题,2022/12/2,gokukun,7
11月，哪吒汽车交付15072台,2022/12/1,census,12
吉利一生黑,2022/11/30,bj003,89
艾安S怎么样？,2022/12/2,memorylane,0
埃安11月销量28765台,2022/12/1,census,7
[转载] 小鹏2022Q3财报问答环节,2022/12/1,doudouba,18
小鹏P5和比亚迪秦，怎么选？,2022/11/24,ringleader,88
说18万是搞笑的吧？比亚迪11月估计24万左右,2022/12/2,peibch,1
市场监管总局,2022/12/1,shichina,7
有埃安lx老车主不，20款的,2022/12/2,idiotwsh,0
入手model y，第三方充电桩选择求助,2022/12/1,chenghao,15
AITO问界11月交付8260辆 首次环比下降31.3%,2022/12/1,biubiu02,6
feelsgood被取消在GreenAuto版的发文权限,2022/12/1,deliver,0
求支招：要不要上比亚迪宋plus EV,2022/11/30,Minneapolis,50
赛力斯汽车：11月销量8262辆,2022/12/1,census,9
有个感觉，固态电池会被比亚迪先突破,2022/11/30,shunderen,19
现在500公里的电车 后面换个1000公里电池 是不满血复活,2022/11/29,tanguofu,29
引进特斯拉的战略考量,2021/1/9,salsalover,2
买试驾车要注意什么,2022/12/1,xiaole8422,13
3月到11月，积分没变,2022/11/30,wen1984,6
很奇怪大众车以前不用屏幕？,2022/12/1,wsnsw,0
没有四电机的车？,2022/11/30,doitmy,11
国外走增程路线的有哪几家？,2022/11/30,census,10
特斯拉召回有人解读一下啊,2022/12/1,AaronHu,5
温拿们，友提指标要过期了,2022/12/1,lifegolden,2
台州特斯拉撞死警务人员调查报告出来了,2021/6/6,adam0459,64
小鹏汽车咋了？,2022/12/1,HLWJSJ,4
特斯拉台州视频,2022/11/29,cimta,15
目前公布的家庭积分到明年6月是否还会更新,2022/12/1,elevendf,1
11月前4周销量,2022/11/29,Vas,95
最后还是定了M7,2022/11/29,ruizhu,14
11月份的电动车销售量,2022/12/1,Simu1ink,5
今天各位电车打几折？,2022/11/29,noirecafe,6
4S店选择咨询,2022/12/1,eshark,1
song2692005被取消在GreenAuto版的发文权限,2022/12/1,deliver,0
家庭总积分6分，啥时候能排到？,2022/12/1,yaofreedom,7
版面积分变更记录,2022/12/1,deliver,0
埃安汽车宣布涨价3000-8000元,2022/12/1,census,2
往油车塞块电池就叫电车的时代早已过去,2022/11/30,shunderen,9
这天儿揣个手炉好使吗？,2022/12/1,safari,1
宝马打骨折，再也没人说爆款，国产电车玩完,2022/11/30,shunderen,9
单踏板，为什么不能保留一个踏板,2022/11/30,gokukun,5
宝马i3这种车，没有买的欲望,2022/11/30,shunderen,7
没想到续航400的都多了,2022/11/22,tsingsh,20
每年的家庭积分啥时候更新？,2022/11/30,huanfeng,1
不太懂技术，电车电池在经历过极寒后寿命会打折扣吗 (转载),2022/11/30,careerCOACH,1
电动汽车对新兴制造国家确实是大机会，越南都开始出口电动汽车,2022/11/30,RiverFish,0
特斯拉是不是又该告车主了 (转载),2022/11/30,ylh0315,1
深蓝sl03的问题可以问我,2022/10/21,snwofox303,46
空调真耗电,2022/11/30,djkstra,25
[求助]家庭积分50分，新能源车要排多久,2022/11/30,AlexFei,3
蔚来在欧洲四国的售价,2022/11/30,he111,12
目前来看汽车产业政策极其成功,2022/11/2,tgftgf163,381
感觉曙光快来了,2022/11/9,zyzx77,39
台州事故这个视频说刹车灯亮了,2022/11/30,Mars102,11
都说冰箱沙发电视机(不抬杠),2022/11/29,wsnsw,15
howfar被取消在GreenAuto版的发文权限,2022/11/30,deliver,0
[电动]这是特斯拉近来第几起事故了？,2022/11/29,MyNameIs007,3
提了小鹏P5 550E,2022/11/1,doudouba,40
十一月前四周上险量,2022/11/29,ia,26
跨级换电试点,2022/11/30,zthenry,9
现代的艾尼氪会不会在国内上市？,2022/11/30,topking,3
普通人真的驾驭不了TSL这种高性能电车,2022/11/29,skyfromheart,4
兄弟们，我回来了，继续吹国产新势力的智能座舱,2022/11/28,AD007,5
能不能当觉察到要撞车的时候，强制接管车辆，强制刹车？,2022/11/29,flythorn,14
某斯拉召回8万辆汽车，实锤“刹车失灵”，行脚记录仪让它害怕了,2022/11/26,txgx,8
奔奔ev180电池崩了,2022/11/28,hushLinux,23
我弟买了一辆es6,2022/11/28,yuandao888,23
极氪冬天真实续航才两折多,2022/11/28,byethen,51
只有天天有人盯着有人用的电车才安全,2022/11/29,EchoWorld,7
现在是不是每个高速服务站都有充电桩了,2022/11/29,tanguofu,2
冬天空调对续航的影响,2022/11/30,lengsong,5
家庭积分明天最后一天了，还不出？,2022/11/29,huanfeng,4
关于车祸事故和死亡数多看看统计数据吧,2022/11/29,SeraphJ,37
比亚迪计划明年二季度量产钠离子电池，搭载于秦 EV、海豚和新车,2022/11/22,Dankeschon,13
2022年1-10月北京新能源车型销量,2022/11/29,tonyaimar,16
10年后，中国新能源车的用电量，将会达到多少？,2022/10/20,census,60
特斯拉的刹车系统,2022/11/29,ylh0315,4
[合集] 停车爆燃，碰撞瞬燃，销量最好的两个品牌到底出了什么问,2022/11/29,nolonger,0
[合集] 特斯拉和比亚迪出现过电机烧毁的案例吗？,2022/11/29,nolonger,0
"[合集] [转载]""特斯拉是一款自私的车，只考虑驾驶位，并且驾驶",2022/11/29,nolonger,0
wangdass8被取消在GreenAuto版的发文权限,2022/11/29,deliver,0
[合集] 恭喜版上极氪车主又多一个永不会遇到的故障,2022/11/29,nolonger,0
[合集] 很有意思的一件事，比亚迪自燃之后,2022/11/29,nolonger,0
[合集] 蔡老板质疑特斯拉3,2022/11/29,nolonger,0
[合集] 昨天跟家里人都说了一遍，什么情况下躲着它,2022/11/29,nolonger,0
[合集] 请特斯拉车主来核实一下这个信息的真假,2022/11/29,nolonger,0
[合集] 来听一下专业检测机构的说法,2022/11/29,nolonger,0
[合集] 潮州还没出结果，台州一特斯拉再发致死事故,2022/11/29,nolonger,0
[合集] 发现个现象：TSL车主很少天天发帖说别的品牌不好，,2022/11/29,nolonger,0
插混不充电和增程式是一个意思么,2022/11/29,yishui19,3
远程更新下，取消强制单踏板模式不行吗,2022/11/29,flamesea,10
全款买车与收入无关，与流动资产有关，贷款买车才考虑收入,2022/11/29,liyiyouwanan,1
[合集] 买了大众id，是不是要卖掉换特斯拉啊，特斯拉这撞击能力,2022/11/29,nolonger,0
sdlk被取消在GreenAuto版的发文权限,2022/11/29,deliver,0
GeneralMilk被取消在GreenAuto版的发文权限,2022/11/29,deliver,0
[合集] 拒绝被绑架，分析一种特斯拉特有的控舆手段,2022/11/29,nolonger,0
跟在特斯拉后面没问题吧？,2022/11/25,scy,16
刚看了视频，开车的是个死胖子，出来还打起了手机......,2022/11/29,qian272,3
以前仇富的时候奔驰经常踩错油门,2022/11/29,shertty,6
天冷了，充电速度慢了一倍，,2022/11/29,woxianzhe,5
有没有电动野马的车主？,2022/11/27,topking,6
话说TSL不是有个自动驾驶吗？为啥没识别出这属于异常情况？,2022/11/29,flamesea,2
朋友说蔚来汽车是电动车里的top1，真的有那么玄乎吗？,2022/11/23,myd,40
开特斯拉这种高性能车应该加倍小心,2022/11/29,JEFW,10
特斯拉刹车有没有问题不知道但是车子是真结实啊,2022/11/29,huanyongID,4
什么叫底盘调教，差别在哪里？这个视频看的就很清楚了 (转载),2022/11/28,ylh0315,19
特斯拉车主的解释都是先假设车没问题再想解释,2022/11/15,dyatpk,40
旧闻：特斯拉开进了故宫西侧,2022/11/29,didawang,5
特斯拉Semi卡车完成800公里续航,2022/11/28,Fangio,8
名爵的广告？威尔士球迷自驾18国8000公里赴多哈看球,2022/11/29,peibch,0
建议特斯拉司机违章肇事加重处罚，如何？,2022/11/29,luoxiaogui,2
特斯拉最主要的问题就是程序太新，问题太多,2022/11/28,ehero2008,15
华为比亚迪,2022/11/29,dawei78,0
特斯拉销售发的，是否真实？,2022/11/26,didawang,29
电车不带自动驾驶卖不了高价,2022/11/29,salsalover,6
如果是窝窝，能经住tesla这么撞不？,2022/11/29,spritesw,32
比亚迪在海外也起势了，月销破万,2022/11/26,Crusade,37
别瞎猜了，假如车真有问题，国家会强制发起调查和召回的,2022/11/15,yehorse,83
特斯拉车主不正常的比例偏高啊,2022/11/28,lwc1785,3
现在这个气温（-6），model y一点电能都不回收了,2022/11/29,evermore,17
现在哪些牌子的电车负面新闻少？,2022/11/27,dragonfly112,22
这下特斯拉快完蛋了吧,2022/11/29,hitkil1er,2
方向盘最终会取消吧？,2022/11/28,imchenghaibo,10
明年就没有补贴了？,2022/11/27,tomharold,5
油车的寒冬,2022/11/23,TDK1,26
4680电池全面不如21700,2022/11/29,txgx,1
如果真是tsl问题，那就还会继续死人,2022/11/17,salsalover,5
Re: 讨论下，为啥电车就这样站起来了？,2022/11/29,原帖已删除,135
油车完蛋了,2022/11/13,TDK1,28
ET7提车了,2022/11/26,stanlyliusu,45
电动车这玩意续航90公里都行，只要充电3分钟电桩像油站多,2022/11/22,plum2000,28
北京下周大降温，续航会突然减少到零然后趴窝吗,2022/11/27,evermore,16
特斯拉4680电池比普通电池差？能量密度更低，钴含量更高,2022/11/28,tsa350,6
十五万以下，还是油车便宜吧,2022/11/27,wuhuadasha,8
哪儿有家庭摇号积分计算器啊。,2022/11/28,DelPotro,1
房车做成增程，电机能带得动吗？,2022/10/23,census,9
[合集] 碰到极狐在商城摆摊,2022/11/28,nolonger,0
如果特斯拉刹车确实有问题,2022/11/28,wsnsw,1
ix3这个价格怎么样，高配创领型,2022/11/10,langxf,16
你们今年买车都有补贴么？,2022/11/28,xiiii,0
潮州鉴定结果出来了吗,2022/11/28,ziwangyu,2
女子在加油站给特斯拉加油,2022/11/27,txgx,7
人工智能不是完美的,2022/11/27,keler,3
我去，BBA电车成杂牌了,2022/11/25,Crusade,140
很多人没有意识到，bba们的电车已经没有机会追上来了,2022/11/27,pklmsthree,42
大家猜这月销量还不及预期的各种实力会用啥理由,2022/11/26,semilog,6
一排车烧毁的事故结果出来了,2022/11/27,qoros,10
特斯拉这次不嘴硬，中国区也召回了,2022/11/25,xiadayu,4
汽车小白要选车了，如何开始,2022/11/23,kingstone233,169
极氪001和byd海豹哪个更好？,2022/11/27,zhiliang,23
蔚来现在提车飞速,2022/11/24,glamerick,20
有句话，君子不立危墙之下,2022/11/25,salsalover,10
特斯拉的技术水平高啊,2022/11/28,mafama,1
混动房车有推荐的吗？,2021/1/29,wwpty,6
比亚迪老王为啥看得那么远？,2022/11/26,wanllow,35
booze被取消在GreenAuto版的发文权限,2022/11/28,deliver,0
lacrover被取消在GreenAuto版的发文权限,2022/11/28,deliver,0
比亚迪后备箱锁不上了。,2022/11/27,toad888,3
Re: 汽车专家讲特斯拉的刹车问题,2022/11/27,原帖已删除,22
出厂玻璃水没用完  买了防冻的  能混合用吗,2022/11/27,yellowChange,6
电爹终极目标是不是就是进去睡觉？,2022/11/27,imchenghaibo,3
（zz）虎嗅：特斯拉去库存压力大，还会继续降价,2022/11/25,LordTod,10
现在的新能源车局面已经是打赢了辽沈战役的兔子,2022/11/27,pklmsthree,12
要是充电免费就不用自己装充电桩了吧,2022/11/27,tanguofu,4
tsl首次承认固件(firmware)故障影响刹车,2022/11/25,salsalover,92
我们不需要特斯拉这种创新,2022/11/27,imchenghaibo,0
多车转移 推动第二辆退出,2022/11/26,dawei78,2
后天低温-9℃,2022/11/27,imchenghaibo,0
奇瑞这个增程车咋样？,2022/11/27,peibch,2
guipu616被取消在GreenAuto版的发文权限,2022/11/27,deliver,0
四川将建充电设施20万个,2022/11/27,sanford66,0
比亚迪全固态电池来了，成色几何？,2022/11/27,txgx,4
修改qinshimingyu在GreenAuto版的发文权限封禁,2022/11/27,deliver,0
albatrosss被取消在GreenAuto版的发文权限,2022/11/27,deliver,0
广汽埃安完成182.94亿A轮融资，估值超千亿,2022/11/26,census,4
这次特斯拉问题很简单的，就是刹车的问题,2022/11/15,lijianjoin,130
汽车专家讲特斯拉的刹车问题。,2022/11/27,TDK1,0
充电桩转让,2022/11/27,doubledouble,1
长安是不是飘了，车机弹广告,2022/11/26,Mars102,9
广汽埃安 Aions Plus 提车1月,2022/5/10,zhejiushij5,54
终身不限流量的车有哪些？,2022/11/25,XJTUMEC,15
[求助]请教各位一个新车验车上牌的问题,2022/11/27,qazwsxedc,0
Re: 订车报告,2022/11/26,原帖已删除,22
明年预计家庭积分多少能拿指标呢,2022/11/26,chrome2000,5
北京力求2025年前氢能汽车累计推广量突破1万 (转载),2022/11/25,txgx,5
比亚迪的销售说的话都太不靠谱了,2022/11/26,wangyincnpe,3
Re: 求购一辆续航250-300公里的新能源，比亚迪秦，E5等,2022/11/26,原帖已删除,4
G9提车,2022/11/23,vincNewLife,79
[合集] 没想到风力发电这么猛,2022/11/26,oBigeyes,0
玩命吹某个车的，都是什么心理啊？,2022/11/25,census,42
model y，今天感觉松油门后阻力变小了,2022/11/26,evermore,4
BreathLess被取消在GreenAuto版的发文权限,2022/11/26,deliver,0
骑了12年的电瓶车，刹车油门从来没搞错过,2022/11/25,freynew123,2
丰田阿尔法对撞岚图梦想家，输了,2022/11/25,census,5
比亚迪不要对自己手里的订单太自信,2022/11/24,langmanyixia,17
4680电池长续航Model Y啥时候出？,2022/11/25,skyfromheart,7
skyfromheart被取消在GreenAuto版的发文权限,2022/11/26,deliver,0
[合集] 推荐自己或家里人晕电车的去试试ID4/6,2022/11/26,nolonger,0
【粗大】特斯拉向国家市监总局备案召回汽车,2022/11/25,salsalover,15
大飙车正在拆极氪001 ing,2022/11/23,cosun,45
深蓝SL03氢电版车型有人买吗？,2022/11/25,imchenghaibo,1
哪个车商收车报价高？,2022/11/24,LeonTang,3
2023年6月到期的新能源号，也是可以往后延期吗？,2022/11/24,zheshimimi,2
比亚迪宣布将涨价2-6k,2022/11/23,xiadayu,11
马斯克：加强与韩企合作，明年韩零部件采购额或超100亿美元,2022/11/25,nisus,2
lin180491234被取消在GreenAuto版的发文权限,2022/11/25,deliver,0
谁能推荐品质耐用的电动车控制器,2022/11/25,shareloft,0
[合集] 终于知道为啥好多人讨厌蔚来车主了,2022/11/25,nolonger,0
Metoes被取消在GreenAuto版的发文权限,2022/11/25,deliver,0
中南大学教授突破电池回收：1公斤利润10元,2022/11/25,txgx,1
不知道这个是不是油门当刹车了。,2022/11/25,adiaa,2
试了下单踏板模式，确实有踩错的风险,2022/11/23,Metoes,87
特斯拉失控撞车！又是自动驾驶的锅？,2022/11/25,txgx,6
为什么要有单踏板模式？,2022/11/23,pNeo,36
理论上油门跟刹车更不容易出错的电动自行车,2022/11/25,semilog,3
特斯拉如果不能让人信服车没问题，类似事故会更多,2022/11/17,musclefans,12
wangyc6231被取消在GreenAuto版的发文权限,2022/11/25,deliver,0
再怎么刹车失灵，能形成踩油门的效果吗？,2022/11/15,luoxiaogui,7
redsun79613被取消在GreenAuto版的发文权限,2022/11/25,deliver,0
新能源车的使用费用相当高吧？,2022/11/24,roadstone,30
特斯拉能不能顺应民意，单踏板更改成可选项,2022/11/16,langmanyixia,37
es6租电池的一般能租多少钱,2022/11/23,sharonyue,13
【理想对工程师这么残酷吗？两季度差评就末位淘汰？】,2022/11/24,chaodide,9
TMD 怎么办？要不要给刹车旁边装个摄像头,2022/11/14,maoaimao,29
特斯拉频现失控门 (转载),2022/11/15,lichen867,8
强烈建议汽车设置急停开关,2022/11/15,Simu1ink,30
AD007被取消在GreenAuto版的发文权限,2022/11/25,highlight106,0
下定id6了 简单说说历程和感想,2022/11/23,freewaters,46
坚信一点，特斯拉刹车绝对不能当油门，如不信，可能因此丧命,2022/11/15,keepsharp,14
租电池的蔚来二手车确实处于比较尴尬的位置,2022/11/23,mafama,17
特斯拉的AEB没作用？,2022/11/18,pigflying,22
相信特斯拉的数据？来看看去年3月11日海南特斯拉刹车失灵事件,2022/11/19,sirius0777,12
AD007被取消在GreenAuto版的发文权限,2022/11/24,deliver,0
过年回家到跑高速时候 随车拉个柴油发电机 边发电边充可以不？,2022/11/23,tanguofu,11
新能源车续航超3000才够颠覆性,2022/11/22,iidev9,23
特斯拉新发刹车问题,2022/11/24,Mars102,0
说个新势力nb的地方。,2022/11/23,wholeholes,31
纯电插混要涨价2000-6000元，肿么看？,2022/11/24,xubeida02,5
特斯拉刹车又失灵了,2022/11/23,nVidia,14
新势力中，蔚小理已经转为蔚极理,2022/11/23,zjak47zhuzhu,36
Model Y订单原价转让-冷光银,2022/11/24,colorpotato,0
我觉得电车还是传统大厂靠谱,2022/11/22,noirecafe,92
sukekiyo777被取消在GreenAuto版的发文权限,2022/11/24,deliver,0
蔚来的换电站以后能取代中石油和中石化的加油站？,2022/11/23,myd,11
发票价回收EU5换极狐是否值得干？,2022/11/23,yichangren,38
【长城已经成这个样子吗，出圈不择手段了？】,2022/11/23,chaodide,10
600的续航。其实已经能满足99%的需求了吧,2022/11/21,tanguofu,121
【2022年1-10月份，各厂家“出租租赁”销售数量】,2022/11/23,chaodide,7
新能源车雨天可以充电吗？,2022/11/22,scy,23
特斯拉潮州重大事故现场视频,2022/11/13,TDK1,137
比亚迪全固态电池重庆量产：即将装车试验,2022/11/19,shunderen,34
极狐现在什么行情了？,2022/11/19,JEFW,38
请教绿牌新能源卖车外迁的问题,2022/11/23,why00100,3
这个刹车失灵是什么车？,2022/11/24,pleasestay,0
zy121777被取消在GreenAuto版的发文权限,2022/11/24,deliver,0
比亚迪又要涨价了,2022/11/23,coveruncover,7
ID6的ARHUD导航效果,2022/11/21,skyfromheart,32
小手不冰凉了,2022/11/22,ChristCao,21
比亚迪涨价2000-6000元,2022/11/24,ia,0
比亚迪最大的优势是4s店遍布全国各地小城市,2022/11/13,gwyxg,3
今年(1-10月）上汽和吉利已经在德国卖出了3000多辆电动车,2022/11/23,tedxyz,2
ID6智能化水平出乎意料的好,2022/11/20,skyfromheart,177
这内饰太牛逼了,2022/11/23,skyfromheart,8
公司楼下停了三辆蔚来,2022/11/22,essetis,52
tsl抢方向盘的来了,2022/11/22,salsalover,83
如果车主说刹车踩不下去，眼睁睁撞上，这总不是踩错油门吧？,2022/11/22,zhangxy11,13
转汽车之家 风电工程师--比亚迪究竟有没有全固态电池和钠电池？,2022/11/23,xyxmold,0
这算官降吗？,2022/11/23,tedxyz,3
求科普固态电池的优点,2022/11/22,hanb,10
有没有新能源公司的员工，有好事,2022/11/23,chouachou,2
比亚迪果然是保值率最低的,2022/11/22,playmobil,9
车道保持，超过60KM时速，车子偏离车道，自动救回,2022/11/23,leoputin,3
iame被取消在GreenAuto版的发文权限,2022/11/23,deliver,0
KaedeLongKou被取消在GreenAuto版的发文权限,2022/11/23,deliver,0
貌似I3价格暴跌？,2022/11/21,yasel25,25
自动驾驶是否应该干涉司机的主动行为,2022/11/23,xiaohuang,6
Re: 出家用新能源充电桩，挚达品牌，3.5kw，16A,2022/11/23,原帖已删除,6
贾跃亭是不是故意的，说好的要交付了，居然自燃了,2022/11/23,iyama,2
电车和油车，哪个虚标更严重？,2022/11/22,wubwu,6
鉴定结果还不公布？,2022/11/23,yishuihanxia,4
有人买了个华泰,2022/11/23,lifegolden,3
下周三电动爹们迎来今冬首次大考，望周知,2022/11/22,skyfromheart,19
极狐的辅助驾驶，跟车没问题，但是对行驶中的加塞无解,2022/11/20,felixnbgg,41
ID4X等了一个月今天终于提车了！,2022/11/22,Metoes,14
续航增加1000公里，但是车价也增加20万，愿意吗？,2022/11/22,census,4
11月第三周上险量数据,2022/11/23,ia,7
求对比,2022/11/20,maxwellgood,54
不做无聊的车，极氪001背后的故事zz,2022/11/19,cosun,29
tsl的而已梗,2022/11/18,txgx,31
特斯拉OTA升级动能回收设置,2022/11/22,zjak47zhuzhu,72
ID4在日本发售,2022/11/22,Fangio,5
wuwei110被取消在GreenAuto版的发文权限,2022/11/22,deliver,0
Re: 地平线这家公司怎么样,2022/11/22,原帖已删除,23
比亚迪自燃6大特征,2022/11/20,cuiweitony,20
新能源汽车应该强制在车顶安装太阳能发电设备,2022/11/22,nextworld8,7
比亚迪的解释海豚车主能接受吗,2022/11/18,xiadayu,24
中国作为新能源领头的，应该搞起电动车耐力赛,2022/11/22,BEO,11
外温0度，车内22度，能120-130时速跑500-600公里,2022/11/22,zhifuyouhuo,5
为对抗特斯拉，丰田计划在纯电车上搭载PS5,2022/11/22,ble,3
开车不怕堵车了。。。,2022/11/22,dip,0
丰田HEV要用比亚迪电池了,2022/11/22,ehu,17
新能源要发展电池路线必须改变,2022/11/22,nextworld8,3
EU5PLUS的新低,2022/3/26,ylh1969,29
本版车评涉及一个很重要的伦理问题,2022/11/22,wsnsw,2
现在汽车的电动尾门市场怎么样？未来是不是侧门也会电动化,2022/11/22,IDerror,2
小区已经有人喜提海豹了,2022/11/18,maxplux,19
蔚来官方回收第二次评估，给大家汇报,2022/11/21,sharonyue,49
当排除了所有不可能，剩下的无论多不可能都是真相。,2022/11/22,weboo,1
新能源车肯定还是逃不出手机的定价规律,2022/11/21,luofeixiang,5
[合集] [转载]特斯拉的事故的主角都有以下特征（或一部分）:,2022/11/22,nolonger,0
[合集] 都在吹也只能吹极狐车身抗撞厉害,2022/11/22,nolonger,0
[合集] 极狐跟宋plus功能一样，就是尺寸大5公分,2022/11/22,nolonger,0
wangdass8被取消在GreenAuto版的发文权限,2022/11/22,deliver,0
威马汽车上海全员工资打五到七折，取消年终奖 (转载),2022/11/22,wyid,4
中国新能源车的最大问题,2022/11/20,canghai,11
固态电池即将装机,2022/11/20,zyzx77,11
月销多少才能保本？,2022/11/21,zelatan,3
今年的家庭积分啥时候出来？,2022/11/18,huanfeng,4
小区里的绿牌车数量大增,2022/11/19,noirecafe,4
12月31号之后，哪些补贴就取消了啊？,2022/11/18,census,4
温州又发生了特斯拉车祸,2022/11/19,txgx,11
长时间坐在车里等人，要按电源键关机么？,2022/11/19,Cococheese,3
央视新闻1+1 曝光 特斯拉 行为,2022/11/20,txgx,81
怎么没有讨论奥迪新能源的？,2022/11/19,noirecafe,8
haoshuwen3被取消在GreenAuto版的发文权限,2022/11/22,deliver,0
长安奔奔好还是五菱EV好？,2022/11/21,Tigerbrave,14
你还会买特斯拉吗？,2022/11/18,jack1234jack,47
TSL遇难者怎么赔偿？,2022/11/21,gallado,6
华为比亚迪必有一战,2022/11/20,dawei78,17
喷粉事件比亚迪的官方回复，奇葩啊,2022/11/18,CC2CC,36
比亚迪秦ev收音机滋啦滋啦,2022/11/20,dawei78,16
成都，这是又把tsl油门当刹车了？,2022/11/21,salsalover,1
氟也是胃药成分吗,2022/11/20,mollyc,17
gck2008被取消在GreenAuto版的发文权限,2022/11/21,deliver,0
比亚迪和tesla电机的比较,2022/11/19,Icanread,16
元plus和大众id4买哪个？,2022/8/5,vampire01,96
有人能说说极狐175kw和160kw电机区别以及宁德时代电池和sk电池,2022/11/15,johnpig,59
蔚来官方二手车的价格出来啦，附用车体验,2022/10/31,sharonyue,64
麒麟电池和固态电池是突破点,2022/11/20,shunderen,5
有做新能源汽车出口的吗？,2022/11/21,sunshine11,0
盘点一下比亚迪的独门科技,2022/11/21,touareg,13
特斯拉车子是这几年没怎么研发？,2022/11/19,wsnsw,24
猜车,2022/11/20,huizhijia,10
为何不针对单踏板出国标？,2022/11/21,imchenghaibo,19
不吹不黑--极狐阿尔法S深度试驾报告,2022/11/20,hanyancui,34
edr厂家没法篡改吧,2022/11/16,gokukun,70
沃尔沃的新能源都直销了？,2022/11/20,lj93,10
深蓝SL03的产能上来了啊，第10000台车下线,2022/10/20,census,40
海豚车主有没有什么要说的？,2022/11/14,kunseng,20
touareg被取消在GreenAuto版的发文权限,2022/11/21,deliver,0
Jiang356被取消在GreenAuto版的发文权限,2022/11/21,deliver,0
ID6新车到手，23个w。留个纪念,2022/8/29,wln1983,22
外国人也在讨论这次广东潮州的电动汽车事故，他们是怎么说的？,2022/11/21,txgx,2
xynn2222333被取消在GreenAuto版的发文权限,2022/11/21,deliver,0
27w的特斯拉和id6怎么选？,2022/11/19,noirecafe,25
买个电车，出了事，数据还看不了,2022/11/19,mashimarol,13
