﻿主题,发帖时间,_ 作者,回复
刚试了下熄火下的刹车,2022/11/20,win95iii,6
神车走出国门！300辆五菱宏光MINIEV亮相印尼G20峰会,2022/11/17,garfieldking,37
说一说板上很火爆的极狐和汉ev-一些个人感受，不喜请出门右拐,2022/11/13,lanxiong,72
10月销量：环比下降77%！特斯拉降价“失灵”，转头再陷“刹车门,2022/11/20,txgx,10
汽车各种传感器摄像头车机产生的数据归谁所有啊？,2022/11/20,nVidia,1
平原公子对潮州特斯拉事故的两篇文章,2022/11/21,cjon,1
特斯拉出大事了啊，召回这么多车,2022/11/19,toodaamoon,82
哈哈，买不起车，也养不起车，自己组了一个可以用充电桩的电驴,2022/11/19,GUAZHA,10
买BBA保时捷新能源的是不是脑子有病？,2022/11/20,soochowboy,8
电车的拖底问题导致通过性很差,2022/11/20,shunderen,1
请问现在哪个品牌的充电桩比较好？,2022/11/20,forfor21,0
北方真是很难用电动车，哪怕是换电的。,2022/11/20,CRH11,9
电车车牌怎么选？,2022/11/17,nightknight2,23
我们小区出现唐dmp了,2022/11/1,kaka2w,15
贴一个今天开出来的极低平均电耗老秦ev,2019/9/14,kaka2w,18
duoduo48被取消在GreenAuto版的发文权限,2022/11/20,deliver,0
还记得特斯拉车顶维权吗？车主至今没拿到完整数据,2022/11/20,sirius0777,9
长安的idd插混怎么样？,2022/11/18,hlga,9
xue929被取消在GreenAuto版的发文权限,2022/11/20,deliver,0
特斯拉 敲诈勒索+恐吓罪,2022/11/20,txgx,1
美国确认特斯拉有产品缺陷，强制召回,2022/11/19,emojis,10
Model X失控狂飙导致断轴，车内行车记录仪画面离奇消失,2022/11/20,txgx,8
lqmonica05被取消在GreenAuto版的发文权限,2022/11/20,deliver,0
LTETDD被取消在GreenAuto版的发文权限,2022/11/20,deliver,0
元PLUS燃烧的位置很奇怪啊,2022/11/20,zyzx77,6
宝马新i3如果在三年前发布,2022/4/4,shunderen,2
tsl绝对没问题，有问题的是司机和环境！,2022/11/18,txgx,8
Re: 亚迪海豚喷粉的声明吊打了车主的智商，颠覆了消费者的信任 ,2022/11/20,原帖已删除,2
鉴定现场,2022/11/17,wakesman,12
听说锂电池过充会爆炸，如果充电器充满自停功能坏了会炸么？ (,2022/11/20,XiaChuan,2
比亚迪空调喷的氢氧化铝原来是胃药,2022/11/19,touareg,19
一起接一起，广东汕头特斯拉马路上乱撞,2022/11/20,txgx,3
固态电池成为电气化性能车的主流，本田Type R车型将率先应用,2022/11/20,txgx,1
开了会最新款唐DM p,2022/11/20,googlestyle,0
又是极狐的极限测试,2022/11/17,imbjer,41
转厂家标配充电桩安装权益【海豚】,2022/11/8,mmhaoa,3
极狐现在打折多少？,2022/11/17,wsnsw,19
求个充电桩,2022/11/20,zp0425,0
说说一个老司机的挫事,2022/11/18,kiky123,1
班上有人买极氪001么 都说地盘不错？,2022/11/19,tanguofu,6
一手好牌，打了个寂寞,2022/11/18,danmishell,24
麒麟电池，比亚迪固态电池哪个先量产？,2022/11/19,shunderen,2
这个事大家有印象么？,2022/11/18,sssss,22
北京现在的天气，电车都打几折啊？,2022/11/18,census,24
温州事故司机去世了,2022/11/19,lwc1785,8
tsl美国召回的损失从哪补回来？,2022/11/19,salsalover,6
比亚迪好像又放了个大卫星,2022/11/19,shunderen,1
Wang1514566被取消在GreenAuto版的发文权限,2022/11/19,deliver,0
司机，当然不是受害者,2022/11/18,zai,14
朱玉龙爆料19年比亚迪唐撞现代事故庭审内情,2022/11/15,i925XE,101
中美德三款动力电池的横向对比,2022/11/19,wangdass8,10
这是便携式充电池么,2022/11/19,nolonger,1
有关换电池的问题,2022/11/18,stoneyang,7
我已经知道了特斯拉和比亚迪的炒作思路,2022/11/19,OkBaby,4
虽开BYD，但是蔚来和特斯拉比，我宁愿买蔚来,2022/11/16,DavidKING516,45
比亚迪的家用充电桩能给别的品牌充电吗,2022/11/11,nihaha,21
极狐11月能卖1500辆吗？,2022/11/19,OkBaby,22
人的思维真是多样性的,2022/11/17,RoadKing,22
换电是个牛逼的模式，但是,2017/12/16,LauraZ,9
可以申请一个Tesla的版面么？,2022/11/19,huizhijia,4
麒麟电池靠谱么？,2022/11/19,tanguofu,4
说一句得罪本版所有人的话,2022/11/17,ziwangyu,7
tesla 继续降价？,2022/11/19,huizhijia,13
汉EV，除雾暖风一直开着，大概50分钟前档玻璃还是起雾，怎么回,2022/11/17,Leon87,30
每次同样的剧情，都等于是给特斯拉打广告,2022/11/19,shiguang,5
版上都是特斯拉的帖子，热度就是高啊，这是为啥,2022/11/19,chouachou,7
特斯拉刹车记录仪,2022/11/18,musclefans,6
Re: 汉EV影像突然黑屏,2022/11/19,原帖已删除,6
昨天看了极氪009的试驾体验视频,2022/11/19,huizhijia,1
小狐狸日常讨论群,2022/11/19,felixnbgg,0
安装充电桩额外走线费用,2022/11/17,hojay,23
TSL几乎100%没事,2022/11/17,yuandao888,214
看TSL视频中，气囊都弹出了，为什么还不切断动力？,2022/11/18,wanllow,2
特斯拉百分之一百没错，这是经过历史证明的真理,2022/11/18,onegood,5
这个第三方检测跟垃圾场一样。,2022/11/18,txgx,3
粗大，极氪下地库冒烟了,2022/11/18,cosun,10
我想把油车换成插混车，有没有办法可以保留原有车牌,2022/11/18,warriorxsf,2
似乎转向了…,2022/11/17,zai,70
没人讨论一下这个弱智bug的可能性吗,2022/11/18,congcong,16
说说自己车出现过的bug 吧,2022/11/18,xlrh,9
请教经常在特斯拉和汽油车切换开的车主,2022/11/17,zjak47zhuzhu,49
单踏板踩油门的时候刹车灯会亮吗？,2022/11/18,Hudson57,48
未来2年内，ID6能降到20万左右吗？,2022/11/18,AISIF,3
特斯拉有义务提供原始数据及分析软件源码。,2022/11/17,txgx,20
北京小客车指标延期使用政策还在执行吧？,2022/11/8,zhanglili,8
特斯拉加三个指示灯：加速，减速，刹车,2022/11/18,dcnh,5
用最简单的语言，分析潮州特斯拉车祸,2022/11/18,txgx,0
【图文】特斯拉又刹不住了？背后是机器和人在争夺车辆控制权（Z,2022/11/16,salsalover,2
中美交通部门公布每年因为踩错踏板造成的事故统计,2022/11/18,duanyu22,19
比亚迪厉害了，号称现有订单80万，每月新增订单27万,2022/11/18,peibch,3
动能回收与刹车做一起有什么难度吗,2022/11/18,skyfromheart,3
据说明年问界M9才是大招,2022/11/11,huanyongID,6
说一说车机死机,2022/11/18,radioham,5
大家赶紧试一下自己的车车，如何在刹车失灵时紧急制动,2022/11/18,dragonfly112,4
TSL事件最后会不会上测谎仪。。,2022/11/17,deu66,16
为什么司机发现有问题了不第一时间拍视频取证,2022/11/18,henhenhahi,3
每年两万公里，算车价保养用车成本，秦plusdmi和朗逸那个更便宜,2022/11/18,xubeida02,5
那个说潮州特斯拉加速踏板被踩变形的怎么没有后续了,2022/11/18,xiadayu,3
这能不能解释为什么全程都是油门信号？,2022/11/18,woco32,8
极狐的“极锋”电机到底怎么样？,2022/11/16,vanskyblue,28
抖音有人说踩断了油门踏板？,2022/11/17,xiti,10
你们为啥愿意被自媒体当傻子,2022/11/18,bluecase,1
讲真，智能驾驶技术最开始应该实现紧急时候帮车主一把,2022/11/18,huankuib,0
试驾了一辆电车,2022/11/18,myadfm,6
“单踏板会忘记踩刹车”和“特斯拉强制单踏板”不能同时成立,2022/11/18,LucaToni,2
刑事案件可不是靠胡搅蛮缠，按闹分配可以糊弄过去的,2022/11/18,windforce09,0
关注特斯拉事件，才知道油门踏板有诱导断裂槽，可以踩断的！！,2022/11/18,soochowboy,0
把动能回收绑定在换挡拨片上怎么样？,2022/11/18,zhangxy11,2
如果你是事件车主，你怎么做,2022/11/17,googleask,25
说说我开车的两次重大失误,2022/11/18,shuaigege,0
xinxuan777被取消在GreenAuto版的发文权限,2022/11/18,deliver,0
Elon Musk：暴君式的企业家 & 绝不妥协,2022/11/18,LucaToni,2
[合集] 一旦中美发生冲突，特斯拉车子随时会被美国控制,2022/11/18,oBigeyes,0
danssion被取消在GreenAuto版的发文权限,2022/11/18,deliver,0
特斯拉不是单踏板，他的油门是0.3个刹车+油门的结合体 (转载),2022/11/18,Appletres,1
假如真失控了，低速时第一时间跳车是不是最优解？,2022/11/17,deu66,8
高速上黑屏，档位，电门失效，有人遇到过吗,2022/11/18,googleask,3
说到单踏板的肌肉记忆,2022/11/18,gokukun,14
特斯拉刹车逻辑 送给某些大聪明,2022/11/17,Elman,9
[求助]北京新能源车上牌地点和电话，谢谢！,2022/11/18,sallyzqc,0
关于新能源车的认知误区,2022/11/17,googlestyle,6
智己CEO刘涛：某品牌漠视生命安全令人咋舌,2022/11/17,Fangio,45
一个人从没开过车的人是不会在单踏板模式下踩错的,2022/11/18,LucaToni,3
某新能源出租车刹车失灵乘客吓得坐后座 (转载),2022/11/18,WeGoood,1
我贡献一个自己的案例,2022/11/17,yuandao888,18
zt0922被取消在GreenAuto版的发文权限,2022/11/18,deliver,0
特斯拉的最大问题是电脑可以override人控制吧,2022/11/17,dismoon,72
十年手动挡女司机买哪个电车,2022/11/15,dtq,34
关于特斯拉，比较喜欢这个视频,2022/11/18,playmobil,0
特斯拉潮州车主亲属不认同此次鉴定,2022/11/16,LucaToni,328
inso被取消在GreenAuto版的发文权限,2022/11/17,deliver,0
请教单踏板问题,2022/11/17,dxzsy,1
解决是否人踩错油门问题方案只有一个,2022/11/17,churchilllee,0
特斯拉车主很有必要自费装个专门看踏板的监控,2022/11/17,dragonfly112,2
仍旧是胡搅蛮缠,2022/11/17,QFD,0
Re: 突发，比亚迪出租车刹车失灵，司机一路躲避各种车辆 (转载),2022/11/17,原帖已删除,3
性能车的存量加大，需要独立驾照,2022/11/17,FLYCN,1
特斯拉的驾驶方式是不是和其他车不一样,2022/11/17,dragonfly112,0
刹车踏板没有行程==没踩刹车？,2022/11/17,salsalover,5
特斯拉刹车问题汇总,2022/11/16,vta,58
特斯拉是美国货，为啥这么多人帮美国说话,2022/11/16,lengsong,28
为啥特斯拉车主，总是踩错刹车？,2022/11/17,phoenixhills,27
不要纠结冤不冤枉，都是为新能源事业做贡献,2022/11/17,salsalover,9
行脚记录仪网上好多车主已经安排上了 (转载),2022/11/17,CreditWorkL,5
我相信特斯拉，但不喜欢它傲慢的态度,2022/11/16,topking,10
潮州车主家属都是法盲吗,2022/11/17,skyfromheart,6
有没有可能是脚垫的问题呢？,2022/11/17,ooosssooo,4
为什么不能给车主后台数据，原因其实很简单,2022/11/17,yyypp,4
[转载]最新回复,2022/11/16,beatlakers,68
以下哪个差异最大 (转载),2022/11/17,gokukun,3
特斯拉行驶中持续按p挡到底能不能停下来？,2022/11/17,keepsharp,9
tsl是以科技为中心，而不是人,2022/11/17,ahmi,3
蔚小理华的语音识别 把特斯拉秒的渣都不剩,2022/11/15,AD007,15
smart正在慢慢长大：smart精灵#3申报图曝光 溜背造型还带牵引资,2022/11/17,qko,4
好产品是引领客户而不是迎合客户，比如单踏板模式,2022/11/17,wuqimed,9
ID车主现身说法刹车问题,2022/11/16,YxMg,13
从视频第一次试图停车的情形看,2022/11/16,bc,47
科学态度看特斯拉,2022/11/17,kakawayi,6
特斯拉WL又一起刹不住车，2公里撞5辆车,2022/11/17,migbook,12
完了，这下鉴定结果出来也没人信了,2022/11/16,LucaToni,7
特斯拉到底存不存在刹车踏板踩不下去的理论可能性？,2022/11/17,afailor,3
特斯拉总部基本上被印度人把持了,2022/11/17,googleask,13
说一下潮州特斯拉事件！,2022/11/17,EeyoB,0
有司机位的电动遮阳板吗？,2022/11/17,hsv,17
同事听闻我要买车，纷纷推荐我买混动,2022/11/16,kunseng,19
请教下什么是单踏板？,2022/11/17,shuaihujun,19
总结一下支持潮州车主的论点吧,2022/11/17,aiYY,7
特斯拉有怠速模式吧，只是不能调节能量回收力度,2022/11/17,xiechuanhust,14
天天标题是特斯拉，仿佛特斯拉是无人驾驶车,2022/11/17,didawang,0
油门当刹车2公里,2022/11/16,migbook,23
满版特斯拉，我想说，特斯拉车主车技可能普遍不好,2022/11/17,CHAOSH,1
我其实不明白反复的强调老司机是为什么,2022/11/17,slimeminem,2
交通肇事的主体是司机,2022/11/17,test321,6
认为老司机不会错的思想很危险,2022/11/17,District9,2
特斯拉啥时候降价,2022/11/17,guluda,4
海豹说是泼的汽油？,2022/11/17,sisimex,5
怎么解释TSL车主都减速要停了，怎么又会踩错呢？,2022/11/17,cx1013,6
造谣特斯拉实锤，只判赔一万？也就一套lamer,2022/11/15,leoputin,10
这么明显的事能有这么多争议,2022/11/14,ejuzju,103
丰田价格崩了？早买一年，多花两万啊！！！,2022/11/17,soochowboy,5
车辆缺陷的举证责任人是车主或司机,2022/11/17,test321,0
其实关于特斯拉单踏板模式的分析，这篇文章就讲的挺好,2022/11/16,zjak47zhuzhu,23
我建议使用高空抛物的理论，证明不了谁的错，一栋楼都负责。,2022/11/17,HurricaneIII,7
车主出问题的可能性更大,2022/11/17,zhishengji,4
特斯拉回复广东潮州2死3伤事故,2022/11/17,TDK1,2
我想了解一下,2022/11/17,bana,31
与其争论特斯拉是否刹车有问题不如改进特斯拉人机交互,2022/11/17,hosion,4
打败miniev的，可能是高端电摩,2022/11/15,GUAZHA,9
国产车的颜值巅峰，欢迎斗图,2022/11/16,AD007,22
某些品牌宣称的交付量比上险量高30%-100%,2022/11/17,touareg,2
别讨论特斯拉了还是来谈谈各位的车现在开空调续航几折了,2022/11/17,xiadayu,18
老头乐ID6X提车,2022/11/15,skyfromheart,15
ventana被取消在GreenAuto版的发文权限,2022/11/17,deliver,0
潮州司机和特斯拉都没法被定罪,2022/11/17,ds9,17
Re: 单车利润排名？,2022/11/17,原帖已删除,12
司机可以起诉博世ibooster系统失灵,2022/11/17,salsalover,3
最可信的鉴定机构是,2022/11/17,bana,4
[电动][新能源]出租,2022/11/15,loudlove,2
肇事司机被精心打扮成受害者，网民被利用了,2022/11/17,inso,10
按鉴定机构给智能汽车鉴定来对刑事案件定罪就是扯淡,2022/11/17,suffix,13
特斯拉有没有熄火功能？,2022/11/17,Alaba,8
某音上印证的特斯拉刹车失效视频,2022/11/16,baidicheng,30
刹车失灵的话，老司机开始就该往右转向。,2022/11/17,wakesman,1
车主撒谎了！,2022/11/17,qinshimingyu,4
[转载] 对话丨何小鹏：借助一场风暴，掀起更大胆的变革,2022/11/17,doudouba,2
讨论太多了，无证推测搞两天可以歇了,2022/11/17,wsnsw,2
这波黑特斯拉运动是成功的,2022/11/16,inso,33
特斯拉是车不行还是车主不行？,2022/11/17,GoogleGlass,8
即使证明是车失控，司机也会被判刑,2022/11/16,salsalover,15
还不如请愿让特斯拉标配个摄像头,2022/11/17,pigflying,6
对单踏板的问题，车管部门不能听之任之了,2022/11/17,tedxyz,1
特斯拉肯定设计也有问题,2022/11/17,firewell,0
新能源车11月第二周销量。,2022/11/16,Vas,56
以后开特斯拉遇上失控还是把脚挪开，别踩刹车也别踩油门了,2022/11/16,tricky61,24
把空调关了感觉省了一半的电啊,2022/11/17,tanguofu,0
小鹏语音助手为什么叫小p,2022/11/16,dawei78,2
特斯拉有没有可能油门变硬,2022/11/17,ziwangyu,2
那么多网约车都是新能源,2022/11/15,tinyun,4
潮州司机交通肇事罪应依法严惩不怠，不可估息,2022/11/17,luoxiaogui,1
各Model S 明明只踩了刹车 系统提示同时踩下两个踏板,2022/11/16,QN66991117,5
踩电门3公里速度还不到200,2022/11/15,huggs,27
特斯拉出这么多事故说明安全相关的设计不完善,2022/11/17,flyyan,7
特斯拉说白了是人家内部矛盾，我们别管,2022/11/16,zhangxy11,6
[讨论]技术讨论，CRBS确实已经不是纯机械连接了,2022/11/16,tedxyz,12
大众id系列的鼓刹，纯粹是行为艺术,2022/11/14,AISIF,36
有没有可能是油门踏板被什么东西卡住了？,2022/11/16,flybox,5
如果你遇到潮州tsl车主这情况要怎么做？,2022/11/16,gen9,7
特斯拉，没有踩刹车，提示却是不要油门刹车一起踩,2022/11/16,aqhistory,0
奔驰 EQS EQE 最高官降23万。,2022/11/16,zhouguangxiu,14
如果刹车失灵是不是冒险用右侧蹭墙比较合理,2022/11/16,Hudson57,10
大佬预测一下，明年海豹会降价么？,2022/11/16,zhangxy11,5
有没有一种可能,2022/11/16,zengchenly01,5
最早炒作“特斯拉刹车失灵”的温先生，刚刚被法院判了 (转载),2022/11/15,henrykaka00,6
潮州车主处理还是有问题,2022/11/14,skyfromheart,10
要停车，脚还在油门踏板上控制速度，这个锅特斯拉不背吗？,2022/11/16,flyyan,0
看了特斯拉的事故之后，想起了我的比亚迪一次恐怖经历,2022/11/14,newssmth,20
分歧太多，车主牢记一点:长按p键能刹车,2022/11/16,donnie125,2
司机是否踩刹车的第一手记录，就在ibooster的芯片里面。,2022/11/16,salsalover,1
特斯拉的车祸，只要双方咬定自己的立场，那就根本不会有结果,2022/11/16,rehug,52
为啥别的车没有这么多刹车问题,2022/11/16,stochasys,8
其他点不说，爆气囊后必须停下来,2022/11/16,ejuzju,35
不考虑特斯拉的理由,2022/11/16,AISIF,16
直击潮州事故鉴定首日现场：尾灯可正常亮起,2022/11/16,LucaToni,0
我对电车反感就是因为它影响我等正常人安全了,2022/11/15,cafitren,9
特斯拉表示不认可司法鉴定,2022/11/16,flord,10
应该说开货车的习惯害了潮州特斯拉司机,2022/11/16,gragon,9
现场看了models plaid ，确实很好看,2022/11/16,caixukun,27
单踏板模式本身没问题，但是特斯拉强制用户接受是有问题的,2022/11/14,asl,37
有人说潮州车主家属已和河南女车主结盟,2022/11/16,LucaToni,0
昨天坐了朋友的小鹏p5,2022/7/26,mmmmwwww,39
没有2个以上来源的数据都不可信,2022/11/16,bxdx,1
潮州和郑州事件性质完全不一样，法治铁拳要教做人,2022/11/16,skyfromheart,20
还有几万的电车吗？,2022/11/16,bdjnl58,3
特斯拉单踏板有种【拉屎拉不净】的拖拽感,2022/11/16,langmanyixia,5
秦plus ev三环主路失速掉零,2022/10/10,couldyou,40
特斯拉软件和芯片是否符合车规规范,2022/11/14,billowliu,43
这个鉴定就不应该由什么检测机构来做,2022/11/16,ralfak,6
理想L8开着真是好舒服,2022/11/13,tdlb,47
特斯拉应该在踏板附近安装摄像头,2022/11/16,abacusworld,5
比亚迪EV受限原来是真的。。。。。,2022/11/16,Shigeru,15
车主如果是油门当刹车的话,2022/11/16,ralfak,27
[合集] 版上个别特斯拉车主真是不断刷新我的认知,2022/11/16,oBigeyes,0
JessePinkman被取消在GreenAuto版的发文权限,2022/11/16,deliver,0
修改seeredsea在GreenAuto版的发文权限封禁,2022/11/16,deliver,0
tsl的问题在于过于激进,2022/11/16,wakesman,2
看到一种推测，感觉比较靠谱,2022/11/16,inso,9
这个事情也不用黑,2022/11/16,ralfak,2
起亚三菱马自达雪铁龙是不是有可能退出中国？,2022/11/16,TDK1,1
特斯拉这事对普通人来说，要么特斯拉公司坏，要么开特斯拉的人,2022/11/16,leelay84719,2
yehorse被取消在GreenAuto版的发文权限,2022/11/16,deliver,0
memory166被取消在GreenAuto版的发文权限,2022/11/16,deliver,0
国家电网在推广480kW Chaoji充电,2022/11/16,WeGoood,3
现在吹byd的性价比有多高让我隐约想起来当年吹小米,2022/10/30,content,130
说TSL刹车和油门是独立的看这个视频,2022/11/15,baffet,1
"单踏板是不是只要两脚松开什么都不踩,车一定能停下来 ？",2022/11/16,hitero,15
尘归尘土归土，特斯拉事件很快就会烟消云散,2022/11/16,scy,3
几年前参观过宝马新能车工厂，什么水平？,2022/11/16,noirecafe,0
每个特斯拉车主应该备一个脚部记录仪,2022/11/16,ralfak,0
赛车手林志颖赖特斯拉刹车了吗？,2022/11/16,Iamblind,2
当年丰田刹车门,2022/11/13,District9,11
林志颖的车祸原因查明了吗？,2022/11/14,ZNZP,14
Re: bz4x的cltc续航怎么做到的？,2022/11/16,原帖已删除,2
出个Tesla刹车位置摄像头配件有搞头吗？ (转载),2022/11/13,DHT,12
潮州事件结果,2022/11/16,leelay84719,7
其实我比较好奇的是司机为什么还能接受采访,2022/11/16,LucaToni,6
真失控了其实很好解决吧,2022/11/16,huankuib,2
test321被取消在GreenAuto版的发文权限,2022/11/16,deliver,0
L234118被取消在GreenAuto版的发文权限,2022/11/16,deliver,0
试驾回来分享，特斯拉、小鹏、极狐,2022/11/15,zjak47zhuzhu,66
Saab被取消在GreenAuto版的发文权限,2022/11/16,deliver,0
ahmi被取消在GreenAuto版的发文权限,2022/11/16,deliver,0
[建议]建议买拓速乐的都在脚下装一个摄像头 (转载),2022/11/16,newssmth,11
其实潮州特斯拉司机已经赢了,2022/11/15,inso,16
【科普】特斯拉的 EDR 和云端记录了哪些数据,2022/11/16,LucaToni,0
刹车真的会变硬！,2022/11/15,hsv,8
深蓝可以上门试驾吗,2022/10/21,james6,1
lovext520被取消在GreenAuto版的发文权限,2022/11/16,deliver,0
听说有新势力的造车资质被收回了,2022/11/15,leyouyip,16
Re: 特斯拉事件有想赌积分的吗？,2022/11/16,原帖已删除,0
刹车失灵都有一个逻辑漏洞,2022/11/15,stocklotus,9
车辆Autohold后刹车就是硬的,2022/11/16,wsnsw,2
如果是特斯拉的问题，谁来负刑事责任,2022/11/16,fuweihua,2
我很好奇一点，从来没人投诉特斯拉高速方向盘转不动。,2022/11/16,fancysky,0
公开道歉 特斯拉起诉郑州温姓车主胜诉,2022/11/15,litra,18
油门和刹车踏板上应该强制加装压力传感器并实时记录,2022/11/15,cheroer,7
又打架了~~~~,2022/11/16,zyzx77,0
已养成在路上躲避特拉斯汽车的习惯了,2022/11/15,pimao159,6
我就说一点,2022/11/15,bana,26
什么车360做的最准？,2022/11/16,tanguofu,0
千万不要高估人的纠错能力,2022/11/16,tony89757,3
据说比亚迪给大巴安装了刹车摄像头 (转载),2022/11/16,qlogic,0
如果特斯拉是电脑总控，为啥没有踩刹车亮大灯的现象？,2022/11/16,test321,1
昨天下午去了海豚店，本打算看看的，最后还是定了,2022/11/5,zelatan,5
希望司法部门擦亮眼睛，保持清醒,2022/11/16,inso,3
关于特斯拉汽车的一点疑问,2022/11/15,mymm,7
司机说没说谎很容易查证,2022/11/15,spritesw,14
异地换了驾照，编号变了，请问是不是只有明年网站更新？,2022/11/16,zhujun,0
选哪个还没定，但至少可以排除哪个了,2022/11/16,yaofreedom,0
麻烦特斯拉公开源代码，让键盘侠们排查一下,2022/11/15,iidev9,10
不得不说，特斯拉真的是傲慢,2022/11/16,tedxyz,2
比亚迪除了edr，还更新了行车记录仪,2022/11/14,isucre,10
3YC真皮，在B站放了一段海豹“自燃”的视频。,2022/11/16,Nordahl,1
对特斯拉，至今没有有力量的质疑线索,2022/11/15,luoxiaogui,3
潮州特斯拉的视频是怎么流出来的？,2022/11/15,longsword,1
特斯拉感谢各位，这么关心特斯拉,2022/11/15,didawang,9
比亚迪：终止分拆比亚迪半导体至创业板上市,2022/11/15,nisus,0
l2遇到地上标线混乱时会判断错误,2022/11/15,zheshimimi,2
海豹第一烧？,2022/11/15,nonexist,41
特斯拉行车数据花钱就能自己看，EDR套件是个啥？,2022/11/14,yehorse,36
希望水木顶住,2022/11/14,vop,6
把暖气传递给每个人,2022/11/15,spadger,0
最简单说说刹车系统是怎么设计的,2022/11/15,tedxyz,23
黑一个品牌赔偿一万？,2022/11/15,seeredsea,1
说一下特斯拉的刹车,2022/11/14,hyeana,83
极狐新号优惠也不少-3万多吧,2022/11/15,sdlk,15
巴菲特抛售比亚迪，建仓台积电,2022/11/15,xingbake,0
慢点慢点，特斯拉，,2022/11/15,txgx,0
有没有是第三方黑客所为？,2022/11/15,gallado,1
我的车刹车失灵撞死了人，我要坐牢吗？,2022/11/15,maoaimao,0
从原理上来说，EDR记录踏板位置几乎不可能出错的,2022/11/15,LucaToni,30
挺特斯拉的还嘴犟不？,2022/11/14,rliw,66
大卖的车有明显的优点，卖不出去的车肯定有多方面的问题,2022/11/15,autumnwind,5
老司机开新车是有风险的，思想顽固， (转载),2022/11/15,luoxiaogui,0
怕死的，要给车安装（机械刹车+断电开关）,2022/11/15,ivybill,3
如果你踩着一个踏板，车一直加速，各位车友会咋办？,2022/11/15,wakesman,16
嘴硬说刹车不会有问题的进来看看这个,2022/11/15,churchmice,8
潮州大货老司机竟然多年无照驾驶,2022/11/15,wakesman,18
无法理解给tsl洗地的,2022/11/14,ejuzju,26
[讨论] 个人不支持单踏板这种模式,2022/11/15,wangdong268,26
wangdass8被取消在GreenAuto版的发文权限,2022/11/15,deliver,0
为啥非特斯拉车主会关心特斯拉刹车问题,2022/11/15,Beijing2O22,6
请各位特斯拉车神看一下这个是什么问题,2022/11/15,radiantvirgo,2
国外有关特斯拉“刹车失灵”的新闻多吗？,2022/11/15,xwzbupt,1
特斯拉为啥数据只能从后台看？,2022/11/15,memory166,4
司机说：我的右脚一直在刹车上，踩放、踩放，一路都是这样子。,2022/11/14,xueyecd,31
当你踩了刹车，车却在猛加速，请先怀疑自己踩错了，视频为证,2022/11/15,keepsharp,0
高合怎么样啊，感觉车挺漂亮的,2022/11/3,Purplestars,19
特斯拉的危机公关意识和能力不够啊,2022/11/15,spare,3
刹车踩不下还有一种可能性,2022/11/15,mollyc,9
你们只要相信你们愿意相信的就好,2022/11/15,ygs,0
司机说：我练过，左脚踩右脚面，右脚踩左脚面，舌尖一顶上牙膛,2022/11/15,thinkeye,0
说软件bug引发出错的都是喷子，油车也到处是软件,2022/11/14,yehorse,57
首先特斯拉的刹车系统设计必须符合我国国标,2022/11/15,fancysky,5
有没有一种可能，是特斯拉错把刹车当油门了,2022/11/15,henhenhahi,3
前几年刹车失灵的谎言，早已败光所有特斯拉司机的信誉,2022/11/15,yehorse,29
单踏板被妖魔化,2022/11/14,inso,40
假如事故车辆不是特斯拉,2022/11/15,didawang,3
et7拿到欧洲最权威金方向盘奖，本版竟然没有动静,2022/11/12,content,28
潮州特斯拉事故车六天同一地点停车监控画面对比zz,2022/11/15,oBigeyes,3
iccv2009被取消在GreenAuto版的发文权限,2022/11/15,deliver,0
人的动机千奇百怪,2022/11/15,inso,2
"最近理想L8,竟然自己给自己搞出一个脚垫风波来",2022/11/15,wholeholes,14
tsl事件 是否是远程控制测试,2022/11/15,hearun,1
极狐，台风，被树砸，结果,2022/11/15,minghw,7
关于这次TSL失控,2022/11/14,vop,35
来看看 不是说踩错2km的几乎不可能吗,2022/11/13,MaybeNew,140
之前的回帖有人跟我说TSL没有总电源开关,2022/11/14,marion,28
为啥一说特斯拉失控、比亚迪自燃就有一堆人跳出来指责车主？,2022/11/15,thinkeye,1
有特斯拉车主自己装摄像头了,2022/11/14,erlin,13
[合集] 【本版销售最喜欢攻击的两个品牌，第一比亚迪，第二特斯,2022/11/15,nolonger,0
特斯拉要完？,2022/11/15,seeredsea,2
潮州特斯拉事件中，车子安全气囊都爆了却仍在加速，正不正常？,2022/11/15,timspace,3
Re: 说特斯拉有责任的都是文科生，说司机瞎几把开的都是理工科,2022/11/15,原帖已删除,1
还有人敢买特斯拉么,2022/11/15,chouachou,5
你认为是哪个?,2022/11/15,dynasty1215,3
建议购买ID系列,2022/11/14,srang,39
特斯拉这次算栽大了,2022/11/15,cokebear,24
NHTSA收到127项投诉称特斯拉会意外加速并撞毁,2022/11/14,artech81,37
有没有可能特斯拉车主自己改了刹车,2022/11/15,SUNNYLEEE,4
有人搞到了特斯拉事发前几天同一位置停车视频,2022/11/15,LucaToni,26
感觉这个和软件开发一样,2022/11/14,pangwa,2
2022年1月起，新车都将强制安装EDR,2022/11/14,yehorse,13
终于理顺了逻辑，是不是这么个理儿？,2022/11/15,LordTod,1
电车油门当刹车没有后悔机会,2022/11/15,skyfromheart,2
刹车踩不动，刹车灯会亮吗？,2022/11/15,chenchf,0
刹车失灵是有可能的,2022/11/15,googlestyle,8
说说我碰到的一次刹车问题,2022/11/15,zjcy,1
极氪为什么不把车宽做窄点,2022/11/15,meirenai,5
家里没有充电桩，买新能源车怎么解决充电问题？,2022/11/14,presento,6
看了半天都是莫须有啊,2022/11/15,iccv2009,4
有自适应巡航的车出现各种bug都可能,2022/11/15,wsnsw,4
特斯拉回应了啊,2022/11/13,raulcao,38
特斯拉提示请勿刹车油门一起踩（链接有视频）,2022/11/15,sirius0777,0
锤子车的新款裤衩方向盘隐患更多,2022/11/15,AD007,1
以后特斯拉还是别吹续航高科技了,2022/11/15,flyyan,3
虎扑和论坛，和微博差不多。长时间踩错刹车，网上一堆视频,2022/11/14,qian272,1
【2019年宇通电动公交，在山西两起误踩加速踏板事故】,2022/11/14,chaodide,9
平原公子对潮州特斯拉事故的分析,2022/11/15,cjon,0
还是镇版slogan：电车不好，别买,2022/11/14,didawang,9
特斯拉的锅是逃不掉的，创新（省钱）太多了,2022/11/15,flyyan,0
潮州车主出来说话啦~~~~~~~~~~~~~~~~~,2022/11/14,idavailable,20
tsl车主粉们极力维护tsl是啥动机,2022/11/14,siyu,12
【不就是特斯拉降价，对没技术的新势力造成打击了吗】,2022/11/14,chaodide,20
为啥这么多人主动给特斯拉洗啊？,2022/11/14,runzzg,36
车主说的是刹车板是硬的，踩不下去,2022/11/14,sodayou,41
也说一次刹车油门不分的情况。,2022/11/14,FLYBBS,2
特斯拉为啥非要单踏板？不符合习惯的做法是不安全的,2022/11/14,CRH11,27
特斯拉单踏板设计遭投诉，工信部这样回应,2022/11/14,LucaToni,2
ES7和G9怎么选？,2022/11/13,goldenfox,21
居然有人给BYD刹车失灵做了视频合集,2022/11/14,zyzx77,4
