﻿主题,发帖时间,_ 作者,回复
过度相信司机的人是什么脑回路？不大理解，,2022/11/13,luoxiaogui,104
电车为什么不加一个强制物理断电开关,2022/11/14,Jambalaya,8
有没有一种可能,2022/11/14,aKong,2
讲个有趣的旧事：自从装了脚踏摄像头，byd的公交车刹车失灵就消,2022/11/14,jinlianhanzi,50
后驱电动车，加速最快的是哪个？,2022/11/8,SUNNYLEEE,14
蔚来第三季度财报,2022/11/11,Neuromancer,38
id4 600现在哪个店能保证年底提车？,2022/11/14,flysand,3
转一个充电桩,2022/10/31,doubledouble,1
有件事情不太明白,2022/11/14,huggs,22
人在紧急状态下会永远相信潜意识,2022/11/14,tony89757,6
转载一个T家的故障,2022/11/14,xlv,3
特斯拉的OTA就是打补丁用的,2022/11/14,billowliu,10
慎买特斯拉！看YYP论单踏板模式有感。,2022/11/14,soochowboy,26
C2驾照能开特斯拉么,2022/11/14,cokebear,0
家用轿车应该规定百公里必须大于几秒 (转载),2022/11/14,luoxiaogui,0
版上有没有至少一个人能做到,2022/11/14,wsnsw,0
东北气候是不适合电动车,2022/11/14,peibch,0
IA5换了老头乐ID6X七座长续航版,2022/11/13,skyfromheart,27
特斯拉行驶中按住电子手刹有没有刹车优先？,2022/11/13,i925XE,9
决赛圈 极狐αT vs 大众id6,2022/11/14,freewaters,31
电动爹，还是电动棺材？,2022/11/13,louxfchen,17
有点失望,2022/11/14,cokebear,2
Re: 特斯拉刹车灯亮起的时候是啥样的？一开始亮了吗？,2022/11/14,原帖已删除,41
比亚迪D1上市，15.78万元，CLTC418km,2022/11/4,census,26
红灯时越过停止线停在了斑马线或路中央，到底算不算闯红灯？,2022/11/14,zheshimimi,11
pkuwc被取消在GreenAuto版的发文权限,2022/11/14,deliver,0
将很多重要安全功能集中在一个拨杆上是极大安全隐患,2022/11/14,googleask,0
去年多少起特斯拉刹车失灵、车辆失控？有一起实锤的吗？,2022/11/14,yehorse,5
如果刹车系统没有坏，刹车硬也应该亮灯吧？,2022/11/14,tedxyz,1
司机看得见的地方设两个指示灯,2022/11/14,wakesman,2
版面被特斯拉屠版了啊,2022/11/14,dyatpk,6
还有一个特斯拉无法洗地的大数据,2022/11/13,CRC,11
说车主没踩刹车的，怎么解释车主说刹车很硬踩不动,2022/11/13,TYT,57
真是被所谓的单踏板模式搞晕了,2022/11/14,wuan,12
北京城里谈电车零百加速有意义吗？,2022/11/6,byan89,120
如果官方结论就是司机问题，会担刑责吗？,2022/11/14,zai,4
似乎特斯拉半途撞出气囊后，没有停下来,2022/11/14,rocfirst,4
如果你是潮州特斯拉车主，当时应该怎么做？,2022/11/14,asl,38
看了视频，觉得应该车出问题的概率大,2022/11/14,ejuzju,18
特斯拉只会自动踩刹车，怎么可能自动加速,2022/11/14,zhangxy11,0
上半年某品牌测试车从三楼坠下,2022/11/14,MaybeNew,5
为什么刹车这种低级错误总在特斯拉上出现？,2022/11/14,hyperLee,7
蔚来ET7舒适模式大概是8秒，运动模式是6秒，望知悉,2022/11/14,pigflying,4
加个刹车踏板记录仪能提高多少成本,2022/11/14,feifyer,7
电车为啥非得要能量回收？,2022/11/14,ruanji314420,23
特斯拉能否设计成深踩油门10s后，可以手动关闭？,2022/11/14,census,4
贡献一个瓜子卖车过户时间,2022/11/4,chrome2000,4
油车也智能化了,2022/11/14,dawei78,0
Re: 无论失灵还是误操作,2022/11/14,原帖已删除,6
充电桩应该对占用时间有个额外的收费，比如每小时5毛,2022/11/14,keii,5
立法：动能回收必须可以设置为完全关闭,2022/11/14,BEO,5
"极狐麦格纳产能利用率不到10%,真不如租给新势力或比亚迪",2022/11/14,flyflit,9
最逗的就是几个id反人性地咬死车没毛病,2022/11/14,ptx,15
说自动驾驶引起事故的都是喷子，因为FSD国内不能用,2022/11/14,yehorse,0
潮州特斯拉事故都没人讨论了？,2022/11/13,ridgewang,165
【转发】潮州特斯拉事件网友总结,2022/11/14,zjcjm1,6
yyp说潮州单踏板,2022/11/14,thwolf,2
坑人的脚垫也会造成油门无法回弹,2022/11/14,TransAir,3
立法 安全气囊弹出后 必须切断动力？,2022/11/14,tanguofu,0
特斯拉的事情，咱换个思路,2022/11/14,xlrh,8
求购北京元plus顶配或者次顶配白色款的定车指标，转给我吧,2022/11/9,aYaVa,1
[讨论][新能源][电动]大众ID销售说十一月下定还能享受国补,2022/11/7,summerlover0,10
新能源车可以增加紧急声控功能,2022/11/14,xfqewfy,7
说说为啥特斯拉刹车事故多,2022/11/13,junopapaya,55
先不说是不是特斯拉的问题,2022/11/14,ziheng89,2
电车在危机时刻瞬间不香了,2022/11/14,daisylove001,2
特斯拉方回应：司机全程没踩刹车，4次短暂按下p档,2022/11/14,erVShb,2
很多人是不适合开tsl的,2022/11/14,gokukun,11
如果是特斯拉问题，车主可以免刑任吗？,2022/11/14,skyfromheart,10
问一个和特斯拉这事有点相关又不相关的问题,2022/11/14,anaiw2,0
特斯拉针对事故对媒体有官方回复,2022/11/13,piggybankk,15
有一个很奇怪的问题,2022/11/14,shuaigege,6
潮州tsl这事儿看看刹车片不就行了？,2022/11/14,isucre,2
电车应该强制左脚再装一个机械刹车,2022/11/14,freynew123,2
分享一个多年前误踩油门的惊险经历……,2022/11/14,soochowboy,9
老司机别买tsl,2022/11/14,wakesman,3
看到篇关于特斯拉失控的分析文章,2022/11/14,nVidia,5
那么问题来了,2022/11/13,dawei78,14
电动车为啥不能轻点刹车进入动能回收模式,2022/11/14,prista,6
所有的交通事故都是刹车失灵,2022/11/13,yehorse,7
【朱玉龙关于特斯来事故的一些观点，应该比较客观】,2022/11/14,chaodide,2
锤子车应该设置一个一键紧急制动功能,2022/11/14,AD007,0
蔚来汽车的财报走势很不乐观,2022/11/12,TDK1,36
有没有可能是矿泉水瓶子落刹车踏板下面,2022/11/14,meirenai,2
特斯拉这油门踏板确实容易混淆,2022/11/14,weibeiqs,4
不懂就问，这算不算特斯拉刹车故障,2022/11/14,doremy,0
我觉得特斯拉是司机的问题,2022/11/14,superlq,5
都撞上障碍物了，自动紧急制刹系统，没启动吗？,2022/11/14,beanzu,2
网上看到好几个说元plus会向右跑偏的,2022/11/14,zheshimimi,1
潮州特斯拉又是老年司机开子女的车,2022/11/13,skyfromheart,27
model y松开油门滑行都会亮刹车灯的,2022/11/13,evermore,10
开货车跟开普通汽车有区别吗,2022/11/14,meirenai,7
案例:刹车<定速巡航,2022/11/14,doremy,2
读 “读“别了，我的E6”有感”,2022/11/12,googlestyle,20
汽囊弹出后还在狂奔,2022/11/14,sal0nbus,0
现在的电动车事故感觉就和医疗事故一样无法公平裁定,2022/11/14,jashen,1
【强烈推荐】网友实测特斯拉潮州事故全过程,2022/11/13,LucaToni,3
迄今看到完整的对当事人的采访,2022/11/14,bjny99,1
从潮州特斯拉事故想到的,2022/11/13,hohoboy,4
几个事实：刹车灯亮、气囊爆了还在加速、车主尝试按p档,2022/11/14,sirius0777,5
事主说刹车很硬踩不动，也许是这样的,2022/11/13,inso,9
潮州特斯拉车主为什么不赶紧打方向盘驶向路边？,2022/11/13,mp2018,7
特斯拉这个刹车事故的阴谋论猜想,2022/11/14,secondjet,1
等待法院判决,2022/11/14,blackbamboo,5
气囊弹出后车会自动刹车吗？,2022/11/14,hellokkzhu,0
特斯拉那么智能,2022/11/13,dawei78,1
大家看看特斯拉幽灵般的操作,2022/11/13,erlin,7
去年全国共发生交通事故24万起，为什么我们只看到了特斯拉出事,2022/11/13,yehorse,36
看了潮州视频,2022/11/14,XXPT,0
加一条语音识别吧，大喊三声刹车，紧急刹停,2022/11/13,zheshimimi,1
你们挺特还是反特我一点都不关心，能不能给个纯看客聊聊的环境,2022/11/13,iideall,0
建议特斯拉在油门踏板处装个行车记录仪,2022/11/13,iamccp,1
屁股不能这么歪，潮州特斯拉车刹车失灵也是一种可能性,2022/11/13,thinkeye,21
真的只有特斯拉刹车失灵吗？别的品牌都不失灵吗？,2022/11/13,yehorse,8
单踏板模式和动能回收有啥区别？,2022/11/13,soochowboy,2
性能车（6秒内的电车）不适合普通人开,2022/11/13,Tmoon,15
说了多少遍这就是杀人犯,2022/11/13,keler,4
把毛豆三的Bug修复称作是史诗级进步,2022/11/6,keler,1
迟早电动汽车会和电动单车一样，限速度和功率,2022/11/13,test321,7
其他电车没有单踏板模式吗？,2022/11/13,CRC,12
为什么又是它，为什么总是它，为什么还是同样的问题,2022/11/13,bjny99,15
车主误踩两公里的可能性不大,2022/11/13,ziheng89,15
关键是司机一直在积极的进行自救,2022/11/13,CRC,4
从上个月一起多人事故看国产品牌的舆论控制,2022/11/13,LucaToni,8
相信车主不说谎的人是多么纯洁天真善良啊，,2022/11/13,luoxiaogui,6
潮州这个事件都在蹭流量密码吧,2022/11/13,swen,3
几个措施,2022/11/13,niuba,3
看那些洗地的，2公里多，40秒,2022/11/13,TYT,9
电子刹车怎么应对电路故障呢？,2022/11/13,tanguofu,3
踩刹车会猛烈加速这是什么黑科技？,2022/11/13,skyfromheart,3
从保时捷，特斯拉电车出事讨论看到浓浓的奴性,2022/11/13,shunderen,1
就这点事，从2015讨论到2022，一点新鲜的没有,2022/11/13,didawang,3
刹车和油门踏板，对脚来说太近了,2022/11/13,test321,5
特斯拉失控狂飙近2公里，靠碰擦才停下!,2022/11/13,bearinmind,0
老人是有动力说谎的,2022/11/13,ziheng89,0
温州的事才过去几天，都忘啦？,2022/11/13,didawang,0
很多人对2公里的时间没概念,2022/11/13,skyfromheart,16
油电互换最多两次的具体出处是哪里呀？,2022/11/13,rabbitB,4
特斯拉事件的疑惑？只有脚踩电门才会一直加速吧？,2022/11/13,soochowboy,2
特斯拉以20%的保有量贡献了几乎100%的加速踩死事故,2022/11/13,CRC,5
特斯拉事故与心里暗示,2022/11/13,nkwhl,0
特斯拉这事起码得公开调查公开回应，不能再含糊而过,2022/11/13,yxsyr,1
特斯拉刹车这事儿没啥好讨论的了,2022/11/13,skylee,2
肇事司机是不是第一次开特斯拉,2022/11/13,inso,0
非特车主自救手册,2022/11/13,churchmice,1
零百加速球用没有,2022/11/13,bdjnl58,0
下午准备联系特斯拉销售提车,2022/11/13,ziheng89,1
潮州特斯拉为啥没有自动制动呢？,2022/11/13,thinkeye,16
网友的总结,2022/11/13,CRC,4
用证据说话，不要猜，,2022/11/13,luoxiaogui,0
21世纪报道：司机“今年55岁，以前是货车司机，有20多年的货车,2022/11/13,ptx,12
天天黑有意思吗？,2022/11/13,didawang,1
气囊弹出后车没有减速，这个怎么洗,2022/11/13,CRC,2
视频:特斯拉的刹车踏板竟然会自己踩,2022/11/13,junopapaya,3
理解不能，单踏板不是什么都不踩就是刹车吗？大不了什么都不踩,2022/11/13,pany,4
看来单踏板的适应性是一个问题,2022/11/13,luoxiaogui,1
比亚迪最新电话会议,2022/11/13,census,15
潮州特斯拉我倾向是司机的问题,2022/11/13,smthxes,3
如何防止被特斯拉追尾,2022/11/13,Mars102,1
挖坑话题，70度电,2022/11/13,topking,7
Tls的这个功能真是让我开眼了,2022/11/13,xiadayu,1
踏板摄像头可以大卖了吧？,2022/11/13,shuaigege,0
我有次开单踏板的新能源车（具体牌子就不说了），干了件糗事,2022/11/13,marion,14
成都比亚迪唐爆炸炸死人那个帖子,2022/11/13,xueqiangpku,1
给大家购车前的一个建议，别买小众车,2022/11/13,tieerzyw,9
丰田在发力氢能源，感觉以后新能源版图有他一部分,2022/11/13,MachuPicchu,11
不相信司机的话，百分九九是司机问题,2022/11/13,luoxiaogui,5
单踏板的超额误踩率到底如何,2022/11/13,keirara,0
TSL的问题,2022/11/13,losangelous,4
等着看反转吧，就是踩错了，,2022/11/13,luoxiaogui,1
建议禁止单踏板模式，没多大意义，,2022/11/13,luoxiaogui,2
假设真的自动加速你怎么办？,2022/11/13,tsingsh,1
极狐北京销量创新高550+,2022/11/13,sdlk,17
我要是买特斯拉,2022/11/13,upndown,2
不限牌不限行的县城电车分布情况,2022/11/12,sdlk,16
大众和北汽走下坡路的原因是一样的：三心二意,2022/11/12,shunderen,36
kkkkv31被取消在GreenAuto版的发文权限,2022/11/13,deliver,0
特斯拉主要车的设计跟别的不一样，新手才不容易出事,2022/11/13,MachuPicchu,2
simazl被取消在GreenAuto版的发文权限,2022/11/13,deliver,0
sdlk被取消在GreenAuto版的发文权限,2022/11/13,deliver,0
潮州特斯拉事故原因这回会水落石出吗,2022/11/13,billowliu,0
不能充电吗？,2022/11/13,CRC,0
现在电池太贵了，不适合买电车了,2022/11/13,hitero,12
给特斯拉洗的,2022/11/13,stanlyliusu,6
ET5同温层蓝，现车转，有要的不  +2500,2022/11/13,zunshi,2
看开特拉斯的果然老手，开车习惯完全不同，出事正常,2022/11/13,MachuPicchu,1
这真的假的？,2022/11/13,niuniulong,1
据说特斯拉又要大降价,2022/11/11,juinjwst,25
高合这跑车确实非常帅啊,2022/11/13,tanguofu,1
最幸运的还是一开始那个电瓶车和对面的自行车,2022/11/13,sushou,5
踏板上方加个摄像头对特斯拉不是难事吧,2022/11/13,skyfromheart,11
智己没戏了,2022/11/11,gaozhuang,14
算了下蔚来的折旧率与保值率,2022/11/13,sharonyue,25
别了，我的E6,2022/11/11,fenghuang,175
电车开2小时停车后晕晕乎乎的,2022/11/12,wordsword,9
读“别了，我的E6”有感,2022/11/12,byan89,54
请看这款电车横扫千军，白送你敢要嘛？,2022/11/13,TDK1,11
防控松动了，电车销量占比要下降了,2022/11/13,sdlk,7
特斯拉自动远光的逻辑是啥？,2022/11/12,jiangyuu,9
目前北汽有两款真正最能打的电车,2022/10/10,sdlk,107
蔚来车的质量是非常好的,2022/11/12,shunderen,8
imchenghaibo被取消在GreenAuto版的发文权限,2022/11/13,deliver,0
汉3.0啥时候出来,2022/10/27,lengsong,3
蔚来这下季度交付指引有没有没实现的时候？,2022/11/12,lOOO,5
微博上说国内Tesla还在酝酿降价 (转载),2022/11/9,hipara,24
特斯拉已经认识到自己搞不定中国市场了,2022/11/12,mafama,17
LCC 好不好用 ？8 车 LCC 期末考成绩出炉！,2022/11/10,AD007,36
全网说的这个M7A柱的事到底安全性有没问题？,2022/11/11,ruizhu,120
小鹏居然10月新能源销售连前15都没进,2022/11/11,peibch,19
宁德提供电池，BBA超越新势力很难吗？,2022/11/11,AISIF,31
Re: 极狐被追尾，后车太惨了,2022/11/12,原帖已删除,7
有没有发现东风岚图的标像羊头？,2022/11/12,oldgeng,2
夭寿了，预约明天车检，12123维护上不了了...,2022/11/11,pigtail,3
新势力真是太卷了，增程车续航310公里,2022/11/8,census,23
国补是按照指导价还是开票价确定？,2022/11/12,skyfromheart,0
30万出头的六座新能源SUV有啥可选的？,2022/11/11,ruizhu,44
发现两个ID4/6新槽点,2022/11/11,skyfromheart,70
特斯拉刹车体验统计,2022/11/11,wwwgmpcom,19
最近有想买特斯拉的么,2022/11/12,chrome2000,2
没指标想买辆车，是租牌划算还是外地牌子硬开划算？,2022/10/2,qiqi2qiqi,17
这参数在我朝电动大军面前毫无优势把,2022/11/10,leyouyip,20
这会不会是现实版的“闭门造车”？,2022/11/12,byan89,6
私营企业的新势力骚操作真多！！,2022/11/12,TDK1,0
咨询2个座椅通风的问题,2022/11/11,hadeshere,4
这两种悬架表现，大家更喜欢哪一种呢？,2022/11/11,chinahuman,3
毛豆3换胎的话你们都换啥,2022/11/11,ygs,33
10万级的三大妈或者朗逸能稳定开10年不？,2022/11/9,xubeida02,7
蔚来第3季度收入130 亿，亏损41 亿，分别同比扩大32%和392%,2022/11/11,tsa350,0
北汽又在搞置换吗？,2022/11/11,wsnsw,1
哨兵有什么难度吗？,2022/10/27,huanyongID,56
求教一个词 (转载),2022/11/11,jahweh,4
貌似比亚迪也开始缺芯片了,2022/11/10,kuailian,18
薛定谔的单踏板,2022/11/8,simao,3
奔驰EQXX不错,2022/11/10,xingbake,56
奥迪A6会出纯电版吗？,2022/11/9,noirecafe,9
Re: 电车无线充电的技术路线走得通么？ (转载),2022/11/11,原帖已删除,3
[新能源]三年跑了45万公里的ES6，意味着什么？,2022/11/11,tonyaimar,0
极氪009电机的价格,2022/11/10,census,8
现在回头看，当年最实惠的购车就是7.99买北汽EX5吧，虽然是过户,2022/11/9,bufu110,7
M7碰撞测试结构件失效,2022/11/8,huanyongID,10
中保研最新碰撞，问界、小鹏、欧拉A柱弯曲！安全性可疑！,2022/11/4,soochowboy,30
[转载]11月第1周数据,2022/11/8,beatlakers,9
10月新能源车国内零售渗透率30.2％，同比提升11个百分点,2022/11/9,Simu1ink,21
撕裂中的小鹏汽车：求新的A面，失控的B面 ｜ 深氪,2022/11/10,AZTU,7
id6现在落地什么价了？有推荐的4s吗？,2022/10/16,orwell,15
wongkasteve被取消在GreenAuto版的发文权限,2022/11/11,deliver,0
有特斯拉用的 carplay 盒子了 (转载),2022/11/10,tsa300,2
电车电池控制水平能比苹果做的更好吗？,2022/11/9,covidtest,82
空气悬挂没体验过，真的有用么？,2022/11/9,tanguofu,58
2022十佳底盘。好奇是怎么评出来的。,2022/10/9,nVidia,24
南京特斯拉事故怎么看？,2022/11/8,win2012,44
吉利出了一个电动皮卡,2022/11/10,hipara,1
新能源的阻力还是电池,2022/11/10,shunderen,0
alex41被取消在GreenAuto版的发文权限,2022/11/10,deliver,0
zhly05被取消在GreenAuto版的发文权限,2022/11/10,deliver,0
新能源车上牌问题,2022/11/10,fancyblue,11
电动汽车有必要定期把电耗光吗,2022/11/10,littelShrimp,6
新能源车取代燃油车的四个瓶颈,2022/11/9,soochowboy,14
明年特斯拉会继续挥舞降价大旗吧？,2022/11/9,langmanyixia,18
懂车帝十月新能源销量榜,2022/11/10,nVidia,15
小鹏将在下个月重回万辆俱乐部，拭目以待,2022/11/3,AD007,45
为啥理想总是造大车,2022/11/7,rockgirl,37
xiaoqian3211被取消在GreenAuto版的发文权限,2022/11/10,deliver,0
10万左右，续航400左右，有推荐的吗？,2022/11/8,kunseng,28
比亚迪为什么会爆发的探讨,2022/11/4,autumnwind,102
[合集] 工资低也能开好车，这广告啥水平？,2022/11/10,nolonger,0
[合集] 特斯拉的引荐人？原来真的有干得好送车活动啊，还是大宝,2022/11/10,nolonger,0
[合集] 北汽极狐总裁离职！连搞情怀演唱会营销：千万预算比研发,2022/11/10,nolonger,0
sdlk被取消在GreenAuto版的发文权限,2022/11/10,deliver,0
cosun被取消在GreenAuto版的发文权限,2022/11/10,deliver,0
人保双11有什么活动？明天车险最后一天了,2022/11/10,imbjer,0
10月极狐交付量是多少,2022/11/10,stockerr,1
2023年上半年，新能源车会涨价还是会降价？,2022/11/9,zheshimimi,6
还是我，30万左右的电动suv，如何选择？,2022/11/10,wangyincnpe,5
现在哪些车型用空气悬架,2022/11/10,beesan,6
如果目前的新能源车，车价降低一半，会血洗油车市场吗,2022/11/9,phoenixhills,10
蔚来1200座换电站建成了,2022/11/6,Neuromancer,157
原来A柱弯曲是做了安全性优化,2022/11/10,huanyongID,1
最有竞争力的电车是小鹏还是蔚来，给亲戚推荐,2022/11/7,shuiwoods,28
特斯拉下一步会不会那个增强辅助驾驶免费？eap？,2022/11/10,pany,3
monaag被取消在GreenAuto版的发文权限,2022/11/10,deliver,0
model y标续和长续跑山区别大吗？,2022/11/9,kingofdiqing,17
又一起特斯拉失控，据说2死2伤,2022/11/7,nVidia,90
哪些车电子失效后车内打不开,2022/11/9,wsnsw,2
新能源汽车检测收费多少？北京,2022/11/9,casluo,2
依稀记得2015年特斯拉刚上市价格七十多万呢,2022/11/9,FrankM,10
特斯拉又降价了是么？,2022/11/9,tubility,13
现在纯电续航最远的是什么电车？能到700么？,2022/11/7,tanguofu,44
电车的未来是充电宝式副电池,2022/11/7,MG3,60
今年车险是涨价了么？,2022/11/2,wzzf,6
中国乘用车碳达峰基本实现,2022/11/9,Simu1ink,4
18万的深蓝SL03同时抢了海豹、秦PLUS、AION S的市场,2022/10/18,sdlk,50
特斯拉又降了8K,2022/11/8,CCXM,8
[合集] 仰望这个品牌名还不如就叫“传福”,2022/11/9,oBigeyes,0
本人比较保守，确实看到小志开T车撞了燃烧很快，就继续比亚迪,2022/11/9,DavidKING516,13
wingofray被取消在GreenAuto版的发文权限,2022/11/9,deliver,0
kaduio被取消在GreenAuto版的发文权限,2022/11/9,deliver,0
比亚迪高端品牌腾势卖了多少台？已经卖不过来了所以又推出更高,2022/11/9,simazl,28
试驾|今天下午试驾了长安深蓝SL03,2022/10/16,sdlk,73
都202×年了  居然还有人吹刀片电池,2022/10/14,fzf,69
wabd123被取消在GreenAuto版的发文权限,2022/11/9,deliver,0
几款电动瓦罐档次还是一目了然的,2022/11/9,alou,4
电车残值到底有多低？,2022/11/8,AISIF,35
[合集] 啥时候广东海南修个大桥,2022/11/9,oBigeyes,0
怎么会有人加钱买白色内饰呢？,2022/11/9,tubility,1
799之后的无奈,2022/11/7,danmishell,10
Neuromancer被取消在GreenAuto版的发文权限,2022/11/9,deliver,0
新能源二手车求估价,2022/11/7,linklist,11
20-30的纯电SUV有推荐吗？,2022/11/7,freewaters,25
俺心中未来智能汽车的样子,2020/4/14,xlrh,17
捧吹比亚迪总让老车主觉得尴尬,2022/11/4,ariddletome,177
[合集] 比亚迪风光无限，可还有人记得比亚迪的云轨吗？,2022/11/9,oBigeyes,0
无人驾驶的重要用途,2022/11/8,shunderen,3
八月份生产的车，没额外优惠的情况下能买么？,2022/11/9,winterpig,0
仰望搞个一年3万辆应该有，那么也有300亿，利润50亿,2022/11/8,MachuPicchu,1
未来三五年增程技术路线将迎来井喷式发展,2022/11/4,snwofox303,156
比亚迪要进军高端市场了？,2022/11/8,qbb,16
小众之选：etron提车,2022/8/23,BICC,111
想换车，大家推荐下，10万以内,2022/10/16,janekl,8
请各位给个买车建议哦,2022/11/6,malochj,25
6年比亚迪老秦300日常调理,2022/11/7,wangdass8,30
一篇关于丰田刹车门事件的详细文章,2022/11/8,nVidia,3
[合集] 其实纠结某些品牌为什么老是往用户身上泼脏水没啥意义,2022/11/8,nolonger,0
[合集] 为啥特粉们会坚定地认为特斯拉失控刹不住车都是司机踩错,2022/11/8,nolonger,0
radrale被取消在GreenAuto版的发文权限,2022/11/8,deliver,0
Re: 请问极狐T 按照置换补贴的实际价位来说，其他品牌车哪个更,2022/11/8,原帖已删除,49
双极性镍氢电池怎么没有消息了？,2022/11/8,ehu,0
求推荐10万以内性价比高的电车,2022/11/6,saxlove,28
加拿大强制3家中国企业卖出锂矿,2022/11/3,Icanread,55
procious被取消在GreenAuto版的发文权限,2022/11/8,deliver,0
Re: 极狐卖不动也是活该,2022/11/8,原帖已删除,68
比亚迪喷粉怎么看啊,2022/11/8,stockerr,17
｛转帖｝广东潮州一特斯拉Model Y刹车失控，2死2伤,2022/11/8,Google333,13
比亚迪卖的好是沾了自己能生产电池的光,2022/11/6,terminats51,26
英伟达将向中国推出芯片A800 可用于替代A100,2022/11/8,nisus,8
GeneralMilk被取消在GreenAuto版的发文权限,2022/11/8,deliver,0
大众ID车机频繁重启,2022/11/7,davyfl,16
yutong被取消在GreenAuto版的发文权限,2022/11/8,deliver,0
电动汽车NEDC续航800 经济续航上限,2022/11/8,mayi,9
10月份出口汽车35万辆,2022/11/7,Simu1ink,12
请教一下，1月份过年，电车，北京回沈阳的可行性。,2022/11/8,buaapier,8
特斯拉又降8000,2022/11/8,xiadayu,33
比亚迪只有一个硬伤,2022/11/4,yuandao888,75
充电桩的未来是无轨电车式充电线,2022/11/7,MG3,28
埃安Y刚买回来，开回来的路上,2022/11/8,a000000a,12
我觉得把，大家对byd要求的确也不能太高了,2022/11/4,content,33
在看的见的将来，换电才是纯电中长途补能的唯一解,2022/11/3,gaozhuang,259
新能源二手车为什么这么贵呢？,2022/11/5,tubility,7
买车的疑问，求指教,2022/11/7,BeBrave,4
8月卖了毛豆Y真香,2022/11/8,yasel25,5
调研一下，版上用油标买电车的有几位？,2022/11/3,skyandearth,235
请教提车注意事项和选车牌号攻略，谢谢！,2022/11/7,smallflyfish,6
新能源车都是码农取的名吧？,2022/11/7,ivybill,2
"不买车, 也不卖车, 这款车安全还是不安全?",2022/11/7,dynasty1215,12
eu5 r500置换极狐at 653+,2022/8/25,tianming1992,119
极狐708S+置换价才23万，怎么比27万起步的汉销量差那么多,2022/11/4,sdlk,42
北汽极狐汽车总裁王秋凤因个人原因辞职,2022/11/7,yuandao888,20
买车到现在的平均桩端电耗,2022/11/7,hanb,6
身份证地址变更影响小汽车摇号审核吗，应该如何操作才不会影响,2022/10/16,qiangjuhua,5
【转贴】兄弟们我到家了！,2022/11/6,tsa300,64
欣旺达为德国大众HEV项目提供电池包系统,2022/11/7,dynasty1215,2
年产12GWh磷酸铁锂电池！吉利动力电池项目落户安徽宣城,2022/11/7,dynasty1215,0
在帝都，要么纯油要么纯电，混动没啥优势？,2022/11/7,xubeida02,11
XC90被取消在GreenAuto版的发文权限,2022/11/7,deliver,0
ID续航,2022/11/4,kw123456789,8
穷狄青，买了个15年的二手比亚迪秦70插混,2022/11/7,qianshi234,3
不吹不黑，版上有没有问界m5车主？,2022/11/7,rockgirl,2
其实吧，比亚迪卖的好最主要是外形做的好看了,2022/11/6,c1022189,8
商业充电桩价值不大吗？,2022/11/6,wen1984,1
想收个充电桩，有什么推荐的？,2022/11/7,asdf5,2
买有私桩就别讨论纯电了,2022/11/5,stoneyq,4
哪吒是谁家的？都没听说过啊？,2022/11/7,Jimmy3770,7
[新能源]比亚迪E2求估价,2022/11/7,darnaywu,0
比亚迪海豚 转个图,2022/11/7,skylee,8
新能源，有那种开车去很有面子的品牌吗？都还没有品牌效应，除,2022/11/3,chouachou,41
试驾了特斯拉深蓝03海豚海豹,2022/11/6,zhangxy11,32
小区门口路边全是油车,2022/11/4,zelatan,9
求大家推荐20-30万的suv,2022/11/4,ejuzju,34
理想的增程技术毫无门槛啊,2022/11/5,AD007,20
奥迪，准备造“换壳”比亚迪,2022/11/7,roffy,4
Re: 最近有买id6的么，落地什么价格,2022/11/7,原帖已删除,2
发现小地方拍违章比大城市多,2022/10/26,lingyunfei,25
极狐终于醒悟了,2022/11/6,biubiu02,21
极氪100度电池要20万？,2022/11/5,mafama,9
奇瑞小蚂蚁有没有了解的？有没有北京车友会？,2022/8/18,lanxiong,1
理想ONE在高速上起火,2022/11/7,modelx8808,2
上下班路程远选轿车还是SUV？,2022/11/4,tonypz,13
sunlustre被取消在GreenAuto版的发文权限,2022/11/7,deliver,0
Re: 丰田2.5的hev居然不到四个油,2022/11/7,原帖已删除,3
比亚迪研发费用首超特斯拉,2022/11/7,Simu1ink,1
10月份日系车销售情况如何？,2022/11/6,Simu1ink,3
猜车,2022/11/5,DoubleH,3
求推荐个随车充,2022/11/6,LeonTang,1
夫妻京户，有俩娃两房一车，已有一辆新能源车，另需要一个牌。,2022/11/6,sundyf,4
出一台自用电车2020年购买本田xnv，400续航,2022/11/5,jimmyhj,16
特斯拉刹车问题确有其事,2022/11/6,zhangxy11,17
部分国产自主和合资品牌均价,2022/11/3,he111,13
调查一下满电或低温条件下能量回收力度,2022/11/6,xiechuanhust,1
这是什么车碰撞A柱弯折这么严重？,2022/11/6,zhangxy11,18
请教：车身尺寸小但是电池大的电车有哪几款,2022/11/6,changchun,13
不是只有冰箱彩电大沙发吗？,2022/11/6,huanyongID,5
请教各位传统日系德系品牌最便宜的是哪个,2022/11/6,halfyuan,3
宁德时代的装机量遥遥领先啊,2022/11/4,test321,53
弯道超车变成了驶入岔道,2022/11/6,byan89,16
[合集] 看着那一堆堆恨比亚迪牙痒痒的id,2022/11/6,nolonger,0
sdlk被取消在GreenAuto版的发文权限,2022/11/6,deliver,0
不喜欢李想的，我建议可以看看他的演讲视频,2022/11/3,yzjjhk,26
小鹏立项增程了？,2022/11/5,gaozhuang,19
特斯拉最新OTA已解决部分场景下单踏板模式失效的情况 (转载),2022/5/31,LucaToni,38
换爱撸韭终于提上日程了,2022/11/6,leyouyip,3
锂会像芯片一样被卡脖子么？,2022/11/4,wyid,7
1打13，还有富余,2022/11/4,kaka2w,24
电车起来了，汽修行业将被颠覆,2022/11/4,chrome2000,19
有没有近期上市的七座电动suv?,2022/11/5,alex41,11
本田中国9月终端汽车销量为101069辆，同比下降16.8% (转载),2022/10/10,Simu1ink,5
比亚迪的厂家延保需要买吗？,2022/11/5,qymiao,9
你们的车不开会掉电吗？,2022/9/12,alexbroken,6
我想问下传统的油车不能搞智能化吗？,2022/11/1,milewang1,80
美国对中国电动车的遏制又出新招了 (转载),2022/11/5,xingbake,0
听坐过领导库里南的同事这样形容舒服的底盘,2022/11/5,huanyongID,0
广汽埃安Aion V plus 2023款升级多么,2022/11/2,Elsevier,7
蔚小理月销量达到多少是个坎？,2022/10/25,wsnsw,16
特斯拉冬天不开ac也能出热风,2022/11/4,evermore,31
极氪009真香 啥时候能降到30w,2022/11/5,Depr,1
特斯拉model3的充电,2022/11/5,HYXMU,1
新能源车车机是否好用，重要么,2022/11/5,lighteer,1
Re: 特斯拉服务还是比较垃圾的，交付问他要手机三次都没问来。,2022/11/5,原帖已删除,1
8家新势力造车10月份交付量对比,2022/11/2,hipara,54
铝燃料电池与氢燃料电池主项成本对比,2022/11/4,ZHMZFFL,6
没有私桩的是不是只能选蔚来了,2022/6/16,zhaozhaooov,40
钠离子电池会取代锂电池的，,2022/11/4,Junyang,136
今年还是明年买宋合适,2022/11/5,jizhihong,4
造车新势力超过宝马了没，说的要超越奔驰宝马的,2022/11/4,shuiwoods,12
我想问个问题，我们的手机和电动车为啥不去占领美国市场？？？,2022/11/4,MachuPicchu,24
海豚喷粉咋回事,2022/11/4,Happy2016,2
特斯拉转向杆操作逻辑祸害汽车行业,2022/11/4,zhangxy11,24
日本的氢能源和混动汽车,2022/10/26,shunderen,24
极狐10月份貌似1040辆,2022/11/4,yuandao888,22
粗大事了L9的NVH超越了奔驰S,2022/11/4,huanyongID,6
宋plus EV和ID4,2022/10/29,lakers60,14
讨论新能源充换电都是邪路还是解决硬盘大小容量1万度的电池吧,2022/11/4,nextworld8,5
我突然想明白了，汽车的终级形态：  钢铁侠战衣,2022/11/4,wholeholes,5
L9中保研碰撞测试出了,2022/11/4,mafama,0
为啥美国市场德系车很少，日系和韩系较多，BBA估计不到我国三分,2022/11/4,MachuPicchu,2
宁德时代，比亚迪的老板居然没有提前布局锂矿，说明发财也是偶,2022/11/3,wormvirus,47
又粗大事了，L9不是安全性不行吗？,2022/11/4,huanyongID,6
比亚迪十月销售量凉凉了,2022/11/3,xiadayu,83
试驾了极狐as708，as和at更推荐哪个呢？,2022/11/1,yanandegs,17
大家有没有觉得几个新能源车标很相似,2022/11/4,runneronroad,3
昨天说 奥迪搭载DMI到底是真的假的？,2022/11/4,zhouguangxiu,3
喜欢李想的，我建议可以看看他的霸气视频,2022/11/4,zhangxy11,5
求个宋plus ev车主群,2022/11/3,lag,1
李想同学，你来看看极氪009的第三排,2022/11/2,census,17
小鹏确实还是那个UC，产品不行，水军来凑,2022/11/4,playmobil,7
五菱的Air ev在印尼卖11-13万,2022/11/3,TaoTeChing,18
蔚来汽车确实牛逼,2017/9/12,D40s,46
极氪009来了,2022/11/1,zergcq,52
极氪009理想L9小鹏G9,2022/11/4,Neuromancer,3
相比起来广汽的ota升级就是扯犊子,2022/11/3,idiotwsh,4
20万以内续航600km以上求推荐,2022/11/4,wuxiao,3
拿铁DHT优惠1.6万,2022/11/4,census,0
Re: 国产新能源在特斯拉的带动下有了不小进步，继续加油吧,2022/11/4,原帖已删除,19
老古董们对新世界恨的牙痒痒,2022/11/3,shunderen,34
搞一个充电宝20度电，能放进后备箱里，每个加油站都投放，能解,2022/11/4,tanguofu,10
要是大家都买新能源,2022/11/3,sixia,8
元plus终于提车了,2022/11/4,shishu8385,7
比亚迪：10月新能源汽车销量21.78万辆 上年同期8.10万,2022/11/3,qko,17
零跑要降价了,2022/11/4,doudouba,3
问界仅用几个月时间就实现对蔚小理的超越,2022/11/2,snwofox303,29
求问，吉利帝豪置换的话。各厂商的补贴一样吗？哪个最多？？,2022/11/4,qwt,0
请教大神，油标买插电混动上绿牌，在帝都限号么？,2022/11/3,xubeida02,15
3YC 2022年年销量估计是190万辆,2022/11/3,OkBaby,11
其实解决续航的手段很简单,2022/11/2,lengsong,44
现场看了ID6 6座，感觉就相当于4座了,2022/11/2,cclhyw,39
有核动力乘用车吗,2022/11/4,forevers,4
[合集] 现在中国又在搞一样事情，信创！十年后再来看！！,2022/11/4,oBigeyes,0
电池,2022/11/3,forevers,2
分析一下新能源市场形势,2022/11/3,spare,2
比亚迪趴窝的新闻总有，特斯拉有趴窝的吗？？？,2022/11/3,langmanyixia,11
极氪001上半年毛利才5%,2022/11/1,mafama,12
秦plus ev换电池,2022/11/3,yeswayne,15
宋5w+，海豹1w+，汉3w+,2022/11/3,memory166,8
极氪的热泵空调又优化了，多了废热搬运,2022/11/3,cosun,5
智能化了,2022/11/3,dawei78,1
极氪009的设计思路有大问题。,2022/11/2,kim2001,4
[讨论]感觉电车的优势在这几年被无限放大了,2022/11/3,wangdong268,11
从蔚来汽车看，国人做产品太浮躁了，就是一款骗投资的玩意儿,2017/12/17,silencehere,9
奥迪要用3YC家的dmi插电混动系统了,2022/11/2,OkBaby,25
现在特斯拉需要多久提车，销量如何？双11会不会再降或者有活动,2022/11/3,pany,1
比较看好蔚来的换电模式  尤其在北京是救命稻草,2018/1/17,steven800,19
极客009看起来不错啊,2022/11/3,cococap,0
热水瓶大小的电池大概能有几度电,2022/11/3,nolonger,2
等蔚来建好了2200个换电站再买不迟,2017/12/16,Acui,14
江淮换个名叫蔚来就敢翻几倍价格？,2017/12/16,chaodide,3
当初扶持新能源期汽车我也记得是骂声一片！,2022/11/3,linuxyin,31
现在因为限牌而买电车的比例有多大？,2022/11/3,zhenniub,5
ET5提车分享,2022/11/1,youj10,58
小鹏的最大问题是用传统车厂的思维弄产品,2022/11/2,seha,11
不纠结了，蔚来ES6下定啦！,2020/9/19,Candice7,187
你们今年的车保交了多少钱？,2022/11/3,dragonfly112,7
﻿L9这OTA诚意满满啊,2022/11/3,huanyongID,21
疫情不能轻易出北京,2022/11/2,teaair,2
md下一个卡脖子会是新能源汽车产业吗？,2022/11/3,JavaGuyHan,2
[新能源]奥迪将采购比亚迪混动系统：第一款车型为A4L,2022/11/2,anandady,7
小车但是后排大空间,2022/11/2,amo9n,12
话说，哪吒的电车怎么样？1039天天广告,2022/10/9,xubeida02,10
10月比亚迪的销量23万？,2022/11/3,xubeida02,0
求小车推荐,2022/11/2,greenapple01,6
油车是去中心化能源，电车是中心化能源,2022/11/2,covidtest,13
jinglaimixi被取消在GreenAuto版的发文权限,2022/11/3,deliver,0
比亚迪的销售量出炉了吗？,2022/11/3,Simu1ink,2
销量榜呢？,2022/11/3,zelatan,0
科普一下历史,2022/11/1,Input,52
友商说小鹏快倒闭了，为啥小鹏自营超充站却越来越多？？,2022/10/31,AD007,25
埃安10月销量30063台,2022/11/1,biubiu02,22
港真，一旦l4级自动驾驶普及，消费是不是又要降级了,2022/11/3,content,7
saoldie0被取消在GreenAuto版的发文权限,2022/11/3,deliver,0
2021年10月，蔚来交付量为3667,2022/11/2,AD007,13
现在对特斯拉嘲讽的人，2016年是什么看法？,2022/11/2,langmanyixia,4
现在的二手电动汽车真的太贵了……,2022/11/2,kunseng,11
美国argo AI破产，大股东大众退出，同时拿100亿美元投资地平线,2022/10/31,mafama,5
电动车现在是不是都在给锂矿公司打工了,2022/11/1,baobestest,21
亲测比亚迪唐ev730品控,2022/10/30,wlan,47
求推荐7万左右的电动车,2022/10/13,aoeiu,10
服了，每次都是早晚高峰交通管制,2022/11/2,zjak47zhuzhu,1
电车发展确实超出预期,2022/11/1,chrome2000,43
海豹电池包拆下来了,2022/11/2,CC2CC,1
腾势D9怎样？,2022/11/2,zhang1984,5
广汽丰田的iA5后面能看到车底的电池？,2022/11/2,gaulee,2
新能源车种类太多了，一个思路,2022/10/27,lengsong,8
极氪拟独立上市,2022/11/2,hipara,5
中国的新能源车，BYD是否会最终胜出,2022/11/2,littelShrimp,10
电动车的最高管理员权限是在公司手里还是顾客手里？,2022/11/2,CRH11,1
小鹏5101 零跑7026,2022/11/1,biubiu02,17
欧拉闪电猫售价公布，标续18.98万,2022/10/31,census,29
创维汽车10月份2666台,2022/11/2,OkBaby,2
十月比亚迪要是能掏出23w来我就顶礼膜拜,2022/11/1,xiadayu,12
北汽新能源车10月份能有5000辆吗？,2022/11/1,OkBaby,6
智能语音只能做简单的事情,2022/11/2,dawei78,0
出租新能源汽车,2022/11/2,hrpeking,0
keaely被取消在GreenAuto版的发文权限,2022/11/2,deliver,0
目前最稳的就是比亚迪、埃安和理想了,2022/11/1,mafama,22
目前来看汽车产业政策极其成功,2022/11/2,tgftgf163,2
蔚一万这个月又是一万,2022/11/1,mafama,25
其实北京是最早应该跟3YC合作的,2022/11/2,OkBaby,0
求推荐透明车衣,2022/11/2,yellowChange,5
正泰是不是倒闭了？现在长城是不是接棒了正泰的位置？,2022/11/2,pany,6
没有L2自动驾驶的新车已经没有购买价值了,2022/10/31,soochowboy,34
极氪001牛X啊，10月，交付10119台,2022/11/1,census,2
现在动辄就中大型suv，是真的有需求吗？,2022/10/31,thinkeye,30
补贴结束在即，会普涨吗？,2022/11/2,zelatan,2
smart精灵#1 十月在华共交付1629台,2022/11/1,census,2
创维汽车十月份总交订2665台,2022/11/1,hipara,1
总喜欢拿诺基亚和苹果类比油车电车,2022/11/1,leyouyip,20
增长好快，赛丽丝一万五了,2022/11/1,peibch,7
跑了七万+ 的长安E-ROCk,2022/11/1,zhuming717,8
大家怎么看待小区的充电桩车位（临时）被汽油车占用的情况？,2022/10/30,cyxlrqcjl,44
贡献1个全年用电统计,2022/10/29,smallyoung,9
理想10月数据出炉,2022/11/1,blackbamboo,28
当年易车网和汽车之家那个靠谱,2022/11/1,rocfirst,2
李想又立flag了,2022/11/1,mafama,3
model y标准续航还是长续航？,2022/10/31,townguo,25
理想L9又在10月卖了1万辆？,2022/11/1,wholeholes,0
威马倒了，对车主意味什么,2022/10/31,springpeak,14
北京，各种新能源续航,2022/10/27,kw123456789,30
在中国千万别买职业经理人当家的产品，不可能长久,2022/11/1,wormvirus,8
小鹏需要找一个自身的汽车产品经理,2022/11/1,gangshen,3
16年新能源蓝牌，换车必须换绿牌吗？,2022/11/1,deadbad,5
等会10月新势力的交付量会比较有意思,2022/11/1,gaozhuang,39
"岚图10月交付2,553台",2022/11/1,census,4
哪吒10月销量破1.8万台 100万内最好轿跑哪吒S订单超1.5万 (转载,2022/11/1,seha,2
零百2.1秒，Model S Plaid将于11月5日在国内亮相,2022/11/1,census,9
加入新能源汽车阵营，倒计时。,2022/10/31,wholeholes,18
埃安破三万，哪吒1.8万，问界1.2万，极客破万,2022/11/1,lookatjane,2
探讨一下新能源车附加费用怎么收吧,2022/11/1,DRAGON999,0
比亚迪4s店打电话让去更换电池包，唐ev2022款，1个多月新车,2022/10/13,WOLVKING,41
暴力切割横评 比亚迪 特斯拉 华为 三家电机 (转载),2022/11/1,zhangxy11,5
试驾了宋plus dmi,2022/10/31,rockgirl,22
疫情期间摇中的号还延期么,2022/10/31,bati000,1
友提：因为疫情而延期买车的注意指标有效期,2022/11/1,ble,1
想保留原车牌号（蓝牌）是不是只能买混动车了？,2022/11/1,bat1812,5
有埃安lx车主不，问下续航,2022/11/1,idiotwsh,0
福特电马Mustang Mach-E31日起全系降价,2022/10/31,census,16
好的汽车关键部位排序是不是这个样的？,2022/11/1,ylgao1987,10
智能电动车最后的王者还是苹果,2022/11/1,RiverFish,21
新能源车保修期内修理过三次电池可以退车吗？,2022/10/31,aqhistory,3
[转载]岚图FREE现金优惠5.5万元 电动车市场再迎震撼弹,2022/10/31,hipara,10
极狐锻钢下摆臂+全铝副车架  VS 极氪空心铝下摆臂+铸铁副车架,2022/10/29,wangdass8,47
大家说说纯电车上最没用的配置,2022/10/28,autumnwind,53
破案了，比亚迪空调喷出来的粉是氟铝酸钾，是有毒的！,2022/10/30,soochowboy,50
版面积分变更记录,2022/11/1,deliver,0
大郊亭桥看见一个失速的宋,2022/10/31,senyu2,3
新势力只有小鹏会活下来,2022/9/21,tpeng,54
这个是BYD什么车型？,2022/10/31,yutouno1,6
为啥电池的成本这么高,2022/10/31,lengsong,15
10月份的销售数据，什么时候公布啊？,2022/11/1,Simu1ink,1
bdjnl59被取消在GreenAuto版的发文权限,2022/11/1,deliver,0
大定了小鹏的G9,2022/10/28,dawang1234,37
2年40部手机，证明电池随便用，除了比亚迪,2022/10/30,zyzx77,10
Re: 今天倒车刮了后车，定损会把他车旧伤定进去吗？,2022/10/31,原帖已删除,24
Re: 前天订了特斯拉 昨天跟我说这几天就可以提车了,2022/10/31,原帖已删除,18
定了小鹏g9 702 pro版,2022/10/29,jindoudou2,28
问界M5和问界M7降价8000,2022/10/31,census,8
极狐车主们怕不怕极狐倒闭？,2022/10/28,doremy,42
为什么会有人觉得2022的海豹打不过2017model3？,2022/10/30,Shigeru,36
像G9这样15分钟充80%的，多久可以普及？,2022/10/28,census,13
有提恒驰5的吗，说个看看？,2022/10/31,ble,0
今年五月中的新能源号，啥时候买车最优惠？,2022/10/31,zheshimimi,3
修改dizzysh在GreenAuto版的发文权限封禁,2022/10/31,deliver,0
wangdass8被取消在GreenAuto版的发文权限,2022/10/31,deliver,0
[合集] 极狐还是极氪，月底要买了，很急了,2022/10/31,nolonger,0
byd海豹真香啊…毫无竞品对抗,2022/10/30,hebbyliu,47
细数特斯拉的鸡贼设计（一）,2022/7/24,keler,82
网传威马生死时刻,2022/10/22,nisus,65
[转载]小鹏汽车的最大问题，是何小鹏本人,2022/10/29,Muslera,10
ZZ 理想 l9麋鹿测试中失去转向助力动力,2022/10/29,googlestyle,10
谁去看过过阿维塔11了？,2022/10/29,wsnsw,20
XC90被取消在GreenAuto版的发文权限,2022/10/31,deliver,0
q1w2e3r4t5y7被取消在GreenAuto版的发文权限,2022/10/31,deliver,0
hosion被取消在GreenAuto版的发文权限,2022/10/31,deliver,0
lacrover被取消在GreenAuto版的发文权限,2022/10/31,deliver,0
理想乐了，原来极狐才是把摆臂刷成铝合金颜色的前辈啊,2022/10/29,cosun,79
出过险的人来说说第二年续保保费涨了多少,2022/10/31,AD007,1
极狐到底为什么卖的不好？车没啥毛病啊,2022/10/29,vividlamb,67
惨惨惨，保时捷上市，市值超过比亚迪成世界第三,2022/10/30,peibch,12
请教卖车后指标怎么保留,2022/10/30,geroge,6
北京什么新能源车有现车或者一个月内能提车？,2022/10/25,dbmouse,36
奔驰eqxx不错呀,2022/10/29,hosion,36
有北京id6的车友群吗？,2022/10/29,newshou,3
感觉百度的这个车，20万以内或者出头还行,2022/10/28,tclj9,8
今天坐同事的奔驰，竟然没有360影像,2022/10/30,shannan,15
如果懂车帝明天宣布要造个车你们敢买么？,2022/10/27,zhangxy11,15
如果威马挂了，买威马车的会怎么后续,2022/9/26,rocfirst,19
奥迪出新能源汽车，你会买吗？,2022/10/27,ip0,19
有没有一种可能，今年新能源卖的好都是消费者想抢最后一次补贴,2022/10/29,meirenai,11
极氪高达16.3%的铝，堪称钢铝混合堆料的典范,2022/10/29,sdlk,23
贡献了一辆小狐狸的数字,2022/10/29,compaqn800c,34
闲置一辆带牌e5，可通勤买菜送娃用,2022/10/30,doushixiguan,0
昨天看到一个： 路灯一体式充电桩，已经研发出来了。,2022/10/27,wholeholes,33
iMax8 EV初步体验,2022/10/6,run9,39
小鹏应该停产P5和G3i，这样品牌档次就上去了,2022/10/29,yehorse,16
请问有什么信用卡充电和ETC有打折的吗？,2022/10/30,vandi,0
极氪断轴和空心铝图片来了,2022/10/28,sdlk,64
自动驾驶如何解决健康宝检查问题？,2022/10/26,tsingsh,5
38评极狐阿尔法T省流总结,2022/10/29,wangdass8,12
极狐不带任何条件优惠价格是多少？,2022/10/30,topking,0
第一辆车是北汽eu260，换成极狐还是model Y,2022/10/27,yanandegs,56
2017年5月的比亚迪e5卖了4万,2022/10/27,wlan,23
提了个海豚,2022/10/27,mongan,25
后备箱盖被撞一个坑， 要钣金吗,2022/10/30,zylthinking2,1
极氪北京现车,2022/10/29,dngo,9
下午五点北四环,2022/10/29,littlelulu,4
EQC这车看底盘真是掉价啊,2022/10/24,ariddletome,20
什么样的电车，可以开20年？或者30年？,2022/10/27,luoxiaogui,14
试驾了一圈，定了IX3,2022/10/28,supstar,46
有秦plus ev群吗，求群号,2022/10/29,pfred,1
求宋plus510旗舰版订单,2022/10/29,chrome2000,0
Re: 今早上班，行驶里程16.6km，消耗续航里程16km,2022/10/29,原帖已删除,7
小短腿置换极狐aT653S+,2022/8/19,minghw,68
小狐狸日常使用及吐槽群,2022/10/18,felixnbgg,7
比亚迪宋新能源车辆行驶途中失去动力（转）,2022/10/29,xingbake,4
当初被锁电的后来都怎么着了？,2022/10/29,idiotwsh,4
售价百万、对标保时捷Taycan，宾理汽车首车即将亮相,2022/10/28,xingbake,4
今年换车确实挺合适,2022/10/29,chrome2000,2
新能源补贴是给车主的吗,2022/10/28,leatherhead,11
求推荐新能源车，SUV吧,2022/10/28,looyin,4
特斯拉降价冲击比亚迪海豹！,2022/10/27,soochowboy,10
混动车尿崩,2022/10/28,Mars102,3
一个蔚来车主吐槽蔚来没有造车经验,2022/10/28,hulafly,9
求推荐新能源车，SUV吧,2022/10/28,looyin,8
早上发现一个趴窝ix3,2022/10/28,pipixiong01,7
为什么有的HUD看着很舒适，有的HUD感觉影响视线？,2022/10/28,census,9
有人改装过modely的电吸门么,2022/10/28,partner82,4
EV253马上六年12万了,2022/10/28,maxplux,20
BYD门店太傲娇了,2022/10/27,h9527,91
唐DMP到现在都交不了车,2022/10/28,coolfist,9
试驾的第30-39个车简评,2022/10/28,gokukun,21
pl776541被取消在GreenAuto版的发文权限,2022/10/28,deliver,0
开车去山里玩，回来下山的时候搬几百公斤石头到车上,2022/10/28,e5200,20
本青18年5月切了新能源车牌，2027年才能排到,2022/10/22,NUAASEU,57
增程的车，电越少加速越慢，什么原理啊？,2022/10/27,census,8
特斯拉降价了,2022/10/24,quansheng,154
MICCAI被取消在GreenAuto版的发文权限,2022/10/28,deliver,0
小鹏的NGP上下班等固定路线可以自动驾驶吗？,2022/10/27,churchilllee,5
特斯拉销售是如何坑我定金的,2022/10/27,keler,30
发现大众id销售的惯用伎俩,2022/10/28,Metoes,2
有卖便宜的二手新能源车的吗,2022/10/28,Fiber1230,7
明年2季度小鹏销量重回新势力第一，否则我退出水木,2022/10/4,AD007,22
flower0709被取消在GreenAuto版的发文权限,2022/10/28,deliver,0
pigverybig被取消在GreenAuto版的发文权限,2022/10/28,deliver,0
现在开车最怕摩托车,2022/10/27,zthenry,4
Ix3有车友群么，求拉,2022/10/18,wangyuanzhf,2
现在ID4，带360、HUD，落地多少？,2022/10/27,lakers60,8
路特斯electre 上市了，此版一点水花都没有,2022/10/27,zhouguangxiu,22
捷尼赛思纯电GV60将于11月10日国内首发,2022/10/26,nisus,20
就事论事 不要骂人哈,2022/10/27,nolonger,8
绿交车辆里，旧车行驶证是上传过户前的还是过户后的？,2022/10/24,zgsjs,12
宋max dmi怎么样,2022/10/26,oncancel,9
磷酸铁锂都可以做到6/8的倍率了,2022/10/26,wanllow,30
现在新能源车市场是不是像十几年前的手机市场,2022/10/27,wyid,3
租一个18个月的电动指标什么价格合适,2022/10/27,CobbLiu,0
请教 电表安装事项,2022/10/27,ziyubiti,3
特斯拉全球各地售价对比,2022/10/26,henrykaka00,150
有哪些车可以自主安装高德车机导航,2022/10/27,nolonger,3
自言自语，不讨论。,2022/10/21,ylh0315,26
极狐能媲美比亚迪元，宋，汉吗,2022/10/27,saturdays,19
有没有觉得汉ev的前舱盖缝隙有点大,2022/10/27,toptime,2
sibyrnd被取消在GreenAuto版的发文权限,2022/10/27,deliver,0
[合集] 再说一遍，极狐就是小水桶，所谓三电第一乃【慕容复做梦,2022/10/27,nolonger,0
[合集] 三电最好的是哪家？,2022/10/27,nolonger,0
GeneralMilk被取消在GreenAuto版的发文权限,2022/10/27,deliver,0
Re: 大众ID6 Crozz充电桩安装权益转让,2022/10/27,原帖已删除,4
是不是所有的“小车”安全性都不行？ (转载),2022/10/26,luoxiaogui,5
五菱宏光MINIEV，有望成日本房产中介标配,2022/10/27,peibch,3
看了ET5和EQE,2022/10/27,zhouguangxiu,5
多少年都不关注汽车了，甚至于不爱开车。但是，看了新能源之后,2022/10/27,wholeholes,6
10月第三周上险 靠谱不？,2022/10/25,googlestyle,11
et5的产能好像出问题了,2022/10/25,biubiu02,29
求拉进ID4crozz北京车友群,2022/10/27,thinkeye,6
李想质疑极氪009，官图第3排就好像是蹲在了后备箱里,2022/10/27,census,9
粗大#2023年上海插混车将不发专用牌照#,2022/10/16,AD007,18
实际上增程是当下最合适的新能源方案,2022/10/16,hidenfly,32
LordTod被取消在GreenAuto版的发文权限,2022/10/27,deliver,0
risizhe被取消在GreenAuto版的发文权限,2022/10/27,deliver,0
有没有用蔚来超充站给小鹏充过电的？,2022/10/27,lcy362,2
特斯拉因自动驾驶说法面临美国刑事调查,2022/10/27,Dankeschon,8
这个钠电池能用到电四轮车上吗,2022/10/27,Dadubaba,2
byd 元plus暖风测试无铝粉,2022/10/27,chiqilai,3
国庆长途自驾了4000多公里,2022/10/26,yukaka,6
wangdass8被取消在GreenAuto版的发文权限,2022/10/27,deliver,0
自动驾驶汽车初创公司ArgoAI即将倒闭,2022/10/27,nisus,1
搞飞行汽车，两个重要的能力储备。,2022/10/27,wholeholes,4
分享一下智能化带来的用车体验,2022/8/6,AD007,21
my的冷光银已经不免费了,2022/10/27,pany,12
理想L8如何，值不值得买,2022/10/26,wholeholes,9
车内大床和全景天窗是年轻人的刚需啊,2022/10/27,langmanyixia,4
电动汽车的电池度数与续航,2022/10/26,ivybill,6
国内电动车卖一辆亏一辆不是长久之计阿,2022/10/26,baobestest,9
油车换极氪，在隔壁论坛发了用车感受,2022/10/18,sofcm,37
没搞懂 为啥用油发电后 电车能跑的里程比油车多？,2022/10/22,xiti,61
海豚和元都吹铝粉了。同样的3.0平台，海豹会咋样啊,2022/10/25,langmanyixia,12
刚刚知道小鹏G9上市失败的事,2022/10/25,juinjwst,16
某品牌空调蒸发箱氧化铝脱落直接朝车厢里喷射,2022/10/22,LucaToni,23
电动汽车为什么没有手动挡 (转载),2022/10/26,careerCOACH,10
BYD外观终于正常了,2022/10/26,zyzx77,1
极氪001 提车1周,2022/9/5,xmys1999,55
蔚来和华住集团战略合作,2022/10/25,wsnsw,38
富士康造新能源车,2022/10/26,lifegolden,2
什么时候新能源开始给后排上正面气囊？,2022/10/26,wholeholes,10
大家快去看丰田bz3的门把手,2022/10/25,zhangxy11,37
求问现在哪个店能快点提元plus,2022/10/26,chrome2000,3
特斯拉走视觉还是很成功的,2022/10/23,SmartIC,63
可以试试去百度搜索一下 任意牌子+空调吹粉末,2022/10/25,zhangxy11,8
电车充电到多少比较合适？,2022/10/25,mayi,32
9月居民用电负增长,2022/10/25,nisus,12
特斯拉要出15万的车了,2022/10/24,NodeB,79
陈震评蔚来理想杜卡迪宝马劳斯莱斯坦克大G兰博基尼等,2022/10/24,xingbake,16
啥时候能开上10万以内续航500的车,2022/10/25,doxboy,11
特斯拉大降价，会卷死国产品牌电动车吗？,2022/10/24,soochowboy,71
有钱就买这个,2022/10/25,henhenhahi,19
不懂就问：特斯拉算豪华品牌吗？,2022/10/21,soochowboy,70
海豚喷粉,2022/10/22,CC2CC,27
请教大家，几何c长续航版怎么样啊？,2022/10/24,erelex,32
抖音大部分车主实测没有喷铝粉,2022/10/24,wsnsw,11
蔚来车主现在能用上ACC有多少？,2022/10/26,googlestyle,7
地板油加速啸叫是每个电车都有还是只特斯拉,2022/10/25,tsingsh,27
【你们要的第三周销量来了。不妙啊，银十怎么都在降啊】,2022/10/25,chaodide,3
威马这样的鸡贼公司，终于快倒闭了,2022/10/26,tclj9,0
北京的新车出外省上牌,2022/10/26,LeonTang,1
特斯拉大降价，可喜可贺,2022/10/25,kaka2w,8
这次理想最重要的产品是L7,2022/10/1,mafama,11
我理想的新能源汽车，估计没人愿意做。,2022/10/23,shyfox,47
巴菲特卖出比亚迪2个月了，真是老贼啊,2022/10/24,bufu110,14
收着条短信，新能源车现场审核是啥意思？,2022/10/25,tomjamtom,5
谁总结一下，特斯拉到底比蔚小李比这些有什么优势,2022/10/25,pNeo,67
以前我以为增程式电车的电是用来提高燃油效率的,2022/10/25,gaulee,9
【哈哈，小鹏的飞行汽车造型出来了，要笑喷了】 (转载),2022/10/25,chaodide,24
Re: 海豹后窗的鳞片能抠掉吗？,2022/10/25,原帖已删除,6
本版缅怀一些鲁冠球不唐突吧？,2022/10/25,zyzx77,3
[混动] 试驾了理想L9,2022/9/17,goodribs,13
雷布斯又吹牛了,2022/10/21,spritesw,43
Re: 我一直搞不明白大家买新能源是为了体验还是省钱,2022/10/25,原帖已删除,116
刚停下车立即收到交警短信要求驶离,2022/10/24,raptors,11
别光盯着电池储能技术突破，电机节能也很重要,2022/10/24,leyouyip,75
客观说model2和秦plus比有啥优势,2022/10/25,yuandao888,16
理想汽车人事AI算法负责人王轶伦将离职,2022/10/25,nisus,4
希望特粉要清楚特斯拉为什么降价,2022/10/24,zhangxy11,61
[讨论] 据说小鹏P7大降7万，都16万多了，这么夸张吗？,2022/10/25,kevin110,4
宁德时代钠离子电池明年将量产 15分钟充电80%,2022/10/22,ble,15
还是挺佩服蔚来的胆识的,2022/10/19,AD007,63
蔚来股东们还拿着没？,2022/10/24,googlestyle,10
（更新）北汽EU5R500点烟器不通电 修好了,2022/10/24,haixian02,7
m2点销售对象是欧洲吧？,2022/10/25,tsingsh,0
唉，9月购买特斯拉M3，非常不爽的购车经历,2022/10/24,bithhd,21
一个多月前刚提了model y,2022/10/24,GABA,20
雷军称小米成电车前五才能成功,2022/10/21,nisus,27
欧盟欲提高中国汽车征收的关税,2022/10/22,peibch,37
中国把汽车从机械工业变为电子工业,2022/10/24,daisylove001,2
AD007被取消在GreenAuto版的发文权限,2022/10/25,deliver,0
转变太快了呀,2022/10/24,xiadayu,10
特斯拉又被维权了，惨惨惨,2022/10/24,winsen,12
特斯拉降价，明显是为了干比亚迪,2022/10/24,txq,5
电动汽车出口是中国今年出口增加为数不多的亮点,2022/10/24,lengsong,1
特斯拉降价，xp遭殃？与tsl定位冲突比较大几款车,2022/10/24,crystalboy,0
北汽EU5PLUS续航还不错,2021/12/10,ylh1969,90
特斯拉理想降价遭维权，说明4S不是一无是处,2022/10/24,zyzx77,0
现在国产的新能源车真是太卷了 (转载),2022/10/24,careerCOACH,0
难道现代大众特斯拉在欧美就一辆自燃的车都没有吗？,2022/10/23,peibch,5
单方面宣布理想one没停产，黑子去死,2022/10/24,ygs,2
家庭积分32有戏吗,2022/10/24,haosi1982,4
假设小米走L8L7的路子，能把价格打下来吗？,2022/10/24,census,9
搞自动驾驶的可以尝试下这个场景,2022/10/24,SmartIC,3
电车版老司机们，进来瞅瞅，这种路口红灯时能左转调头吗,2022/10/24,dragonfly112,5
今天见到3辆L9了,2022/10/21,wholeholes,29
什么叫品牌,2022/10/24,mafama,21
续保了，比去年便宜不少,2022/10/24,nonexist,3
降价。。。,2022/10/24,Craptop,0
[合集] [路边社]特斯拉：毛豆3即将停产，毛豆S的姊妹车型继任,2022/10/24,oBigeyes,0
刚看见一辆没上牌的特斯拉，开得飞快,2022/10/24,vui,5
model Y除了降价，冷光银车漆也免费了,2022/10/24,Kmark,11
同志们，已做好油换新能源的准备了。,2022/10/23,wholeholes,19
比亚迪的车17年以前真是丑得哭,2022/10/24,JEFW,14
我感觉，未来新能源，比较吓人的两个对手是： 小米和小牛,2022/10/24,wholeholes,24
个人新能源排名24万多，大概哪年能排到？家庭号，今年下半年刚,2022/10/24,yaofreedom,25
2022年三季度热销新能源车投诉销量比排行,2022/10/24,Vas,10
两个销售找上我,2022/10/24,LeonTang,10
电价走高，德国行驶相同的里程电动车充电比燃油汽车加油贵,2022/10/24,tsa350,8
玻璃天幕的如果侧翻滚，或者被大货侧翻,2022/10/22,huankuib,6
Re: 车号这么紧张了吗,2022/10/24,原帖已删除,11
每小时的耗电量在9600度电左右,2022/10/22,ble,39
XC90被取消在GreenAuto版的发文权限,2022/10/24,deliver,0
修改GeneralMilk在GreenAuto版的发文权限封禁,2022/10/24,deliver,0
请教一个新能源问题,2022/10/24,yangliulang,1
比亚迪的自动刹车是靠声音提醒吗？,2022/10/24,Dadubaba,2
特斯拉现在支持座椅通风了么？,2022/10/24,didibenben,2
（更新）请教 北汽EU5R500 点烟器插口不通电,2022/10/23,haixian02,6
看来1.5NA宋dmi的致命缺陷还是没有解决啊,2022/10/18,touareg,101
深蓝sl03提车一月1500公里用车体验,2022/10/21,snwofox303,15
【已出】带京牌2020款特斯拉model3标准续航版出租，长租,2022/10/22,morusu,1
天际汽车其实不错,2022/10/24,tclj9,2
特斯拉订车网页502 bad gateway,2022/10/24,henhenhahi,0
本板的极狐车主请进,2022/10/22,zhangxy11,35
你们纯电的多久保养一次,2022/10/21,huankuib,11
日系的混动是没前途的,2022/10/18,shunderen,11
BYD车主赶紧回去测测,2022/10/23,cokebear,26
用成本来衡量汽车发展是很愚蠢的葛朗台,2022/10/22,shunderen,16
id6的天窗晒不晒,2022/10/6,newshou,11
我去，2019年换车差点买了威马,2022/10/23,Juanercc,15
电动豪华车都有一个特点，与特斯拉无关,2022/10/23,wangdass8,26
新手上路如何学交规？,2022/10/23,shuaihujun,3
以前那种背着大辫子的电动公交车才是能效最经济的,2022/10/22,INSTANTUSER,92
中国汽车品牌在欧洲的受欢迎程度，令传统汽车制造商开始感到担,2022/10/23,Dankeschon,0
这样的小蹭 怎么处理比较好？大神们,2022/10/22,yuanshanqian,14
汽油车真实用车成本，电动车也好不到哪里 (转载),2022/10/23,careerCOACH,2
千万别买id4x,2022/10/23,Pindouduo,7
大家来说说新能源电车的售后吧,2022/10/23,dragonfly112,8
比亚迪又要跑到印度建厂？,2022/10/19,cashrock,6
发展电车拯救人类方法之一,2022/10/23,HiIISilver,3
看了个理想的语音开窗户广告，觉得好搞笑哦,2022/10/23,zdx1314,3
车保晚交比早交更便宜吗？,2022/10/23,dragonfly112,0
理想第一台纯电是MPV啊,2022/10/22,mafama,4
新款比亚迪元比老款顺眼多了,2022/10/22,djshaofei,7
明年没补贴了，打算买一辆电车（纯的）放着再说,2022/10/23,pany,7
比亚迪有个细节做得不好,2022/10/23,yuandao888,1
zhouxxs被取消在GreenAuto版的发文权限,2022/10/23,deliver,0
算算电动车用电量的上限,2022/10/21,Simu1ink,150
刚看了阿维塔,2022/10/22,anaiw2,10
发一个小电车使用成本,2022/10/23,dip,6
Re: Re: 研究发现：戴口罩的人更容易遵守交通规则 (转载),2022/10/23,原帖已删除,1
比亚迪的纯电垃圾车,2022/10/23,peibch,7
L9那种车载冰箱有什么缺点？,2022/10/22,wsnsw,12
Re:  现在都搞终身质保了,2022/10/23,原帖已删除,7
比亚迪的核心优势是电动系统,2022/10/22,shunderen,21
理想吓尿了，抓紧准备后路吧,2022/10/21,huanyongID,28
成佛坡,2022/10/22,darkpain,3
不懂就问，电车厂除了特斯拉是不是根本不赚钱？,2022/10/22,soochowboy,3
加拿大土人口水一下国内的电车市场,2022/10/22,wwwest,48
linyixiao被取消在GreenAuto版的发文权限,2022/10/22,deliver,0
sdlk被取消在GreenAuto版的发文权限,2022/10/22,deliver,0
宋PLUS EV和深蓝SL03怎么选？,2022/10/22,tonypz,21
【某家新势力开始暴雷了，真倒闭也不知道售后咋办】,2022/10/22,chaodide,1
shunderen被取消在GreenAuto版的发文权限,2022/10/22,deliver,0
soochowboy被取消在GreenAuto版的发文权限,2022/10/22,deliver,0
现在长城的电池也能通过针刺实验了,2022/10/21,Icanread,10
二手比亚迪烧了，比亚迪还赔吗？,2022/10/22,saturdays,3
G9会成为爆款吗？,2022/10/21,charles263,8
终于在路上看见海豹了,2022/10/22,ntstar,9
理想L9有后防撞梁吗？,2022/10/21,FrankM,8
林志颖到底什么原因撞车的,2022/10/22,billowliu,8
巴黎车展比亚迪展台人山人海,2022/10/21,aoliao,111
去特斯拉售后检查有一个收费单，但是不收费是啥意思？,2022/10/22,xiti,5
[电动][原创]分享极狐T一年来的能耗,2022/10/21,qwec01,24
新能源主要是煤电,2022/10/22,jennial2014,20
还是油车利润高啊~~,2022/10/22,zyzx77,10
[合集] 努力当好合伙人，极狐两驱变四驱,2022/10/22,nolonger,0
G9这么好的车怎么这么多人唱衰？,2022/10/21,huanyongID,55
绿交车辆初审通过,2022/8/19,wibrantwu,12
比亚迪 宋plus dmi 换电池包,2022/10/21,mynews,17
特斯拉Model 2真要来了？,2022/10/22,ble,0
合计2.7一度电,2022/10/22,xxyy0088,2
求推荐10万以内的新能源车,2022/10/18,dadadedada,11
《机动车驾驶证申领和使用规定》第五条规定：不按规定使用灯光,2022/10/22,dynasty1215,3
这个充电桩比较文明,2022/10/20,Brake,7
Re: 关于马斯克说下代成本减半，预测,2022/10/22,原帖已删除,13
特斯拉Model 2真要来了？马斯克称特斯拉将开发小型电动汽车平台,2022/10/22,Acui,0
90度+、800V充电的梦想车型，2023年有没有对应型号？,2022/10/7,RoadPress,30
新能源几个品牌前三季度KPI完成情况,2022/10/21,huankuib,14
PSA要撤资了吗？,2022/10/19,TDK1,140
梦想家有这么不堪吗？,2022/10/21,biubiu02,2
id6挑充电桩吗？,2022/10/20,newshou,9
leyouyip被取消在GreenAuto版的发文权限,2022/10/21,deliver,0
今天在北京某大型停车场转了转,2022/10/21,aboveall,2
增程的未来就是纯电,2022/10/18,shunderen,35
闭门造车，封闭市场，都不阻碍技术和经济发展,2022/10/19,hidenfly,6
又有新能源烧了,2022/10/21,west,22
这个应该是目前最严苛的电池安全测试了吧,2022/10/21,wrsea,31
中国汽车市场百舸争流比自主品牌独大更好,2022/10/20,soochowboy,28
极氪的思路真的很奇怪,2022/10/18,mafama,20
[转载]中国汽车出口 (转载),2022/10/21,careerCOACH,1
特斯拉花3000亿美元把比亚迪并购了怎么样？,2022/10/21,OkBaby,9
深蓝SL03会不会步CS55后尘？,2022/10/21,zyzx77,6
不懂就问：别的厂家可以生产DM-i插混汽车吗？,2022/10/20,soochowboy,32
L9提车了,2022/10/18,bloodbow,108
跟理想L7L8比，问界M7毫无竞争力,2022/10/16,touareg,20
小鹏g3i我看还凑合，和海豚看这差不多大小,2022/10/21,haolihai,0
比亚迪所谓的运动座椅坐着真不舒服,2022/10/21,alphaa,2
比亚迪就差一套品牌化的上档次的外观内饰了,2022/10/21,pigflying,29
能不能少点北汽的信息,2022/10/20,fancu,23
比亚迪“偷”走了谁的销量？？？我分析的答案,2022/10/17,soochowboy,46
和代驾聊了电车,2022/10/20,Hudson57,33
有人了解增程车冬天空调制热机制吗,2022/10/21,runneronroad,11
北京市求一个带安装权益的充电桩,2022/10/21,bravefisher,0
求大众车 充电桩安装权益,2022/10/19,apple0315,6
新能源冲击最大的是日车,2022/10/19,shunderen,14
电瓶车取代摩托车与电动汽车取代汽油车有何不同？,2022/10/20,soochowboy,23
特斯拉新车型成本仅Model3一半,2022/10/20,nisus,17
蔚小理和特斯拉最大的差距是盈利能力,2022/10/20,jinAGE863,29
车厂每年造那么多车，产能会不会严重过剩,2022/10/21,zmren,6
最近刷抖音，一堆L9,2022/10/20,yuandao888,27
十月第二周上险数据 10月10-16日,2022/10/19,ia,5
这个可以说明一下,2022/10/21,ylh0315,3
两驱极狐T653冬季明明就400~450的实际续航，非吹什么95%的牛逼,2022/10/19,wangdass8,7
[合集] 悟了，对我恶语相向的是比亚迪股票持有者！,2022/10/21,nolonger,0
soochowboy被取消在GreenAuto版的发文权限,2022/10/21,deliver,0
BYD就算做到丰田那样的规模，也涨不了多少了吧,2022/10/18,yehorse,151
免购置税的Model X要是50-60万是不是就牛大发了,2022/10/20,nisus,11
新能源车开始了年底前降价了吗？,2022/10/20,yaobaihu,10
中国的消费者很奇怪,2022/10/18,liyiyouwanan,51
冬天开空调需要关闭A/C吗？,2022/10/21,Heero,2
日本埃尔法比BZ4X便宜,2022/10/21,zyzx77,5
北京降温，胎压打到2.7以后媳妇误以为车坏了...,2022/10/17,wangdass8,53
理想的发电机最大输出功率有多大？,2022/10/20,Jimmy3770,27
在很多方面，比亚迪都是特斯拉声称或渴望成为的样子,2022/10/20,hdkeh,4
有什么值得期待的纯电SUV,2022/10/20,jaxwq,9
[合集] 极狐出海专利的意义分析，商务法务技术的综合体。,2022/10/21,nolonger,0
[合集] 【汽车大变局:北汽背靠华为将脱颖而出，蔚小理或被淘汰,2022/10/21,nolonger,0
[合集] 第三次说一说极狐的热泵,2022/10/21,nolonger,0
谁能说说国内这些插混、增程的区别么,2022/10/20,leyouyip,24
yuandao888被取消在GreenAuto版的发文权限,2022/10/21,deliver,0
中国新能源客户体验，理想第一,2022/10/20,census,1
理想l9 历史上第一款40万以上月销过万辆的国产车！,2022/10/2,kxtjmn,37
比亚迪唐好像不太保值啊,2022/10/20,wyid,27
哪款电车的新风功能比较强,2022/10/19,content,9
唐ev底盘高度不行啊,2022/10/20,fiann,23
宁德时代为啥不造车？,2022/10/19,dasu,12
Re: 希望大家低调发展  低调赚钱,2022/10/20,原帖已删除,2
突发奇想，理想怎么不搞个柴油发电机？,2022/10/20,huanyongID,6
新能源电车的选择，三选一如何选？,2022/10/17,Tschuess,95
除了特斯拉和比亚迪，其他电车碰撞都不会烧么,2022/10/19,dabaishu,16
[合集] byd还是低调点吧，不然要被丑弟制裁了,2022/10/20,oBigeyes,0
ES7已提车,2022/10/19,qlbbj,24
我买了车之后就几乎不来本版了，你们这些评头论足的也是没车才,2022/10/20,hernij,6
马克龙 调研 比亚迪展台 (转载),2022/10/19,careerCOACH,17
【路边社】极氪两款小一点的suv有消息了,2022/10/20,cosun,13
现在魏建军还管事吗？,2022/10/19,chaodide,17
这个笑死了,2022/10/19,pigflying,21
韩璐：理想L8基本上是目前中大型车的性价比之王,2022/10/11,xingbake,71
油车车主看增程/纯电车,2022/10/17,bjnull,5
浙江某地级市最常见的新能源车是蔚来,2022/10/18,kunseng,39
明年取消新能源补贴对理想公司应该是毫无影响的吧,2022/10/18,touareg,13
国产电车股票现在太便宜了,2022/10/20,mafama,14
国产电车动不动30w+的定价,2022/10/20,gen9,9
电动汽车和汽油车不能用智能手机和按键机来比喻,2022/10/20,soochowboy,7
长城将推出魏80，比L8大，定价35万-40万,2022/10/19,census,13
目前哪些城市政策要求买电车？几乎没油车指标？,2022/10/19,census,10
特斯拉和星链组合,2022/10/20,remote,3
突然间好几个主贴说比亚迪不行的。,2022/10/20,findmyhappy,3
特斯拉4680电池装机了吗？,2022/10/20,googlestyle,6
电动车天花板，劳斯莱斯闪灵,2022/10/19,AZTU,6
