﻿主题,发帖时间,_ 作者,回复
38号，把极狐αT的车评放出来了,2022/10/17,census,135
大众途昂有出纯电版的计划吗？,2022/10/19,Flash,7
特斯拉遭遇AP加速不能退出的情况,2022/10/17,mmmmwwww,85
明年新能源补贴取消了，淘汰赛开始了,2022/10/18,Icanread,58
ID3怎么销量这么惨淡，上市一年了吧。,2022/10/19,carot,23
地青就是嘴厉害,2022/10/20,tedxyz,0
L9的高速油耗,2022/10/18,djkstra,191
这种便携式的补充电池看着不错,2022/10/19,nolonger,5
中汽董事长首先提出市场换技术,2022/10/19,nisus,46
[合集] 又一日系车崩溃了，35万咻的一声跌成了23.4万,2022/10/20,oBigeyes,0
市场换技术本身就失败,2022/10/19,shunderen,6
刚刚特斯拉碰撞自燃，一键火化,2022/9/30,junopapaya,43
未来3-5年就是混动1000里程以上大量上市。,2022/10/19,nanjian,18
今天海豚体验,2022/10/18,lengsong,22
zz巴黎车展中国电动车表现强势，马克龙呼吁欧洲“觉醒,2022/10/19,noocoo,5
奇瑞今年势头不错，在电车时代还能持续吗？,2022/10/18,soochowboy,8
头铁的理想L9一月用车小结及正式向一些id表示歉意,2022/10/9,uacau,122
[求助]上周日提了极氪we100,2022/10/19,minutel,14
电车为啥不带个小的发动机？,2022/10/17,wjhtingerx,25
增程式房车怎么还是只有吉利一家有？,2022/10/19,wwpty,4
国产汽车在俄罗斯大爆发了,2022/10/19,flameboy,3
坦克要出混动版了,2022/10/19,touareg,10
Stellantis CEO： 从中国进口的汽车应加收重税,2022/10/19,nisus,6
百思不得其解：无脑黑比亚迪到底图啥？,2022/10/18,googlestyle,51
今年卷得差不多了吧，明年有哪些新车上市？,2022/10/18,mafama,7
789月新能源汽车销量排行榜，我也上一个,2022/10/12,jzh800,26
[柴暖]老车求教安装过柴暖的车主，分享下,2022/10/18,sakulaqi,11
不再一目障叶，支持民族之光比亚迪！,2022/10/18,soochowboy,22
汽车之家实测理想L9高速比低速还省油,2022/10/17,touareg,48
北京地区 家用充电桩是否还有五折？,2022/10/18,yuanshanqian,4
起亚将用进口电动车取代国产,2022/10/18,nisus,6
byd毛利提高来自于减配,2022/10/18,AD007,25
当大家都不用油的时候,2022/10/18,shunderen,5
中国二手车商出海淘金记：两年时间出口额从0到破亿,2022/10/18,Simu1ink,19
比亚迪Q3单车利润突破1w～,2022/10/18,RickyZhou,126
[讨论] 大众ID4和aion plus求对比,2022/10/18,fancyblue,18
极氪又出事故了，这回直接磕上底盘，安全吗？,2022/10/17,cosun,25
百思不得姐2：比亚迪海外定价高，为何不优先出口？,2022/10/18,soochowboy,21
单车毛利高，溢价高,2022/10/18,AD007,11
宋又火了,2022/10/18,xiadayu,5
理想汽车设局骗蔡老板,2022/10/18,tadie,1
Re: 极狐日常使用及吐槽群,2022/10/18,原帖已删除,0
第二周上险数据来了,2022/10/18,nisus,3
微博有人说第二周理想和小鹏继续惨不忍睹,2022/10/18,nisus,3
不太明白为啥我国的很多纯电车都搞得贼大,2022/10/18,pigflying,58
海豹 vs 极狐 vs 极氪，预算30,2022/10/15,lostinT,84
本版为了比亚迪快要搞阶级斗争了,2022/10/18,goodpower,0
关于6、7座车,2022/10/18,yuandao888,18
看看比亚迪的评论区,2022/8/26,kaka2w,10
极狐t现在有啥优惠么,2022/10/11,stockerr,31
为啥版上黑子叫得越欢，某迪销量越高？,2022/10/18,memory166,17
蔚来欧洲发布，只租不卖,2022/10/8,junopapaya,100
楼下停车场发现一辆问界m7,2022/10/18,flysand,7
有在等路特斯的吗,2022/10/17,xglchong,8
日产 e-power 怎么没人讨论,2022/10/17,zyt,15
阿维塔啥血统？,2022/10/17,wsnsw,11
纠结几个月最后提了id4x,2022/10/16,Metoes,10
求购充电桩，带安装权益的,2022/8/30,dzyangzhen,8
难怪电野马卖不出去，试驾了一下,2022/10/18,zyzx77,1
2023严寒毕业季，点击就送的比亚迪是冬天中的一把火，哈哈,2022/10/18,Dankeschon,9
调查下，蔚来车主换电和充电比例多少？,2022/10/14,FlytoSkyBoy,58
马斯克年轻时很帅啊,2022/10/17,siluhuayu,8
小鹏是不是有优惠啊，销售按标准价优惠我2w,2022/10/17,haolihai,12
要是国产厂家现在发布一款model y这样的新车,2022/10/18,mafama,17
一百二十年前的电动车续航就能达到140公里,2022/10/16,leyouyip,82
海豹太低趴了,2022/10/18,flysand,5
开始用特斯拉来打击国产电车了,2022/10/16,shunderen,75
[建议][充电][电池][新能源][电动]想买电车，BYD汉怎么样？,2022/10/17,kite584,13
需不需要给本版科普一下毛利和净利的区别？,2022/10/18,zhangxy11,0
比亚迪宋是借鉴哪款车的底盘？还是自研的？,2022/10/15,soochowboy,12
Re: 这十年，你买了几部车？花了多少钱？跑了多远？,2022/10/18,原帖已删除,6
新能源车开了5点多了，想今年还是明年再置换呢,2022/10/17,nimoo,8
汽车这事，大家没必要老吵啊，存在即合理,2022/10/17,crystalboy,8
特斯拉降胎压还是颠吗？,2022/10/17,tosalut,5
唐dmi5000km第二次要换大电池了,2022/7/4,huang10zhi,44
真有专业黑自主品牌的啊,2022/10/17,shichina,1
smart精灵提车,2022/10/17,richiter,63
Mpv选择,2022/10/16,tiancaikang,11
特斯拉换比亚迪,2022/10/17,txq,18
雷克萨斯怒怼海豚？,2022/10/14,lspod,80
除了BYD，其他电车核心技术是啥？,2022/10/16,LFishEr001,62
byd给自燃车主赔多少钱？,2022/10/17,touareg,12
看来只要电池包保护的好~就不用太担心磕碰啊,2022/10/17,Jephen,8
自动驾驶可能还是要看小鹏蔚来,2022/10/15,LeonTang,30
三天事故2次， 有多大概率,2022/10/16,zylthinking2,14
Re: 上周被追尾,2022/10/17,原帖已删除,0
关于内饰气味,2022/10/17,Zeusxzy,3
好多电车从屁股后面10来米就能看到底盘下一排电池,2022/10/17,xiti,1
我算明白为何宋DMI卖的火了，生态位站的好！,2022/10/15,soochowboy,5
上市三年多，model Y终于迎来大改款,2022/10/17,mafama,10
增程车亏电状态下的零百加速是多少？,2022/10/17,census,5
比亚迪要在印度建工厂？,2022/10/16,delIguazu,48
请教，如果自燃把旁边的车给烧了，谁来赔？,2020/7/29,oRo,16
求指导：23年能下来指标，现在能提车吗,2022/10/17,remadwho,6
现在国产40多万的车能对标gls x7了,2022/10/16,content,22
增程车就是一油车啊,2022/10/15,strongcat,48
9月汽车出口30.1万辆,2022/10/17,Icanread,4
吹牛逼续航1000公里，秒这个秒那个,2022/10/16,zthenry,14
id4还是id6？,2022/10/17,focusmen,6
秦dmi这车咋样？,2022/10/17,seancool,0
百思不得姐：宋唐DMI为何不提价？,2022/10/16,soochowboy,18
中国的新能源车斗得过特斯拉吗？,2022/10/16,soochowboy,14
国庆回老家，在农村小路上发生了三次刮蹭,2022/10/7,lingyunfei,41
关于特斯拉的电耗,2022/10/14,ThisGuy,26
电车的发展瓶颈还是电池，太难突破了,2022/10/16,zhaozhao1982,27
为啥一堆人转载台湾的大内宣文？？？？,2022/10/16,MachuPicchu,30
我们小区充电价格,2022/10/14,wangdabao51,30
外媒：特斯拉供应商台企占75%份额,2022/10/16,nisus,31
请问一般哪些地方车充完不开走要交占位费,2022/10/14,Purplestars,7
好多电车从屁股后面10来米就能看到底盘下一排电池,2022/10/17,xiti,6
卧槽，奔驰真牛逼，平均时速83公里，百公里电耗仅有8.3度,2022/10/16,yehorse,95
凯迪拉克锐哥感觉电车天花板，没人讨论？,2022/8/27,erVShb,6
比亚迪敢大规模出口，说明自燃问题概率已经很低了,2022/10/15,peibch,20
参与电网调峰是分担电动车成本的一个途径,2022/10/16,Simu1ink,39
dmi天天纯电开法电池会不会出问题,2022/10/15,CC2CC,9
骂比亚迪的，两田的最多,2022/10/16,shunderen,34
增程为什么不做到400以上,2022/10/16,kongniao,5
新车落地21，二手2万公里的16个值得买么,2022/10/14,reachstar,4
每次看见插混车跟纯电车抢充电桩就觉得很尬,2022/10/14,AD007,12
如果像本版所说的那样，丰田确实在底盘设计有独到之处,2022/8/30,zhangxy11,9
问下各位电车车主，电车年检跟油车一样吗？,2022/10/15,newssmth,4
发现个规律：蔚来女司机比较多,2022/10/16,census,9
林志颖恢复神速啊,2022/10/15,nisus,13
粗大，进报告了,2022/10/16,tedxyz,1
现在的插混都给配40度电池了，越来越卷了,2022/10/16,RoadPress,15
今天体验了唐EV和ID6C，领导最后选了唐EV,2022/10/15,wlan,29
半固态电池进度怎么样了？,2022/10/16,LLClown,3
新能源车的补贴还能持续多久？,2022/10/16,soochowboy,17
汽车行业的本质，其实新旧势力的认知还不如特斯拉,2022/10/16,semilog,21
比亚迪汉的性能车汉dmp卖得动吗？,2022/10/16,wordsword,2
新能源车保值率这么感人？五年22%,2022/10/14,soochowboy,63
比亚迪海豹有舒适停车吗？,2022/10/16,saturdays,2
新能源汽车补贴其实国家财政划算，不用拿大量外汇买石油,2022/10/16,wormvirus,9
锂电池回收后还能再加工利用吗？,2022/10/16,Billow,3
国内有固态电池研发完成的么？,2022/10/16,wsnsw,1
路上好多新能源酷似帕娜梅拉......,2022/10/15,slimeminem,9
宋dmi不充电油耗百公里7.76升，不省油呀,2022/10/14,soochowboy,70
不懂就问：DMI纯电55公里的，每天充电是不是很麻烦？,2022/10/14,soochowboy,13
10月第一周上险量,2022/10/15,nisus,7
乐观预测明年新能源渗透率达到40%,2022/10/15,hellokkzhu,15
长城就是卖的太贵，要是便宜2万 销量肯定高,2022/10/13,tanguofu,19
国庆看了宋plus dmi,2022/10/10,rockgirl,60
比亚迪宋plus dmi开了几个月,2022/7/23,hcp,33
就算是多口之家，买6座车也不是很好的方案,2022/10/13,iGeek,46
特斯拉确实会自动加速，后续开AP出事故28楼详情,2022/1/21,hyeana,270
大家说说马上要上市的极氪009,2022/10/15,wodeid,3
在商场看了看阿维塔，种草了,2022/10/14,henhenhahi,35
我来说一种补能模式: 拖挂电池,2022/10/14,Elric,6
其实，新能源车的竞品是油车，而不是其它牌子的新能源车,2022/10/15,huankuib,3
