﻿主题,发帖时间,_ 作者,回复
特斯拉辅助驾驶导追尾法院开庭情况,2022/9/27,hyeana,350
"ev160，ev200,ex3,eu5,eu7淘汰哪个买极狐",2022/10/13,yingwuning,21
比亚迪唐爆炸业主群聊天记录,2022/9/30,zyzx77,12
比亚迪海豚被百万豪车雷克萨斯Lm撞,2022/10/15,lengsong,3
油车尾气太臭了,2022/10/15,subidiot,2
这波新能源的浪潮中，中国因素的比重能占到多少,2022/10/15,djshaofei,14
电车续保费用不像版友那么贵呀,2022/10/5,zwjwswjwz2,16
我为什么买理想L9 (转载),2022/10/10,ifiamcloud,9
友提:车辆年检费涨价了,2022/10/14,HiIISilver,6
小区里的充电站挺赚钱,2022/10/14,chrome2000,128
宋dmi还能赚钱吗？,2022/10/15,soochowboy,6
租了个电车，想装个充电桩,2022/10/15,gss2019,6
任何人买车都是深思熟虑的，没必要黑六座,2022/10/6,hellokkzhu,37
顾头不顾腚的六座SUV太搞笑了,2022/10/6,skyfromheart,60
在充分竞争的领域，不会出现比亚迪和TSL这两个怪胎,2022/10/14,sdlk,25
有些销售真的很厉害,2022/10/15,tedxyz,3
id4x车真的很渣，买这个车太后悔了,2022/10/15,Pindouduo,9
比亚迪不容易，对手太强悍了,2022/10/14,shunderen,4
比亚迪会出腾势的轿车吗,2022/10/14,shunderen,15
邻居提了宋，又一次战战兢兢,2022/10/14,zyzx77,22
请教：指标更新后号牌可以自选吗？,2022/10/15,norainbow,0
前几年的新能源车保值率为什么低？,2022/10/15,tedxyz,2
数据告诉你—啥叫爆款,2022/10/14,googlestyle,15
比亚迪元plus欧洲碰撞测试5星,2022/10/13,Icanread,9
关联烧了白烧，在海运上，新能源汽车属于9类危险品,2022/10/14,binghuodao1,37
大众给地平线投资了160多个亿,2022/10/15,mafama,1
问界M7、奔驰GLE、理想L8特殊路况性能对比测试,2022/10/15,xingbake,0
前两个月电车自驾6700公里，一些信息分享下,2022/10/14,fgvbnh,22
理想的售前真挺凶猛的,2022/10/14,xingbake,1
550万个岗位不复存在，日本赌国运失败！第一支柱产业遭三国瓜分,2022/10/14,Simu1ink,55
工信部应该全面公开新能源车起火统计数字,2022/10/14,Icanread,21
真的吗？为什么不走法律程序？,2022/10/14,zyzx77,35
充电桩app汇总，贵青用里面的哪个？,2022/10/14,hipara,11
Re: 极狐“未满月”竟无法启动,2022/10/14,原帖已删除,12
求问Model Y和小鹏 G9选哪个？,2022/10/11,Stormman,54
电车保险为啥这么贵。,2022/10/9,Sparta,12
30万左右预算，目前最值得买的电车是不是依然是Model Y,2022/10/14,alexthu,24
发现ID.6配置的一个特点,2022/10/14,wlan,0
安装充电桩遇到了恶心事，该咋办呢？,2022/10/12,shaobo75,26
理想如果出纯电，会有竞争力吗？,2022/10/13,census,18
偶遇深蓝03实车，很帅气啊，好感度大增,2022/10/14,census,4
混动可以根据定位限制用油,2022/10/12,wsnsw,12
手工翻新高科技设备。。。。。。。扁线电机 (转载),2022/10/14,tsa300,0
如果本车自燃，哪个险可以赔付旁车,2022/10/14,LeonTang,3
车评用语三大傻,2022/10/8,glamerick,65
国内的新能源车有一个问题非常致命,2022/10/10,shuimu30,115
想知道其他电车自燃，会不会赔周边被引燃的车辆和设施？,2022/10/14,oldgeng,6
说说我为什么选 Model Y 长续航吧,2022/10/12,swen,100
恭喜友商终于找到十月份新喷点,2022/10/14,xiadayu,35
比亚迪海豹的热度没了？？？？,2022/10/13,langmanyixia,28
Re: 关于二手新能源车的升值,2022/10/14,原帖已删除,4
新势力车机是不是都是基于Android的魔改？,2022/10/12,TimeAndRiver,36
我的电耗和费用,2022/9/28,djkstra,26
北京临牌道理停车哪里查停车费？,2022/10/14,vandi,9
比亚迪想要突破还是要在高端市场突破吧,2022/10/14,Harrogath,27
既是路灯杆，也是充电桩！成都首批路侧“智慧多功能杆+充电桩”,2022/10/14,sanford66,20
电车占比超过50%后加油站是不是要倒闭了,2022/10/14,chrome2000,4
别再拿model3当标杆了，1-9月国内平均月销仅1.1万，同比大幅下,2022/10/13,junopapaya,12
极狐拿下电动汽车控制领域的首个出海专利,2022/10/12,wangdass8,91
丰田的新车如何评价,2022/10/11,RecerBobby,22
秦EV300 2016款残值,2022/10/13,Jacker,20
极狐阿尔法S 华为Hi版，开始正式交付,2022/10/14,ia,0
十月第二周上险量（10月3日-9日）,2022/10/13,ia,2
谁家车好就看出租车用谁家的,2022/10/13,dasu,10
比亚迪外观设计用力过猛，同意吗？,2022/10/13,AD007,19
路上看到个seres，车尾不错，一排字母亮着灯,2022/10/13,xianrena,1
置换车上牌，能先网上选号，没选到合适的再保留原号牌码,2022/10/13,lzh41764176,3
不同品牌车的充电桩能通用吗,2022/7/20,fly4sky,13
北京新能源补贴,2022/10/12,wangdabao51,13
美帝对华芯片封锁会毁灭性打击中国新能源汽车产业吗？,2022/10/12,soochowboy,20
地库监控，能实现这样的要求吗？,2022/10/13,mayi,6
零跑C01十一月底前就能交付最常见的几个款,2022/10/13,sun0star,16
自主MPV顶梁柱M8的插电版上公告了，有竞争力吗？,2022/10/13,trumpchi,2
2米宽的极氪钻胡同，视频里的场景你们表现怎么样？,2022/8/31,cosun,54
蔚来CEO：公司实现盈利时间会比特斯拉短,2022/10/13,OuNiJiang,17
分享一个极狐阿尔法T高速均速103电耗,2022/10/9,nuoya123,27
新能源车，得电池者得天下，得锂矿者得天下,2022/10/12,yehorse,14
来，猜一个车！,2022/10/13,wangdabao51,22
买理想本质是缺乏规划能力只能多花十万块买个发电机天天背着,2022/10/11,mercedes777,82
新能源有多保值？开两年还赚一万,2022/10/12,KBKATE,10
比亚迪唐第二次保养，想骂人,2022/9/29,huang10zhi,30
增程式属于纯电动汽车，dmi不算,2022/10/13,winnerstone1,12
刚才试驾了长安深蓝，不错,2022/10/3,Laurasia,12
请理想one车主来说说这车的质量如何,2022/10/12,gucasxiaot,7
抄底长城汽车，上汽集团,2022/10/12,googlestyle,6
元PLUS vs. 哪吒U,2022/10/11,mahuta,19
插混车企，明年销量要下降3成,2022/10/12,bufu110,12
[求助]有极狐的群吗？,2022/9/17,yyxwxy,8
去4S电做了升级续航涨了30公里 什么原理呢,2022/10/13,zhaozhao1982,6
特斯拉9月国内交付量和6月基本一样,2022/10/11,mafama,31
如果集特斯拉、理想、比亚迪的优点造车，会出来什么车？,2022/10/12,census,12
秦EV300，只能充37度电了，厂家不愿意更换电池有啥办法,2022/10/11,dabuliu,27
极氪车门饰条刮了一下，半个月没修好，正常吗？,2022/10/5,yuxiu,94
增程的逻辑很简单，电池贵、发动机便宜,2022/10/12,yehorse,30
Re: 比亚迪元 PLUS（ATTO 3）获欧洲五星安全评级，碰撞测试表现,2022/10/13,原帖已删除,0
关于一个汽车零部件的极好的帖子。,2022/10/9,beanspower,167
【小鹏港股600亿了，它的自动驾驶单拆出来值200亿吗？】,2022/10/12,chaodide,1
9月纯电销量总排名,2022/10/11,RoadPress,69
据说锂矿涨到517500一吨,2022/10/11,meirenai,9
纯电车半年一保养是不是有点频繁了？,2022/10/12,run9,14
老秦ev第二次换电池过审了,2022/9/24,zwjwswjwz2,33
一体化压铸这个技术，对消费者有一点好处吗？,2022/10/9,mafama,54
丰田这个车顶太阳能是搞笑吧？一年可行驶1750公里,2022/10/11,peibch,19
800V充电新标准久而未决关键是电网有利车厂成本大增,2022/10/12,hyeana,4
极狐9月销量1000整,2022/10/11,wangdass8,37
友提：2吨以上的电车车主，注意你的轮胎,2022/10/10,sdlk,56
丰田车的质量真是太好了,2022/10/9,mafama,19
家里第二辆比亚迪，汉EV。,2022/9/29,DavidKING516,70
据说钠电池充电15分钟，而且资源自主可控,2022/10/12,menglongwang,14
好像某杂牌汽车把蔡老板告了,2022/10/11,leyouyip,2
北京新能源补贴申请，怎么证明卖给了外地？,2022/7/18,lizou2021,6
求教新能源指标更新问题,2022/10/12,tjulh,2
今早订了蔚来ES7,2022/10/2,democray,47
请教个问题，本青第一次开新能源车,2022/10/10,qianshi234,6
选择困难症-10选1,2022/10/11,LeonTang,67
9月国内新能源汽车销量占比27.1%,2022/10/11,netv,7
在贵版，理想这车的主要黑点是车主的智商,2022/10/12,touareg,5
继续说一说我车上的热泵,2022/10/8,bslszmm,52
来点干货，分析最新高德车机版导航地图（比亚迪车机）,2022/10/11,isucre,9
看了｜驾了 ix3 ，EQB350,2022/10/8,dngo,24
哪款车修车便宜,2022/10/9,sherlocked,17
EQS 马上就要真香了,2022/10/10,zhouguangxiu,45
宝马i3怎么样？最近试驾了不少车，大家讨论下,2022/10/8,yaofreedom,44
最近试驾了不少车，谈谈个人体会,2022/10/9,yaofreedom,104
Re: 9月新能源汽车销量排行榜，我也上一个,2022/10/12,原帖已删除,0
Re: 800V平台才是未来趋势吧？,2022/10/12,原帖已删除,20
现在还有北汽ex3的库存吗？,2022/10/10,yeguo,16
充电一般用哪个app？,2022/10/11,rainlet,4
有人关注到领克09EM-P 远航版吗？,2022/10/11,coolfist,4
埃安第二智造中心竣工投产。,2022/10/11,biubiu02,4
优易充有羊毛吗,2022/10/11,lcy362,1
乘联会：9月新能源乘用车零售销量同比增82.9%,2022/10/11,ble,7
比亚迪的车胎，换一个大概需要多少钱啊？,2022/10/11,iamleo83,10
比亚迪感觉也要给广告充值啊,2022/10/11,acura007,7
[盗图]这车喷漆后真霸气,2022/10/11,yubing,4
绿牌保险涨价比去年涨了390块,2022/10/10,xxyy0088,8
我去了一个和合资粉眼里不一样的山东,2022/10/9,shunderen,6
比亚迪反向虚标电耗8.1。。。,2022/10/9,Shigeru,45
自游家遭到了无情的吐槽，笑死了,2022/10/11,census,5
最低气温都4℃了，大家的续航打几折了啊？,2022/10/10,census,22
id4x 智享长续航22万，这个价格怎么样？,2022/10/7,Metoes,11
发明一种油气光复合增程车会不会大卖,2022/10/11,shuiwoods,5
自游家预订都超过2万台了,2022/10/11,census,2
电机的成本大概是多少啊？,2022/10/11,census,9
海豹标续和Model3标续都是60°，哪个续航长,2022/9/12,langmanyixia,74
欧洲人是不是开车都特别快？电动汽车在欧洲能卖的出去吗,2022/10/9,thecommon,14
话说BYD在北京哪款提车时间最短？,2022/10/10,xubeida02,6
李一男不声不响车都出来了,2022/10/10,safari,6
北京地区新能源电车如何做车检,2022/10/8,BMW320IM,5
唐ev vs ID6C,2022/10/9,wlan,29
丰田bz4x 正式上市,2022/10/10,A1551067,16
从股市上看，新能源车已经振兴了,2022/6/24,TerryW,3
乘联会这段话看不明白,2022/10/10,trumpchi,7
小鹏G9外形内饰弄的不错,2022/10/10,chelseaLL,2
好奇一下，截止当前，哪些品牌买车后锁电了？,2022/10/9,XJTUMEC,30
为啥大众不把高尔夫好好搞一搞,2022/10/9,shunderen,13
奇瑞集团9月销售汽车14.53万辆，同比增长92.1% (转载),2022/10/10,Simu1ink,3
新能源车险续保怎么选,2022/10/10,www798,0
9月份销量榜出来了吗？,2022/10/10,30-Sep,1
极狐hi超越时代的表现出来了，结果媒体屁都不敢放一个,2022/10/10,wangdass8,13
极狐跑长途,2022/9/28,nuoya123,291
李一男做的这个电动车有一点指的称道,2022/10/8,TimeAndRiver,23
最后还是订了IX3,2022/10/8,tangguoge,43
恭喜极狐获得中国十佳底盘头名，以后谁还敢说它是麦弗逊？,2022/10/10,cosun,8
奶奶的，保险公司太黑了,2022/10/9,flysand,6
元plus 510km整个十月都提不到车,2022/10/10,Elsevier,3
比亚迪E5修车灯小记,2022/10/9,fcdota,13
蔚来是不是也是高胎压？,2022/10/5,TimeAndRiver,37
谷歌的Waymo写了篇论文，来证明自动驾驶比人靠谱12.5,2022/10/7,Vas,111
比亚迪宋dmi  混动 新能源 车险有返现吗？,2022/10/9,mynews,1
转载：当超充成本大于换电，800V 优势在哪？,2022/7/14,Neuromancer,65
谁说BYD汉EV设计的丑？新/老款都很好看！多色车膜亮瞎双眼,2022/10/6,DavidKING516,16
id4如果卖15万会卖疯吧,2022/10/9,Laurasia,11
咸鱼上卖特斯拉的真是铺天盖地,2022/10/9,mafama,12
19.9落地极智长续航ID4X，有比这能打的新能源？,2022/8/18,voTvo,143
Re: 谁的电车能不充电这个速度开到崇礼，我就服他,2022/10/10,原帖已删除,9
特斯拉中国9月交付超8.3万辆，再创月度交付新高,2022/10/9,census,3
感觉现在又开始炒作氢能源了。,2022/10/10,CRH11,0
大家小心 fuweihua 这个账号啊 典型的反社会变态,2022/10/10,mercedes777,0
六座的车，充电又不是特别方便，买哪个好？,2022/10/7,sua007,15
今天商场静态看了下欧拉闪电猫实车,2022/10/9,wrsea,0
山东满地ID，啥情况？,2022/10/9,zyzx77,16
中银保险的车险有坑么？,2022/10/9,Sparta,4
[求助]请教新能源车自己上牌流程,2022/10/9,sallyzqc,0
chaodide被取消在GreenAuto版的发文权限,2022/10/9,deliver,0
先驱成了先烈，车载激光雷达鼻祖破产,2022/10/9,ble,0
AZTU被取消在GreenAuto版的发文权限,2022/10/9,deliver,0
M7 后两排空调不能制热？,2022/10/9,AZTU,2
蔚来就这破销量，为啥天天有人捧,2022/10/8,maxwellgood,30
卖了model y，换了es7,2022/10/8,qlbbj,62
【问界爬成佛坡视频来了，增程就别搞什么四驱了，都是假的】,2022/10/6,chaodide,60
新能源基本就是国产品牌之间的竞争了,2022/10/9,presento,3
真正的搅局者来了—自游家,2022/10/8,googlestyle,11
nisus被取消在GreenAuto版的发文权限,2022/10/9,deliver,0
听说明年Model X要国产？,2022/10/7,yehorse,26
比亚迪秦EV300多次尿崩，有啥投诉的渠道吗？,2022/7/22,syf3250459,149
德媒：德国最大租车公司将引进10万辆比亚迪,2022/10/9,iamleo83,10
问界m7把手机界的鸡贼也带到汽车了，后排空调只能制冷不能制热,2022/10/9,junopapaya,1
Re: 特斯拉充电理论费用和实际费用差别太大了,2022/10/9,原帖已删除,3
谈自动驾驶的，可知道aeb现在所有车厂都做不好,2022/10/9,springautumn,1
车内睡觉做的最好的是小鹏P5吗？,2022/4/6,prophylactic,11
小鹏P5辅助驾驶玩熟了说说感受,2022/8/27,woodandearth,16
理想这么大车身怎么做到后备箱空间这么小的,2022/10/6,skyfromheart,7
Re: 这么一款车得多少钱,2022/10/9,原帖已删除,12
这么多电动车品牌最后能剩几家？,2022/10/9,ruizhu,0
理想港股跌约14%,2022/10/7,nisus,5
大后备箱其实平时用得少,2022/10/6,nolonger,99
Re: 丰田汽车疑似用卢沟桥做广告,2022/10/9,原帖已删除,0
6月3日下单极狐阿尔法T 653S+,2022/6/3,ntstar,77
以后自动驾驶是不是卖不了了,2022/10/9,bxdx,5
贡献个难看的数据，极狐四驱玉渡山一日游,2022/10/5,wangdass8,37
能耗降不下来是不是和车速有关？,2022/10/8,woxianzhe,7
为啥车顶太阳能电池板的设计没流行？,2022/10/6,akls,26
都有哪些车能放电搞烧烤的？,2022/10/8,socool,22
自由家这价格凉如狗了吧？！,2022/10/8,bufu110,2
求教各位豪华车的车主,2022/10/8,fowler6325,8
哪一家未来能率先推出前脸选配,2022/10/8,mafama,0
试驾了小鹏g9,2022/10/5,aafosil,52
蔚来欧洲只租不售，大概率还是生产制造的问题,2022/10/8,mafama,1
现在大部分车的问题就是大屏设计,2022/10/8,shuimu30,3
现在买M7还是等L8？,2022/9/26,ruizhu,48
【李一男】晚八点，自游家nv发布会,2022/10/8,chuangzilin,4
感觉埃安Y的外观很不错啊。,2022/10/7,konan,11
单位要安20kw的直流桩,2022/10/8,gofly,6
请问有谁操作过北京新能源的置换补贴,2022/10/8,koya,3
德国之声：德国租车行采购10万辆比亚迪 引发争议 (转载),2022/10/6,gemini,15
十一高速充电不排队，多亏了特斯拉？,2022/10/8,zyzx77,11
6座的车又啥能选的？,2022/10/6,sua007,32
[新能源][电动]安利一波福特mustang mach-e,2021/11/18,Lotus1212,70
求推荐id4 x 4S店,2022/10/5,znabc,4
20万左右有啥suv推荐,2022/10/5,znabc,16
高速充电排队了,2022/10/1,thwolf,259
宣堡服务区的Chaoji充电站,2022/10/6,linyixiao,26
大型suv李韭五人出行的惨状,2022/10/6,leyouyip,52
操控简单举例,2022/10/8,zyzx77,9
十一辅助驾驶体验分享,2022/10/8,wfunny,10
麦肯锡：中国成为世界豪华车增长的引擎,2022/10/8,census,0
壳牌充电桩,2022/10/3,haixian02,27
3YC的热销程度：4S店单日交车107辆,2022/10/4,Berater,33
蔚来出海还是挺难的,2022/10/8,gofly,0
现在id6能优惠多少？,2022/10/6,newshou,4
Re: 这么着急跳出来持续黑理想的可以先等等,2022/10/7,原帖已删除,9
放弃L8选择了M7,2022/10/6,gallado,8
离地最小间隙有关注的么？,2022/10/5,dngo,19
小鹏G9和极氪001价格差不多，为什么很多人对G9的销量不看好？,2022/10/6,mchh211,36
同一款车 为啥不同4s店保险价格差好几千,2022/10/7,Buerme,0
国庆期间试驾了ET5，M5EV，说说感受,2022/10/7,freewl,5
请教：请教大家，大众ID4 长续航版本，最后落地价最低多少钱,2022/9/12,chen20082759,18
蔚来9月交付新车10878台，三季度交付量创季度新高,2022/10/2,kadilake,57
小鹏市值已跌破百亿,2022/10/6,antzzz,6
提别人问问，30+万除了特斯拉还有啥车,2022/10/6,kunseng,24
哪有那么多傻子,2022/10/6,biubiu02,5
特瓦特再回龙观又开了一个点,2022/10/2,zwjwswjwz2,12
有人了解吉普牧马人PHEV吗？,2022/10/6,touareg,2
几何A怎么样,2022/6/12,TP33,37
L8出了，M7凉凉？,2022/10/6,gallado,6
磷酸铁锂寿命比三元锂多一倍么？,2022/10/5,xiiii,30
比亚迪电池工程师，平均月薪大概8000，行业垫底,2022/10/4,wormvirus,27
没有拥有过油车是不是一种遗憾？,2022/10/4,huanyongID,37
威马是不是死了？,2022/10/6,spritesw,3
今天试驾了et5,2022/10/4,wangkuo111,64
分享个极狐T的提车作业，非黑非粉,2022/10/3,adiosET,31
Re: 现在byd是不是不可能提到现车？,2022/10/6,原帖已删除,9
等了七个月的BYD，终于告诉我来车了，但是少个芯片。。。,2022/10/1,redbus,18
SIXT订购了10万辆BYD的电车，比亚迪已经成功打入欧洲腹地了？,2022/10/4,willdx,52
比亚迪最大的挑战是品控,2022/10/6,OBIRCH,6
谁也不要嘲笑谁 当年蔚来也差点儿死掉,2022/10/6,AD007,24
0度左右三元里衰减厉害么,2022/10/6,xiti,10
比亚迪炸了这么多，一个回复都没有，全是装死,2022/10/1,tclj9,37
一直有个疑惑,2022/10/5,TimeAndRiver,46
你去加你的油啦！,2022/10/3,dsf008,37
日产汽车骚操作,2022/10/5,tedxyz,2
M7的音响效果相当震撼,2022/10/2,dreamr,1
电车下坡,2022/10/4,hanfire,7
原来前段时间四车手拉手堵高速路的就是日产新车ARIYA,2022/10/5,Svensson,0
日系车企全球产量公布 (转载),2022/10/5,Simu1ink,0
高速上低速行驶的车真是交通隐患毒瘤,2022/10/2,Apple4S,5
有大神分析下什么时候油电车可以完全市场化竞争,2022/10/3,covidtest,73
这个时代，只有军工类企业和自主企业争气,2022/9/30,guoqingjie,33
高速充电桩就应该设充电上限85%,2022/10/2,wormvirus,31
哈哈，刚朋友打电话说前车冲到98%还不走，吵架了,2022/10/4,zmud,13
前往龙庆峡爬升600米，四驱跑133km用189km,2022/10/4,wangdass8,4
有业内的了解电池采购价么,2022/9/30,wsnsw,6
今天碰到一小鹏爆胎,2022/10/4,nisus,2
理想的增程车，电池能保多少年？？,2022/10/3,FrankM,16
请问IX3现在大概多少钱？,2022/9/10,gesiladj,21
比亚迪九月分车型销量,2022/10/3,Dankeschon,21
又跑了一趟300km 短途,2022/10/2,tedxyz,7
电车什么时候开始收养路费,2022/10/3,wuhuadasha,1
小短腿跑大同很爽啊,2022/9/16,zyzx77,17
56kw的慢充，现在科技这么发达了？,2022/10/3,bellbird,3
双流氓,2022/10/4,brooke,2
比亚迪9月20万，详细销量来了,2022/10/3,sirius0777,20
刚下单了蔚来ET7,2022/10/4,stanlyliusu,11
十一期间在商场里头看了海豹。。没感觉有吹的那么牛逼啊,2022/10/2,tchain,12
比亚迪工厂操作工中秋福利不到10块钱，,2022/10/3,Cannes,7
有国庆7号跑高速的吗？是不是应该直接下高速充电合适,2022/10/4,xiti,0
开新能源车会不会很里程焦虑？怎么克服焦虑？,2022/10/1,qwert1980,56
Re: 试驾了零跑C11，说下想法,2022/10/4,原帖已删除,20
大家在路上看到过问界了吗？,2022/10/2,samsonov,28
北汽9月份能有多少销量？,2022/10/3,OkBaby,13
纯电SUV去哪看车方便,2022/10/4,gligl,3
有关注腾势d9的吗？比亚迪行吗？,2022/9/25,artbj,17
特斯拉应该出新车型了,2022/10/3,jinAGE863,12
特斯拉产量超预期销量不及预期,2022/10/4,Icanread,3
特斯拉降价，为啥比亚迪暴跌？,2022/9/30,djkstra,35
比亚迪9月销售201259辆,2022/10/3,xiadayu,18
打算下一辆车锚定理想l6l7了，大五座,2022/10/2,content,6
比亚迪秦  汉  宋  元 ，明年上纯电3.0平台的话，肯定更火,2022/10/3,findmyhappy,5
新能源购置税补贴，明年还有吗？,2022/10/3,water007,1
高峰期高速服务区可以双向提供充电服务了吗？可以的话同时服务1,2022/10/2,xiti,27
一路上遇到几个电车，慢悠悠的堵路,2022/10/2,hqh03,17
c01配置表，18w那款香吗,2022/10/2,gen9,3
L8发布后，L9等车时间变长了,2022/10/2,mafama,2
[新能源]零跑C11提车一周感受,2022/8/4,rsqk,38
特斯拉三季度交付量严重不及预期,2022/10/3,mafama,11
Re: 请教大家北京买新能源车和今年买相比，补贴政策有什么变化,2022/10/3,原帖已删除,2
现在的新能源市场像是大战的前夜,2022/10/2,ruizhu,23
2025年能普及800V充电平台吗？,2022/10/3,fakelake,5
高速电池充电问题是解决不了的,2022/10/2,SaintShaka,16
家里和单位都没有充电桩，买了电车，每周一次，去哪里充电呢？,2022/10/2,dbmouse,15
去店里看了ET7，蔚来的镰刀真是挺快啊,2022/9/30,kaka2w,48
晒一下昨天从官厅水库回来的一段能耗,2022/10/3,litra,0
不限牌照的城市买电车的人是不是数学不太好,2022/10/2,shuiwoods,16
[电动] 昨天又专门去看了G9和ET5,2022/10/3,goodribs,0
华为问界系列汽车9月交付10142辆，再创新高,2022/10/2,kadilake,9
都说理想L8堆配置，那这些配置值多少钱呢？,2022/10/2,census,7
小鹏销量三连降，9月同比环比双跌。,2022/10/2,huangp99,9
【帮估价】2021.5上牌 1.4万km model y,2022/10/1,huameng,9
比亚迪是不是这个月就过20万了？,2022/10/2,peibch,4
照这个劲头，中系市场份额突破60%指日可待,2022/10/3,Crusade,4
9月问界糊了啊,2022/10/1,EmperorPiero,23
我看现在最香的是L7,2022/10/1,henhenhahi,1
特斯拉确认柏林超级工厂电动汽车产能已提升至每周2000辆,2022/10/2,Vas,2
哪家的电池最安全?,2022/9/30,saturdays,70
其实电车不便宜,2022/9/29,hidenfly,24
沃尔沃免费换电池了,2022/10/2,ZhangJiang,2
北京家庭户汽车总价情况 (转载),2022/10/2,careerCOACH,2
9月新能源销量~“新势力”埃安破三万,2022/10/1,lookatjane,21
求教，汉和宋plus 选哪个,2022/10/1,ttshiwo,18
已有北京新能源家庭指标，还能去天津办个人新能源指标么,2022/10/2,neuhalo,2
国庆节前出京高速行程分享,2022/10/1,Jephen,32
国庆往返京,2022/10/2,zthenry,25
目前国内车市渐渐明朗了,2022/10/1,mafama,31
能不能确定爆炸的车型？,2022/9/30,coolfist,17
男子开新能源车遇堵车，30小时没出广东，电量耗尽加价2千元叫拖,2022/10/2,xianrena,15
看到理想L9总有一种冲动,2022/10/2,iGeek,1
纯电高速堵车怎么办？感觉没有勇气国庆开吧,2022/10/1,tanguofu,23
为啥这么多人推荐高德，我觉得百度地图好用很多啊,2022/10/1,qinghua168,27
进出京核酸缩短至48小时内 关注,2022/10/1,HLWJSJ,3
据说MY又要降回27万区间了,2022/9/30,lxqcj,25
大众id4x与id4crozz选哪个,2022/8/15,pengwr,26
2023年新能源汽车个人有多少？,2022/10/2,meisme,0
高速国网充电桩以后都是这样了？,2022/10/2,zthenry,0
十一前大广高速广东 江西段服务区都从4台快充扩容到8台了,2022/10/2,xiti,3
有电车十一上告诉的盆友吗,2022/10/1,deltagogo,2
都在吹L8的时候，给理想泼点冷水,2022/10/1,wrsea,12
小鹏G9最大失误是起错了名字,2022/10/1,ruizhu,49
小鹏借助新旗舰G9，年底回到新势力第一梯队,2022/10/1,AD007,4
中大型SUV卷起来了,2022/10/1,bxdx,11
已出,2022/9/12,pupububu,5
极狐阿尔法s提车了,2022/9/29,DriftKing,37
埃安30016,2022/10/1,liangges,6
新势力就是当年的小米,2022/10/1,skyfromheart,10
小鹏在帝都的超充地址，供参考,2022/10/1,AD007,5
TESLA优惠8K变7K 王兴寄语理蔚华,2022/10/1,huizhijia,3
刀片电池碰撞下还是挺安全的,2022/10/1,huankuib,4
理想什么时候出纯电？,2022/9/30,zhangzzss,15
Re: 韭菜太多，l9无悬念的单月破万,2022/10/1,原帖已删除,13
看爆炸事故讨论，为了个电车又要装喷淋，又要通风好，又要不能,2022/10/1,shuiwoods,1
从命名规则看One停产的必然性,2022/9/30,ruizhu,15
关于碰撞烧车，提供一个数据来源,2022/10/1,GeneralMilk,16
tesla有起火的案例吗？,2022/10/1,kevinjoseph,5
关于车库爆燃事故,2022/9/30,googlestyle,32
飞凡R7的软文超级多啊,2022/9/28,flybox,9
买了两年的glc300开腻了，想试试国产新势力,2022/9/30,content,17
睁眼瞎们是没见过唐吗,2022/9/30,sirius0777,15
微信群看到别墅地下室的新电车炸了,2022/9/30,fugm,20
现在整车换电池成本大概多少,2022/9/30,ranger7,9
这是电池爆了还是高压系统爆了？地库+1楼+2楼全废,2022/9/29,leoputin,89
极客和黄牛配合的天衣无缝，全是套路,2022/9/30,AD007,8
长城目前的问题是设计方面，太拉胯了,2022/9/30,tclj9,8
9月份的销售量，什么时候公布啊？,2022/10/1,Simu1ink,1
L7 L8 L9互相分流,2022/9/30,biubiu02,8
家里第二辆特斯拉，model Y,2022/9/29,PhilBaran,23
特斯拉model y订购页面已经打不开了,2022/10/1,pany,2
理想的产品，本质上是用电池省出来的钱拿来精装修,2022/9/30,AD007,17
Re: 版上口风转换真快,2022/10/1,原帖已删除,0
月报最卷: 合创 Z03 9月交付 3011 辆,2022/10/1,ia,0
理想的产品做的还是好啊,2022/9/30,mafama,13
发现论坛一堆吹byd的，没吹到点上,2022/9/29,qian272,24
吹海豹赛道的可以歇了,2022/9/29,sdlk,29
比亚迪汉ev，明年有新款吗？有知道消息的吗,2022/9/28,stonecold,14
Re: L7 L8啥区别？,2022/9/30,原帖已删除,6
这么明显的车型还好意思唧唧歪歪,2022/9/30,DoubleH,4
如果按照悬架、操控、隔音的角度评价，这几款新能源车哪个好呢,2022/9/29,aafosil,25
Re: 如果快充伤电池的话，那15kw的直流快充也伤吗？,2022/9/30,原帖已删除,13
"理想L8的营销, 怎么看...",2022/9/30,chuanlang,3
为啥有些7kw都要收费1.8元一度电,2022/9/30,yellowChange,4
零跑C01下定了，试驾过市场所有竞品后的选择,2022/9/29,sun0star,33
my降到27w？,2022/9/30,meirenai,5
byd不low了，薪资起来了，给西交电动机开27.2k，base西安,2022/9/30,qko,30
海豹营销很下功夫啊,2022/9/30,ViniciusJR,5
住二楼车停楼下，从家引接线板给车充电，另类吗,2022/9/30,goalgoalgoal,7
问界M9感觉有望成为一代神车,2022/9/29,Cobb,4
等到这一批电动车都老化，会不会各种自燃爆炸事故频出呀,2022/9/30,cashrock,9
充电桩安好了,2022/9/30,biubiu02,7
【长城自己说北乔峰南慕容，但是网友说南帝北丐】,2022/9/29,chaodide,26
Model Y后驱,2022/8/9,ice001,17
请教一下充电费用？,2022/9/30,kingsberg,7
电动汽车是智商税吗？家里极力反对买电动车,2022/9/25,IDerror,95
分享个毛豆3长途高速电耗,2022/9/29,deeprad,14
BYD这销量，坐火箭也没这么快啊,2022/9/29,census,22
二手电车什么时候降价？,2022/9/30,Anessaa,0
比亚迪EV和DMI混动的刀片电池不一样,2022/9/29,Mars102,8
话说车机貌似确实不一定要车规芯片,2022/9/28,wrsea,81
去4s看了深蓝，销量不错,2022/9/11,hellokkzhu,19
Re: 小区有人提海豹了,2022/9/30,原帖已删除,6
L8定价问题,2022/9/29,ruizhu,29
零跑真有这么厉害？,2022/9/29,driftering,24
没开过电车，请教个问题啊,2022/9/29,Sochi2014,37
请教大家：电动汽车过户外迁的问题,2022/9/30,norainbow,0
连美国小朋友们都开始认真考虑特斯拉能不能卖得掉了,2022/9/29,mafama,6
帝都也交付汉千山翠了？,2022/9/29,memory166,8
求推荐纯电车,2022/9/26,bpmg,44
懂车帝测试最低配极氪，单电机超长续航,2022/9/29,cosun,15
比亚迪国内价格比蔚来低很多，在欧洲定价比蔚来贵好多,2022/9/29,peibch,16
新能源汽车有多少是真正的新能源？,2022/9/29,kunpeng2017,9
懂车帝：海豹/深蓝/ET5决战高环，极氪001成最终赢家，特斯拉趴,2022/9/29,cosun,0
20-30万的电动车NVH哪些相对好点,2022/9/29,autumnwind,8
一线大厂车机明目张胆的用安卓手机芯片,2022/9/29,AD007,6
汉ev极速测试,2022/9/29,Mars102,2
高速充电桩开始排队了-请周知,2022/9/29,zthenry,5
Re: 目前主流辅助驾驶系统的致命缺点,2022/9/29,原帖已删除,10
海豹的辅助驾驶吹爆了,2022/9/27,AD007,9
华为接下来每年发5款车,2022/9/28,ruizhu,16
飞凡r7,2022/9/27,socool,31
上半年国产中大型SUV在欧洲的销量,2022/9/29,he111,2
欧拉好猫的显示度真高,2022/9/29,loli,3
比亚迪正式开割欧洲韭菜 (转载),2022/9/28,nolonger,18
版上有比亚迪团购群么，站内，求拉，谢谢,2022/9/29,longyoulong,3
请教一个问题：小鹏改了配置，大家还考虑么？,2022/9/24,Kevinforever,28
E3.0平台的新款宋到底啥时候出啊,2022/9/29,cnflyings,2
遇到特斯拉车机死机现象,2022/9/29,tedxyz,4
10年前的一些技术板上就没有必要吹了,2022/9/29,hellokkzhu,8
欧拉好猫欧洲c-ncap安全成绩,2022/9/27,wrsea,54
smart#1真是个城市代步好选择,2022/9/28,pigflying,58
et5就是硬刚毛豆3p的,2022/9/25,chelseaLL,87
自动驾驶最大的意义,2022/9/29,vta,5
全自动驾驶到底有啥意义？,2022/9/28,googlestyle,29
有些城市的家用桩电费真便宜,2022/9/28,Misterio,29
问界接下来产品线的猜想,2022/9/29,ruizhu,0
当前新能源汽车多个品牌的定位、对比分析、购车选择。,2022/9/28,DavidKING516,14
3YC公司目前在售的全系纯电车型都有一个大缺点,2022/9/28,Misterio,26
海豹后驱5.9的圈速实测出来了,2022/9/27,dizzysh,94
如果极狐热粉的回复，大家都不去回复，会怎样？,2022/9/28,isucre,18
电车在虎扑神评论。。。,2022/9/27,yxsyr,19
说一说问界最近升级的一个智障般的功能,2022/9/28,oilyang,10
感觉这一次国产电动汽车，最终胜出的是byd了,2022/9/26,littelShrimp,42
大众ID6行驶途中车机导航广告弹窗？,2022/9/26,huankuib,13
【9月第4周数据，比亚迪大战特斯拉，理想L9单吃问界】,2022/9/27,chaodide,34
明年买电车还有除税以外的补贴吗,2022/9/28,covidtest,8
近一年，有哪个电车没涨过价或者变相涨过价吗？,2022/9/20,crystalboy,12
华为接下来两年发10款车,2022/9/28,ruizhu,18
特斯拉官网崩了？,2022/9/28,zergcq,9
逛比亚迪展厅小结,2022/9/24,beanspower,29
比亚迪这个操作骚的很,2022/9/22,googlestyle,23
大家的充电桩能强行限制功率吗？,2022/9/28,kirbyzhou,20
每个电车厂都得全产业链布局，不然亏的裤子都没,2022/9/28,covidtest,11
日产ARIYA也上市了,2022/9/27,huangbabe,21
理想one二手车比新车便宜十万元，才3、4万公里的那种,2022/9/28,census,14
如果钠离子电池量产，续航400多就够了,2022/9/28,census,3
今天看见了一辆捷豹的电车，从来没听过啊,2022/9/28,lwc1785,7
电池的欠压保护启动后，还剩余多少电量？,2022/9/28,chenyufine,10
给大家看看余大嘴刚做手机时吹的牛,2022/9/28,hellokkzhu,5
新能源车跑滴滴好像不划算啊,2022/9/24,littelShrimp,45
6年秦ev车主，换车还要不要选比亚迪？,2022/9/24,lazyxa,130
人保报价，大家给建议，谢谢,2022/9/27,lingyunfei,16
最后发现最香的还是阿维塔？,2022/9/28,ruizhu,8
CNBC：理想缩减Q3预期销量为25500,2022/9/28,nisus,5
搭载大疆L2的Kiwi，卖10.98万元,2022/9/28,census,2
Re: aion y plus看着还不错的样子,2022/9/28,原帖已删除,24
[求助]询问关于比亚迪海狮的信息,2022/9/27,asl,12
求问选车纠结，试驾一堆车后二选一，小鹏G3i和零跑C11,2022/5/18,wanzibaicai,89
这种程度的刮蹭修理大概要多少钱,2022/9/27,ycwu,2
删帖就能改变中国汽车厂商落后于特斯拉的事实吗？,2022/9/27,yehorse,12
开了5000km了才发现胎压一直不对,2022/9/24,Dadubaba,12
最像特斯拉的就是小鹏,2022/9/26,mafama,20
官方：2023年延续新能源汽车免征车辆购置税政策,2022/9/26,LucaToni,8
长城营销真是不上道啊,2022/9/27,wrsea,8
新能源指标给别人用有啥风险吗,2022/9/26,henry220,18
新能源车普遍搞车身一体化真是坑死人,2022/9/27,hebbyliu,8
飞凡R7这车怎么没人讨论,2022/6/12,stormywater,10
为什么说赛道成绩不可信？跟麋鹿测试一样，可操作性强,2022/9/27,sdlk,1
听说现在二手电车的价格也上去了！,2022/9/27,Laurasia,0
极氪才是第一传销组织,2022/9/26,wangkuo111,34
比亚迪的秦PRO纯电还是雷凌EV+,2022/9/19,bournez,8
大疆的辅助驾驶技术,2022/9/27,iGeek,0
mg4被英国车评人吹爆了,2022/9/27,Icanread,37
20款ES8，签名版，落地52,2022/9/27,lzh41764176,6
﻿大众纯电行驶路上导航弹广告,2022/9/25,rovskin,14
以后汽车各种屏幕都会弹广告吧。。。,2022/9/27,chelseaLL,4
竟然有品牌叫“小跑车”的,2022/9/27,census,2
小鹏G9价格调整后72小时一线销售快报,2022/9/27,biubiu02,7
Re: ES8三年免息,2022/9/27,原帖已删除,38
今天都开座椅加热了嘛,2022/9/23,wangdass8,24
无语,2022/9/26,nisus,11
请教比亚迪秦PLUS EV车机屏幕问题,2022/9/26,PKUWanger,8
新能源汽车就跟小米手机一样啊,2022/9/26,jackyxin,1
推荐冷门的: 长城的新能源，可靠性远超新老势力,2022/9/24,HITM,46
20万预算新能源suv家庭唯一用车求推荐,2022/6/3,yuzhaolangzi,63
租指标的话怎么解决充电桩安装的问题啊？,2022/9/27,xiuhuwang,4
汽车之家这次有点儿丢人,2022/9/24,wangdass8,89
中国首次世界汽车出口第一,2022/9/25,nolonger,348
实地去看了比亚迪的海豹,2022/9/25,huangp99,39
大家当初嘲笑新势力开车先要看广告,2022/9/24,zthenry,4
新能源免征购置税确定延期了,2022/9/26,xiadayu,3
特斯拉上海工厂：待遇不低，但很累,2022/9/25,peibch,20
ID4只有顶配才有360吗？,2022/9/26,skyfromheart,6
威马ceo年薪12亿！知道投资做车是什么套路了吧,2022/9/26,wormvirus,10
五菱最近很牛啊,2022/9/25,DVDplayer,6
版上有人收特斯拉吗,2022/9/21,txq,21
比亚迪和北汽电机对比,2018/6/7,alall,31
电动自行车电池选择的探讨：三元里、铁锂,2022/9/26,chenyufine,7
五菱的敞篷车才9.99万，为什么不敞开卖？,2022/9/26,content,5
大众id系列租电池还能拿到低价吗？,2022/9/26,sdglmn,0
秦plus2022 还会有么？,2022/9/26,wska,2
众泰复活出了一个精仿江南U2,2022/9/26,FLYBBS,5
雷军小米汽车咋想的,2022/9/25,booze,21
搞不懂小米汽车,2022/9/24,iGeek,23
跑滴滴买什么车？,2022/9/26,yrf,7
贴窗隔热膜一般花多少合适,2022/9/25,yellowChange,12
北京的汽车产业衰败的真快,2022/9/24,hellokkzhu,175
单踏板：营销误导的锅请不要甩给我！,2022/9/13,metall,52
北京市的置换补贴是必须外迁对吧？,2022/9/26,libevent,7
ID4后排放倒怎么改成床？,2022/9/15,sqrxj,12
【大众真不行了，自燃都没人发，哪像比亚迪】,2022/9/25,chaodide,9
现在买宋EV是不是相当于49年入国民党,2022/9/25,Elsevier,10
我开的费电吗,2022/9/26,wwjj2017,16
敞篷五零99900,2022/9/25,danmishell,9
"SC01,30万跑车来了",2022/9/26,HBaiBai,2
理想高管套现，沈晖年薪12亿，小鹏买自己2亿股票,2022/9/25,uuau,5
大兴机场打个出租车，关后备箱把零件给整掉下来了,2022/9/26,googlestyle,0
动能回收，大家设置那个？,2022/9/26,mayi,4
据说申请滴滴专车每月给500度特来电？,2022/9/26,xiti,0
小狐狸是T合适，还是S合适呢,2022/9/23,compaqn800c,13
小鹏G9看测评还不错啊,2022/9/25,wrsea,17
30万的极客，车机系统比10万的几何还弱智,2022/9/25,AD007,11
小鹏G9上市的惊魂48小时,2022/9/23,biubiu02,15
最近有买ix3的没？求个群,2021/11/21,andyhua12345,76
电车的电瓶损耗更快？四年坏了俩了,2022/9/25,garfieldking,4
ad说极氪销量马上腰斩，G9能摸到腰斩后的销量么？,2022/9/25,lwc1785,0
比亚迪的4S店的售后服务比以前强一些了,2022/9/25,l6030,11
深度体验了零跑C01说说感受,2022/9/25,ostar,4
阿维塔也增加首任车主权益了,2022/9/25,flybox,7
model3秒杀德系标杆车,2022/9/20,zhangxy11,47
EU5R500 报3个故障  初步判断是小电瓶问题……,2022/9/23,haixian02,8
ID6x 600公里使用心得,2022/9/24,aircrane,3
电车的配置对我来说没有什么用,2022/9/23,woaiwoer,13
小鹏G9是不是要跟蔚来668正面撕逼了,2022/9/25,lOOO,2
准备换个车,2022/9/25,juzhairongyu,0
小鹏啥时候大幅降价,2022/9/24,woaiwoer,3
18万，有点冲动提一辆,2022/9/24,henhenhahi,5
禀赋效应，请大家自省,2022/9/24,zhangxy11,3
老头乐,2022/9/24,sn007,2
哪吒零跑为啥这么厉害,2022/9/15,wanllow,26
周末了分享个极狐四驱T电耗,2022/8/20,wangdass8,32
小鹏没自信，喷两句就降价！,2022/9/24,zyzx77,8
粗大！“两桶油”入局，新能源换电成为主流？,2022/9/23,txq,151
