﻿发帖时间,_ 作者,评论内容,评论数量
2021/1/25,sunwoo,官方消息：疫情结束前摇中的号都将自动延期,50
2018/8/31,wydfz,【再次强调】新能源组团、拉下线同属商业行为,1
2017/6/18,wydfz,禁言延期、租号※精华区收录各品牌车主,0
2017/7/1,wydfz,【发帖前必读】本版治版方针（试行）,18
2023/3/12,wsnsw,ID6 crozz优惠10万？,28
2023/3/12,xiwangwww,现在人们已经不关注自动驾驶了？,12
13:22:36 ,bigbing1989,2023年一汽大众id系列，优惠谈起来,12
14:33:01 ,tankcar,建议：大家提车报告尽量明盘车价,3
2023/3/11,wudashu,全国都在降价，一月份听说北京要放开指标,28
10:50:17 ,zyshaw01,零跑应该吧小鹏买下来,5
11:27:31 ,zhouxxs,特斯拉：我们比行业平均水平安全14倍,11
11:24:25 ,fiyuer2,理想L7提车两天感受,12
13:22:02 ,zhangxy11,我理解为什么理想卖的好了,11
2023/3/12,skyfromheart,70万一油一电怎么选呢？,49
14:10:27 ,Purplestars,请问蔚来的车充电都在车头吗？,1
09:00:09 ,orwell,快充口的一根塑料套管断了，4s说要换快充线束报价2000+,4
2023/3/12,dazui,今天订车了，极狐阿尔法s708+,37
2023/3/10,TDK1,牛逼，特斯拉2月在华上保险量33000+,13
12:01:54 ,bjnull,中午打车去吃饭，到地方有点想吐,5
2023/3/11,zhangxy11,小鹏p7i带激光雷达版本能实现北京城市ngp么？,4
10:34:40 ,bolt08,单踏板是不是平时开车时不用怎么踩刹车？,8
14:11:09 ,Icanread,特斯拉二月批发销量74402辆,3
13:05:52 ,zhangxy11,特粉是不是觉得特别委屈，有种大家都想害朕的感觉,1
09:09:23 ,haove,16w多提480续航的阿尔法T 我挺知足了,25
11:03:37 ,wanllow,BYD的三电，极氪的底盘，理想的坐舱，小鹏的智驾,24
2023/3/11,touareg,为何总有人说增程架构是落后的技术架构？,31
2023/3/8,wangcity,不惜勿喷，实话实说，特斯拉单踏板模式2字总结，垃圾！,172
2023/3/11,garfieldking,地老们坐过不晕的电动出租车吗？,8
2023/3/12,gdff,老小区没固定车位，充电有什么好办法？,11
2023/3/12,laoxinzhe,管你是什么品牌，头都打出血,47
2023/3/9,yuanwyzr,30万左右新能源SUV求推荐啊,55
2019/8/4,kroneck,比亚迪金融解抵押归来,18
2023/3/12,yanzi83,感谢大家吵吵～,22
2023/3/12,jojia,编造特斯拉刹车失灵，比亚迪4s店被判道歉赔款,15
2023/3/12,wyid,今天试驾了一下特斯拉M3,10
11:28:53 ,wuxueyun1983,华为辅助驾驶把对手远远甩在后面-第三方评测辅助驾驶,1
05:44:30 ,xiaoxin504,特斯拉累计销售 360万辆,2
2023/3/10,AD007,今年下半年上市的G6：前后一体压铸 + CTC + XNGP + 800V SiC,17
10:02:58 ,googlestyle,都不容易，这是因为降价被维权？,2
2023/3/9,lengsong,最近我的海豚续航跟标的一样了,23
08:28:54 ,LaoLee,终于体验了一把电车续航焦虑，有惊无险开回了家 (转载),6
2023/3/12,fuyunzi,北投购物中心的零跑店关门了，有啥信号,3
2023/3/11,LucaToni,2月豪华品牌新能源SUV保险量,23
07:15:47 ,wuhuadasha,比亚迪销量要暴涨了吧,8
2023/3/12,pigflying,单说外观，国产新能源suv最好看的是非凡R7,11
09:09:54 ,lcy362,比亚迪护卫舰100km续航？？,4
2023/3/11,dahai2999,去年本版大众id4落地价，今年如何？,5
2023/3/12,yhustc,这种车牌是怎么办理的呢？,13
2022/7/14,markwudi,北京比亚迪元plus交流群,47
2023/3/11,page2009,EU5 R600置换了极狐阿尔法S+,66
2023/2/13,wangcity,小鹏p5性价比高，460续航不到15万,31
2023/3/8,antzzz,换电纠纷,79
00:12:27 ,iamhere2008,从EU260到极狐708,10
2023/3/11,xahuer,id4的carplay还要占用额度内的流量？,6
2023/3/12,kkk158,id 4 x 极致长续航   22万如何呢,3
2023/3/12,sdlk,说说侧气帘的作用,38
2023/3/6,ostar,试驾了比亚迪海豹和宝马i3，25W+的宝马i3超值,27
2023/3/1,txq,特斯拉貌似可以冬天一锅电往返崇礼,45
2023/3/10,gdi11,tsl  my  vs  极狐  阿尔法t 对撞测试,93
2023/3/3,ltzh83365468,报一下你家电车开多久了-6年7个月,37
