﻿主题,发帖时间,_ 作者,回复
兄弟们，我准备置换G9了,2022/9/23,AD007,56
奔驰EQB2022款和海豹怎么选,2022/9/22,darnaywu,19
老爸退休的车，物色中,2022/9/23,jiajiaha,14
model y后盖尾棱那磕掉了一块3cm长、0.5cm宽的漆，磨出底部金属,2022/9/24,evermore,5
小短途往返戒台寺 极狐T四驱,2022/9/24,wangdass8,0
这样的人多吗？,2022/9/24,biubiu02,3
键盘车神吹爆的海豹，用的是安卓手机芯片,2022/9/21,AD007,66
真怕入错行呀,2022/9/24,looby,2
今天京昆高速开40多公里，表显50公里内19度百公里,2022/9/24,huankuib,0
小鹏G9调价了,2022/9/23,huangbabe,17
何小鹏：小鹏G9将接棒保时捷成为新标杆,2022/9/23,beatlakers,7
同尺寸同价位有啥比理想L9更好的SUV？,2022/9/15,pigflying,33
007同志请注意人身安全，本版少不了你,2022/9/24,pany,4
理想太坏了,2022/9/23,biubiu02,20
帝都的G9车主有福了，s4首站建成，会越来越多！,2022/9/23,AD007,3
semilog被取消在GreenAuto版的发文权限,2022/9/24,deliver,0
xiaoben被取消在GreenAuto版的发文权限,2022/9/24,deliver,0
我就说小鹏鸡贼，结果你们都看到了。,2022/9/22,semilog,21
小鹏汽车称宁德时代已不是最大供应商,2022/9/23,nisus,3
美国特斯拉需求也崩了？,2022/9/23,mafama,34
小鹏客户群在紧急灭火,2022/9/22,huangp99,38
都说acrfox好,2021/3/15,semilog,57
十大这个宝马车据说自动防撞刹车害死了车主,2022/9/23,huankuib,2
小鹏太搞笑了,2022/9/23,antzzz,5
第一次看见αT的实车,2022/9/23,chelseaLL,6
新闻说小鹏今天会出新配置，加量不加价,2022/9/23,Jacker,18
关于电池的标准化,2022/9/23,swiminriver,9
看财报新势力理想表现最好，让很多人眼红了，难怪上蹿下跳的,2022/9/16,pigflying,8
心平气和的开一贴 说一下小鹏的好和不好,2022/9/22,AD007,62
发函为企业要电遭怼 上海经信委工作人员：大家互相理解一下,2022/9/23,ReducTaxCard,0
话说去年大红门爆炸以后有啥优化办法么？,2022/9/23,kirbyzhou,4
理想L8 30号发布，L7，L6在途,2022/9/22,AZTU,19
充电时还是不要在车内睡的太死,2022/9/22,dsf008,10
22年8月各城市新能源汽车销量排行榜（完全版）,2022/9/21,census,31
再做个预测,2022/9/22,googlestyle,9
小鹏二手车合作商在干掉小鹏用户,2022/9/22,sun0star,19
试车驾驶员还是要根据车型大小，安排不同身高的人员比较合适,2022/9/23,FHWYSH,4
特斯拉的主动安全似乎挺烂啊,2022/9/22,cokebear,14
大量布置停车场慢充才是正道,2022/9/22,hellokkzhu,86
长安E-ROCK 跑慢点续航还行哈,2022/9/8,zhuming717,23
大街上最常见的车型是哪一款,2022/9/21,wangzhengbj,13
【分析】标续特斯拉m3车主分享的高速数据，还原真实状况,2022/9/21,wangdass8,18
c01 出炉,2022/9/22,zjueagle,5
试驾了海豹，可以吹爆了,2022/9/17,dizzysh,206
G9两个铁锂电池的低配就是来拉低售价的,2022/9/23,Dadubaba,5
G9 30.99万起,2022/9/21,biubiu02,22
混动在上海免费绿牌政策结束,2022/9/22,antzzz,22
换电模式应该像充电宝一样，是个临时租赁的外挂电池,2022/9/23,donry,1
G9这充电效率有点猛啊,2022/9/15,AD007,31
车用电池的梯次利用现在还提么？,2022/9/23,kirbyzhou,1
啥时候元手的车开始用新能源就厉害了,2022/9/22,Jimmy3770,2
求购一台四五万的电车，外迁,2022/9/19,rocfirst,18
掌上智能的人是不是都到这里来了？,2022/9/22,pany,5
何小鹏又要胡来了,2022/9/23,mafama,0
从财报看蔚小理的毛利率,2022/9/23,xingbake,0
【9月第3周新能源上险来了，理想反超问界1000辆】,2022/9/21,chaodide,19
家用充电桩 有必要380v么？所有品牌充电桩都兼容吗,2022/9/21,xiti,13
小鹏g9 31万的配置 应该创造了一个新的奇迹,2022/9/21,wangkuo111,53
做个小调查-大家会买欧系的电动车吗？,2022/9/21,bbbmmm,31
30多万的极氪和20万的小鹏，智能座舱对比,2022/9/21,AD007,31
小鹏目前最让我满意的就一点,2022/9/22,pNeo,3
电车保险到底贵不贵？,2022/9/20,kukasy,11
小鹏这定价区间真是死亡区间,2022/9/21,xiadayu,41
汉EV几种车型，还是可以的，尽管有这样那样的问题,2022/9/20,DavidKING516,28
好多新能源的官方资料对电池容量都遮遮掩掩,2022/9/22,eshaojing,1
奥迪Q5 etron 怎么样？,2022/9/22,xshr,9
发现只要有立场就会有冲突就会吵架，足球和汽车也一样,2022/9/19,crystalboy,18
G9的标称续航也太虚了,2022/9/22,hulafly,8
今天去试了海豹700,2022/9/21,Heisenber,17
林志颖事故复刻版？,2022/9/21,lwc1785,14
自建补能网络的价值评估,2022/9/22,yehorse,1
极狐如果撞到电池变形会自燃吗？,2021/7/30,tianya123456,59
看G9发布会有个小疑问，关于麋鹿测试,2022/9/22,AZTU,3
求购一个二手的电车,2022/9/21,Phpy,2
据说忙不过来了，投入到小米11之战，所以汽车受欺负了,2022/9/22,chaodide,6
纯电车最没用的就是智能驾驶,2022/9/21,yuandao888,79
20万左右的选择困难,2022/9/15,sun0star,95
准备换个车,2022/9/19,Topgun1999,10
华为出手，就是不凡,2022/9/20,kaka2w,74
dizzysh被取消在GreenAuto版的发文权限,2022/9/22,deliver,0
wangdass8被取消在GreenAuto版的发文权限,2022/9/22,deliver,0
G9格局还是不够大,2022/9/21,biubiu02,2
国产新能源车最大的贡献,2022/9/20,xiadayu,16
一个关于超快充的观点,2022/9/21,biubiu02,2
Re: xp确实不请水军吧？,2022/9/21,原帖已删除,1
g9好像车头比较低,2022/9/21,chelseaLL,1
事出反常必有妖，那个所谓的三个月排气管周围大面积锈蚀,2022/9/21,shuimu0691,14
请教下，国产有哪个HEV是用镍氢电池的么？,2022/9/21,WXTLJX,10
BreathLess被取消在GreenAuto版的发文权限,2022/9/21,deliver,0
kaka2w被取消在GreenAuto版的发文权限,2022/9/21,deliver,0
红旗E-HS9初步体验,2022/9/20,nVidia,12
et5如果不开通辅助驾驶,2022/9/21,chelseaLL,11
买电车后悔一生,2022/9/19,zhaozhao1982,73
大半年换了3辆代步小电车,2022/9/20,sofarsobad,21
华为在问界汽车上到底扮演什么角色,2022/9/21,TimeAndRiver,5
ms海豹在赛道上连好猫都跑不过,2022/9/18,meirenai,45
问界车主的灵魂之问,2022/9/15,ntstar,34
大众原厂墙盒还是开迈斯墙盒？,2022/9/20,alex111,8
保时捷也出事了,2022/9/15,Jimmy3770,58
华为要不要负责，关键是看华为从小康汽车上面获利多少,2022/9/21,TimeAndRiver,0
XP汽车回应NGP辅助驾驶在高速上多次突然退出:可能是阳光太强了,2022/9/20,dynasty1215,22
AD007被取消在GreenAuto版的发文权限,2022/9/21,deliver,0
觉得问界不好看的人比较Low，各位自省,2022/9/15,biubiu02,5
海豚？坐标皖A,2022/9/19,THENT,30
知道比亚迪售后差，没想到能这么差,2022/9/20,daiian,19
新能源车销量的怪现象-以EU5 plus和秦plus ev 对比为例,2022/9/9,sdlk,239
想入手一辆代步新能源汽车,2022/9/19,heyl,29
百度李震宇：L2之后率先进入商用非常可能是L4而不是L3,2022/9/19,juinjwst,5
电车这保值率,2022/9/20,leoputin,10
海豚针对的是哪一类人群？,2022/9/19,wanllow,21
挪威不是天寒地冻吗，为啥还有那么多电动车？,2022/9/20,peibch,17
买了长城摩卡，一箱油根本用不完,2022/9/19,tanguofu,5
胎压参考值250，实际225，需要打起吗？,2022/9/20,mayi,2
id4现在终端能优惠多少,2022/9/5,erl2,10
不同品牌充电桩有啥质量上的区别不？,2022/9/20,xiti,0
见过的开的最多里程的新能源车有多少公里了,2022/9/12,chouachou,55
电池召回,2022/9/6,jpbhpal,12
上汽旗下荣威、MG、R这几个牌子的纯电平台都啥关系？,2022/9/17,garfieldking,19
理想L9开出3km就出现了一个小故障,2022/9/20,zhangxy11,9
据说比亚迪汉还是老花冠改的底盘？,2022/9/10,livermore,112
静态体验了一下问界M7和小鹏,2022/9/20,stocklotus,13
这就是特斯拉最新的FSD的真实水平,2022/9/19,mafama,74
又到了十一开车回家时间了，今年是不是充电桩又不够用了,2022/9/20,zpw2000,2
有没有转充电桩 的？,2022/9/20,xiti,6
发个魔都的国产混动修车经验,2022/9/20,xianrenb,8
小鹏G9上市发布会时间定于9月21日19:00,2022/9/19,census,14
求推荐便宜的保险代理联系方式,2022/9/20,jiuwenlong,0
前几天路上见到一个非常漂亮的车,2022/9/19,bxdx,15
Re: 正准备订2022款汉EV，来了两起燃烧事故，有点犹豫,2022/9/20,原帖已删除,39
别纠结于FSD好不好用了,2022/9/20,Vas,40
gpr被取消在GreenAuto版的发文权限,2022/9/20,deliver,0
citihome被取消在GreenAuto版的发文权限,2022/9/20,deliver,0
看了下et5,2022/9/18,biubiu02,81
特斯拉出个电动自行车是不是会火？,2022/9/20,lordliu,6
特斯拉Model Y获得欧洲安全机构五星级评价,2022/9/8,Vas,59
电池最大的汽车,2022/9/12,maxwellgood,25
Re: 问界M5EV 为何后驱的比4驱的续航要短？,2022/9/20,原帖已删除,0
请教各位，我也很纠结,2022/9/15,Metoes,97
特斯拉今年会降价吗？今年有购车需求啊,2022/7/5,pany,16
2000块钱每年找邻居租了一个带充电桩,2022/9/18,Mrsundy,14
看不下去了,2022/9/19,aKong,13
电驴的锂电池是不是没有电车的好？,2022/9/16,spritesw,9
北汽，你倒是崛起一下啊,2022/9/18,OkBaby,22
鄂尔多斯线下店问界燃烧的消防认定结果出来了,2022/9/19,JessePinkman,7
googlestyle被取消在GreenAuto版的发文权限,2022/9/20,deliver,0
litra被取消在GreenAuto版的发文权限,2022/9/20,deliver,0
比亚迪送的随车充可以充特斯拉吗？为啥我插上就显示过流保护？,2022/9/18,xiti,9
本版大佬们看不上得比亚迪,2022/9/15,googlestyle,35
ID3为什么干不过海豚？,2022/9/16,zjak47zhuzhu,72
mg木兰顶配车看着很牛掰啊,2022/9/19,wrsea,2
提车时差10万，但10天后就能还清。有什么渠道找10万过度一下？,2022/9/15,walkman777,19
比亚迪比华为崛起的速度快多了,2022/9/17,Crusade,124
Re: Tesla的智商税好高,2022/9/19,a9udn9u,7
TSL8000元补贴后降到了30万以下，如何领补贴???,2022/9/19,wazgwsmj,3
[求助]弱弱地问一句,2022/9/19,toptime,1
不用吵了，不管是海豹、深蓝还是啥，大概率都要扑街,2022/9/19,bufu110,20
据我观察，新能源汽车产业的一个特点,2022/9/15,Jul1l,12
最近才知道天幕成本就比前挡玻璃高一点点。,2022/9/18,FLYBBS,48
贯穿式尾灯也挺烦人的,2022/9/18,norainbow,9
广汽雄起了,2022/9/16,qbb,55
NLXINXIN被取消在GreenAuto版的发文权限,2022/9/19,deliver,0
[合集] 某拉：ACC+AEB全部失效+撞了就爆燃,2022/9/19,nolonger,0
sirius0777被取消在GreenAuto版的发文权限,2022/9/19,deliver,0
为什么没人讨论问界m5 ev？,2022/9/16,wordsword,2
明年（2023）蔚来年销量有机会冲击50万,2022/9/17,gaozhuang,28
ID4续航,2022/9/18,kw123456789,18
新能源车电池在技术革命之前不应该追求续航,2022/9/18,kits,13
懂车帝这个充值太明显了,2022/9/18,west,47
这是真的吗？太没底线了吧,2022/9/15,cashrock,11
很久没有看到这款神车了,2022/9/17,kaka2w,4
懂车帝赛道评海豹再开一贴,2022/9/18,xiadayu,18
广汽ia5七万公里理性分享,2022/9/18,owen1126,12
帝豪电车开了4年，突然充不了电了,2022/9/2,isabelles928,21
试驾了EU5 Plus,2022/9/12,sdlk,9
有人定了极狐t480么？多久能到货有车,2022/9/18,felixnbgg,1
院士谈特斯拉电池：不安全,2022/9/18,sn007,3
谁会想到理想的口碑崩得这么快,2022/9/14,leyouyip,76
去年不是说今年续航过1000吗,2022/9/18,imchenghaibo,3
照目前趋势看，一家独大的局面很难了,2022/9/18,TimeAndRiver,5
电车着火最多的是哪个品牌？,2022/9/18,cjz888,7
打车坐了一次海豚,2022/9/18,FridayU0,4
余承东：认为问界M7不好看的人 品味有点low,2022/9/17,TimeAndRiver,7
福特Mach-E是不是彻底凉了,2022/9/18,jinAGE863,10
51米6平方线的充电桩，效率只有76%,2022/9/16,shunliule,17
特斯拉降8000,2022/9/16,cokebear,37
试驾能试主动安全吗,2022/9/18,yellowChange,3
看了半个月车，在看到海豹实车的时候决定还是继续等海豹了,2022/9/18,guohucheng00,0
电子手刹断电后怎么解锁,2022/9/18,niuya,8
看到一个李想咆哮的旧闻,2022/9/17,zhangxy11,3
都说m3 27.99，实际上现在买到m3的基本都是25.56,2022/9/18,meirenai,4
今天拍的海豹亚特兰德斯灰色实车,2022/9/1,Misterio,38
如果冬天在车库常温环境下充满电,2022/9/17,evermore,6
关于主动安全,2022/9/18,tsingsh,0
甲醇增程式电动车才是符合中国国情的,2022/9/17,salsalover,26
二手电车涨了不少,2022/9/14,chrome2000,14
求进id3车友群,2022/9/17,goodian,0
新能源车厂的困境问题是锂太贵,2022/9/16,gen9,6
弹出式车门把手有无安全隐患,2022/9/16,houming,19
Re: 奔驰的EQB、EQA也爆出了和EQC一样的烧电机问题,2022/9/17,原帖已删除,40
统计一下哪个品牌动能回收可以减到零停住的,2022/9/13,xiadayu,14
单开一贴，说说为什么目前电车限速的原因是电机而不是电池,2022/9/17,sdlk,14
保时捷自燃死人，马上有三流媒体跳出来指鹿为马,2022/9/17,wangdass8,10
求推荐二手车，烟台老家人买 (转载),2022/9/16,lbj6,2
早些买小鹏P7的车友，续航有变化吗？,2022/9/15,waitforgirl,2
车检改革:六年和十年检验一次,2022/9/15,HiIISilver,13
李斌这家伙最近总是说出没水平的话,2022/9/16,wolfheader,10
大家觉得谁家的行车记录仪比较好？,2022/9/15,dragonfly112,2
路上看见一辆BYD  D1,2022/9/17,heiabc,1
开电车车内常备铁锤和改锥和破窗器，大家怎么看,2022/9/15,yingwuning,5
ID6感觉不错，这两年会不会改款呢？,2022/9/15,erVShb,26
哪家能做个阿斯拉达样子的车载机器人就好了,2022/9/16,xtlove87,1
ID3海豚之争说明一个小问题,2022/9/17,zyzx77,3
小鹏真会蹭热度,2022/9/16,xiadayu,6
极狐20万公里全快充，动力电池衰减,2022/9/15,wangdass8,28
网约车品牌怎么转行做超跑了？,2022/9/16,AD007,21
Model Q没消息了？,2022/9/17,U8,2
曾经远超比亚迪，8月销量却仅为比亚迪一半，长城汽车怎么了？,2022/9/13,flameboy,20
论快充，这才是真男人,2022/9/15,yehorse,72
AD007被取消在GreenAuto版的发文权限,2022/9/17,deliver,0
开始我还纳闷是哪家山寨杂牌子车企这么干呢,2022/9/16,leyouyip,11
海豹的门把手比Model3差劲太多了,2022/9/16,langmanyixia,18
第八年的E150ev前几天第二次上线了,2022/7/19,xujiji,25
8月份新能源零售销量榜,2022/9/15,ia,26
2022的岚图怎么样,2022/9/16,ruizhu,12
qq音乐在车机上最烧饼的地方，就是每隔两周就让扫码重新登录,2022/9/16,phoenixhills,9
零跑c11咋样,2022/3/14,guoqichaye,34
产自上海的Model Y在日本首次交付 竟比中国便宜1万多！,2022/9/16,xianrenb,6
睿蓝9，豪越换电版，吉利会玩,2022/6/26,jzh800,13
理想最近负面汇总，这就是口碑崩了？,2022/9/15,AZTU,18
fsd走坑洼路什么样子,2022/9/15,dawei78,16
江淮造车怎么也比东南亚阿三那些厂质量好,2022/9/16,EmperorPiero,0
chaodide被取消在GreenAuto版的发文权限,2022/9/16,deliver,0
海豚到货了,2022/9/14,yinansheng,13
40万以内4.2米以内最拉风的纯电汽车是啥？,2022/9/16,kirbyzhou,1
对手都在500万以上,2022/9/16,biubiu02,0
比亚迪 唐 真是进步神速啊,2022/9/15,hulafly,28
今天开车晕车把自己搞吐了,2022/9/15,huang10zhi,4
20万左右落地，插混SUV，有啥推荐的？,2022/7/2,wen1984,2
理想one非常不错的车，为啥要停产？？？,2022/9/6,MachuPicchu,19
[合集] 大家的新能源车在路上速度最高开到过多少,2022/9/16,oBigeyes,0
不要再黑理想了，好吗！！！,2022/9/15,Jul1l,8
【转】广汽埃安纯电超跑预告：1.9秒破百、售价百万,2022/9/14,cropcircle,11
华为进军新能源，新友商口碑就得崩塌，同样是增程,2022/9/15,isaacova,21
求问，北京卖外地指标更新,2022/9/15,SSTer,1
新能源项目重复建设，赶快管管吧,2022/9/16,Jimmy3770,0
特斯拉磷酸铁锂 北京冬天掉电多吗,2022/9/13,yellowChange,6
每次看到什么极氪漂亮，理想操控好的言论，就。。。,2022/9/14,snowbig,35
电动车领域标杆：雅迪、比亚迪,2022/9/14,newssmth,33
小鹏G9吹的480kW超充，原来是三秒男人,2022/9/15,yehorse,19
打了辆特斯拉的滴滴,2022/9/14,muhua,5
今年电池提升不大吧,2022/9/11,bdbd,37
比亚迪，优惠8000,2022/9/15,langmanyixia,15
理想不是在常州有个很大的工厂吗？,2022/9/15,teleo,0
长远看比如五年后，换电与充电哪个总成本低？,2022/9/12,guoqingjie,15
电动车时代，bba属于杂牌，这说法有几分可信？,2022/9/15,toodaamoon,18
有1-2万的二手电车没？,2022/9/13,ivybill,16
很难理解极速快充的噱头,2022/9/15,proteldxp,3
埃安大家都不看好，可是越卖越多,2022/9/15,dragonfly112,13
AD007被取消在GreenAuto版的发文权限,2022/9/15,deliver,0
中大型纯电SUV打分,2022/9/13,ruizhu,20
理想怎么啦？怎么最近这么多唱衰的？,2022/9/15,wayor,4
特斯拉fsd能进出老婆小吗,2022/9/12,dawei78,114
MG4中外售价比较,2022/9/14,xianrenb,9
Tesla距离传感器偶尔误报距离,2022/9/15,EchoWorld,5
多骂骂促使L8定个低价,2022/9/15,Alafaint,0
丰田的混动车和比亚迪的混动车，哪个更好？,2022/9/11,www1366,24
特斯拉的三元锂底盘磕到啥程度会烧？,2022/9/13,yellowChange,25
第一次见到活的Q4 etron,2022/9/14,skyfromheart,10
今天体验了下EQE,2022/9/12,dunqudeyi,20
【9月第2周上险量，所有车企都出现了大幅下滑，包括比亚迪】,2022/9/14,chaodide,8
想买智能车，预算充足的话，最好是买蔚小理的旗舰车型,2022/9/13,AD007,39
关于特斯拉的安全性，提供一个客观数据,2022/9/14,GeneralMilk,21
特斯拉Model Y转单,2022/9/14,blackpill,7
吉利雷神混动和秦DMI选择哪个啊,2022/7/15,james6,81
这么多电动车着火死人，让我觉着丰田还是最靠谱,2022/9/14,TimeAndRiver,17
特斯拉推出低价版model Q的消息又起,2022/9/13,Acui,7
大意了，出门前不研究充电！,2022/9/10,zyzx77,62
蔚来市值怎么和理想差这么多了？,2022/9/13,Onepunchman1,23
最近考虑换车，岚图还是特斯拉model Y呢,2022/9/14,yanandegs,8
[讨论] 威马汽车是不是凉了？版上完全没人提了,2022/8/18,kevin110,11
[求助]后排可以放平的电动SUV，请问哪款符合？,2022/8/31,doudouba,10
极氪真好看,2022/9/10,bdjnl58,37
有参加eu5原值回购的么？,2022/9/14,felixnbgg,5
充电桩问题请教大拿,2022/9/10,runneronroad,9
请问3.5kw的充电桩和7kw的电线是一样粗的吗？,2022/9/13,runneronroad,8
mapper被取消在GreenAuto版的发文权限,2022/9/15,deliver,0
lacrover被取消在GreenAuto版的发文权限,2022/9/15,deliver,0
withfei被取消在GreenAuto版的发文权限,2022/9/15,deliver,0
pigverybig被取消在GreenAuto版的发文权限,2022/9/15,deliver,0
[合集] 既然特斯拉那么垃圾，大家就别对标特斯拉了,2022/9/15,nolonger,0
试驾model3/y的感受,2022/9/12,CyberTruck,14
9月第2周上险量咋还没出来,2022/9/14,mafama,0
预算25w，买哪款电动车比较合适,2022/8/11,lostinT,46
用户视角看辅助驾驶,2022/9/14,shanghuo,1
开了一万公里的M3标续，中秋短长途能耗,2022/9/13,chenie,28
作为一个驾龄10年的司机，谈谈我需要的辅助驾驶功能,2022/9/13,doudouba,14
苏州保时捷撞护栏起火，无法开门活活烧死 (转载),2022/9/14,oBigeyes,14
毛豆三上个月销量才3000多，特斯拉要降价了吧,2022/9/13,CyberTruck,7
电动车应该挂个火德真君的挂件,2022/9/14,e5200,2
二流的厂商讲性能参数，一流的厂商只关注怎么把人照顾好,2022/9/8,ruizhu,25
其实丰田的插混也可以当作增程车来开,2022/9/14,TimeAndRiver,2
貌似没有海豚车主发观后感？,2022/9/12,imchenghaibo,22
有没有人说说es7,2022/9/3,orangegroup,136
中大型纯电SUV那个好点？,2022/9/7,ruizhu,105
socool被取消在GreenAuto版的发文权限,2022/9/14,deliver,0
bluekakaxi被取消在GreenAuto版的发文权限,2022/9/14,deliver,0
wuuineton被取消在GreenAuto版的发文权限,2022/9/14,deliver,0
毛豆Y运损车值得买吗？,2022/9/9,GABA,17
问界M5 EV版价格，有点小贵，赠送的不实在。,2022/9/9,charles263,19
新能源汽车的上半场还未结束，下半场已经开始~~,2022/9/12,CMaverick,21
讨论 occupancy network代替视觉标注了吗,2022/9/14,ruige0822,1
蔚来每卖一辆车亏十万,2022/9/9,musclefans,38
特斯拉20寸轮毂能抬升底盘吗,2022/9/14,yellowChange,1
地库选车位，三选一，哪个更合适？,2022/9/7,mayi,51
17e5续航,2022/4/12,kroneck,44
求推荐：充电桩安装公司，坐标北京,2022/9/14,mayi,0
特斯拉能识别减速杠吗,2022/9/13,dawei78,9
现在的续航都这么玩数字游戏吗,2022/9/14,imchenghaibo,4
备刹车，说白了就是“预判”的一种,2022/9/13,juinjwst,41
比亚迪员工平均薪水和福利行业垫底，但车却卖得最好,2022/9/13,wormvirus,4
单踏板 松开油门，会把车杀死么？,2022/9/13,tanguofu,13
天幕这个缺陷,2022/9/13,nightknight2,12
评价辅助驾驶很简单,2022/9/13,langyayin,3
能源免费时代什么时候到来,2022/9/10,tiantianzao7,7
全景天窗不能打开，遇到大雨淹了怎么办,2022/9/13,langmanyixia,5
旧金山fsd beta 一小时无接管无干预视频,2022/9/10,GeneralMilk,75
加油和备刹车就是简单的二选一,2022/9/13,ruiliy,2
车顶天幕的好处是啥,2022/9/13,hzwz,21
申请独立电表需要的安装公司资质到底长啥样？,2022/9/11,kirbyzhou,21
无论如何，能够提前0.2s踩下刹车，总是好的,2022/9/13,pklmsthree,2
请教蔚来ES8这车怎么样？,2022/9/13,zhanghg,7
岚图汽车的意外之喜-不要迷信特斯拉,2022/9/13,fornothing,9
问下不备刹车的骑过单车吗？,2022/9/13,mumuqiu89,0
什么叫备刹车？,2022/9/13,wanllow,3
广汽埃安为啥卖那么好,2022/9/12,wyid,24
魔幻，比亚迪要杀入全球十大车企了 (转载),2022/9/11,ReducTaxCard,8
营销极致首推比亚迪吧,2022/9/8,AZTU,41
高频噪音到底是什么原因,2022/9/11,MagicWand,13
家庭积分60分，一直都在摇油车，想转电车，明年能摇上吗？,2022/6/24,cccmmm,13
单踏板：应激状态下会不会死踩电门？,2022/9/8,wen1984,54
【理想汽车港股美股市值同时超小鹏汽车】,2022/3/1,chaodide,11
特斯拉8月国内销量,2022/9/9,LordTod,19
Re: Re: 大众ID 4X 使用报告,2022/9/13,原帖已删除,5
fantimond被取消在GreenAuto版的发文权限,2022/9/13,deliver,0
蔚来到底是真信固态电池，还是被忽悠，还是一起忽悠市场？,2022/9/12,wormvirus,22
有没有大神了解几何e的？,2022/9/12,ottll,6
为什么没有5秒左右的电车,2022/9/12,txq,20
拿铁DHT PHEV对应BYD的哪款dmi啊？,2022/8/9,Onlineness,18
请教，比亚迪新款的新能源汽车，还会ev受限吗？,2022/9/7,poiupoiu9630,30
ID3和海豚的电池,2022/8/21,yinansheng,20
充电桩坏了版上有转让充电桩的吗,2022/9/9,zhaozhao1982,6
xiti被取消在GreenAuto版的发文权限,2022/9/12,deliver,0
岚图能耗为什么这么高？,2022/9/12,ruizhu,5
"""遥遥领先”的华为何时敢于超越水军营销？",2022/9/9,zhouxxs,19
收一个7KW充电桩带安装，有意站内,2022/9/12,sifen,2
[混动]求推荐混动车,2022/9/5,momomu,18
小米汽车挖的几个人,2022/9/9,booze,13
q4 etron有啥槽点,2022/9/3,gen9,11
作为et5准车主说说试车感受,2022/9/12,lecco,12
CTC后，电池包的系统能量密度怎么算？,2022/9/12,yehorse,2
十年后，FSD能达到中国司机的平均水平吗？,2022/9/7,census,4
今年旧车外迁换新能源的补贴收到了吗？,2022/9/11,wangdabao51,7
吐槽一下极狐,2022/9/10,misskinny,25
哪个品牌的充电桩好用呢？准备装个充电桩,2022/9/11,sifen,4
Re: 汉创世版的底盘质感怎么样,2022/9/11,原帖已删除,2
skyfromheart被取消在GreenAuto版的发文权限,2022/9/11,deliver,0
AD007被取消在GreenAuto版的发文权限,2022/9/11,deliver,0
比亚迪现在悬架和操控技术是领先的！,2022/9/11,Icanread,12
unqualified被取消在GreenAuto版的发文权限,2022/9/11,deliver,0
8月纯电全品牌销量(10万+),2022/9/11,RoadPress,23
作为曾经定过ET5的车主，预测一下销量,2022/9/8,ostar,22
试了一下IX和EQE,2022/9/10,onlyzz,11
这要是真的，得轮到L9车主维权了,2022/9/10,flybox,6
说真的，大家觉得这个最新版的智能化水平如何？,2022/9/11,mafama,3
极狐阿尔法E要出了,2022/9/10,ntstar,18
全车保修（延长2年、4800）,2022/9/11,jxgw,23
零跑c01有人订吗？,2022/9/11,mafama,2
Re: ID C价格问题,2022/9/11,原帖已删除,6
"比亚迪半导体8英寸汽车芯片生产线完成安装,  关键设备全进口",2022/9/9,nisus,22
北四环出发，百里画廊一圈，cltc要多少,2022/9/9,lwc1785,9
现在新出的新能源汽车为什么都这么大,2022/9/9,Metoes,44
wangdass8被取消在GreenAuto版的发文权限,2022/9/10,deliver,0
一组不太严禁的电耗数据,2022/9/10,zyzx77,1
理想one韭菜车做实了？,2022/9/10,zthenry,5
Re: 寨都那边随便起个公司名挺常见的,2022/9/10,原帖已删除,3
开70公里高速(速度100以上)，掉电120，正常吗,2022/9/10,goalgoalgoal,3
给删帖的版主一个建议：不是非法帖子能不能别删？正常讨论有啥,2022/9/9,charles263,2
岚图够呛了,2022/9/7,biubiu02,33
鬼才人工智能啊,2022/9/9,ble,4
Model3P一周感受,2022/9/5,ostar,51
[新能源][电动]说说 我差1秒就买了极狐S的心路历程,2022/9/6,xzhwj0077,80
试驾了哪咤V,2022/9/10,feihu123,1
燃油车还是安全些，没着火,2022/9/9,laputa2013,4
分享个极狐T两驱和四驱之间的主观感受差别,2022/9/9,wangdass8,20
锁单了et5,2022/9/9,biubiu02,24
下定了深蓝SL03增程版,2022/9/5,doremy,45
电池能租，发动机方向盘轮毂座椅也能租啊,2022/9/10,henhenhahi,1
Re: 最近有没有置换极狐的,2022/9/10,原帖已删除,20
支持中秋节之际，我给兔爷跪下来，就不能要上一个号嘛？。。。,2022/9/10,leveret,0
FSD最大的问题，就是拿人工干预的结果来吹嘘说是自动驾驶,2022/9/6,mafama,141
极狐2188那款自重轻了100kg，是什么原因？,2022/9/6,wateren,21
同事六年的E6现在不好上保险了…,2022/9/2,socool,44
求推荐10w左右性价比高的电车,2022/9/6,article,6
原来说特斯拉割韭菜，现在的极狐呢？,2022/9/8,RH100,39
问界大行其道，蔚来要瑟瑟发抖,2022/9/6,shunderen,27
L8的价格，比湾要贵么？,2022/9/6,willExp,11
下山路开电车真是太舒服了。,2022/9/7,gowithrain,35
新能源车几年后电池衰减有数据吗,2022/5/25,yellowChange,24
秦plusEV600一年里程电量记录,2022/9/5,oRo,60
特斯拉的单踏板模式太适合市区开了,2022/9/7,daw,52
电车最适合的季节来啦,2022/9/6,ruige0822,9
增程车的电池,2022/9/8,bbser,6
Re: 我有一个不用的新能源,2022/9/9,原帖已删除,1
Re: 为啥蓝图大降价没有波澜，理想丸降价2万这么大动静,2022/9/9,原帖已删除,1
自媒体界又出现了另一个华为～比亚迪，不妙啊。。。。,2022/9/9,MachuPicchu,0
一张图看懂AITO问界M5 EV,2022/9/6,rasper,71
