﻿主题,发帖时间,_ 作者,回复
各种职业优惠有点没意思，本来还有点意向的也不想买了。,2022/9/8,charles263,25
贵版有人出充电桩安装权益么？,2022/9/7,laputa2013,1
插电式混动保养会非常贵吗？,2022/9/8,CRH11,2
Re: 蔚来爆了……,2022/9/8,原帖已删除,0
2.09秒破百——Ariel电跑Hipercar发布，1185马力,2022/9/8,census,10
论营销，理想真是做到了极致ZZ,2022/9/7,googlestyle,17
id6 和aionv plus哪个空间大,2022/8/30,menglongwang,9
Re: 某用户因发布比亚迪虚假产品上市信息道歉,2022/9/8,原帖已删除,0
Re: 看来二手保时捷也买不起啊,2022/9/8,原帖已删除,3
华为杀入网约车,2022/9/7,nisus,8
今天试驾了理想L9,2022/9/2,BUPTPPX,6
整场问界ev发布会听下来，就记得四个字,2022/9/7,Cobb,13
华宝新能—是个骗子企业么？,2022/9/7,googlestyle,4
李斌吹牛成习惯了  续航1000km的固态电池延期....,2022/9/7,fzf,9
BYD超越LG，成为动力电池第二大供应商,2022/9/8,census,1
MPV电车选择,2022/8/25,fengdan,20
蔚来的产能是大问题,2022/9/7,mafama,5
新能源置换，买二手车能领领取10000补贴吗,2022/9/8,occupiersx,3
看问界发布会最大感受,2022/9/7,ruizhu,8
今天Model Y 突然发出蹦的一声,2022/9/8,wangstone,17
tamabu被取消在GreenAuto版的发文权限,2022/9/8,deliver,0
北京市汽车更新补贴申请网站,2022/8/2,Soar,11
宏光敞篷版抽签大家去了吗 13w人抽200台,2022/9/7,content,10
极狐t和s怎么选,2022/9/7,DriftKing,42
关于比亚迪汉补贴,2022/9/5,popcorn1207,2
【9月新能源第1周上险数来了，理想还是很危险】,2022/9/7,chaodide,13
请问比亚迪的汉EV 2023年会换3.0平台吗？,2022/8/7,AQYLiayase,23
全自动驾驶可不可以这么理解,2022/9/8,ttttttt,2
中银保险保费好低,2022/6/15,zhaoyifan222,16
蔚来每天换电3w次？,2022/9/7,Onepunchman1,1
问界M5 EV是这两天发布吗？,2022/9/6,mafama,28
感觉m5 ev会火,2022/9/6,memory166,20
最近版上很多讨论产品力，预测销量的帖子,2022/9/7,qoros,0
Re: 周末计划去蓝港看看极狐了,2022/9/7,原帖已删除,11
[原创][讨论][心得][汽车][新能源]既然极狐的讨论这么多，也说,2022/9/6,lcsmart,23
比亚迪双插双充,2022/9/7,CC2CC,18
被禁的NV芯片A100不便宜啊,2022/9/7,nisus,2
特斯拉的烦恼,2022/9/7,Aladdin,22
Re: 帮刀片重回水木第一，占领舆论高地,2022/9/7,原帖已删除,3
前8个月出口汽车190万辆 (转载),2022/9/7,Vibration,5
好久不来，本版的资方是从byd切换成北汽了么？,2022/9/6,logitech,10
北汽新能源，配件三年没到,2022/9/7,wuhuadasha,10
BYD的内饰实在丑爆,2022/9/4,cokebear,70
极狐定价太有问题了,2022/9/5,txq,71
网传比亚迪要涨价6000-10000,2022/9/5,xiadayu,14
litra被取消在GreenAuto版的发文权限,2022/9/7,deliver,0
14.68万元起售，综合续航1267km，创维HT-i正式上市,2022/9/6,census,15
M5EV肯定热卖,2022/9/6,dkxj37,7
啥是品牌？,2022/9/6,googlestyle,30
准备鸽了my换国产了,2022/9/5,Metoes,84
一年下来保费小降,2022/9/7,smallyoung,6
林志颖的事情不是已经确定了吗,2022/9/7,TimeAndRiver,3
Re: 搬运  源自汽车版  某新能源车撞向护栏起火！,2022/9/7,原帖已删除,3
特斯拉建那么多超充能赚钱么？,2022/9/7,chelseaLL,1
理想one停产可能是因为成本太高,2022/9/6,salsalover,12
从海豹，问界看电车的定义,2022/9/6,shunderen,4
北京新能源上牌选顺义的京顺还是朝阳的盛华？,2022/9/4,zhanvictor,6
zz英伟达A100限令将重创中国自动驾驶,2022/9/4,nisus,48
nrudglas被取消在GreenAuto版的发文权限,2022/9/7,deliver,0
我的第二年保险报价3400多,2022/9/6,huankuib,3
此时此刻，军博门口,2022/9/6,socool,7
[合集] 完全不理解还有人买特斯拉,2022/9/7,nolonger,0
pigverybig被取消在GreenAuto版的发文权限,2022/9/7,deliver,0
丰田TSS2.5和2.0差多少？,2022/9/6,wangstone,2
可以谈价格的品牌都不是真品牌（仅限于电车领域）,2022/9/7,flyflit,0
byd北京最近装的充电桩是几米的枪呀？,2022/9/6,laputa2013,2
操作系统哪家强,2022/9/7,A00002,0
问界ev80度电cltc后驱620,2022/9/6,Cobb,15
麒麟电池的车现在有哪些？,2022/9/6,shunderen,6
新能源选地库车位，四个选项哪个更合适？,2022/9/5,mayi,96
大嘴太能吹了,2022/9/6,xyhou,16
理想中的一款电车，看看啥时能实现,2022/9/6,shunderen,0
问界发布会有一点应该要赞,2022/9/6,mafama,4
问界aito别的不说，比三傻还是好的，挺有质感,2022/9/6,MachuPicchu,1
现在支持11kw充电的车多么？,2022/9/6,laputa2013,2
M5ev交货后，问界月销量上1万5问题不大了,2022/9/6,Tony2013,2
问界有啥好黑的，做的确实可以啊，软件比三傻高十条,2022/9/6,MachuPicchu,8
一锅电的锅，这个量词明年能进新华词典吗？,2022/9/6,guoqingjie,0
2023款AION V Plus上市，最高702km续航 20万级唯一纯电7座,2022/9/6,ble,3
极狐还是有未来的,2022/9/3,hidenfly,24
特斯拉vs比亚迪,2022/9/6,YLQ888,4
家庭最大7人，买什么车合适？,2022/9/5,wangyincnpe,25
现在app远程控制都有啥功能？,2022/9/6,e5200,7
将要停产的车常见做法是什么？,2022/9/6,wsnsw,15
小白咨询：比亚迪汉EV和极弧怎么选,2022/5/26,popcorn1207,118
问界ev 两驱28.86,2022/9/6,Cobb,0
准备定深蓝混动了,2022/9/6,hellokkzhu,4
理想、蔚来就是因为名字起的好,2022/9/6,langmanyixia,3
国内地图更新速度跟得上城建施工速度吗？,2022/9/5,Tber,10
哪里能查权威的新能源车销量,2022/9/6,viosche,1
没人关注路特斯的electre?,2022/9/6,henhenhahi,3
txq被取消在GreenAuto版的发文权限,2022/9/6,deliver,0
极星这个车怎么样？是国产的吗,2022/9/6,backybest,4
试驾极狐t,2022/9/5,ahmi,18
lacrover被取消在GreenAuto版的发文权限,2022/9/6,deliver,0
打算买极狐t480s了。。。,2022/9/4,felixnbgg,60
感觉唐dmp完美啊,2022/8/28,flybd,24
试驾一般能试充吗？,2022/9/6,socool,11
请教极氪车主，在中关村上地有超充站吗？,2022/8/14,firstmj,9
nuoya123被取消在GreenAuto版的发文权限,2022/9/6,deliver,0
特斯拉8月交付7万7,2022/9/1,hyeana,41
有用电小二给车续电的么？,2022/9/6,Nicran,0
零跑c11电池是哪家的，什么型号？,2021/11/18,qdwx,3
新能源车维修价格极高，是真的吗？,2022/9/6,strongcore,2
id4 crozz辅助驾驶不靠谱（添加监控视频）,2022/9/4,ycwu,42
这世界真变了，广汽三菱代工海豚，日产代工唐,2022/9/5,peibch,11
问界VS极狐，好有一比：,2022/9/5,zyzx77,6
汉轻微刮蹭起火,2022/9/5,zyzx77,23
大众ID6X，提车使用感受,2022/8/23,zhuyangzjs02,77
又跌了，北汽蓝谷,2022/9/5,wuhuadasha,8
Re: 观版宠有感，没有卖不出去的车，只有卖不出去的价,2022/9/5,原帖已删除,6
广汽打工人是真的啊,2022/9/5,trumpchi,11
去乐多港试驾了零跑c11，,2022/8/20,yaqli,5
感觉理想的生态位被华为顶了，最惨,2022/9/2,EmperorPiero,22
新能源旅游可以尝试托运，完美解决高速续航问题,2022/8/17,langmanyixia,43
昨天看到个宋还是秦  电池声音巨大,2022/9/4,yellowChange,12
言必提车机的电车主是上车就要把玩车机吗,2022/9/5,skyfromheart,12
Re: 都说极狐，再加点热度，我看见的优惠，政府专项。,2022/9/5,原帖已删除,24
据说极狐8月3766辆？,2022/9/2,jkhu,20
电车号排到了，想买EQB,2022/6/5,panling2004,28
经销商：卖一辆问界 M5 能赚近三万块，毛利相当于 60 台华为手,2022/9/5,New2000,5
Re: 终于在公共充电桩上面把电费干到了四毛多一点,2022/9/5,原帖已删除,14
[求助]求推荐便宜保险公司，要续保了,2022/9/5,zm85169370,1
家用充电桩安装7kw还是11kw呢？,2022/8/28,tttmen,37
李彦宏：自动驾驶在L2之后率先商用的是L4，而非L3,2022/9/5,census,0
坐标北京，有冰雹被砸的车吗？ 尤其是比亚迪，快出来晒下照片让,2022/9/5,Kenny1107,6
APP无法绑定充电盒,2022/9/5,YxMg,0
MPV和SUV的安全性，差距有多大啊？,2022/9/4,census,12
理想这一下怕是要原地踏步了,2022/9/2,mafama,73
Re: 分享个蔚来二手车价格,2022/9/5,原帖已删除,20
城里开的渣土车最应该电动化了,2022/9/3,huankuib,16
宋P怀柔慕田峪往返耗电,2022/9/2,locker06,8
奔驰的电车到底能不能打？,2022/8/25,panling2004,75
这车还有未来没,2022/9/4,nisus,67
感觉杂牌新能源车的命运：其兴也勃也，其亡也忽焉,2022/9/5,soochowboy,2
租房的车位如何安充电桩,2022/9/2,tonygeng,10
你们能接受理想和未来那种长在车顶的激光雷达吗？,2022/9/3,AD007,31
最近版上攻击特斯拉的又变多了嘛,2022/9/4,tedxyz,4
比亚迪2022年财报电话会纪要zz,2022/9/3,spare,6
理想one销量这么好为什么停产,2022/9/4,aboveall,22
理想one这下价格要暴涨了吧,2022/9/5,EmperorPiero,1
北汽蓝谷的工资车企里排名第一,2022/9/3,hellokkzhu,13
同吐槽北汽及4s售后,2022/9/3,andy205214,23
埃安自己做电池了,2022/9/1,biubiu02,61
想要A0或者A00小车，等BYD海鸥快等不下去了,2022/9/4,Awlful,3
昂希诺EV修好了，配件很贵。。。,2022/9/4,housuo,2
宝马电车烧了都没热度,2022/9/4,huankuib,12
XC90被取消在GreenAuto版的发文权限,2022/9/4,deliver,0
充电桩升级换新,2022/9/4,linyixiao,4
感叹特斯拉和国产差距,2022/9/3,fuzhiye,18
你们会在意车外空调声音大小吗,2022/9/4,xiadayu,1
BBA的真纯电在国内都会因为外观扑街,2022/9/3,mchh211,13
理想发布8月销量：4571辆,2022/9/1,winsen,8
为什么一群永远都不可能上火星的人要跟马斯克欢呼？,2022/9/4,chinalpeng,14
Re: 必须要吐槽一下北汽,2022/9/4,原帖已删除,11
"挪威特斯拉车主集体绝食维权,称车辆存在大量问题 -",2022/9/3,aboveall,3
AD007被取消在GreenAuto版的发文权限,2022/9/4,deliver,0
国产车一窝蜂的上高端电动车,2022/9/2,willExp,26
问一下汽车过户的两个问题，谢谢,2022/9/4,hbqcysj,0
aion 啥时候出mpv,2022/9/4,guest007,1
电车似乎是三四十公里时速的最省电。,2022/9/3,e5200,20
今年 1-6月原油进口2.5亿吨，花了1800亿美元,2022/9/4,hellokkzhu,8
my长续航和后驱怎么选,2022/2/7,deltagogo,13
私家车出租找什么平台呢,2022/9/4,shiariel,1
雅迪电动车,2022/9/4,mrunmatched,0
纯电汽车开始淘汰一部分车企,2022/9/4,HLWJSJ,0
北京唯一油牌换电车的多吗？,2022/8/27,spinage,43
比亚迪8月销量,2022/9/2,ykai666,28
红旗E-HS9提车,2022/8/27,nVidia,122
CNBC：目前NV自动驾驶芯片供应正常,2022/9/3,nisus,8
以前鄙视比亚迪牌子难看难听的，现在会买比亚迪吗？,2022/9/3,wenzhongzi,10
40万的华为hi版，智能化不及预期啊,2022/9/3,AD007,11
岚图汽车  8 月交付 2429 辆,2022/9/1,census,13
提了ID6C，开了3天了,2022/7/22,xiangcai,41
8月份汽车销售量出炉了吗？,2022/9/4,Vibration,0
电车的最大问题，心里优势差,2022/9/2,Johnnywu1,26
刀片和dmi就是比亚迪的倚天剑和屠龙刀吧？,2022/9/3,tenwars,2
这个预言太准了,2022/9/3,iGeek,7
（尧言社消息）华为并购赛力斯，借壳上市,2022/9/2,googlestyle,11
比亚迪像华为，零跑像小米，埃安像ov？,2022/9/3,yaqli,15
特斯拉8月销量7.7W？,2022/9/1,Kenny1107,28
新能源车销量是怎么变成比亚迪一家独大的,2022/8/28,rocfirst,104
知豆电动车四年前卖多少钱？,2022/9/3,guoqingjie,1
手机：汽车品牌兼简评,2022/4/9,googlestyle,39
有没有要特斯拉长续航的  让一个指标,2022/9/3,yellowChange,0
今天逛商场，看到很多新能源车,2022/9/3,sunhw168,1
极狐两年半亏了140亿,2022/9/3,wuhuadasha,4
特斯拉德国工厂近况如何,2022/9/3,lpc220,5
开不开空调就是俩车,2022/9/3,wangzhengbj,11
这极氪交付不行，每月发布得最早，8月7166,2022/9/1,yunsile321,91
板上有人买哪吒嘛？,2022/9/2,ZLLF,7
继续请教车险赔付问题,2022/9/2,bfield,1
国产新能源百花齐放，外资合资新车基本没机会了,2022/9/3,hellokkzhu,4
不管你们怎么说销量，我路上看到的TSL压倒性排第一,2022/9/2,wazgwsmj,31
下半年byd、mg的新款电车都要在欧洲开卖,2022/9/2,xianrenb,12
model y 1万公里能耗,2022/9/1,TransAir,15
试了一下3.0胎压大法，果然效果显著，增加续航5.5%,2022/9/2,myspace1939,20
赛力斯8月新能源销量14644,2022/9/1,nisus,30
智能车产业链和丑国脱钩后影响很大，必须重视,2022/9/2,AD007,12
装电表和桩充电桩得是一起搞么？,2022/9/1,laputa2013,12
中国电动车的欧洲攻略,2022/9/2,peibch,2
北汽的慢充充电桩自己能拆吗？,2022/9/2,lianghk2008,8
[混动]通用的DHT算P几架构？,2022/8/31,TruenoAPEX,5
华为收购赛力斯,2022/9/2,iGeek,1
特斯拉在北京有改名成功的吗 用朋友指标,2022/9/2,xiti,4
双手双脚赞成取消慢充接口,2022/8/31,zyzx77,72
高合这车轮子真大啊,2022/9/2,haolihai,3
欧洲现在电价快赶上油价了，tsla出口欧洲应该不行了,2022/9/1,meirenai,7
bba的电车怎么那么拉跨？,2022/9/1,Johnnywu1,11
哪吒8月份交付16017辆,2022/9/1,ia,11
河北二手新能源车市场最大的在哪,2022/9/2,BATMANN,4
比亚迪的数据还没出来吗,2022/9/2,liangges,4
第一款纯电mpv？,2022/8/29,yaqli,11
埃安8月销量27021,2022/9/1,biubiu02,13
【这个海豹试驾，这转弯半径怎么样？】,2022/9/1,chaodide,19
赵长江说要优化一下腾势的logo设计。。。,2022/5/17,Svensson,15
喜欢哪吒V的前排过道,2022/9/2,minix3,2
[合集] 没人关注这个消息吗？特斯拉马上要变傻瓜车了,2022/9/2,oBigeyes,0
公共停车位安装的私人充电桩是否可以请其他车主挪车,2022/9/2,fuweihua,6
我知道我看id系列怪在哪里了,2022/9/2,xianrenb,2
小鹏被上海拉黑,2022/8/23,ykai666,24
这个月的销量贴很平淡啊,2022/9/1,xxyy0088,6
22款汉EV比老款汉EV的底盘高吗？,2022/9/1,mayi,3
蔚来8 月交付量为 10677 辆,2022/9/1,winsen,5
新手请问北京哪里有相对集中的各款suv可以逛逛看啊？,2022/8/27,Geremy,3
8月份销量数据,2022/9/1,antzzz,15
车位没墙要安立桩的话 表前线怎么走线,2022/9/1,yellowChange,6
想收一个7KW充电桩带安装，有意站内联系,2022/9/2,FB86829067,0
长安Erock在电车最好的季节的表现,2022/8/31,zhuming717,15
900-1000公里续航30万预算什么时间能实现？,2022/8/29,lhg1983,26
现在国产电动车的车道保持搞定了吗？,2022/8/26,soochowboy,13
问界8月交付10045辆,2022/9/1,ia,8
ex3的后排比较小吧？坐3个人是不是比较挤？,2022/8/29,PeterCDMA,8
8月， 哪些车商销量上万辆？,2022/9/1,HLWJSJ,0
现在海豹能试驾么,2022/9/1,BrownPupil,4
挪威特斯拉车主因汽车质量问题集体绝食维权,2022/9/1,mafama,2
model3真的是太好开了,2022/9/1,Mayo,14
住老破小的都去哪充电啊,2022/8/31,baiyigugu,24
感慨下，新能源车这行业挺震撼的,2022/9/1,xtlove87,18
草，model y 国内提车周期缩短到1-4周，相当于没有剩余在手订单,2022/8/31,myspace1939,22
请教车险问题,2022/9/1,bfield,5
ssiujen被取消在GreenAuto版的发文权限,2022/9/1,deliver,0
三傻的销量呢？,2022/9/1,willExp,10
岚图梦想家初体验,2022/9/1,fornothing,2
[新能源]求大众ID6交流群,2022/9/1,query2020,1
"Re: 蔚来10,052   理想4,571",2022/9/1,原帖已删除,3
港真，能跟model3竞争的只有海豹,2022/8/31,shunderen,19
理想one 直降2w了,2022/9/1,AZTU,0
昂希诺EV 牵引电机坏了，高压接线盒坏了,2022/8/30,housuo,14
豪赚500亿，巴菲特减仓比亚迪的三大理由,2022/8/31,flameboy,3
brittarah被取消在GreenAuto版的发文权限,2022/9/1,deliver,0
极狐T跑个小长途,2022/8/30,nuoya123,33
国产车做得好我就买国产,2022/8/31,heartthinker,11
版面积分变更记录,2022/9/1,deliver,0
理想同级别重量的油车高速油耗是不是也高,2022/8/30,wsnsw,15
说一个比亚迪的优点,2022/8/29,xiadayu,4
【8月第四周的新能源汽车销售情况，理想8月顶多4000】,2022/8/30,chaodide,11
今天这个特殊的日子,2022/9/1,imchenghaibo,9
[合集] 【8月新能源上险量预估，难兄难弟的华为和理想(转载)】,2022/9/1,nolonger,0
参加大众邀请注册赚积分，本想薅个羊毛，没想到大众不认账，投,2022/8/31,wind86,2
买id6被坑惨了,2022/8/30,w425826320,15
真有吃饱了烧别人车的呀,2022/8/31,xiadayu,6
最近有什么开始在4s展出值得一看的车,2022/9/1,wsnsw,0
特斯拉啥时候换刀片电池,2022/8/31,yellowChange,4
租借指标被查后指标作废,2022/8/31,seap,9
星途ET i全擎超混，秒杀，DMI。我可是有变速档位的！双电机！,2022/1/22,wangcity,98
特斯拉提车时间现在1-4周了,2022/8/31,meirenai,9
磷酸铁锂是不是比三元里安全很多,2022/8/31,yellowChange,13
实话说我真的要吹一波新能源汽车了,2022/8/31,okawaru,4
xdm，cltc600，相当于nedc的多少？,2022/8/31,walkman777,6
成都车展上的腾势版海狮,2022/8/26,FHWYSH,24
比亚迪海豹也是全景天窗无遮阳帘,2022/8/31,alphaa,19
定了个阿维塔，大家觉得这个车如何？,2022/8/30,shuimupan198,17
请问，整车终身质保和三电质保，有啥区别吗,2022/8/31,walkman777,2
问界M5纯电版CLTC续航620/550公里,2022/8/29,rasper,21
比亚迪确实牛,2022/8/26,OkBaby,73
imax8后备箱的设计师真是人才,2022/8/31,socool,3
中国新能源汽车前五强已定。,2022/8/18,qinshimingyu,74
特斯拉电池衰减好严重啊,2022/8/31,ttmaomi,16
新能源车刚买3年多，动力电池突然报废，北漂夫妻困在地库急坏了,2022/8/31,Input,36
腾势D9是不是最耍猴的一款车？,2022/8/31,zukerG,5
没曾想第二个小鹏原来是特斯拉啊,2022/8/31,mafama,5
宋PLUS顶配20万 .VS. 汉EV豪华版23万 选哪个？,2022/8/31,mayi,22
话说柴油车安全还是汽油车安全？,2022/8/31,semilog,0
麒麟电池是三元电池还是磷酸铁锂电池,2022/8/31,gen9,9
奇葩的比亚迪,2022/8/31,jglee,14
和新能源对比，宝马X3简直就是脑残啊,2022/8/31,langmanyixia,0
蔚来总裁称ET5销量一年内超宝马3系，请大家拭目以待,2022/8/27,myd,101
AionS  VS Model3  请教,2022/8/31,Cidyshi,12
如果都换成了11kw直流快充,2022/8/28,shunderen,40
没搞懂蔚来et5的逻辑,2022/8/27,h9527,18
9.1开售！五菱宏光Mini EV敞篷版发布！,2022/8/31,pigtail,1
电车的蓝牌还能保留么？,2022/8/31,yeludaoge,3
2米宽的车开起来会不会很麻烦,2022/8/28,shunderen,26
刚刚看到了京AB号段的电车,2022/8/31,alwaysfaint,3
新能源车，如何选车牌号？,2022/8/30,mayi,8
大众id又优惠四五万了,2022/8/14,lwc1785,20
这年头有质量特别好又有性价比营销也不差但卖得凄惨无比的产品,2022/8/28,zhouxxs,14
想买个最小的电动车，有啥推荐？,2022/8/30,log,3
这个特斯拉怎么了,2022/8/30,lwc1785,3
充电桩想让预留个插座，说影响质保，不给安装,2022/8/29,changhui,39
合作都藏尖，丰田+比亚迪电机浅析,2022/8/30,zyzx77,13
engine accessory limited什么意思？,2022/8/30,CC2CC,0
为什么中控大屏不搞成可视角度可移动的,2022/8/30,langmanyixia,6
Re: 38w能拿下腾势D9 Dmi四驱低配吗,2022/8/30,原帖已删除,2
david982被取消在GreenAuto版的发文权限,2022/8/30,deliver,0
现在电动车还让停在地下车库吗？,2022/8/29,terminats51,18
刷到帝都车主开某品牌车托底维修3万,2022/8/30,fly188,6
红旗最应该发力电车,2022/8/28,ShUaHoU,14
比亚迪换胎压计电池就这么难吗,2022/8/30,wblonline,6
Re: 希望特斯拉可以改进的一点,2022/8/30,原帖已删除,1
比亚迪4s点见闻08282022,2022/8/28,googlestyle,7
电车遇到暴雨积水路段，可以当成潜水艇开吗,2022/8/28,dragonfly112,22
昨天给汉ev做了个极限测试,2022/8/30,flysand,4
新能源汽车的自燃比率远小于燃油车，抖音小鹏发的这个数据源靠,2022/8/26,XiaChuan,4
出库已安装电表+充电桩，能多报价多少？,2022/8/26,mayi,10
详解比亚迪再自燃也不买特斯拉的理由,2022/8/28,wangdass8,9
三优也开始收平台费了，看来公司都缺钱了,2022/8/30,chouachou,4
理想辅助驾驶94公里时速追尾静止事故车,2022/8/29,wsnsw,13
静态看了比亚迪海豹,2022/8/27,shunderen,6
感觉油车换电车怎么都不划算啊,2022/8/29,niupike,13
比亚迪膨胀了,2022/8/25,qbb,57
电车为啥保险费用低,2022/8/27,TimeAndRiver,18
这是几个意思,2022/8/29,CC2CC,7
定了吉利豪情精灵普若加版,2022/8/29,yeludaoge,1
换电真是个“黑”科技,2022/8/27,iGeek,15
友提：开有自动驾驶功能的车别太骚包 (转载),2022/8/29,qzrk,2
et5取消慢充真不方便,2022/8/28,biubiu02,15
埃安的两把钥匙经常会有一把失灵,2022/8/29,yaqli,5
实测:毛豆3的辅助驾驶完败于小鹏p5,2022/8/27,AD007,11
如果可以指定任意两家车企合并，你觉得哪两家增值最大？,2022/8/29,census,11
电车验车要270？,2022/8/27,zwjwswjwz2,17
top gear给了名爵mg4有史以来纯电车的最高分，9/10,2022/8/29,hdkeh,23
宋plus和id4的价格逐渐靠拢了,2022/8/22,shunderen,37
今天充电见到个红旗QM5,2022/8/29,ylh0315,7
电价涨价了,2022/8/29,nanfengfeng,0
未来待上市的中大型SUV有哪些款,2022/8/29,yinabaihe,2
近期买了电瓶车，神器，配上汽车，无敌。,2022/8/28,tgftgf163,7
小鹏的智能化真的很迷,2022/8/28,mafama,12
王传福没带通行证,2022/8/28,biubiu02,2
汽车这块肥肉谁都盯上了，苹果也来了,2022/8/29,flameboy,0
喜闻乐见晒续航,2022/8/28,elfstone,7
特斯拉开了空调内循环冻得一啤,2022/8/27,zhouxxs,17
20万的七座SUV，埃安要爆卖了吧,2022/8/27,China500w,18
东风刚发布的猛士很拉风啊,2022/8/28,XC90,8
电车实实在在的优缺点,2022/8/25,toutouqi,63
还有什么车型像比亚迪海豹一样遮遮掩掩,2022/8/25,langmanyixia,17
最近北京地区唐730提车要多久，有知道的老铁吗？,2022/8/25,BubbleRider,3
北京现在申请安装充电桩是什么流程？,2022/8/28,feng01,4
比亚迪为何能取得今日之成就,2022/8/28,googlestyle,11
Dmi等一些列混动，只是略胜增程,2022/8/28,willExp,16
充电桩安好了，幸福,2022/8/26,YxMg,8
据悉小米正在与北汽集团商谈制造电动汽车事宜 (转载),2022/8/26,oBigeyes,8
啥情况？欧洲碳中和放弃了,2022/8/26,whh267,19
南方高温有利于电动车吧？能开着空调睡觉,2022/8/28,peibch,3
北大最新nature上的铝电池很牛逼啊,2022/8/26,zelatan,7
买了电车 发现最大的缺点,2022/8/27,mig15,6
电网全球联网是否能解决新能源储能问题,2022/8/27,souqer,13
目前id6置换下来多少钱？23能下来么？,2022/8/29,felixnbgg,0
小区里安私桩的障碍在哪,2022/8/26,timespaceckn,8
自动驾驶距离人类还差的远吧？,2022/8/28,spinage,3
Re: 蔚来的热度和关注度江河日下，远不如从前了。,2022/8/29,原帖已删除,0
特斯拉车主的宽容度确实高,2022/8/28,wwwlb2002,4
认真问：买极狐最大的风险是什么呀？有点想买,2022/8/26,crystalboy,55
换车求推荐,2022/8/28,maxwellgood6,3
Re: 有需要新能源牌照的吗？,2022/8/28,原帖已删除,10
说实话，现在街上多了不少极狐s，t少点,2022/8/28,hernij,3
Re: 下一个十公里陡坡可以白嫖60公里里程,2022/8/28,原帖已删除,17
再说一个看宝马电车i3,2022/8/28,shunderen,2
"""WNEVC新能源汽车创新技术""公布颁奖,比亚迪连续四年获奖(唯一达",2022/8/28,FHWYSH,3
10年监禁！苹果华人工程师认罪，偷窃机密跳槽小鹏…,2022/8/28,henrykaka00,8
收一个包安装的充电桩,2022/8/27,kirbyzhou,3
电车真的太火了，比亚迪现在加价4000提车,2022/8/28,xingbake,1
普通电车去v2g桩能反充电吗,2022/8/28,yellowChange,3
看了理想L9,2022/8/27,sleepstealer,7
这是什么逻辑？北汽蓝谷市值都要被众泰超过了,2022/8/26,OkBaby,30
huangp99被取消在GreenAuto版的发文权限,2022/8/28,deliver,0
nonmoon被取消在GreenAuto版的发文权限,2022/8/28,deliver,0
呼伦贝尔充电记录,2022/8/26,godeyes,22
sun89a0105被取消在GreenAuto版的发文权限,2022/8/28,deliver,0
catherineyun被取消在GreenAuto版的发文权限,2022/8/28,deliver,0
Re: 我眼里电车的实实在在的优点,2022/8/28,原帖已删除,48
小鹏的G9外形设计一般,2022/8/27,tclj9,6
昂希诺EV本次故障修车进展,2022/8/27,housuo,4
目前的插混SUV有正常底盘高度的吗？,2022/8/27,wei507166,2
极狐vsID6，哪个更好些？20-30万性价比最高的是哪款呀,2022/8/26,crystalboy,13
充电桩安装资质证明去哪搞呀？,2022/8/27,kirbyzhou,1
极狐阿尔法s，长安深蓝，红旗eqm5plus，各项对比着如何？怎么选,2022/8/27,walkman777,4
感觉G9太平庸了,2022/8/27,biubiu02,13
有人了解上海送绿牌流程么？,2022/8/25,jeffcrown,7
一般充电桩的设计寿命都是几年呢,2022/8/27,chouachou,1
5年的进步，使原来天天吹续航吹自动驾驶的特粉们现在只能吹能耗,2022/8/25,zhangxy11,37
转载：极狐αS Hi版本辅助驾驶体验感受,2022/8/27,ia,4
有意向转让首批et5订单,2022/8/26,insanery,4
为何唐DMI的车道保持没法维持，而威兰达却保持很好？,2022/8/26,soochowboy,12
每个高速服务区充电桩数不少于小客车车位的10%,2022/8/25,Mars102,2
[原创][汽车][电动]又出故障了，差点被扔在路上,2022/8/27,housuo,11
比亚迪到底有没有给特斯拉供应电池？,2022/8/27,henrykaka00,4
周末逛了极氪、蔚来展厅,2022/8/22,wonder0321,22
高速充电设施要扩容了,2022/8/25,norainbow,56
电车吹总说电车好开,2022/8/25,cjz888,83
蔚来换电的疑问，求科普,2022/8/26,minix3,22
（后续补充）软件升级完了，给特斯拉点个赞,2022/8/23,djkstra,112
北汽的eu7，咋样啊？有车主说说感受吗？,2022/8/22,walkman777,11
新能源销售说有2021年生产的库存车,2022/8/25,mayi,5
腾势D9有关注的吗？,2022/8/25,Cobb,9
官方：新能源汽车火灾风险总体高于传统汽车,2022/8/26,byan89,7
蔚来二手车值多少钱,2022/8/25,sharonyue,30
实测辟谣：单踏板模式脚累、不安全根本不成立,2022/7/11,zhouxxs,113
美国最新的新能源补贴法案是为丰田定制,2022/8/26,gjq,12
挪威大佬测试ES8换电跑1千km用时9小时，排名第一,2022/8/25,gofly,11
20万C级车红旗E-QM5 PLUS没人讨论？,2022/8/26,erVShb,5
有人想让我的比亚迪自燃（转载）,2022/8/26,sirius0777,24
比亚迪确实牛,2022/8/26,nuoya12,9
求教，刀片电池如何做到永不自燃的？,2022/8/24,tinani1,36
宁德时代宣布将于8月27日举行麒麟电池落地车型发布会,2022/8/26,wuxueyun1983,2
预测一下电车的未来五年要发生的事情,2022/8/25,KBKATE,16
et7的用料还是很扎实,2022/8/24,zthenry,31
分享组数据，看看特斯拉这5年到底什么电耗水平,2022/8/25,wangdass8,45
