﻿主题,发帖时间,_ 作者,回复
分享组数据，看看特斯拉这5年到底什么电耗水平,2022/8/25,wangdass8,45
特斯拉无辜遭殃,2022/8/9,ia,5
余承东背刺合作伙伴,2022/8/25,rasper,26
数据告诉你们，特斯拉这5年研发了啥-就看百公里电耗,2022/8/24,eryemajia,115
byd刀片电池确实安全,2022/8/25,west,134
优易充共享的桩，抽多少服务费啊？,2022/4/16,e5200,4
请教有自动驾驶功能的车主，在急弯比较多的山路上开好使吗？,2022/8/24,oRo,32
有关注成都车展的吗,2022/8/26,FlytoU,5
2022年上半年国内新能源汽车自燃事件统计,2022/8/18,antzzz,60
国庆电车开长途可行吗,2022/8/25,xiaochao23,24
讲真，国产新势力真是最有上进心的一批车企,2022/8/26,AD007,5
赋诗一首,2022/8/26,xfqewfy,14
我觉得特斯拉EV200的续航一点虚标都没有,2022/8/25,ygs,20
个人感觉华为可能会退出新能源车行列,2022/8/25,TimeAndRiver,12
电车的好处就是变道时可以放心地打转向灯，不用担心后车加速,2022/8/25,virus27,6
比亚迪发布会越来越low,2022/8/25,googlestyle,5
Re: 有个朋友电车开了趟崇礼，发现百度地图的速度最高就到180,2022/8/25,原帖已删除,1
一起刀片电池因撞击受潮起火事故的调查,2022/8/21,huankuib,163
太卷了，小鹏G9的静态体验亮点：5D影院和电动充气大床房,2022/8/25,AD007,11
Re: 转让九月提车理想L9订单,2022/8/25,原帖已删除,5
电动车做到10秒车的多吗？,2022/8/25,taokongle,3
车牌租赁协议怎么写啊，承租人如果车自燃产生伤亡,2022/8/25,content,1
eryemajia被取消在GreenAuto版的发文权限,2022/8/25,deliver,0
列个数据对比一下,2022/8/25,JEFW,6
菊厂的智能电车商业模式还在探索阶段，买家要慎重,2022/8/25,AD007,1
没人说说那个电子后视镜是个啥黑科技吗？,2022/8/25,memory166,0
【长城真会玩，长城哈弗F7远程控制变“按年续费”】,2022/8/25,chaodide,0
Re: 北汽eu5 plue是什么车？,2022/8/25,原帖已删除,66
电动车时代潜在的问题就是电池回收问题,2022/8/24,CRH11,21
Re: 远离北辰亚市：一想到自己的小奔奔变成骗人的车还是很心痛,2022/8/25,原帖已删除,20
极狐车有什么硬伤吗？,2022/8/24,mayi,25
全新奔驰全新EQE，来了,2022/8/24,henrykaka00,21
要说关于车上的个人隐私,2022/8/25,A07,9
ID4 or ID6,2022/8/22,LeonTang,22
哈弗H6混动耀眼登场，长城汽车股票涨停，会王者归来吗?,2022/8/24,flameboy,5
Re: 理想续航150km，实际只能跑90-100km,2022/8/25,原帖已删除,5
外行请教一些关于电磁辐射问题,2022/8/20,slice,29
电车的维修是大坑？,2022/8/25,salsalover,4
Re: 北京比亚迪【海豹】交流，有人感兴趣吗,2022/8/25,原帖已删除,6
忽然想到一个问题，车内硕大的屏幕，时间久了眼睛不难受吗？,2022/8/22,walkman777,25
建议动力电池强制标准里把穿刺实验加回去,2022/8/24,Icanread,153
eqe和奔驰e级价格差不多,2022/8/24,shunderen,1
电车自驾妙峰山有什么建议么？,2022/8/23,caixukun,18
关于测试，随便提一句,2022/8/25,tedxyz,2
北京地区新能源车，哪些销量比较大？,2022/8/24,mayi,5
没开过tsl，不知道单踏板模式会亮刹车灯不？,2022/8/24,haolihai,9
看到一阿维塔体验视频，科技感还是不错的，车也漂亮,2022/8/25,hyhcw,0
超级工厂 产能地狱,2022/8/24,ia,15
真的很好奇，特斯拉最近五年在干嘛,2022/8/23,mafama,169
今天下定了极狐阿尔法S,2022/8/7,tsrjzq,73
23年了，有没有承诺非碰撞绝不自燃，碰撞缓燃的电车？？,2022/8/22,content,94
ID3白色好看还是绿色好看？,2022/8/24,ahappy2008,3
新能源车真卷—销量都以周报了,2022/8/23,googlestyle,12
新能源车还补贴个毛线啊,2022/8/24,CC2CC,0
才发现smart精灵居然涨价了,2022/8/23,Acui,15
刚在北三环上亲眼目睹汽车失控有多可怕 (转载),2022/8/24,fogsnow,6
话说 现在汉ev买哪个版本合适。。。,2022/8/24,BrownPupil,13
Re: 昨晚对面小区自燃一辆新能源，消防车来了好几辆,2022/8/24,原帖已删除,7
"[合集] “自燃大户”风波,北汽新能源车深陷其中 | 电车观察",2022/8/24,nolonger,0
[合集] 【任正非什么意思？华为不造车了？比亚迪快把余大嘴挖过,2022/8/24,nolonger,0
tinani1被取消在GreenAuto版的发文权限,2022/8/24,deliver,0
blackben被取消在GreenAuto版的发文权限,2022/8/24,deliver,0
最便宜的七座电车来了,2022/8/22,yehorse,16
充电桩安装,2022/8/24,rhys,9
【看了这个图片，突然不想订比亚迪了】,2022/8/21,chaodide,16
北汽ex3钥匙被洗衣机洗了,2022/8/24,qinjian,2
FSD功能下放，TSL车主再也不担心绿灯被滴了,2022/7/9,LucaToni,16
缺电地区的， 家里有地库的 ，赶紧买纯电吧,2022/8/22,AD007,46
看到山路“自动驾驶”想到一个问题，赛道上能用“自动驾驶”吗,2022/8/24,alou,1
内华达车主小哥测试tsl,2022/8/24,keler,4
Model3  模特小三,2022/8/24,wazgwsmj,6
奔奔ev180置换ID4 Lite Pro，这个价格能入吗？,2022/8/21,mawenjian,15
pating被取消在GreenAuto版的发文权限,2022/8/24,deliver,0
bigbreast被取消在GreenAuto版的发文权限,2022/8/24,deliver,0
有比亚迪汉的网友给推荐个好的地垫吧,2022/8/23,shuangeer,2
最近有没有半价车羊毛薅,2022/8/21,shaohan93,22
明年插电混动还送绿牌么？,2022/8/24,tanguofu,1
特斯拉的辅助驾驶拿着显微镜找也找不到一个有问题的案例,2022/8/21,bigbreast,61
北汽新能源已经错过风口了,2022/8/23,hellokkzhu,9
顺义那事，白车是电车嗖就超过去了,2022/8/23,donnie125,18
磷酸铁锂不是说不自燃么？,2022/8/19,laputa2013,39
【8.15~8.21第三周交强险数据。问界下滑，理想更惨】,2022/8/23,chaodide,2
SL03黑点1 usb口少,2022/8/23,Mars102,0
极狐新出一款21万的,2022/8/19,slepton,34
快充桩充电服务费应按时长计算，而不是按电量计算,2022/8/22,yehorse,39
非承重墙挂得住充电桩么？,2022/8/23,laputa2013,7
北京申请独立电表装充电桩到底啥流程啊？,2022/8/23,kirbyzhou,11
埃安原厂充电桩的枪是几米线呀？,2022/8/22,laputa2013,4
新能源的保险为什么那么贵,2022/8/21,shertty,8
后续会有电池防护部分受损警报的新设计吧,2022/8/22,JEFW,1
新能源汽车电池，“退役”时可以卖多少钱？400元/度,2022/8/23,census,8
美国最大养老金保持蔚来和小鹏持仓不变 增持理想汽车,2022/8/23,AD007,2
下半年有什么新车上市吗。,2022/8/23,mmmmwwww,2
现在阿猫阿狗都来造电车了,2022/8/23,skyfromheart,7
求ge3 换空调压缩机靠谱店，谢谢,2022/8/5,ddlddl,2
看了lyriq真不错啊,2022/8/22,hitero,12
Re: 请教如何选号,2022/8/23,原帖已删除,2
蔚来超充站有用过的吗,2022/8/23,phoenixhills,2
特斯拉起火及死亡全球统计,2022/8/17,dyatpk,84
今年哪款车没涨过价呀？感觉除了蔚来都涨了？,2022/8/22,crystalboy,6
换了新能源家庭摇号了  绿牌不中还能排一次油号？,2022/8/23,yellowChange,3
那款电车防涉水更好一些？,2022/8/22,mayi,5
电车卖了之后，车牌怎么办,2022/8/20,sharonyue,7
特斯拉提车了,2022/8/22,jim0539,27
宋plus ev 现在一分钱都不优惠？,2022/8/22,sire2006,10
据说二手电车涨了1万块,2022/8/22,heiabc,7
华为的电控是真不行,2022/8/21,eryemajia,33
电高尔夫高配，两年7千公里，能卖多少,2022/8/23,goalgoalgoal,7
老款两座smart为什么不出个电动版，卖10w不香吗,2022/8/22,content,7
大家说荣威imax8ev啥时候能优惠10万？,2022/8/17,castcasc,15
车停小区，车门被撞了一个小坑，监控看的太累了，10天的还没看,2022/8/22,chouachou,12
汽车防撞不是有障碍物就停,2022/8/22,zyzx77,2
今天十大死人那个事故那俩白车如果都有主动刹车的话,2022/8/22,Dadubaba,12
赛力斯上半年亏损17.27亿 华为拿提成应该是赚的吧,2022/8/23,lqw,3
为啥国内采用三元软包电池的电动车很少？,2022/8/20,panling2004,16
初次开特斯拉，油门真难把握,2022/8/19,ModernDuke,172
毛豆3今年给的保费报价是6600，算什么水平,2022/8/15,sizzleyang,32
开车必须运动模式，不关心续航和能耗,2022/8/21,AD007,8
现在租辆电车什么行情,2022/8/22,isucre,6
id6 c的积分兑换什么比较合适？,2022/8/22,shuaihujun,1
eu5提示can总线通信故障,2022/8/22,jtyx,2
小EQS来了,2022/8/22,socool,8
昨天给别人让充电桩了,2022/8/22,huang10zhi,11
让你疼！看看这500个W内的套路！,2022/8/22,flukeox,3
简短试驾SL03,2022/8/22,zyzx77,15
电车取代油车的说法,2022/8/20,ShUaHoU,189
极狐t 480s+，无分期不置换，现在落地是多少？谢谢,2022/8/22,walkman777,2
有二胎了，求推荐7座家用新能源车,2022/8/19,ccbfsq,27
想买个代步车，女生开，性价比高的有推荐的么？预算15w落地,2022/8/13,xiaoma2580,57
电车碰上限电就很尴尬了,2022/8/22,richiter,14
听说深圳福田蔚来最高优惠12.8万？,2022/8/22,playmobil,4
被黑的最惨的，都是后来卖的最好的,2022/8/21,west,33
聊个老生常谈的话题，到底花几个月工资买新能源车比较合适,2022/8/21,crystalboy,45
比亚迪元plus还是荣威Ei5,2022/8/15,Elsevier,47
台湾艺人林的特斯拉事故原因？,2022/8/21,isw,7
阿维塔怎么上市以后反而没什么消息了？,2022/8/22,noflowernj,5
理想新车为啥没皮味？,2022/8/22,wsnsw,4
落地20万以内的电SUV有后排能放平的吗,2022/8/21,bat1812,11
【8.8-8.14上险量，问界超过理想接近2倍】,2022/8/16,chaodide,25
该不该买油车,2022/8/21,HYXMU,30
7月纯电按价位销量明细,2022/8/20,he111,24
请问蓝牌怎么换绿牌,2020/9/28,semilog,6
各位老师，请问，新能源货车什么牌子的好呢？,2022/8/20,nemo2013,9
比亚迪宋plus旗舰plus,2022/8/18,OnlyTea,11
充电桩真是很暴利,2022/7/15,fuweihua,15
L234118被取消在GreenAuto版的发文权限,2022/8/22,deliver,0
请教一下，PHEV车型平时应该怎么用啊,2022/8/16,hulafly,18
新能源车这一两年不知道还会不会降价了,2022/8/21,crystalboy,14
Re: 哪吒U这车怎么样？,2022/8/22,原帖已删除,3
e5的胎压监测报信号异常,2022/8/6,raincau,11
从个人需求方面考虑入了极狐αT,2022/8/17,danssion,34
[新能源]求一个二手新能源车,2022/8/19,Fiber1230,4
提了一台宋prodmi,2022/7/4,hellokkzhu,3
顶着锅盖说，特斯拉始终是标杆,2022/8/20,shunderen,50
也去看了极狐阿尔法s,2022/8/21,DriftKing,9
起火烧了的电瓶车是保险公司赔偿么?,2022/8/21,haiguimm,3
电车和油车一样，新车状态电耗高吗？,2022/8/19,changhui,12
cosun被取消在GreenAuto版的发文权限,2022/8/21,deliver,0
wangdass8被取消在GreenAuto版的发文权限,2022/8/21,deliver,0
bluekakaxi被取消在GreenAuto版的发文权限,2022/8/21,deliver,0
googlestyle被取消在GreenAuto版的发文权限,2022/8/21,deliver,0
wangkuo111被取消在GreenAuto版的发文权限,2022/8/21,deliver,0
关于极狐销量的担忧,2022/8/19,slepton,27
mafama被取消在GreenAuto版的发文权限,2022/8/21,deliver,0
朗逸回家看看轮胎吧,2022/8/21,zyzx77,1
这是什么车？,2022/8/20,googlestyle,9
为啥都说新能源车保险贵,2022/8/21,shunderen,4
中午没遮阳的地方停车，空调开到最大制冷效果不明显，是车有问,2022/8/19,orwell,6
特斯拉车主热的往车顶泼水降温,2022/7/17,TimeAndRiver,156
电车给油车搭电,2022/8/20,T1T,13
有人刷到买通车主烧车没？,2022/8/20,wsnsw,21
多出来的保费换算成多少L汽油？,2022/8/19,imchenghaibo,1
急！10w上下两万最好的电动车是哪款？,2022/8/11,Jul1l,26
"美国新能源车补贴法案正式落地,新能源渗透率50%时开始退坡",2022/8/17,FHWYSH,33
看1818新闻电朗逸这个夏天快充挂了？,2022/8/20,daisylove001,1
38号分析增程和DHT两种技术路线,2022/8/21,qtpr,3
理想二季度投资了啥亏成那样？,2022/8/19,wsnsw,3
ID.6Crozz 续航轻松飙至1000km,2022/8/20,shiaokang,9
买电动车真的比油车省钱么,2022/8/19,Jacobwolf,38
今天这是大众ID的主题宣传日么，这么多吹大众的,2022/8/19,ariddletome,3
id4 crozz顶配现在多少能落地？,2022/8/17,driftering,1
极星2整车30万换电池40万,2022/8/21,thulld,1
有的SUV太占车位了,2022/8/20,tsingsh,10
极狐有人说本月买能优惠5万,2022/8/18,haolihai,20
[新能源]海豹太逗了！,2022/8/20,kampoo,13
今天去订了台红旗 E-HS9,2022/8/17,nVidia,94
6/7座车后排是不是比较危险？,2022/8/21,mayi,0
极狐HI版有非测评媒体的自动驾驶视频了么？,2022/8/20,ia,6
电车就是太TM矮了。,2022/8/18,Johnnywu1,10
汽车产业链又被打击，弄不好又涨价。【转载】朱玉龙的微博。,2022/8/18,chaodide,15
蔚来销量上去了 也抠了很多,2022/8/15,xxyy0088,14
"买车30多万,换电池组要54万,极星2被曝天价换电",2022/8/20,Input,2
缺电跟电车多有关系吗,2022/8/20,whh267,7
有从北京开电车去沈阳的吗？,2022/8/19,phoenixhills,7
洗浴王·淋浴客设置了一个单独的制动能量回收拨片,2022/8/19,DriftKing,7
极狐在北京上路的越来越多,2022/8/19,ChristCao,9
北京自驾新疆之旅（一半电车+一半油车）,2022/8/20,freewl,9
Re: 如果电车技术到头了，油车已经到头n年了吧,2022/8/20,原帖已删除,1
杀马特内饰是怎么征服这么多人的,2022/8/19,skyfromheart,10
以前十万出头能买个不错的油车了  现在同价位电车太渣了,2022/8/17,xsgzb,52
版上有订smart#1的吗？,2022/8/18,pigflying,24
最近有需要16款秦的吗,2022/8/19,Garfunkeln,1
model 汉最近是有啥问题吗,2022/8/20,zthenry,0
北汽ex3 一锅电到北戴河,2022/8/17,pating,23
油车或者丰田双擎能单踏板模式吗,2022/8/19,tbbt2013,2
新能源车继续免征购置税到明年年底,2022/8/19,Dingshuding,6
一楼自家外墙安装充电桩被邻居举报怎么办,2022/8/18,congcong0623,25
面对限电还是插混好吧,2022/8/19,tenwars,2
国家电网：错峰充电,2022/8/19,zthenry,11
明年主流车型上1000公里吗,2022/8/18,subdog,17
极氪要出新车了，这个BX1E看着不错,2022/8/19,tclj9,5
北京置换购买新能源包含插混吗？,2022/8/20,nsm,5
求一个全新充电桩,2022/8/18,missxc,5
新能源唯一的优点,2022/8/18,tbbt2013,23
肉车才会备刹车吧？,2022/8/20,virus27,6
闲鱼上的比亚迪d1看着不错,2022/8/19,orwell,2
哪个牌子新能源不着火,2022/8/17,CSKA,119
电车卖外省，办迁出的话，可以拿补贴吗,2022/8/19,redka,1
空间大，续航300-500公里，后排航空座椅，内饰豪华，有推荐的吗,2022/7/29,hongshu2000,12
快充的电没有慢冲禁使？,2022/8/19,bigbreast,6
用柴油发电机发电，再用发的电给电车充电。是否比直接开油车便,2022/8/18,Engelberger,4
千里走单骑—秦450春节1600公里返乡总结。,2020/1/25,MyNameIs007,36
特斯拉上海工厂已经生产了100万辆车了,2022/8/15,henrykaka00,67
现在BYD自燃数已经超TSL很多很多很多了,2022/8/17,Cidyshi,68
吉利4S店这是坑人吗？,2022/8/18,bj003,44
盛华检测场新能源车上牌简述,2021/4/15,w441983213,1
说到自燃，上周我家附近一辆油车也自燃了,2022/8/17,iamwalt,48
某迪最牛逼的是,2022/8/18,windforce09,30
有转让大众id系列充电桩的吗,2022/7/19,davyfl,5
应该高价制止电车在高峰期使用快充，低价鼓励电车在夜间使用慢,2022/8/18,Engelberger,15
海豹实车挺好的,2022/8/19,lhg1983,1
充电时显示绝缘检测电压超时大家遇到过吗,2022/8/19,hsmile,0
发两张图,2022/8/17,Cidyshi,9
特斯拉离开中国？,2022/8/18,bbaidur04,9
[合集] 这版上是不是有北汽的员工，不然不理解极狐这种,2022/8/19,nolonger,0
新中关大厦 、领展附近上班的在哪停车比较便宜,2022/8/19,undering,0
特斯拉Y和3什么时候大改款,2022/8/18,langmanyixia,32
中国部分省份试点电动汽车错峰充电,2022/8/19,Dankeschon,1
大家的id4c都优惠了多少钱啊？全款还是贷款,2022/8/11,wuxu,23
比亚迪、蔚小理的新能源在国外卖的好吗,2022/8/18,langmanyixia,14
model y交付周期刚刚缩短到4-8周了，降价真不远了,2022/8/18,myspace1939,7
看了版本各种比较贴，ID4现在最大优势就是优惠多,2022/8/15,peibch,57
快充的时候辐射大吗？,2022/8/17,Acui,12
跟大家反馈一下周末跑北戴河的情况,2022/8/16,tchain,21
极虎车好也不贵，为啥就卖的不好,2022/8/14,shunderen,150
能实现“和用手机导航一样方便的使用车机导航”最便宜的车是哪,2022/8/18,lcy362,1
充电损耗多少正常？,2022/8/18,xiaohuayou,13
成渝部分特斯拉超级充电站临时关闭,2022/8/18,Engelberger,1
新能源指标买海豚，能享受北京市的购车补贴吗,2022/8/9,neuwang,4
贾老板的车今年有可能量产吗？,2022/8/17,aKong,15
10万  纯电车，只有海豚吗？,2022/8/13,xsgzb,12
极狐T的用车感受,2022/8/16,ChristCao,46
提醒一下 有事说事 别针对人,2022/8/17,nolonger,6
自营充电网建的最好的前三名是谁？,2022/8/16,lcy362,67
ID4北京张掖,2022/8/13,alcoholism,46
BYD应该独立出一个子品牌，到国外打天下,2022/8/12,census,14
最近B站上好多汉冒烟的视频,2022/8/16,Nordahl,20
把胳膊挂在车窗外的司机,2022/8/17,hijupiter,10
六七座的新能源车有哪些？,2022/8/17,hernij,8
为什么新发布的纯电mpv都是中大型的？,2022/8/16,asl,13
这次千山翠的事，比亚迪不出来说明情况，就有点飘了,2022/8/17,memory166,12
这次汉自燃更早时间的视频,2022/8/17,chuanlang,13
正在经历汽车消费的通货膨胀,2022/8/17,zengchenly01,8
我建议以后有识之士不要把理想和其他国产车相提并论,2022/8/6,zhangxy11,11
西三环南向西匝道有汽车自燃,2022/8/17,wego,2
锂电池是满充满放好还是一缺电就充好？,2022/8/16,uvuv,26
蔚来es6保险续费4000块,2022/8/17,qiangsir,22
无奖竞猜：20万公里的极狐动力电池衰减多少,2022/8/18,wangdass8,0
特斯拉2022款车比2021款普遍涨了3万左右啊,2022/8/17,qzrk,8
快充时能否开空调,2022/8/17,hijackerhunt,21
成都限电，开启推车模式,2022/8/17,ifas,2
我的家用桩充电效率只有75%啊,2022/8/12,xiadayu,24
闹迪的Q4 etron真是一点水花都没有啊,2022/8/17,skyfromheart,26
五菱mini EV 有烧的么？,2022/8/17,onlyfive,25
路边停车贴条有十分钟限制这个说法吗？,2022/8/17,knstar,0
新能源-去塞罕坝走京加京漠线，中途有充电的地方吗？,2022/8/17,yutujing,8
新能源车损险是新出的吗？有必要买吗？,2022/8/11,aili2010,4
部分车企补能体系对比,2022/8/17,qoros,4
目前hud功能到哪一步了？,2022/8/14,wsnsw,25
极狐αT的653s和653s+有啥区别,2022/8/15,lostinT,22
小米汽车应该是先代工,2022/8/14,pany,10
特斯拉model Y还是小鹏P5,2022/7/13,rapidfire,114
byd保养不便宜,2022/8/14,lhg1983,22
Re: 吹了这么久的狐狸t怎么销量快忽略不计了,2022/8/17,原帖已删除,24
埃安V plus这车怎么样？和宋plus ev比呢？,2022/8/15,lakers60,35
论每月销量，弹匣电池也有纯电刀片的1/3以上了吧，也没烧过,2022/8/2,yehorse,107
100度的model3\modely啥时候出？,2022/8/10,ranger7,19
[合集] 特斯拉又烧了,2022/8/17,nolonger,0
tesla也有看错的时候,2022/8/16,nightwizard,7
[合集] 网络上，越是底层越固执,2022/8/17,nolonger,0
[合集] 特斯拉法务部门可以起诉keeliu67了吧，完全不要脸造谣啊,2022/8/17,nolonger,0
大众ID 系列充电桩安装权益,2022/8/17,nana1900,0
SMART精灵，ID4，长安深蓝SL03，小鹏P5,2022/8/13,tobeworker,32
现在这个新能源牌什么行情,2022/8/16,shuguohui,11
芯片暴跌了，车企会降价吗？,2022/8/15,gwssi1,7
咨询极狐销售行情,2022/8/13,caulshg,22
byd汉的终身质保很有趣啊,2022/8/15,hulafly,31
理想发布财报，2022年Q2净亏6.41亿，亏面比Q1扩大5780% (转载),2022/8/15,tsa350,7
根据“直驱明显省油”这个思路,2022/8/13,qtpr,53
谁有比亚迪海狮的消息啊,2022/8/16,dancewithnet,4
养老是不是完全可以靠高科技完美解决？？？？,2022/8/16,langmanyixia,11
请教，如果不考虑价格，选宝马i4还是比亚迪汉,2022/8/11,lookang,11
Re: 刚被追尾了,2022/8/16,原帖已删除,14
单踏板可以解决刹车点头的问题,2022/8/16,shinsy,12
求估价,2022/8/14,Ylxp2,2
私桩充电枪那根线用多久需要换？？？,2022/8/15,burrma,3
懂车帝最新辅助驾驶碰撞测试,2022/8/13,iGeek,7
本版有毒,2022/8/16,googlestyle,21
小鹏引领国内首批800V超充落地，5分钟补能200公里,2022/8/15,AD007,4
在商场里看到了日产的增程车,2022/8/15,qtpr,11
比亚迪宋pro混动如何？,2022/8/12,OnlyTea,16
销售说明年购置税减免政策没有了，真的吗？,2022/8/15,nemo2013,5
小鹏G9直播，自营800V超充5分钟补能了215公里,2022/8/15,AD007,26
出去玩了一圈，高速acc120电耗20多，id6续航应该咋400左右,2022/8/15,lwc1785,6
北京置换新能源汽车补8000,2022/6/26,profo,51
nedc400的电车跑长途高速，有经验请说说。,2022/8/14,walkman777,29
有前辈装过150米线缆长度的充电桩吗？,2022/8/10,yyzzggdtt,53
阿维塔是不是已经凉凉了？,2022/8/15,yehorse,15
Re: ix3两年零首付 ， 3.88年化，合适么？,2022/8/15,原帖已删除,1
id4和埃安VPLUS ，怎么选？谢谢,2022/8/13,walkman777,18
6年以上新能源车，北京市给的补助是8000还是10000？,2022/8/15,gloria114,3
有版友在等唐dmp吗？,2022/8/15,gylwj,1
直驱是比增程省油，但仅限于个别工况,2022/8/11,yehorse,84
360影像实用吗,2022/4/7,bjandi,40
特斯拉终于更新导航了,2022/8/11,txq,14
BYD汉EV转弯半径大，是硬伤吗？,2022/8/14,mayi,11
[讨论] 说说华为的新能源汽车策略,2022/8/9,aserose,114
六年电车检测，外观有剐蹭和凹印需要修吗,2022/8/15,yyyaya,2
测试续航不太可信,2022/8/15,bloodlust,4
天幕这件事就能看出新势力多鸡贼,2022/8/15,skyfromheart,3
ET7真是电吹风啊,2022/8/11,glamerick,11
C-NCAP和中保研双满分的极狐,2022/8/12,wangdass8,33
Re: 开车久了眼睛会难受吗,2022/8/15,原帖已删除,1
故意拔别人正在充电的充电枪，违不违法？,2022/8/11,pTq,24
[求助]请教与宝马i3新能源D档类似的车型还有哪些推荐,2022/8/14,lookang,7
看来极氪品控真的毫无长进。,2022/8/14,wangdass8,15
一汽大众idc的推荐购有点鸡肋了,2022/8/14,summerlover0,1
刚上完保险，比去年贵不少,2022/8/13,chrome2000,2
版上有没有北汽EX3车友？,2022/8/14,Gestapo622,1
埃安v现在有有优惠的店么？,2022/8/14,felixnbgg,7
指导价10-15万、电量最多的车是哪个？,2022/8/13,aaasssddd,15
求助热心版友：有没有北汽EX3车主群？求加入,2022/8/14,Gestapo622,2
极狐要推高销量我有一小招,2022/8/13,ntstar,23
model3p的33.9w订单，坐标北京,2022/8/14,GXN,1
小米汽车凉凉,2022/8/13,woaiwoer,17
粗大，德产特斯拉Model Y确认装配比亚迪刀片电池,2022/8/12,west,18
新势力很难打败传统车企,2022/8/12,30-Sep,29
关于静止车辆，丰田acc在40公里的时候，可以识别前方等红灯的车,2022/8/13,wfunny,3
车主留在正充电车内休息突然断被困,2022/8/14,googlestyle,25
个人出租车辆有啥好的平台推荐吗？,2022/8/14,moonracer,1
Re: 有电车了，又有新的新能源指标，再买车还是租出去呢？,2022/8/14,原帖已删除,5
特斯拉在北京现在还可以改名字吗？用别人的指标提车。,2022/8/11,xiti,2
华为粉有什么脸说自己电控国内领先啊,2022/8/10,eryemajia,37
好几天没来，还有人黑蔚来理想么？,2022/8/13,wsnsw,5
新能源汽车压根不会考虑新势力,2022/8/14,Laurasia,9
到了2022年，有任何这类特征的电车都别买,2022/8/14,shunderen,13
现在租车自驾也有很多电车了,2022/8/14,shunderen,9
埃安vplus的驾驶感，是偏电车的吗？,2022/8/13,walkman777,7
有了远程开空调功能，是不是就不需要座椅加热通风了,2022/8/13,langmanyixia,18
极氪的LCC也是个坑货,2022/8/11,nonexist,20
新能源现场选号,2022/8/10,yanguo85,50
北京哪里看到问界M7的展车,2022/8/13,jqmdd,9
特斯拉在美国等地暂停销售Model 3长续航版,2022/8/13,LucaToni,9
我就问一句，比亚迪宋ev plus出2022款吗？,2022/8/14,shyfox,1
原厂悬挂能调高度么？,2022/8/13,Osram,1
自动驾驶真不错,2022/8/11,woaiwoer,11
说比亚迪标不行的，知道为啥汉出来就好了吗？,2022/8/13,kalar,1
Re: 新能源个人指标转让,2022/8/13,原帖已删除,4
增程电车适合越野，高原用很好,2022/8/13,salsalover,0
2015年e5，小电瓶多长时间可以充满电,2022/8/13,a0000000,5
辅助驾驶又撞一个。。。。。。。 (转载),2022/8/12,tsa300,41
这个细分榜单的制表人本月没有再“疏忽遗漏”唐EV,2022/8/13,FHWYSH,9
能前排放倒的电车有哪几个？,2022/8/10,sqsl,26
现阶段不会允许任何号称的人工智能参与核心驾驶操作,2022/8/13,LadyGaGaGa,0
电车又要涨价？,2022/8/12,changhui,4
苹果的电动车还有戏吗,2022/8/12,spritesw,21
小米的整车研发和adas研发在并行开展,2022/8/13,AD007,2
啥时候高速上大货车能用自动驾驶啊,2022/8/13,liuyaozong,3
目前辅助驾驶的正确使用方法就是当它不存在,2022/8/13,cloudlight,4
三傻确实有点后继乏力,2022/8/11,shunderen,22
小米今天发布了很多自动驾驶的路试视频,2022/8/11,AD007,20
深蓝要卖爆吧，价格颜值配置在线,2022/7/26,ykai666,48
国产新势力撞车以后 很少有发生燃烧的,2022/8/12,AD007,8
总感觉蔚来的换电一千万次这数据不对。,2022/8/11,hellokkzhu,16
请教一下蔚来的换电和加电服务,2022/8/8,yaofreedom,60
比亚迪汉牌小米自动驾驶,2022/8/12,sirius0777,2
新能源车的乘坐体验确实很差,2022/8/9,limintailang,45
下订海豚银色,2022/8/12,luoyd,5
又一个自动驾驶的锅,2022/8/12,Google333,4
一件小事儿看特斯拉服务水平,2022/8/11,skylee,39
广大群众需要一台电耗对标Model Y的车型，因此不可能是小鹏G9,2022/8/10,yehorse,32
更新  比亚迪APP上订了海豹，发生一件小事，请教大家,2022/8/12,langmanyixia,32
【太可怕了，叫声太惨了，这是哪家的所谓智能驾驶啊。】,2022/8/11,chaodide,21
Mein Fuhrer... I.D....,2022/8/12,CMaverick,0
地球上可经济开采的锂矿够人均一台电动车么？,2022/7/19,seeeU,50
特来电 e5 充电启动失败，预付30元原路退款,2021/10/7,kadima,2
小米认为：自动驾驶是智能电动汽车决胜的关键点。,2022/8/12,AD007,4
德产特斯拉 Model Y 确认装配比亚迪刀片电池,2022/8/12,west,3
现在是不是所有的驾驶辅助都无法准确识别静止物体,2022/8/11,anzhiyu,9
激光雷达有那么大用吗，特斯拉都不用,2022/8/12,liuyaozong,12
没有任何自动驾驶害人的案例,2022/8/12,zyzx77,2
新能源上不了船了,2022/8/11,godeyes,14
新能源第二任车主能查到前任的轨迹么？,2022/8/12,laputa2013,3
看来事故对小鹏影响不大，股价大涨,2022/8/12,pNeo,5
新能源汽车都会记录行车轨迹,2022/8/12,laputa2013,9
周末逛街有感，发现金源里面一堆汽车展台,2022/8/11,Link114,23
小米秀了一小段自动驾驶,2022/8/11,LiYingReBa,7
最近才发现的，适用所有电车的快充口反向取电，啥原理,2022/8/12,liuluyu,6
特斯拉的毛利率还是远高于国产车吧？,2022/8/11,sqsl,27
Re: 极狐T653+ 提车,2022/8/12,原帖已删除,45
自动驾驶还真有人敢用啊,2022/8/12,minix3,5
转让广汽埃安新能源充电桩,2022/8/5,number9999,7
东风、长安出增程车，戳破了“高速直驱显著省油”的神话,2022/8/10,touareg,74
【“怼”完余承东后！李瑞峰升职了：统管长城品牌】,2022/8/11,chaodide,2
modelY居然没有并线辅助？？？,2022/8/11,langmanyixia,7
小鹏P7高架LCC撞死人（zz）,2022/8/11,nonexist,45
ES7挺好开的,2022/8/9,Neuromancer,22
请教各位专家，PHEV如果不充电当油车用，油耗会很高吗？,2022/8/12,hulafly,2
自媒体说电车又在涨价？,2022/8/12,meirenai,4
小鹏这车的责任怎么判定？,2022/8/11,spinage,6
