﻿主题,发帖时间,_ 作者,回复
比亚迪太能了,2022/8/11,shunderen,12
请教一个家庭摇号拆分是否可行,2022/8/11,henrylee2008,4
问界M7还有很长的路要走,2022/8/11,radioham,46
高速上停车到放置百米三角牌需要时间,2022/8/11,pNeo,9
30万以上单电机的有吗？,2022/8/10,popopoxin,22
家庭摇号问题,2022/8/10,ygcs,2
比亚迪海豹目前有没有提车上牌的？有在路上见到过吗？,2022/8/11,Bodu,8
极氪009的原型找到了,2022/8/11,curelyreas,3
你们都怎么搞定电表的呀？,2022/8/11,kirbyzhou,1
四驱电车在平时是什么模式,2022/8/11,shunderen,2
单月出口超5万辆，远超比亚迪，这家顽强的汽车自主品牌值得尊敬,2022/8/10,flameboy,14
某鹏自动驾驶事故监控摄像头视角,2022/8/11,LucaToni,0
历史的车轮滚滚，没有LIDAR的智能车恐终将被淘汰,2022/8/11,AD007,10
小鹏智能驾驶致命车祸：高速撞向静止车辆，光线良好，系统里里,2022/8/11,jzh800,13
下一版的汉ev应该会融合海豹技术,2022/8/11,shunderen,0
比亚迪 宋EV 有没有新款车的消息？？,2022/8/10,hurobot,16
乘联会：燃油车税收减少后，电动车征税是必然趋势,2022/8/11,heiabc,6
广大人民群众只是需要一款和毛豆y对标的车,2022/8/10,AD007,21
北京到山东往返高速国网电桩见闻。,2022/8/2,alexblush,54
大家还是期待10w左右的面向大众电动车,2022/8/11,buaavivi,1
再过个2、30年大部分人就认为京AA的电车是最早的了吧,2022/8/11,MyNameIs007,8
所有电动车停一天都耗电吗？,2022/8/9,tsingsh,22
【小鹏撞人的核心问题：小鹏为什么没识别到车主走神了？】,2022/8/11,chaodide,4
小鹏p7辅助驾驶撞人 监控视角 (转载),2022/8/11,tsa300,0
7月上汽大众的ID销量【10086】台，大众学会了互联网营销。,2022/8/2,chaodide,16
小鹏汽车回应P7辅助驾驶高架撞人致死：全力配合事故调查,2022/8/11,lanhaizi,0
国家强制锁电5%？,2022/8/8,smallyoung,16
太平洋车险  公众号续保比电话便宜？,2022/4/20,haixian02,11
请教为啥支付宝里投保车险要便宜很多,2022/8/11,scircean,0
CLTC /NEDC /WLTC /EPA工况之间的转换比例,2022/8/11,wangdass8,0
乘联会发布2022年7月份全国乘用车市场分析,2022/8/10,ia,24
华为吹的太神了,2022/8/11,tclj9,7
modely特别适合震啊,2022/8/11,langmanyixia,4
现在实际续航最长的是哪款电车？,2022/8/10,mayi,17
12辆电车围着4个充电桩排队的时候，我明白了蔚来的厉害之处,2022/8/6,processing,56
增程车补贴问题,2022/8/11,hicer,0
真心请教一下：买极狐Arcfox的车主，主要是看中什么了？,2022/8/7,Kevinforever,71
海豹的操控性怎么样,2022/8/10,shangni,8
特斯拉怎么8月初就开始集中交付国内了？,2022/8/10,mafama,4
新势力为什么基本都是起的中国名字？这是什么原理,2022/8/9,DiZhuo,23
关于阿维塔11,2022/8/10,iGeek,77
阿维塔好像没请大v发文,2022/8/11,biubiu02,1
卷起来了，含华量,2022/8/10,AZTU,11
特斯拉的停车耗电,2022/7/8,vta,123
使劲测增程的亏电高速油耗，是几个意思？,2022/8/8,hidenfly,8
已有一台纯电，再来一辆纯电，如何？,2022/8/10,xubeida02,8
G9的双腔空气悬挂比L9和ES7更高级啊,2022/8/10,AD007,2
请问找私桩充电一般用啥APP？,2022/8/9,wego,12
极氪交付量为啥一直不高啊,2022/8/9,zpw2000,12
阿维塔最大的问题-太矮了,2022/8/10,sdlk,13
那批冰雹车卖完了么？,2022/8/9,z375437138,7
8月第一周交强险数据 (转载),2022/8/10,xiadayu,9
来了来了，下半年压轴旗舰登场,2022/8/10,AD007,13
哪吒和深蓝的增程版你们更喜欢哪个,2022/8/10,xyhou,1
taycan 创造纽北量产电车圈速纪录 (转载),2022/8/10,tsa300,3
有靠谱的7座新能源推荐吗？,2022/8/9,TRACERlab,12
比亚迪ACC自动巡航，减速到低于0kw时，就不加速，一直减速了，,2022/8/5,Kenny1107,17
Re: 三元锂零度以上的容量都还行啊,2022/8/10,原帖已删除,7
我说一个国产新势力用非车规芯片的例子,2022/8/8,TimeAndRiver,11
乘联会发布2022年7月份全国乘用车市场分析,2022/8/10,ia,4
几何C pro 用车1年+乌兰哈达自驾,2022/8/9,sisimex,8
Re: 360倒车影像咨询,2022/8/10,原帖已删除,5
iGeek被取消在GreenAuto版的发文权限,2022/8/10,deliver,0
崇礼周末返京 怎么躲避京礼高速进京排大队,2022/8/9,bingboo,7
TimeAndRiver被取消在GreenAuto版的发文权限,2022/8/10,deliver,0
本版有人买极狐HI版吗？,2022/8/8,Tony2013,8
Re: 极氪009有点帅,2022/8/10,原帖已删除,6
小区有一辆新唐,2022/8/9,DoubleH,2
现在这些车的名字，让人不知道是哪家公司的产品了。,2022/8/10,infaith,0
BYD成交均价17.4万了,2022/8/9,he111,8
今天试驾了极狐T,2022/8/7,BrownPupil,19
dadoudanbai被取消在GreenAuto版的发文权限,2022/8/10,deliver,0
这个阿维塔11有点帅啊,2022/8/9,xianwuyiye,2
阿维塔35w好便宜啊，比蔚来同档次的便宜5-10,2022/8/9,content,38
烧了一辆SUV，眼神好的看看啥车？,2022/8/9,erVShb,16
实地看了海豹和model3，发现还是有很大的区别,2022/8/9,langmanyixia,7
6-8个月的库存车,2022/8/9,stme,2
报告一下这两天草原天路体会,2022/8/9,rowiner1771,2
五菱宏光 MINIEV变流器的基本原理,2022/8/9,lt6868,1
智己为什么上市两个月就凉了，不应该啊,2022/6/30,content,19
L9与M5的增程器，哪个好？,2022/8/9,vop,1
极氪001怎么样？,2022/7/26,DateBase,113
国产SUV哪一款性价比高？哪一款外观漂亮？,2022/8/9,OnlyTea,12
Re: 请问马上要提车了，结果要外派工作一段时间,2022/8/9,原帖已删除,1
上周末去试乘了id6 x和c,2022/7/18,shuaihujun,10
我怎么觉得华为的电驱做的很差啊,2022/8/8,eryemajia,18
很多车为什么热衷于设计成暴晒？,2022/8/5,pNeo,165
乘坐舒适的纯电车？,2022/8/9,wen1984,6
周末草原转一圈 充电情况汇报一下,2022/8/8,ruige0822,7
重发：与特斯拉差10万的比亚迪车型，体验感如何,2022/8/4,Cidyshi,97
7月份出口了多少汽车啊？,2022/8/9,Vibration,2
【吉利发文贬低日系汽车遭罚1万元】,2022/8/9,chaodide,6
"海豹对标Model3,为什么比3重了几百公斤？",2022/8/8,langmanyixia,33
500续航和600的续航，差别大吗？谢谢,2022/8/7,walkman777,32
有人关心今晚的阿维塔吗,2022/8/8,xyhou,11
新提的蔚来es6,2022/8/8,Henry14,22
下雨雷电天气，敢充电么？到底,2022/8/6,chouachou,11
有人遇到过新车12123备案不了的情况吗,2022/8/8,wanglei8478,4
蔚来打不开门，为什么不求救客服？,2022/8/6,zyzx77,6
汉dmi,2022/8/9,huankuib,2
不喜欢坐新能源的出租车和快车,2022/8/8,terminats51,14
ES6北京到潍坊 470公里 六小时,2022/8/7,xunzhe,48
阿维塔11的售价为34.99万元-40.99万元,2022/8/8,biubiu02,12
一直想等林志颖碰撞速度公布,2022/8/8,zyzx77,2
Re: 手头有根从来没用上的充电线，能改造成放电枪吗？,2022/8/8,原帖已删除,1
阿维塔续航怎么这么差,2022/8/8,biubiu02,4
想买海豹 低配版  有想订车的板油吗,2022/8/8,langmanyixia,1
夏天高温是不是也会降低新能源续航里程,2022/8/8,nanfengfeng,6
月租100度电池跑了一次长途,2022/8/8,qiangsir,15
现在cltc 700实际只能跑500吧,2022/8/8,meirenai,3
张北的充电设施太糟糕了,2022/8/8,aiyawoqu,4
今天转了一圈，求推荐,2022/8/7,z375437138,6
城市小巧才是王道,2022/8/7,flying12345,6
那个起步抢灯/闯灯被撞起火的model 3,2022/8/8,unknownzerx,3
[求助]新能源保险选择,2022/8/6,KdF88,2
挚达充电桩如何？220、7KV型号，价格优惠到3000元，值得入不？,2022/8/5,zl5496,15
[新能源]求推荐一个六座的新能源,2022/8/6,demonlinjun,20
一锅电724公里？,2022/8/8,nonexist,26
Et5太宽了,2022/7/30,shunderen,37
还有哪些纯电车是没有天窗的？,2022/8/7,wwpty,14
一天丽江成都,2022/8/8,gofly,1
昨天定了元plus的白色现车,2022/8/7,astrion,9
极氪新车车祸,2022/8/5,livermore,22
请问，哪儿看电车的店铺多，一次能看多家的。谢谢,2022/8/7,walkman777,11
想换油车了,2022/8/7,wangzhengbj,4
海豹出来这么久了怎么连个试驾视频都没有,2022/8/8,WebSun,1
对小鹏的语音控制深感失望,2022/8/7,pNeo,9
狗日的比亚迪售后,2022/8/5,huang10zhi,17
电动汽车对油车，相当于电驴对摩托,2022/8/7,littelShrimp,2
新能源小客车购车充电条件确认书,2022/8/6,snowolfbuaa,9
比亚迪车载导航没声音,2022/8/7,limitsky009,1
特斯拉不能识别摩托车啊,2022/8/7,quany,4
smart貌似要出四驱巴博斯版了,2022/8/6,bangke,2
终于知道比亚迪和广汽为什么不宣传自己的辅助驾驶能力了,2022/8/5,AD007,17
E6出行，老当益壮,2022/8/1,puray,29
磷酸铁锂-15度还能充放电吗？损伤大吗？ (转载),2022/8/6,Siegelion,5
求问，价格低谷大概几月啊？,2022/8/7,panyrd,1
个人充电桩，需要弄个铁盒子么？风吹日晒的不会坏吧,2022/8/7,chouachou,3
EU5真*单踏板体验,2020/11/30,spherex,17
Re: 昨天与友人一起去海边玩桨板,2022/8/7,原帖已删除,6
家里7月购入一台汉EV，与model3的对比,2022/8/4,celluloid,27
如果没有司机MPV只适合做家庭至少第三台车,2022/8/6,huanyongID,21
问下特斯拉车主们,2022/8/5,zyzx77,7
友提：小鹏G9，8月10日预售，9月上市,2022/8/5,census,12
有临牌去过大兴机场吗,2022/8/7,COCO414,0
这两天下雨，电耗高了不少啊,2022/8/5,djkstra,7
版上有人关注几何吗？,2022/8/5,tiger78,7
新势力迟早是炮灰,2022/8/5,woaiwoer,23
比亚迪7月销量明细,2022/8/3,googlestyle,8
第一次用小鹏p5的辅助驾驶,2022/8/4,woodandearth,15
跑了一个小长途,2022/8/5,waye,10
哪款纯电车经历最久最多代？,2022/8/5,LeonTang,7
为啥不能将一部分电池放到车顶？,2022/8/6,williamtong,13
今天的极氪进化日之后，没有短板了，剩下都是优势,2022/7/11,cosun,66
高速高温确实费电，再创剩余电量新低,2022/8/6,ceb,1
求推荐：铁锂，非玻璃顶，传统型电车,2022/8/4,shyfox,35
smart1看着不错,2022/8/4,Laurasia,6
理想one的整车终身质保会将如何收场？,2022/8/5,Krete,9
model y标续年底要换72度电池？,2022/8/6,gen9,7
AITO问界M5 EV纯电版和增程版的一些区别,2022/8/5,rasper,28
Re: 请问高速服务区充电桩用什么支付啊？,2022/8/6,原帖已删除,10
我们就来讨论一下，极氪的表显电耗是欢乐的吗？,2022/7/31,cosun,96
奇瑞的电车怎么样？,2022/8/5,luoxiaogui,13
元pro和海豚买哪个？,2022/8/5,drhtd1,12
最近海南租ID4 cross的感受,2022/7/30,SpyMan,22
小鹏辅助驾驶吹的这么NB，为啥网约车司机不买？,2022/8/5,yehorse,6
没有司机还买MPV的都是怎么想的？,2022/8/5,huanyongID,11
这车主好有意思,2022/8/4,tcwyzhf,22
请问绿牌的混动车在北京会不会被拍限行,2022/7/26,xtqdm,6
你们保费几折？,2022/8/5,hernij,2
id3，欧拉好猫，海豚，smart#1怎么选？,2022/4/25,tiemsn,37
特斯拉3标续55°用了几年了？Y标续60°用了几年了？,2022/8/4,langmanyixia,2
汽车界这是第一例吗？,2022/8/4,googlestyle,9
小鹏的紧急制动？,2022/8/5,lcy362,1
byd现在是全面开花啊,2022/8/3,BrownPupil,12
你们下车时也常常忘记带手机吗,2022/8/5,dragonfly112,4
开了1000多KM的小蚂蚁,2022/8/4,nanfengfeng,7
探讨一个问题，关于电车和油车,2022/8/5,be250,16
雨太大，车被泡了,2022/8/4,prettyshelia,15
明天有场极狐主办的摇滚，就在798,2022/8/4,wangdass8,10
几百余次恶意传播不实信息 小鹏起诉车主赔偿80万元zz (转载),2022/8/5,oBigeyes,1
求推荐20万内落地SUV，冬季高速续航300以上,2022/8/5,baller,6
比亚迪有没有可能成为比华为都牛的高科技企业？,2022/8/4,googlestyle,106
那些自燃的车的车主会获得厂家多少赔偿？,2022/8/5,bfield,2
西安的比亚迪出租车有多牛,2022/8/5,newcattiger,0
猜一下，海豹底盘VS极氪底盘,2022/8/4,txq,6
[求助]新能源5年后电池衰减40%，怎么办,2022/8/4,xiucaijiang,15
特斯拉“酒驾”车祸 车主称坐副驾车子自己开的：官方公布结果,2022/8/3,nswdxqq,125
坐标天津,2022/8/5,zbcsey,0
Re: 比亚迪到底为什么能卖那么多？奇怪,2022/8/5,原帖已删除,26
有深度对比过特斯拉和比亚迪的么,2022/8/4,Cidyshi,36
论坛好热闹。byd又火了。我预计最晚明年12月2万亿市值。,2022/8/4,qian272,12
工信部：搭载L2级辅助驾驶的车辆不得靠近天文台,2022/8/4,xtfj,5
电池长期使用零衰减很容易实现吧？,2022/8/4,shuaigege,3
我平均能耗185Wh/km是不是太高了,2022/8/4,bfield,6
25000转电机+1200V碳化硅电驱动+1000V高压充电,2022/8/4,iGeek,9
我的北汽蓝谷腰斩了，极狐到底什么时候雄起啊？,2022/8/4,OkBaby,25
【比亚迪分车型销量来了，真赢麻了】,2022/8/3,chaodide,17
求大众ID4后装360全景影像的靠谱店铺,2022/7/20,ericccc321,23
比亚迪 7 月新能源汽车销量 162530 辆,2022/8/3,newperson,49
沃尔沃c40怎么样,2022/8/4,zhuangsunzi,1
明年特斯拉3/Y标续换装72kWh铁锰锂电池，EPA续航500公里起,2022/8/4,yehorse,11
欧拉好猫开了500多公里了，说说感受,2022/8/4,JoeWoo,13
现在转个人新能源排队怎么样...,2022/8/1,intheend123,18
可以夫妻间买卖车辆吗,2022/8/4,fuweihua,9
林志颖事件有进展吗？,2022/8/2,wazgwsmj,28
7月的电车销量 前五名是哪几家？大佬们,2022/8/2,HLWJSJ,14
我这辈子不会买电车了,2022/8/2,woaiwoer,24
世界500强，德国前4家有3家是车企，日本前3家中有2家是车企,2022/8/4,bhlsee,1
Re: 绿牌停车真便宜,2022/8/4,原帖已删除,18
[求助]哪位大神知道电车冷却液的，自己加的话影响质保吗,2022/8/4,roffy,4
新能源车也要步智能手机的后尘,2022/8/3,iGeek,11
续航对于帝都用处真没那么大,2022/8/3,shunderen,10
讲真，比亚迪是怎么让海洋网搞起来的？,2022/8/4,Nordahl,12
未来汽车业，比亚迪世界第一，蔚来世界第二,2022/8/3,mafama,27
Re: 比亚迪的高端品牌到底啥时候推出来？,2022/8/4,原帖已删除,1
极狐现在是什么优惠政策啊,2022/8/3,stillliving,11
2022上半年终端销量榜：比亚迪57万辆强势夺冠 三家新势力跻身前,2022/7/20,jzh800,54
[原创]电动车的保值率猜想,2022/8/1,orangeqi,11
比亚迪为何频现“起火门”？车主称某批次刀片电池故障率高达2.5,2022/7/1,nowait,15
财富世界500强企业——汽车行业企业营收排名,2022/8/3,he111,3
接送孩子的小车有什么推荐的吗？,2022/8/4,hypnos,1
终于提车了，极狐阿尔法T,2022/8/3,songami22,41
这个电池怎么样,2022/7/13,yubing,5
我发现最近一到发布月销数据的时候,2022/8/3,kaka2w,6
极氪001这么强吗？,2022/8/3,huanyongID,18
最近比亚迪唐烧了好多,2022/6/7,tj343,29
ZZ比亚迪小白鼠们反映的宋PLUS-DMI的心惊肉跳大问题。我错了，,2021/12/19,bluekakaxi,18
【一年3000起火灾！但爆燃，才是新能源汽车致命缺陷】,2022/8/3,chaodide,10
比亚迪现在貌似不需要找营销水军吹或者给黑嘴发钱堵嘴了,2022/8/3,tiaoyang,21
比亚迪美中不足，就是[汉]进入饱和期,2022/8/3,willExp,8
有必要去4s店保养吗？,2022/8/3,thindy,3
长续毛豆y暑期北京到陕西1000km+高速体验,2022/8/3,insanery,23
还有比加电APP充电桩信息更全面的吗,2022/8/3,lawker,10
昨天晚上好多朋友说今天不能开特斯拉上班了,2022/8/3,langmanyixia,2
开eqs的是大富豪了,2022/8/3,shunderen,3
我想问一下贾老板的FF91啥时候量产啊？,2022/3/8,aKong,32
猜猜比亚迪七月销量,2022/8/2,west,17
极狐已经被二手车商盯上了！,2022/8/3,WebGL,0
海豹逗人玩呢？怎么还没有上路测评？？？,2022/8/3,langmanyixia,5
新势力的全球第一,2022/8/3,juinjwst,6
网约车占销量的水分太大了,2022/8/1,AD007,29
激光雷达费电么？会导致续航变短吧,2022/8/3,tanguofu,3
日本人把BYD进军日本比作黑船来袭,2022/7/27,he111,52
不得不说，贾会计才是真的厉害,2022/8/2,aKong,2
标续的model3和Y 都是60°电池？？？,2022/8/2,langmanyixia,44
866竟然一个月还能卖七千多,2022/8/1,mafama,10
甘南青海行之理想one专辑,2022/8/2,Krete,4
所有动力电池都有起火的风险,2022/8/2,wanllow,9
体验了一把国网高速充电桩,2022/8/3,idbyr,3
Re: 请问怎么查自己有没有违章记录啊,2022/8/3,原帖已删除,2
特斯拉出事故后排怎么逃生,2022/8/3,wangstone,11
小鹏已经不行了,2022/8/2,mafama,17
理想的大卖，丰田大众在偷笑,2022/8/2,lamtop,11
各位车主，随身充有没有必要买一个？,2022/8/2,bfield,11
DMI比油车有优势在哪？,2022/8/3,xubeida02,5
比亚迪唐 和 极氪 选哪个啊,2022/7/26,silybh,28
我就不明白了，现在家用充电桩，每个车位加个1kw的充电插座,2022/8/1,guluda,32
Re: 丰田混动为啥没推背感？,2022/8/3,原帖已删除,23
L2L3辅助驾驶个人理解,2022/8/2,zyzx77,7
一个资深油车车主对电车的疑虑，盼解答,2022/7/28,daut,110
理想one四川乐雅高速起火烧成光架,2022/8/2,zhangxy11,7
提一辆唐EV2022款，被周围人甚至销售都觉得是异类？,2022/7/18,BubbleRider,56
7月新势力榜：哪吒首超小鹏夺冠 零跑夺得亚军,2022/8/1,jzh800,48
求推荐30左右的电车,2022/8/1,BICC,25
现在家庭积分74能排上电车吗,2022/8/2,skywulin,6
看到一个很搞笑的设计,2022/8/2,eiming,0
我还有一事不解,2022/8/1,zthenry,16
怀疑比亚迪找算命先生了,2022/8/1,xfqewfy,13
一个极氪车的事故照，安全性如何，多空自取,2022/8/2,cosun,24
特斯拉开了4个月，想换车了,2022/8/2,txq,18
小鹏G9相当于哪款油车,2022/8/2,LeonTang,4
求教：汽车有必要贴膜吗？,2022/8/2,Cndream,1
原车不是防爆胎，也不配备胎，是厂商鸡贼吗？,2022/8/1,minix3,21
我不会再买油车了,2022/8/2,youyuan715,1
已有一台纯电，再来一辆dmi，如何？,2022/8/1,xubeida02,24
周末北京周边高速国网汇报,2022/8/1,ruige0822,11
蔚来一周跑了2500公里高速，换电10次，一次一键加电,2022/8/1,xsgzb,13
唐EV的730续航6坐版，下来多少钱各家店还有优惠不一样吗？,2022/7/10,BubbleRider,5
请教自驾去阿那亚问题,2022/8/1,bloodlust,25
万一擦枪走火，特斯拉会咋样？,2022/8/2,pany,8
[讨论]长城汽车犯了哪些错误，才导致了今天的局面呢？,2022/7/26,flameboy,46
今天做了二保，256元,2022/8/1,oRo,6
问界7月份交付7228辆,2022/8/1,ia,9
塞力斯7月销量7807？,2022/8/1,djkstra,13
懂车帝高温高速续航测试,2022/7/27,WebSun,30
晚上高速上的激光有啥用,2022/8/2,jpye,1
广汽埃安：7月销量25033台 同比增长138%,2022/8/1,GodBye,5
极狐今年涨价了吗？,2022/8/1,orwell,20
大众ID4驱动电机用的谁家的？,2022/8/1,bingo1982,5
预估7月主要新能源车企上险量。,2022/8/1,chaodide,7
海豹发布会，老车主追杀要求OTA，提车,2022/7/29,elanse,50
粗大，理想缸裂,2022/7/30,ykai666,23
开特斯拉的非常人,2022/7/30,win2012,23
AITO问界车机直接用微信，其实就是生态化能力的体现,2022/8/1,rasper,26
海豹也是个小垃圾,2022/7/31,kaka2w,87
大家对数字钥匙这个功能怎么看,2022/7/31,db16122,21
小鹏p5的LiDAR,2022/7/30,GeneralMilk,17
埃安7月销量 25033台,2022/8/1,winsen,6
听蔚来说压铸件不够导致7月产量低,2022/8/1,willExp,4
蔚小理7月都上万了,2022/8/1,peibch,5
零跑12044,2022/8/1,L234118,3
据说林志颖差点被隐藏式门拉手干掉,2022/7/28,bd95,22
卧槽L9确认订购了三万多辆,2022/8/1,huanyongID,4
版面积分变更记录,2022/8/1,deliver,0
极狐开了850km长途，补电一次，总共用时10h，油车也差不多这样,2022/7/31,nuoya123,65
第二个：哪吒七月份交付14037辆,2022/8/1,ia,16
宝马因电池问题在海外召回部分iX和i4,2022/8/1,tedxyz,1
3月份定特斯拉有提车的吗？,2022/7/27,kevinfeng,2
长安深蓝是长安吗？,2022/8/1,spritesw,5
油车一样烧,2022/7/30,vago,9
第一个：极氪7月份交付5022辆,2022/8/1,ia,13
电动车里程为啥不做成油车那种亮灯后还能开几十公里的。,2022/8/1,iwantpb,5
买车一定要多去试驾对比,2022/8/1,elanse,26
30-50w有什么推荐吗？,2022/7/30,deckard528,16
未来智能的发展方向必然是手机与车机的互动,2022/8/1,TimeAndRiver,5
零跑c01啥时候上市呀,2022/8/1,h9527,4
早就说P5激光雷达的位置太不讲究,2022/7/31,piggybankk,17
求问车管所现场选号可以设置不带4么,2022/7/29,Ryanel,12
再说一下换电体系,2022/7/15,gucasxiaot,122
7月份的新能源汽车销售量什么时候公布？,2022/8/1,Vibration,7
去年底的订单，白y,2022/6/29,shiguang,19
应急脱落是一项很成熟的技术，应该早日应用到电池包上,2022/7/31,zyzx77,6
以后电车是不是就是自己可以攒车了,2022/8/1,kcsg,4
领克09插电18度电池才续航60?,2022/7/29,nsm,5
电车起火以后，有能起作用的灭火器么？,2022/7/31,xiiii,6
网上看到的各种类型电池,2022/7/31,win2012,27
现在这经济形势，只有新能源汽车不断涨价,2022/7/30,crystalboy,12
WEY曾经被货车撞后掉下20米立交桥，车内所有五人幸存,2022/6/24,test321,25
ID3如果续航能达到600km就完美了,2022/7/30,Laurasia,10
今天去换了次电,2022/7/30,gofly,5
比亚迪也烧了,2022/7/29,tanguofu,33
开夜车,2022/7/31,zthenry,50
没事别跑北戴河、阿那亚，顺便晒一个极氪高速电耗,2022/7/30,cosun,62
看了最近的事故，默默的买了水基灭火器放在车里,2022/7/30,zbh333022,13
Re: 看尿崩有感，为什么,2022/7/31,原帖已删除,22
sl03唯一的缺点,2022/7/30,shuaigege,8
听说以后新国标要推动取消车载慢充口？,2022/7/29,laputa2013,87
请教：连车带号租给汽车租赁公司，风险会基本可控吗？ (转载),2022/7/30,wazgwsmj,8
纠结极氪001跟特斯拉model Y,2022/7/30,kevinfeng,9
海豹怎么样 没上市 理论上 同价位还有什么推荐？,2022/7/28,sn89991,15
新能源优惠政策明年继续啊,2022/7/30,numgao,7
试了smart,2022/7/30,Lypher,7
昨天试驾了极氪001，感觉挺好啊，为什么没热度呢,2022/7/29,Metoes,42
出了车祸油车电车哪个烧的快？,2022/7/29,Dadubaba,12
蔚来车主来分享快捷场景吧,2022/7/29,moonfish,11
电动车小电池和油车小油箱没法比,2022/7/29,plum2000,42
没有私桩的电车真是电动爹，不接受反驳,2022/7/29,skyfromheart,39
请教aion lx plus这车怎么样，值得入手吗？,2022/7/30,monkeyguy,9
现在还是买dmi好点,2022/7/29,willExp,7
理想这公司真鸡贼,2022/7/30,zthenry,13
[新能源]上周决定换车，昨天定了ID4X,2022/7/21,voTvo,28
丰田混动买早了啊,2022/7/30,bdjnl58,10
昨天坐了下极狐 s，确实还可以,2022/7/29,hulafly,75
[讨论]如果电池密度形成每硬盘对应1000kwh就好了热插拔,2022/7/30,nextworld8,4
雷克萨斯LM代表了新势力的造车理念,2022/7/30,skyfromheart,12
请问id4/id6有什么硬伤吗？,2022/7/28,mayi,29
唐DM召回52928辆,2022/7/29,LucaToni,20
从郊区搬城里，一油一电，开的少，想租出一个了。,2022/7/30,aaron333,0
买新能源，记住一定要买电池大的,2022/7/29,laoxinzhe,6
23落地拿下ID6x 我手上的几何C能出多少？,2022/7/28,wln1983,9
转：model2遥遥无期了,2022/7/29,zyzx77,3
3yc水军真吹牛逼，之前说海豹预定量十几万,2022/7/29,meirenai,5
[求助]请教各位大佬，说电车有辐射，辐射从哪里来，有认真求证,2022/7/3,daffadilly7,11
电车辐射问题,2022/7/23,IAMNOTIAM,53
电动汽车 辐射有多大？有人研究吗,2021/3/25,number21,20
海豹最终还是走向了杀马特风,2022/7/30,AD007,0
电车跟油车都有各自的特点，为什么一定要比个高下？,2022/7/30,larryshen,1
比亚迪扩大召回部分唐DM电动汽车,2022/7/30,Icanread,0
自燃数据 (转载),2022/7/29,Icanread,8
全国换电标准起草组工作会议在厦门举行,2022/7/29,lly9666,3
sl03没人讨论吗？,2022/7/30,Laurasia,0
小鹏占有率这么高了吗,2022/7/29,pNeo,5
理想one经典漏尿重演，这次窜稀,2022/7/29,zhangxy11,5
昨天到万达里面的华为店铺看了看AITO M5，几点感想,2022/7/29,beanspower,6
Re: id4这车怎么样,2022/7/30,原帖已删除,4
刚买了车就卖，啥渠道最合适？,2022/7/24,Coca,20
林志颖tsl碰撞正面视频,2022/7/24,lwc1785,58
蔚来造手机实锤了,2022/7/29,mafama,40
10万左右的新能源占牌车有推荐吗,2022/7/29,tuelee,2
懂车帝夏季41款新能源实测,2022/7/29,weibeiqs,0
dyatpk被取消在GreenAuto版的发文权限,2022/7/29,deliver,0
litra被取消在GreenAuto版的发文权限,2022/7/29,deliver,0
新能源车应该配一个声音很低的小喇叭,2022/7/26,huankuib,10
求拉id4的群,2022/7/29,ahava,0
问界M5出纯电版了,2022/7/29,Soar,3
比亚迪召回唐DM,2022/7/29,laoxinzhe,0
极狐S高速跑500多km太轻松,2022/7/28,nuoya12,99
氢电版就是个噱头，没啥看头,2022/7/26,mafama,15
吉利的SEA浩瀚纯电平台正在不断开花结果,2022/4/26,cosun,39
电车电池包应设计成着火自动脱落,2022/7/28,yehorse,48
发现一个现象，本版热门讨论的车都是小众车,2022/7/29,meirenai,21
见微知著，如果还有需要搭电的问题，只能说明没有用心做产品吧,2022/7/28,bbser,16
现代昂希诺EV，和我杠上了,2022/7/28,housuo,16
手机车机互动的一些探讨,2022/7/29,TimeAndRiver,9
岚图FREE和赛力斯SF5是什么关系?,2022/7/29,runneronroad,1
为啥电车跑高速反而续航不如城市里面跑,2022/7/28,snowolfbuaa,19
Re: 我个人认为还是吉利有前途,2022/7/29,原帖已删除,13
极氪终身免费道路救援，也别随便闯无人区啊,2022/7/28,cosun,12
青海湖电车比赛油耗，比亚迪问界前2,2022/7/27,EmperorPiero,9
[求助]借宝地求个充电桩，7KW就行，多谢！,2022/7/27,Leslie1987,12
问界M5的高速亏电油耗到底多少？,2022/7/28,djkstra,51
问界碰到硬茬子了,2022/7/28,ia,38
极中一点丨夏测中赢麻了！小福狸带你解锁夏季用车的正确方式,2022/7/29,ylh0315,0
特斯拉新镰刀: 车载地图和本地音乐都要在8年后付费订阅,2022/7/28,hondooo,43
租了2周丰田雷凌，谈谈和奔驰电车eqc的对比,2022/7/26,howard2conni,8
ID6C 2个月感受,2022/5/30,bigfreexyz,64
塞罕坝（机械林场）充电桩,2022/7/27,spritesw,5
订了极氪,2022/7/18,littleagle,28
你们第二年保费几折？没报保险的情况下,2022/7/28,hernij,2
奥迪etron这车不错,2022/7/28,wanglord,3
现在的汽车市场太好玩了,2022/7/28,huanyongID,10
非全面评价问界M7,2022/7/28,TimeAndRiver,12
电车就是活棺材，话放这儿,2022/7/24,artech51,71
2022年上半年新能源汽车自燃事件统计,2022/7/26,davylzu,25
高速肉车真tm毒瘤,2022/7/24,zthenry,20
理想one上市的时候也是各种断前轴,2022/7/28,Jailbird,3
有人转5米长的32A充电桩延长线不？,2022/7/28,tankeVIP,2
上海是今年买混动还是等到明年,2022/7/19,blind,21
