﻿主题,发帖时间,_ 作者,回复
荣放双擎hev油耗4.5个，不错啊,2022/7/28,bdjnl58,1
[合集] 【太可怕了，不被注入灵魂就只有被干死。理想只是开头。,2022/7/28,nolonger,0
试驾时自燃的是独此一份吗？,2022/7/26,dsf008,6
林志颖的安全带和AP,2022/7/27,dyatpk,21
这就是某些板油吹的零跑？,2022/7/24,piggybankk,22
北京插混的公交车是增程吗？,2022/7/28,runneronroad,1
张家口太舞小镇能开model y去吗？,2022/7/27,evermore,10
500万以内最好的车出师不利,2022/7/26,googlestyle,14
试驾smart归来,2022/7/27,foxxxxxx,6
[合集] 我一直以来都不喜欢华为这家公司,2022/7/28,oBigeyes,0
共享电池是一个不错的解决方案,2017/10/12,BirdFans,35
理想又出负面了？,2022/7/27,kyodidi,10
左转道直行会被拍吗？,2022/7/28,mdits,1
去小康总部开了开M7，感觉没什么感觉,2022/7/27,lly9666,1
请问版上车神，BMW新i3是油改电吗？是不是智商税？,2022/7/28,laisg11,4
电车能免费换电池，油车能免费换发动机吗？,2022/7/27,isaacova,7
智己L7荣膺环青海湖电动汽车挑战赛“全场积分冠军”,2022/7/27,chenjiaxin,18
argo201被取消在GreenAuto版的发文权限,2022/7/28,deliver,0
laopeng被取消在GreenAuto版的发文权限,2022/7/28,deliver,0
wangdass8被取消在GreenAuto版的发文权限,2022/7/28,deliver,0
北汽ex3哪里还有卖的？,2022/7/25,kxyang,13
大家最低开到过显示多少续航？,2022/7/27,JEFW,21
50万的豪华纯电标杆来了，奔驰EQE,2021/9/6,AD007,40
电车充满电之后还是显示标称的续航里程？,2022/7/27,hebbyliu,13
Re: 极狐Hi直播中,2022/7/27,原帖已删除,4
Re: 宝马也烧了，还是试驾车,2022/7/27,原帖已删除,2
有一事不解,2022/7/27,zthenry,17
飞凡R7咋样,2022/7/26,dancerBUPT,30
不懂就问：版上鄙视的油改电平台，到底缺点在哪？,2022/7/26,BICC,35
想买辆二手高尔夫纯电，比新车还贵,2022/7/26,zyzx77,12
zz 车企为什么喜欢全景天窗,2022/7/26,Dankeschon,13
路遇smart精灵,2022/7/27,ntstar,6
特斯拉的导航是自己做的，地图数据用的百度,2022/7/27,starstoner,8
林志颖怎么样了？ 醒了么？,2022/7/27,tanguofu,4
看了下30~40万的纯电SUV选择不多啊,2022/7/27,wonder0321,6
辅助驾驶真是太好用了，有大于等于ix3辅助能力的车吗？,2022/7/12,pany,39
零跑c11怎么样,2022/7/27,yourtruelove,3
懂车帝夏测百公里加速排行榜,2022/7/26,omin,60
电车就得保护好底盘，托底烧的风险是比较大的,2022/7/26,huankuib,5
按钮好还是触屏好,2022/7/27,TimeAndRiver,22
[电动]一段京哈高速电车能耗分享,2022/7/25,litra,31
国产新势力崇洋媚外的原因分析,2022/7/26,TimeAndRiver,64
iev4置换个啥微型车好？,2022/7/23,Dingshuding,32
sl03怎么没见人讨论,2022/7/27,meirenai,1
请教大佬们选号的问题,2022/7/26,fendou968,2
今天看了理想L9,2022/7/26,west,0
2022年上半年插电混动销量排行,2022/7/26,Dankeschon,2
modelY 90分的话，国产电车分别多少分,2022/7/26,liyiyouwanan,20
想换个保险公司，怎么联系,2022/7/6,jpye,7
[新能源]年底买会不会便宜点儿？,2022/7/26,iambk,3
Re: 为什么试驾阶段L9没那么火了,2022/7/26,原帖已删除,5
全国各地高温持续，新能源汽车全景天幕被吐槽暴晒…,2022/7/24,bmulp,137
拿铁DHT-PHEV上市了,2022/7/26,gallado,17
哪位大佬知道现在车管所现场选号，新能源都是什么号段了呀？,2022/7/25,fendou968,13
新能源大家都去哪保养，我的ei5开着挺好的，4万5了,2022/7/26,wdwz2003,2
吐槽下，下订单被踢，大众ID6X两驱顶配,2022/7/21,wln1983,10
cltc比nedc还虚啊,2022/7/26,DoubleH,22
啥时候出燃料电池增程,2022/7/26,hidenfly,14
今年绿车多了，天气也热了，谁说绿电能降温我和谁急,2022/7/26,isaacova,2
辽宁真完蛋，高速服务区居然普遍没有充电桩,2022/7/25,phoenixhills,30
原来在问界上喷我的黑子们还敢露头吗？,2022/7/26,snwofox303,17
东风EV新能源刚出的纳米box不错。,2022/7/26,FLYBBS,7
极狐品牌已经立起来了,2022/7/25,sdlk,34
怎么计算电损呢？ 电表的度数和桩子的度数差？,2022/7/25,chouachou,11
充电桩安装，线多少钱一米？,2022/7/26,huangp99,5
买电车的人,2022/7/23,woaiwoer,13
前两天休假回家开了两天油车，油费好贵！,2022/7/25,xiaorongrong,9
太搞笑了,2022/7/25,rovskin,1
帝豪插混还是当油车卖吧,2022/7/26,wuhuadasha,1
电车啥时候能降价啊？,2022/7/26,socool,3
丰田双极镍氢电池,2022/7/26,gallado,0
新家地库旁边有个现成的桩子，感觉要被浪费了,2022/7/21,CRH11,48
Re: 有一事不明，有人喷特斯拉的底盘吗,2022/7/26,原帖已删除,13
我发现岚图梦想家不错,2022/7/26,xiiii,0
为啥林车祸都觉得是辅助驾驶的锅,2022/7/22,wrsea,49
我是个悲观的人,2022/7/25,zyzx77,5
理想科普钢铁比铝合金牛逼了！,2022/7/14,Nordahl,101
林志颖的tesla为什么撞上会起火?,2022/7/22,FlytoSkyBoy,258
有各省的新能源保有量数据吗,2022/7/26,chouachou,0
特斯拉车主都说空调好,2022/7/25,dsf008,22
为什么国产新势力全面抄袭特斯拉全景天窗？,2022/7/26,TimeAndRiver,15
路上被刮蹭了，别人逃逸，应该怎么举证，怎么处理,2022/7/24,chouachou,2
买个柴油机放后备箱，就是增程车了吧？,2022/7/26,deu66,4
秦EV历年优惠幅度,2022/7/25,zyzx77,3
上半年新能源渗透率 帝都排名原来这么靠后,2022/7/25,zwjwswjwz2,17
当前技术条件下追求自动驾驶就是误入歧途,2022/7/26,shangni,9
全景天幕无遮阳帘，打伞你能忍吗,2022/7/26,donnie125,1
长安深蓝SL03上市,2022/7/25,sn89991,8
听说北京拟允许申请微型电动汽车牌照？求真伪,2022/7/25,gdff,28
为什么林志颖的Tesla Model X没触发自动躲避？,2022/7/24,D1333,37
请问定金可以退么？,2022/7/26,YxMg,0
现在新能源车牌行情咋样了,2022/7/25,zp0425,4
zhouxxs被取消在GreenAuto版的发文权限,2022/7/26,deliver,0
杭州特斯拉被撞起火,2022/7/25,gpr,3
揽获7项大奖！极狐阿尔法S在第九届环青赛载誉而归,2022/7/25,ylh1969,2
我比较期待的电动车,2022/7/24,xiiii,5
比亚迪汉上半年卖的不错,2022/7/25,henrykaka00,12
还是特斯拉防晒 (转载),2022/7/25,lwc1785,0
极狐吹应该去年轻受众多的论坛吹,2022/7/25,chuanlang,12
浇水降温 特斯拉,2022/7/25,tanguofu,0
eqe真是丑出天际,2022/7/25,safari,0
从唐2015换到宋dmi四驱会有哪些不爽？,2022/7/25,kirbyzhou,0
多花几万买华为版的极狐值吗,2022/7/25,tianya123456,11
现在你还会买特斯拉吗？,2022/7/25,henrykaka00,19
新能源车的几个脑残设计：取消物理按键，无框车窗，隐形门把手,2022/7/24,CyberTruck,20
2022唐ev四驱每百公里花费34块,2022/7/23,Dadubaba,19
[讨论]新能源车盈利难，主机厂纷纷考虑自研电池,2022/7/25,flameboy,6
正式上市一年半了，dmi还是一个对手都没有啊,2022/7/23,liangges,22
林志颖撞车差点被火化事件是一个巨大的负面广告,2022/7/23,Engelberger,40
现在个人切换电车牌，要排队多久？5年够吗,2021/9/26,liaochen,32
新能源夏测在哪看完整版啊？,2022/7/24,kirbyzhou,4
高速经验不多，从北京到沈阳，走不走高速呢？,2022/7/24,phoenixhills,16
求问：比亚迪汉EV，有必要买四驱吗,2022/3/24,popcorn1207,27
现在油标和电标市场价都是多少,2022/7/25,stonetong,1
为什么特斯拉Model Y有点像轿车是正常的,2022/7/24,yehorse,1
Smart这小车卖爆了,2022/6/7,zhonglun,168
途观烧死上汽老总那次,2022/7/24,shunderen,10
还是得买比亚迪,2022/7/24,henhenhahi,18
五菱星辰混动版8月上市，P1+P3双电机串并联,2022/7/25,census,0
极狐汽车用市场证明了掌门人王秋凤的眼光很独到,2022/7/24,biubiu02,10
今天试驾了L9,2022/7/22,xiiii,10
ntvod125被取消在GreenAuto版的发文权限,2022/7/25,deliver,0
smap被取消在GreenAuto版的发文权限,2022/7/25,deliver,0
特斯拉脑残式隐藏把手设计差点要了林志颖的命 (转载),2022/7/24,oBigeyes,5
极狐hi版自动驾驶视频（北京）,2022/7/23,snwofox303,33
理想one有计划出2代改款了么？,2022/7/24,kirbyzhou,5
Re: 特斯拉会不会起诉林志颖，恶意破坏公司形象，赔偿500万？,2022/7/25,原帖已删除,2
特斯拉起步真快,2022/7/21,dsf008,24
说电车比油车好的 你们良心不痛吗,2022/7/22,Buerme,186
蔚来四季度将交付固态电池,2022/7/21,tedxyz,41
理想L9体验,2022/7/24,lecco,4
名人出事的冲击效应确实强,2022/7/24,capablanca,16
你们的suv怎么开出120巡航百公里电耗才十几的？,2022/7/24,xiadayu,9
问界为啥要造纯电车？,2022/7/23,hidenfly,31
国网桩为啥非得用他那个液晶屏操作。,2022/7/24,riche,10
春节开新能源回老家,2018/1/23,designcn,52
hev混动这种小电池烧起来啥样？,2022/7/24,bdjnl58,3
20款汉EV还能买吗,2022/6/25,rahuahua,18
汉EV选两驱还是4驱？,2022/6/20,YxMg,13
问界现在太火了，今年底月销量可能超特斯拉,2022/7/24,mafama,3
BBA的纯电与同类的电动车相比，能溢价至少20w吧？,2022/7/24,chinanirvana,2
8颗激光雷达的纯L4级 Apollo RT6登场了,2022/7/23,xiiii,32
卷王之王发布半月销量 6696辆,2022/7/24,ia,7
华为一统天下，起码卖出1000万辆车,2022/7/24,liuyaozong,2
中国汽车出口潜力解读,2022/7/23,cuxqi,8
宋Plus dmi问题请教,2022/7/23,yangxy,2
场地竞速赛,2022/7/24,snwofox303,0
kkxkkx被取消在GreenAuto版的发文权限,2022/7/24,deliver,0
tgftgf163被取消在GreenAuto版的发文权限,2022/7/24,deliver,0
BreathLess被取消在GreenAuto版的发文权限,2022/7/24,deliver,0
林志颖车祸说明尽量别买三元电池,2022/7/23,dyatpk,43
近期的电动车着火,2022/7/24,capablanca,0
懂车帝的夏测居然没有几何,2022/7/22,bangke,5
林志颖没系安全带,2022/7/23,keler,4
在理想汽车里，被喊  你好,2022/7/24,tclj9,1
林志颖这事儿会影响新能源销量吗？,2022/7/23,youcheng,10
刚刚机场高速进京方向有个面包车熊熊大火,2022/7/24,muix,0
林志颖系安全带了吗,2022/7/23,xlrh,32
新能源车撞车容易起火这是不争的事实吧,2022/7/23,dudu2000th,31
慢充3相电真的有用到380v么？,2022/7/23,kirbyzhou,10
为什么会这样 (转载),2022/7/23,lwc1785,4
分享个ID6x天津到重庆的电耗,2022/7/23,weizhaokang,34
朋友说特斯拉撞击起火的问题是无解的,2022/7/24,mxncut,4
特斯拉炫酷的把手使不上劲，上拖车二次起火,2022/7/24,isaacova,5
为啥林志颖的车突然撞一边去？,2022/7/23,Missing7,22
新车提车的时候总里程30多公里是正常的？,2022/7/24,vandi,2
今天去蓝港看了看车。,2022/7/23,nVidia,7
来看看理想销售和比亚迪销售分别是如何评价问界的,2022/7/23,zhangxy11,5
高温下车规级燃油车的表现,2022/7/24,Mars102,1
惊闻林志颖出车祸了？ (转载),2022/7/22,huhu,67
要是不小心碰了特斯拉它直接自燃，那要陪全车吧,2022/7/24,tanguofu,2
电车的续航上限和易燃性是孪生兄弟？,2022/7/24,Engelberger,3
Re: 感觉啥都在互相撕，有人撕特斯拉，有人撕比亚迪。,2022/7/24,原帖已删除,8
特斯拉是不是结构有缺陷,2022/7/24,mafama,7
有什么比较靠谱的共享充电桩App？,2022/7/23,hrev,4
懂车帝这回新能源夏测基本上把说车的都弄过去了啊,2022/7/23,lwc1785,2
家庭交流充电桩，需要用几平方的线？,2022/7/24,mayi,4
理想L9连角雷达也省了？,2022/7/22,Onepunchman1,12
感觉极狐能做起来，阿尔法E首台工装车下线,2022/7/21,ble,9
电车要标配带个灭火器吧,2022/7/23,tanguofu,4
为什么都说自动驾驶？真正该讨论的难道不是一碰就着火吗？,2022/7/23,cosun,7
开个车搞这么复杂,2022/7/22,mrunmatched,17
特斯拉能出奇效聘请小林做代言人吗,2022/7/23,tian19520000,6
看了毛豆x的视频 有几个疑问，麻烦专家来回答一下,2022/7/22,AD007,24
新能源汽车过户花费790,2022/6/18,baiogle,10
电动车这么多自然，这个版讨论的不多,2022/7/16,RiverFish,52
今年先不买电车了？,2022/7/22,lizou2021,3
Re: 高速路撞车，前鼻子撞进去，后尾巴也撞进去了。,2022/7/23,原帖已删除,2
比亚迪秦ev没有220输出。我又需要，怎么办呢？,2022/7/23,zhtoad,4
宋plus ev和元plus选哪个？,2022/7/20,javacici,15
为啥都说是林志颖的车不够智能，也许是足够智能呢？,2022/7/23,PCtop,9
我发现我的私桩充电效率只有80%左右,2022/7/22,xiadayu,16
求问充电桩安装要多少钱,2022/7/23,bloodlust,3
林志颖以后要是还能开车还会开特斯拉吗,2022/7/23,billowliu,9
380V的慢充桩能充只支持、220V/3.5KW的车么？,2022/7/22,kirbyzhou,8
上海二手混动的绿牌明年啥政策？,2022/7/22,buaavivi,4
自动驾驶在可预见的将来搞不定,2022/7/23,Krete,6
【不，不好了，比亚迪宣布进军日本了。皇军慌了呀】,2022/7/21,chaodide,24
经此一役，自动驾驶算是完了,2022/7/23,Vmax,7
问界m7绕桩测试,2022/7/23,snwofox303,12
放弃3相桩了,2022/7/23,kirbyzhou,0
提前启动空调10分钟，效果好过开车开空调半小时,2022/7/23,djshaofei,3
某图显示特斯拉去年在国内烧得车是比亚迪的一半还不止,2022/7/23,zhouxxs,5
任泽平：特斯拉遇到了真正的对手——华为,2022/7/22,zhouxxs,7
Model Y 成功的秘诀在于,2022/7/21,yehorse,94
Re: 说实话 我觉得特斯拉很丑,2022/7/23,原帖已删除,0
提车经过——更新,2022/7/17,shjpku,50
taiwa艺人车祸事件利好比亚迪,2022/7/23,billowliu,20
北辰亚市没开吗？怎么没有公众号或官网预约？,2022/7/23,forthelove,0
Re: 林志颖的车技在娱乐圈最强吧。看看娱乐圈还敢买吗？,2022/7/23,原帖已删除,1
到底是林志玲开的特斯拉还是林志颖？,2022/7/23,BubbleRider,3
毛豆X的翼门还是挺危险的,2022/7/23,noocoo,3
应该就是车道保持识别错误吧？,2022/7/23,noocoo,2
看了监控视频，这么慢的速度，一幢就起火太不应该啊,2022/7/22,ble,6
艳红有没有可能超越马斯克？,2022/7/22,charles263,7
林志颖事件可能会大幅给电动车发展降速,2022/7/22,content,10
希望车企研发延缓火势的技术,2022/7/23,googleask,6
人不能太懒,2022/7/22,zcdxwnfw,12
比亚迪的dmi动力系统成本多少钱？,2022/7/22,willExp,5
特斯拉能进北戴河么,2022/7/11,iRonaldo,9
没激光雷达开个毛的自动驾驶,2022/7/23,liuyaozong,0
外媒：比亚迪月产量将提高到30万辆,2022/7/21,spare,35
市场情绪的变化——微博搬运来的,2022/7/21,Lypher,5
特斯拉ap不能准确识别桥墩，尤其是分岔路口的墩。,2022/7/22,whistlingMe,27
一个常识：近年国内大城市的道路交通事故数和死亡数是下降的,2022/7/22,zhouxxs,3
特斯拉完球了吧。连续两起撞击起火。,2022/7/22,riche,3
林志颖之前的发帖：用了AP回不去了 (转载),2022/7/22,oBigeyes,2
油车会不会大降价？,2022/7/22,foreverwithu,1
极氪009不好看啊,2022/7/22,curelyreas,8
买电车的一大好处,2022/7/22,goalgoalgoal,1
林志颖的车技,2022/7/22,zszqzzzf,19
特斯拉的主动避让功能真是牛X,2022/7/19,XiaChuan,122
周末出发北戴河，开电车还是油车？有什么注意事,2022/7/22,nihaha,12
其实要开ap但没开开确实是风险最高的失效模式,2022/7/22,bigbreast,2
ouyangmm被取消在GreenAuto版的发文权限,2022/7/22,deliver,0
磷酸铁锂电池是不是最安全的电车电池？,2022/7/22,newssmth,8
林志颖车祸的几个疑点,2022/7/22,TimeAndRiver,10
为什么出了一个事故，直接说是车的问题。明显属于喷子行为,2022/7/22,Cidyshi,10
说是开着AP在玩手机,2022/7/22,LucaToni,3
林志颖差点被特斯拉一键火化,2022/7/22,stillwell,6
别说特斯拉，我有时都分不清道路交通标志,2022/7/22,bobofly,3
鼓吹电车智能化的电吹们说说林志颖的事故呗,2022/7/22,skyfromheart,18
今年订车明年交付签约的，能享受今年补贴吗？,2022/7/22,maximovic,1
确实是抢了黄灯,2022/7/21,dsf008,66
[电动]大街上还没见过海豹,2022/7/22,kampoo,2
提新车怎么验车,2022/7/22,vandi,2
开电车的人都很敏感，很容易受刺激,2022/7/22,Dedema007,8
"my,et5,es6,ix3,zeeker选哪个？",2022/6/29,aceman,60
有充电枪拿着轻便些的充电桩吗？,2022/7/22,urlaub,1
最近有人自编号么？根本编不上啊,2022/7/22,yinet,3
天空才是电池容量的尽头吗？,2022/7/21,China500w,14
Re: 其实aeb这一块，特斯拉测试排名很垫底的,2022/7/22,原帖已删除,1
3天时间2400多公里东北往返,2022/7/19,yakov2018,33
未来还是新能源的天下,2022/7/22,piqiuxa,0
蔚来一年半  在无锡建了快30座换电站。6月份一个月就上了至少6,2022/7/22,xsgzb,4
如何看待马斯克的自吹自擂,2022/7/21,zhouxxs,12
美国十个月内发生超390起自动驾驶事故 特斯拉占70% (转载),2022/7/22,sirius0777,1
Re: 顶级车手开特斯拉，也出事儿。奈何首富把林志颖如何？,2022/7/22,原帖已删除,1
"为啥都关注AP, 不关心这么慢的速度撞击起火....",2022/7/22,chuanlang,7
其实新能源用非车规芯片没啥问题,2022/7/18,skyfromheart,4
大众id的无息贷款没什么坑吧？,2022/7/18,vandi,21
从视频来看，林志颖的车速不快啊,2022/7/22,dsf008,5
林志颖的model x估计是开自动驾驶了,2022/7/22,Icanread,0
极狐跑了个高速，用时和我油车差不多,2022/7/22,nuoya12,7
新能源指标还在亲属关系排查中,2022/7/21,ahmi,1
自己上牌的话，是通过12123APP预约么？,2022/7/21,rhys,3
现在车管所50选1的号大多数是京ab开头的,2022/7/21,millercn,2
林志颖为什么会开特斯拉撞桥墩,2022/7/22,mafama,17
板上天天喊的驾驶感受，到底指什么？,2022/7/22,kenneth09,9
比亚迪的这个装饰套餐是智商税吗？,2022/7/22,Cndream,2
父母外地有车的，户口投靠后，卖掉车可以参加家庭摇号吗,2022/7/22,jinlianhanzi,3
特斯拉紧急避让是标配还是要选装啊,2022/7/22,lwc1785,1
小宝今天在电车上睡了两小时,2022/7/20,henhenhahi,78
一次鸟巢特斯拉两车共享充电桩,2022/7/22,bj798,15
小鹏汽车为啥降价,2022/7/21,xyhou,11
电车相对于油车，就相当于小灵通相对于手机,2022/7/22,littelShrimp,10
截至今年6月底中国新能源汽车保有量达1001万辆,2022/7/22,Shigeru,1
30w有什么车可以期待的？,2022/7/21,RollBack,11
30万+6座+纯电除了唐EV和大众ID6，没别的了吗？,2022/7/22,richardme2,8
林志颖驾驶特斯拉出车祸了？,2022/7/22,pNeo,1
出租汽车有什么好的渠道吗,2022/7/22,elan991,0
电池的底部碰撞起火事故探讨,2022/7/22,CC2CC,1
特斯拉又来一次，一碰就起火,2022/7/22,huankuib,7
2022年了，广大电车车主还有充电焦虑症吗？,2022/7/21,chouachou,15
Re: 三代家庭太有优势了吧,2022/7/22,原帖已删除,11
EX3和几何A选哪个？,2022/1/10,youzailangzi,42
特斯拉车主惊魂拔草最新FSD：醒目如有轨电车，依然视而不见往上,2022/7/14,mafama,91
有一说一，哼哧5的设计和参数放在17万的价格里还是能打的,2022/7/21,yehorse,18
现在电车开长途是不是已经没啥问题了，很多服务器都有庄子,2022/7/22,chouachou,0
车开的快还是慢可以参考一下导航预估的时间,2022/7/20,cloudlight,2
Re: 明年64分有戏吗,2022/7/22,原帖已删除,2
求推荐20万左右的电车,2022/7/20,sqsl,27
Re: 埃安到底是怎么起来的,2022/7/22,原帖已删除,49
smart精灵1，在板上连个水花都没有，,2022/6/7,foxxxxxx,72
【半年又亏了20亿，极狐只有亏钱的速度能跟新势力媲美】,2022/7/21,chaodide,15
我的ID4 CROZZ已经修了26天了,2022/7/21,szhan46,10
DIDI处罚八十亿,2022/7/21,CherylBC,4
极狐SUV深度试驾归来。,2022/7/18,walkman777,24
电车和油车不是更新换代的关系,2022/7/19,verber,82
星越l雷神会有插混吗,2022/7/21,lpc220,4
油车和电车必定共存10年+之久,2022/7/20,KBKATE,46
特斯拉超充谷电从9点开始算？,2022/7/21,hyeana,3
求推荐15w以下的电车,2022/7/21,mmmmwwww,9
电车补能其实是有优势的,2022/7/20,liangges,20
逛街顺便看了下AION,2022/7/21,mafama,21
看了一圈儿，最中意的居然是LYRIQ,2022/7/19,YxMg,17
电车开多少公里才回本,2022/7/20,chouachou,21
中国车企的超级混动新能源是要革油车命的,2022/7/21,googlestyle,8
新开的4s店提车是不是会快点？,2022/7/21,Dankeschon,1
Re: 明年新能源到底有没有购置说,2022/7/21,原帖已删除,6
电车想要比同级别同配置油车便宜，只有一招,2022/7/21,yehorse,26
买车的2个优点,2022/7/21,hidenfly,3
经济角度看 不买车最划算,2022/7/21,tbbt2013,18
全景天窗的好处,2022/7/21,zhouxxs,17
抖音上有个广播主持人逮着理想使劲黑,2022/7/21,wsnsw,3
model3 长续航今天北戴河,2022/7/17,slashdot,19
电车成本什么时候能做到比油车低？,2022/7/19,luoxiaoyi,8
新能源终结了油车时代内饰跟着总价位同比走的邪路,2022/7/21,wsnsw,6
油车也就百万以上的豪车值得买了,2022/7/21,huanyongID,0
给大家科普一下铝合金的强度,2022/7/14,dyatpk,31
其实，大部分人不知道硬度和强度是两个概念。,2022/7/14,Nordahl,45
底盘为什么这么难做好？,2022/7/19,huanyongID,26
旧车的充电桩怎么安装？,2022/7/18,iamleo83,8
Re: 恒驰5的预售订单，超3.7万辆,2022/7/21,原帖已删除,2
北京小区地库新能源电表政策咨询,2022/7/21,xtlove87,4
驾驶感受和尺寸都能达到奔驰S级的电车有没有？,2022/7/20,xingbake,12
北京新能源号牌自选规则,2022/7/20,Cndream,8
特斯拉去西藏,2022/7/20,itdc,6
本田的CRV插混现在优惠6w,2022/7/20,buaavivi,10
Re: 极狐阿尔法T 710km长途总结，和油车用时几乎相差无几了,2022/7/21,原帖已删除,2
修改nuoya123在GreenAuto版的发文权限封禁,2022/7/21,deliver,0
iTuzi被取消在GreenAuto版的发文权限,2022/7/21,deliver,0
wangdass8被取消在GreenAuto版的发文权限,2022/7/21,deliver,0
蔚来ET7用的江苏时代的电池,2022/7/20,xingbake,5
老油车换电车，电车再转到家庭电牌？薅补贴羊毛可行么？,2022/7/20,nsm,7
铁锂毛豆3一万公里超充表显续航变300,2021/12/7,junopapaya,90
增程就一落后技术，特别是理想，问界这种背个大电池的增程,2022/7/14,ykai666,14
网传AITO问界M5断轴,2022/7/20,CRC,3
也说“从一件小事看特斯拉的理念”的理念是啥,2022/7/18,drifter777,11
2022年1-6月新能源销量榜（按车型）,2022/7/19,tonyaimar,19
终于知道L9底盘问题出在哪里了,2022/7/19,huanyongID,32
在紫檀大厦上班，去哪停车方便便宜,2022/7/20,undering,0
现在买电车的不算啥,2022/7/19,hidenfly,57
dynasty1215被取消在GreenAuto版的发文权限,2022/7/20,deliver,0
nuoya123被取消在GreenAuto版的发文权限,2022/7/20,deliver,0
CanDo被取消在GreenAuto版的发文权限,2022/7/20,deliver,0
现在dmi技术成熟吗 可靠性如何,2022/7/19,wzh176,73
坐标上海，用大牌买混动是不是亏？,2022/7/19,rockgirl,34
Re: 还是不想买电车,2022/7/20,原帖已删除,8
宋 Plus ev 7000多公里小结,2022/7/20,covler,10
第一次去华为店看m5,2022/7/17,fhwestlife,55
疑似新唐ev 自燃,2022/7/19,lwc1785,10
国网充电站真是差劲到家了,2022/7/16,iTuzi,78
好奇电车自燃，泼水浇灭么,2022/7/20,willExp,5
没有版友讨论EI5了,2021/9/5,carrie2002,29
再过五年新能车会是啥样了,2022/7/20,rayman,5
200公里的增程&插混，是个好的过渡电车,2022/7/20,willExp,2
某司机边驾驶着新能源车边播放着周星驰电影,2022/7/20,zhouxxs,3
感觉大家对新能源车认识越来越成熟了,2022/7/20,xfqewfy,0
理想L9，还怎么洗,2022/7/17,ykai666,27
cxxc被取消在GreenAuto版的发文权限,2022/7/20,deliver,0
Re: 写给最近北京想买大众新能源ID4ID6同学,2022/7/20,原帖已删除,60
蔚来，小鹏，理想为啥大跌,2022/7/20,tiantianzao7,3
车机时代，APP靠什么挣钱呢？,2022/7/20,keler,2
帝豪电动车和燃油车开起来区别大不？,2022/7/20,wuhuadasha,0
大家买新能源车是不是过于关注智能方面了？,2022/7/19,BeBrave,16
特斯拉理念不适合中国国情,2022/7/18,TimeAndRiver,34
新手提车元plus两月，剐蹭了，放着不管，走保险还是自己修？,2022/7/18,gaga1208,13
Re: 主动刹车，躲避鬼探头这种还是我的车排第一吧,2022/7/20,原帖已删除,2
混动是最完美的方案了吧？就是车价格贵点 (转载),2022/7/20,luoxiaoyi,2
最近有没有性价比高的车推荐？18万以内,2022/7/17,gloria114,11
Q5etron表显续航999km,2022/7/19,AD007,2
T03和奇瑞小蚂蚁选哪个？,2022/5/31,nanfengfeng,12
这享不了福的屁股,2022/7/19,idiotwsh,7
女邻居开的是GLE的绿牌车,2022/7/18,beanspower,12
海豹出来后，极狐的话题性就低了很多。,2022/5/31,topking,43
现在北京id6 pro多少钱能拿下,2022/7/7,snowolfbuaa,13
记录自己第一次电车长途经历,2022/7/17,gokukun,7
开特斯拉的是什么人啊，看着一个个火急火燎的,2022/7/18,hernij,18
low-e玻璃隔热和热作用集中在红外区这两点有什么问题？,2022/7/18,xiechuanhust,7
增程相对于混动就差一变速器，其他的器件一个也不少,2022/7/16,sirius0777,30
针对在京买房客群，信贷解决购房首付款 按揭转抵押等产品方案,2022/7/19,wh2003wheam,0
随便画了张图,2022/7/18,zyzx77,13
比亚迪应该外卖发动机啊,2022/7/18,willExp,7
秦plus ev三个月感受,2022/7/18,couldyou,23
收一个充电桩，版上有出的吗？,2022/7/19,zslzyx,1
试驾了两次2022款pro长续航大众ID6crozz,2022/7/17,aihongxia,4
电车用车成本低的根本原因是税,2022/7/17,bananana,10
请问EA888的颗粒捕捉器现在还堵吗？,2022/7/19,luovel,2
Re: 亲身经验告诉大家车规还是很重要的,2022/7/19,原帖已删除,16
问界的主要问题是保有量小，修车贵,2022/7/19,hidenfly,1
咨询京籍转出,2022/7/19,essetis,4
保险续保这么贵么,2022/6/9,nihaha,9
粗大，理想新车交付前夕暴雷？,2022/7/19,xtfj,7
上个月新能源涨价，这个月突然放消息要降价,2022/7/19,youcheng,3
小鹏有点危险了,2022/7/19,mafama,12
L9铝铁悬架和性能 (转载),2022/7/19,AZTU,0
长安汽车2021年新能源汽车出厂均价为1.08万元,2022/7/18,garfieldking,3
【极星】上半年全球共交付2.1万辆车,2022/7/19,census,0
[原创][讨论][心得][汽车][新能源]广汽530的空调压缩机为啥那么,2022/7/19,chouachou,0
入门级跑车，k20要来  了,2022/6/7,tclj9,14
新能源现在只有京AA和京AD么,2022/7/19,njtucomputer,6
从一件小事看特斯拉的理念,2022/7/17,Muslera,115
科普一下钢和铝,2022/7/15,xtqdm,23
比亚迪正在开发自动驾驶芯片，坚决不用别人的,2022/7/18,peibch,8
北京哪家比亚迪4s店目前活动多点？,2022/7/18,xinquan2072,3
Re: Re: id4 crozz价格,2022/7/18,原帖已删除,8
昨天去店里看了2022款ID3感觉不错,2022/7/17,Laurasia,4
笑死我了 e tron 续航自己帐 从一公里涨到999公里,2022/7/18,xxyy0088,1
增程高速十个油的油耗还有脸否认过时技术,2022/7/14,TimeAndRiver,228
京af每周限行吗？,2022/7/18,drifer,2
华为是不是借小康之名造车,2022/7/18,wwwmumuyx,0
Re: 今天和一个ModelY车主聊了一会儿,2022/7/18,原帖已删除,4
损人不利己的脑残司机,2022/7/17,zippouk,74
北京去烟台 服务区的快充大众能用吗,2022/7/17,davyfl,4
特斯拉在台湾将 Model 3 全车型售价上调，最高涨幅近 8400+,2022/7/18,henrykaka00,3
大众ＩＤ４ｘ的车机芯片有人了解吗？比８１５５还牛？,2022/7/17,voTvo,12
对电动车能否完全取代油车表示怀疑,2022/7/18,jiajiabao,12
华为比较牛逼的是电控电驱都是自有技术,2022/7/17,sirius0777,23
电车税迟早会收的,2022/7/18,willExp,13
