﻿主题,发帖时间,_ 作者,回复
试制件，太有才了,2022/7/18,Mars102,2
其实我感觉新能源用不着车规芯片,2022/7/17,terminats51,44
掉头已驶至路中间，被大爷远远地撞过来碰瓷，后续咋处理？,2022/7/17,jolinjohnson,6
粗大！L9的空气悬挂提升为8年或16万公里质保！,2022/7/18,huanyongID,16
增城技术其实还可以，不那么差,2022/7/17,willExp,6
今天这天气再太阳下开了一个半小时空调,2022/7/18,xiadayu,6
zz一个急刹，直接干趴！央媒报道的理想L9空气悬架真有这么差？,2022/7/18,foreverwithu,14
理想的车给人的感觉就是好欺负,2022/7/18,huanyongID,9
元plus北京车友群,2022/7/18,markwudi,0
长时间驾驶蔚来et7导致驾驶员肾亏是什么原理？,2022/7/17,bobofly,3
这三个怎么选：宋plus dmi，唐dmi ，问界M5,2022/7/16,Dankeschon,31
蔚来ES6第一次去草原天路,2022/7/17,xunzhe,18
我发现现代在氢能源车上发展很快啊,2022/7/17,TimeAndRiver,10
哪些车底盘用的钢？哪些车底盘用的铝？,2022/7/18,phanten,1
据说小鹏开始降价了买车的可以等一等了,2022/7/17,xiadayu,5
又又又要自燃了，司机淡定下车拿包拍照,2022/7/15,LucaToni,100
周六去花乡过户了辆新能源车,2022/7/18,zergcq,2
纯电动车好像让用车群体扁平化了,2022/7/13,sqsl,121
今天才明白了混动和增程的区别,2022/7/14,littelShrimp,204
经济性，可以粗算一下算全寿命成本,2022/7/18,wuhuadasha,1
试驾了一下id6x,2022/7/17,snowolfbuaa,10
求推荐,2022/7/18,hunjinpuyu,3
版上有的人对蔚来的成见真深,2022/7/17,jidicl,14
去年好象是说理想断轴,2022/7/17,shunderen,2
比亚迪元plus,2022/7/17,wr8416,6
昨天在知乎上看了一个帖子，新能源车规,2022/7/15,lamport,30
太惨了,2022/7/17,TimeAndRiver,5
这么热的夏天有没有车主来说下无遮阳帘天窗,2022/7/14,wsnsw,24
虽然没开过电车跑长途，但是看起来很合理,2022/7/17,deepyellow,16
问界M5车主热的用衣服遮挡烈日，扮武侠片,2022/7/17,TimeAndRiver,4
海豹和model3侧面图对比,2022/7/14,dyatpk,8
Re: 7月10日，苏州特斯拉交付中心，烧了,2022/7/18,原帖已删除,1
Re: 技术流来分析下，理想L9这个问题病根在哪,2022/7/18,原帖已删除,3
增程器一升油，华为3.3度电，理想2.9度电,2022/7/18,sirius0777,6
周末五棵松看电动车，见闻,2022/7/18,tclj9,0
极狐阿尔法T高速110续航,2022/7/16,nuoya123,41
Re: 新能源车为什么那么贵,2022/7/18,原帖已删除,123
搜了一下发现6座纯电竟然只有六款车。,2022/7/17,nVidia,13
京哈高速辽宁段服务区有充电桩吗,2022/7/16,watersmile,23
无论是増程还是插混，主要是当油车开吧,2022/7/16,wuhuadasha,83
Re: 我有一个丰田的桩,2022/7/17,原帖已删除,4
邻车位正在安装蔚来充电桩，瑟瑟发抖中！,2022/7/16,hippocn,20
铺天盖地的反对增程，反而说明问题,2022/7/17,shunderen,2
说说氢能,2022/7/17,goodpower,1
谁说轴距越短越好停车的？？？,2022/7/6,shuaigege,19
新能源汽车可靠性怎么样拉出来溜溜,2022/7/17,CC2CC,8
增程比插混技术落后费油这个结论即将被证伪,2022/7/17,snwofox303,33
各位新能源汽车车主，你们都开过什么车？,2022/7/16,kunseng,10
抄袭不可耻,2022/7/16,TimeAndRiver,30
特斯拉就一个倒车灯啊？,2022/7/17,highlight106,4
慢充电量比快充的耐用,2022/7/17,hernij,7
能让蔚来停下来的，不是补电是肾憋不住！,2022/7/16,gly3179,198
理想 L9 的悬挂，跟理想 one 一样拉胯啊。。。。。。。。 (转载,2022/7/17,tsa350,2
增程党是不是忘记了他们的车还有发动机电池电驱电控,2022/7/17,sirius0777,0
bmw明年会出靠谱的新能源车吗,2022/7/17,Ctrl1005,14
荣威erx5第三代混动怎么样？,2022/7/17,flyingww,1
很多人分不清纯电刀片和混动刀片，简单说就是先进与落后的区别,2022/7/17,junopapaya,34
买蔚来的邻居天天都要朋友圈晒车,2022/7/15,tpeng,30
蔚来et7如果弄一个150度电池高速能跑八九百公里啊,2022/7/17,xiechuanhust,6
高速见model X，用不了快充，17a的电流，该不该嘲笑他？,2022/7/16,hernij,6
感谢新势力助推传统大厂,2022/7/16,skyfromheart,12
【完了啊，这次不是李一男，而是理想L9要进去了啊】,2022/7/17,chaodide,1
特斯拉车主告诉大家  特斯拉真难开,2022/7/7,langmanyixia,105
看JP和德国的发展，绿氢还真有可能被他们搞定了,2022/7/17,SmartIC,4
在自动驾驶普及之前， 整那么多大算力soc、 屏幕 有意义吗？,2022/7/17,justmj,10
发个几何apro430的电耗,2022/7/16,hanb,4
极狐最近一直在展示自家技术和工艺,2022/7/16,DriftKing,19
来，数数这一串总共多少辆极氪连环追尾。。。。。。。 (转载),2022/7/16,tsa300,9
试驾了xc60和新汉兰达,2022/7/16,water007,9
今天第一次试了辅助驾驶,2022/7/14,zzxxccvv,22
北汽eu5或者ex3还有库存车吗,2022/7/16,wangwenzhi,6
家庭指标刚到手，请问北京有羊毛吗？,2022/7/16,nemo2013,3
理想比同尺寸的燃油车，高速省油多了吧？,2022/7/16,shuaigege,2
华为可能充值了，还有明星晒单,2022/7/16,rasper,7
不是说刀片电池永远不可能自燃的吗？,2022/7/16,shuaigege,9
今天看了下et7,2022/7/16,chelseaLL,5
自从M7发布，吹增程的帖子明显多了一截,2022/7/16,gdss,5
大众id系列的crozz是不是就是plus的意思？,2022/7/15,acliche,12
理想L9现在有展车了吗,2022/7/17,tclj9,1
新能源提高了购车门槛,2022/7/17,wuhuadasha,0
Re: Re: 北京那1万元必须买北汽的，值吗,2022/7/17,原帖已删除,2
Re: 订了ID6  crozz pro,2022/7/16,原帖已删除,7
像gucasxiaot这种人在论坛徒增了论坛的wu烟瘴气,2022/7/16,pany,9
ix3有啥硬伤吗,2022/7/16,Ctrl1005,7
满版贬增程鼓吹dmi的，难道不知道比亚迪也要出增程式发动机了吗,2022/7/16,htlly,10
500万内最好的车-推头倾向严重、整体底盘平衡有问题，理想L9被,2022/7/16,googlestyle,6
所以你还敢站在车前车后吗？。。。。。。。。。。。 (转载),2022/7/16,tsa300,6
笑死我了极氪团灭,2022/7/16,xiadayu,3
增程和混动的区别,2022/7/16,shuaigege,1
特斯拉的把手设计是不是也是新势力的抄袭方向？,2022/7/15,TimeAndRiver,17
鼓吹增程不如混动，是燃油车厂商最后的哀鸣,2022/7/16,hidenfly,9
续航100公里左右的两轮电车，哪款性价比好些？,2022/7/16,ottll,0
来听听理想销售怎么说问界的,2022/7/16,zhangxy11,0
大众总裁怒斥特斯拉，将迅速超越,2022/7/16,shunderen,10
本田crv插混在120下全部都是增程,2022/7/16,e5200,0
"中国在电池上的优势还是不太牢靠, 主要是安全",2022/7/16,Elric,9
广汽 AIONS Plus 驾驶数据,2022/7/16,yuanshanqian,0
换电模式没有前途 对于家用车来说,2022/7/13,pany,73
周末试驾蔚来ES6和宝马ix3,2022/7/11,orangegroup,33
满版的骂增程，足以说明增程严重威胁到了油车,2022/7/16,shunderen,9
增程简单不等同可靠性高，等同啥啥不行,2022/7/16,sirius0777,2
求问各家新能源app计算开车时间,2022/7/16,nuoya123,0
坐标魔都，现在宋plus dmi还能赶上绿牌么？,2022/7/15,creasykristy,8
Re: 执着于增程，混动谁先进谁落后的都是直男,2022/7/16,原帖已删除,5
有混动技术，谁会用增程呢,2022/7/16,sirius0777,2
锡林浩特小鹏超充站考察归来,2022/7/14,godeyes,10
我来说说电动车自燃这个事,2022/7/16,TimeAndRiver,5
当年骂电车上不了高速，现在骂增程高速油耗,2022/7/16,shunderen,1
Re: 转载 小特有人上贴出能耗 不到12Wh,2022/7/16,原帖已删除,2
【比亚迪海豹越野的视频来了，太牛了，增程根本不可能做到啊】,2022/7/15,chaodide,8
理想上牌,2022/7/12,muhua,9
【我如果是李想，就联手李一男，菊花最怕的天才】,2022/7/14,chaodide,14
问个土鳖问题,2022/7/16,A1551067,3
国产新势力感觉有点忘乎所以了,2022/7/15,TimeAndRiver,9
不敢骂特斯拉 只敢骂国产新能源,2022/7/15,shunderen,6
【理想卖点是豪装，菊花说增程先进是真不要脸开骗了】,2022/7/16,chaodide,2
秦ev300， 8月份从北京出发到洛阳如何规划行程,2022/7/15,hanlimin,15
增程的最大问题,2022/7/15,TimeAndRiver,6
在丑国屌炸天的fsd到国内来试试？,2022/7/15,AD007,6
增程和电混的优劣,2022/7/15,fengwudian,74
这就是你们要的海豹,2022/7/14,socool,133
id4c,2022/7/13,shuidaodao,13
来看理想L9的驾驶感受，离大谱,2022/7/15,snowbig,16
关键时刻能保命，不装激光雷达就是傻子——特斯拉,2022/7/15,liuyaozong,0
增程是最好的电动车，必须的，,2022/7/15,luoxiaoyi,0
新势力的SUV普遍没有提到一个问题,2022/7/15,TimeAndRiver,27
【重磅科普，10年前比亚迪、长城的PHEV1.0就吊打增程】,2022/7/15,chaodide,6
所需电池包过重 帕加尼宣布放弃研发纯电超跑 (转载),2022/7/15,tsa300,5
ID3现在能有多大折扣？,2022/7/15,wuxiao,0
ID C 6月销量不错啊,2022/7/9,summerlover0,13
特斯拉用的是吧sic元器件？,2022/7/15,langmanyixia,2
可以在GWY官方的互联网督查平台反映北京新能源指标无法购买插混,2022/7/15,kaka2w,0
增程车的电池质保是怎么保的,2022/7/15,TimeAndRiver,89
哪吒s本版没见讨论过，昨天抖音刷到了，不错啊,2022/7/15,lwc1785,0
关于理想的黑帖会越来越多,2022/7/14,zhouxxs,24
比亚迪的优势可以保持多久？,2022/7/15,census,14
17部门发文支持新能源汽车消费,2022/7/7,tutupapa,39
今天开了一千四百多 (转载),2022/7/14,TimeAndRiver,5
海豹那个轮毂 感觉拉低了档次,2022/7/15,pigtail,0
为什么总有人觉得换电和充电是冲突的？,2022/7/14,MyNameIs007,8
国产新势力抄袭特斯拉的天窗设计的,2022/7/15,TimeAndRiver,14
其实不充电，增程的城市油耗也是很糟糕,2022/7/15,TimeAndRiver,2
增程低速亏电油耗是多少？,2022/7/15,TimeAndRiver,6
小鹏P7是外观颜值天花板,2022/7/14,zxdxp8l,15
除了byd的插混，还有哪家插混靠谱,2022/7/14,buaavivi,19
问界两大优势：门店和华为手机的无缝适配,2022/7/12,AD007,19
我的比亚迪能耗排名全国倒数2%,2022/7/15,China500w,2
蔚来才是国产之光,2022/7/13,liuyaozong,295
新能源车到底是贵还是扁平化,2022/7/15,CRC,5
国产28nm自研芯片打赢了高通8nm的买办芯片,2022/7/12,zhouxxs,31
请问，京牌旧车卖外地须上一次外地牌后还能转回北京上牌不？,2022/7/15,haolihai,0
[求助]无奈比亚迪的售后，求助一下大家,2022/7/15,putipupupu,0
固态电池成本很高？,2022/7/15,yaqli,2
10万以内性价比最好的纯电车是哪个，有推荐吗,2022/7/13,qianliexian,16
汽车前挡玻璃防紫外线么？,2022/7/14,luxiaoshu,5
请教 北汽4s北边有哪些店呀,2022/7/14,xedhz,2
10万以内的二手新能源有推荐的嘛？,2022/7/14,kunseng,6
听说理想又出新闻了？,2022/7/13,mafama,11
入手新能源车已经一年有余，说说心得,2022/7/10,Qid,39
增程和混动的争论可以休矣,2022/7/14,chuanlang,5
增程就是当年的小灵通吧,2022/7/14,TimeAndRiver,7
韩瑞六款混动车型实测亏电油耗,2022/7/14,snwofox303,19
恒大卖“期车”,2022/7/13,yitruly,5
比亚迪有没有行程统计功能,2022/7/14,xiadayu,5
观极狐销量有感（附原创热血广告语数则）,2022/7/12,zhouxxs,75
不适应蔚来的车门,2022/7/14,majiaoo7,0
华为又一关键人物流失：车BU首席架构师离职，已有多位关键人物 ,2022/7/14,flyflit,4
Re: id crozz车友交流,2022/7/14,原帖已删除,1
求推荐10万左右的电车,2022/7/14,xyhou,3
这个版讨论红旗 E-HS9 的帖子咋这么少？,2022/7/13,nVidia,12
喜提小鹏P7，智能汽车要加速取代燃油车了,2022/7/12,xshr,20
长安univ idd 有关注的么？,2022/7/14,dx19860404,3
今早看到俩Model3跟人碰了,2022/7/14,realdong,8
等问界下一代是不是好些,2022/7/14,xyhou,1
科技引领的消费确实是扁平化,2022/7/13,shunderen,2
Anjrej Karpathy 离开特斯拉 (转载),2022/7/14,juinjwst,5
准备把2017款e5置换成大众ID4，有好渠道吗,2022/7/14,voTvo,0
细小！明天全网博主又要吹L9的试驾体验了！,2022/7/14,huanyongID,4
奥迪e-tron如果降到35万 竞争力会很高吗？,2022/7/13,zhouguangxiu,21
电车跑克什克腾旗是否可行？,2022/7/13,cosun,3
之前特斯拉降价都有提前泄露出消息吗？,2022/7/13,pany,6
猪鼻子仪表狂闪，维修小记,2022/7/12,danmishell,20
今天打车还打到个极狐,2022/7/13,yunsile321,13
后来者居上,2022/7/13,shunderen,1
2022年6月纯电车销量排行榜,2022/7/13,tonyaimar,52
求新能源现场选号攻略,2022/6/28,charlotte20,8
华为在新势力造车中到底有什么核心竞争力？,2022/7/10,TimeAndRiver,41
1000km挑战赛，2022款Model 3P夺冠,2022/7/12,LucaToni,76
10万开头最有性价比的插电混动suv或轿车有哪些？,2022/7/13,johnfader,1
充电环境恶劣一锅电120续航越来越成为硬指标，感觉还是得特斯拉,2022/7/13,wuzijianjql,0
为什么有些公交车明明有排气管，还标明EV,2022/7/12,warranty,10
昨天高速遇到M5,2022/7/13,wwwmumuyx,9
名牌音响只剩“名牌”？高合“音响门”揭开行业内幕,2022/7/13,xianrena,3
问届m5，m7的座舱芯片用的是哪一款？,2022/7/11,TimeAndRiver,18
智能网联汽车大会，华为版极狐夺冠,2022/7/13,keler,7
Re: 某司水军第一个靶子是BYD,2022/7/13,原帖已删除,4
特斯拉为啥没有360影像,2022/7/12,hyeana,18
有哪些车不系安全带就能开走的？,2022/7/12,pNeo,18
宋plus低配正前方无雷达有必要加装吗？,2022/7/13,Happy2016,1
大众id4咋样,2022/6/28,smiledi,144
现在网约车基本上都是电车了吧？,2022/7/12,tosalut,8
万亿比亚迪，市值超大众，风险远大于机会,2022/7/12,buckthetrend,5
小康股份：证券简称拟变更为“赛力斯”,2022/7/11,LucaToni,10
怪不得极客要免费升级开个机一分多钟……,2022/7/11,xiadayu,30
比亚迪e5出保前保养1400是不是被坑了,2022/7/9,baiyigugu,20
新能源车的一个发展方向是自动去找桩并完成充电 类似扫地机器人,2022/7/7,study100,33
北京公安用上极狐了,2022/7/11,wangdass8,45
抱怨电车的主要原因还是充电速度太慢，而不是充电站不够多,2022/7/10,yehorse,51
想入电爹 小鹏P5 埃安s plus byd海豹求比较,2022/7/11,supercl,85
太阳宫最近的办理过户外迁的地儿在哪儿呢？,2022/7/12,Apandi,1
问届是华为在卖，小康无销售权。,2022/7/11,30-Sep,23
今晚属于极氪,2022/7/11,wangdass8,41
立个flag，比亚迪电车会重复其油车的覆辙,2022/7/12,artech51,8
你们家桩充电损耗有多大？,2022/7/12,tchain,12
购车求助~,2022/7/12,rahuahua,12
北汽ex3 电机故障,2022/7/10,qinjian,11
自己买充电桩的话有什么推荐的牌子吗？,2022/7/11,xxfcd,9
新能源家庭指标,2022/7/11,shuidaodao,1
石锤：特斯拉苏州某中心“多台”特斯拉被烧毁,2022/7/11,dyatpk,32
【疑问】ID4X选权益的时候，是否有必要选三电终身质保，6年质保,2022/6/28,wego,3
特斯拉真实续航疑问,2022/7/8,nuoya123,88
下一步的增程是可拆卸式的,2022/7/11,Aesir,10
目前，国内新能源市场最大的问题是40-50这个价位缺领军人物,2022/7/12,content,12
明年新能源购置税还能继续吗？,2022/7/12,30-Sep,4
指标还有没下来的吗,2022/7/12,shuidaodao,0
新能源保费涨了很多？,2022/7/11,xinyucy,17
市场传言巴菲特清仓比亚迪,2022/7/12,nisus,4
【粗大】极氪给所有车主免费升级8155,2022/7/11,cosun,49
[求助][混动]尘埃落定，订了问界M5，顺便问下充电桩,2022/7/10,Leslie1987,20
华为Hi的系统有用户实测的视频了吗？,2022/7/12,GeneralMilk,14
长城总裁王凤英—长城靠营销起家,2022/7/11,googlestyle,4
ID4 X 最近有优惠吗？,2022/6/21,lueluelue,19
即刻的演讲者是谁？有点不行啊,2022/7/11,xxyy0088,5
真是个电动爹！,2022/7/9,bjandi,344
终于体验了一次170kw充电,2022/7/11,xiadayu,35
晒一个出游记录,2022/7/11,aiyawoqu,8
极狐阿尔法T夏季高速续航,2022/7/9,nuoya123,48
现在再看ID4CROZZ给资源挺值的,2022/1/1,yuanzcen,104
刚提的y出了个略远一点的门,2022/7/9,YLQ888,16
华为问界m7和理想one应该选哪个呀？,2022/7/10,forflora,22
电爹有没有价值，电车党和油车党别吵，你们说的都不算,2022/7/11,yehorse,16
不是宁德时代的电池的电动车我都不敢买，其他随便,2022/7/10,wormvirus,10
混动还是传统车厂有优势,2022/7/11,hidenfly,0
聊聊充电桩APP,2022/7/11,zyzx77,5
荣威ei5续航实际究竟多少啊？,2022/7/11,Hesperides,2
今早起来没事算了一下P7这一万多公里的综合电耗,2022/7/10,larryshen,18
个人充电桩占比25%不到,2022/7/11,dahai2999,2
买新车了，旧车怎么处理能合适一点，外地车牌,2022/7/11,wr8416,7
油车vs电车 续航,2022/7/11,tbbt2013,12
5w有啥推荐的,2022/7/11,BrownPupil,1
油车和电车关系有点像机械表和电子表的关系,2022/7/8,huankuib,4
大众ID6系列高续航和比亚迪唐ev选哪个更合适？6/7座刚需,2022/7/10,castcasc,8
谁有smart精灵四驱的参数,2022/7/11,CRC,0
吹问界的人都没买过车吧,2022/7/11,kobekb,16
现在做增程的新势力不宜把增程吹得太过吧,2022/7/11,tenwars,16
比亚迪唐和ID6 crozz如何选择,2022/7/7,DateBase,54
tsl系统一个不太方便、存在安全隐患的地方,2022/7/11,zhouxxs,10
说一下带电池车的质保规则 (转载),2022/7/11,TimeAndRiver,3
L9最高速度只能跑180？,2022/7/7,huanyongID,134
问界M7到底是不是东风ix7的拉皮升级版？,2022/7/4,dsf008,52
头条活捉一个专业比黑,2022/7/11,dsf008,3
预测一下新能源汽车的发展,2022/7/7,iGeek,44
10-15w之间电车是不是只有byd比较靠谱 (转载),2022/7/10,xilong,37
十大是来钓鱼的吧哈哈,2022/7/10,Dadubaba,20
stpee被取消在GreenAuto版的发文权限,2022/7/11,deliver,0
pansy1234578被取消在GreenAuto版的发文权限,2022/7/11,deliver,0
各家电车充电桩物联网卡咨询,2022/7/11,bjjtcsc,0
特斯拉的能耗。。。。,2022/7/8,feelsgood,57
锂电池能量密度比锂电池高那么多，为什么不用在电动汽车？是技,2022/7/11,Rex888,4
两个版面，两个时代,2022/7/9,shunderen,24
上周六去西岭雪山自驾玩了一趟,2022/7/11,CMaverick,1
Re: 首批电车现在如何了？,2022/7/11,原帖已删除,208
说增程式是已经淘汰的技术的,2022/7/8,CRC,8
腾势D9，岚图梦想家，塞那，怎么选？,2022/7/6,bicyclemen,40
华为M7就是保时捷卡宴电动版的铁证，不卖80万卖40万确实良心,2022/7/10,barcode,10
哪个银行能给车办理etc？前提是行驶证非本人。,2022/7/6,yangcs426,6
增程式高速为啥比混动差？,2022/7/10,hidenfly,43
M7和L9还是倾向于L9,2022/7/6,xyz08,9
86岁两弹一星专家刚拿驾照就喜提特斯拉,2022/7/7,bfield,18
有没有折旧公式和用车成本公式？,2022/7/10,census,2
L9付了预定金,2022/7/10,gavin060716,3
理想在新势力造车中到底有什么核心竞争力？,2022/7/10,zhangxy11,7
Re: 电费那么便宜，居然还在乎电耗,2022/7/11,原帖已删除,29
电车一般几年需要换电池呢，费用大概多少呢？,2022/7/10,llyypp,13
我从来不担心电池衰减问题,2022/7/10,TimeAndRiver,3
新款唐EV如何？有坑么,2022/7/9,yangzz,27
电梯间全是新能源电驴广告,2022/7/10,auto008,0
粗大！L9驾驶体验也是五百万以内最好！,2022/7/10,huanyongID,0
今年置换是不是有补贴啊,2022/7/4,fight35,1
比亚迪快充充到多少,2022/7/10,jpbhpal,9
跑100公里，充电和加油的花费大概分别是多少？ (转载),2022/7/10,xilong,9
汉dmi和唐dmi选哪个？,2022/7/10,Dankeschon,2
蔚来出了40—60万的车,2022/7/8,muhua,19
特斯拉超级充电站的电费太贵了吧,2022/7/10,wubikuaile,10
这。。。byd交付中心团灭？,2022/7/10,leoputin,7
Mark一下，宋Plus ev今天5000公里了,2022/7/10,locker06,2
看来最近油车换电车的不少啊,2022/7/10,accumarray,4
动力电池还能鼓包？,2022/7/10,zyzx77,1
北京比亚迪元plus交流群,2022/7/6,markwudi,6
特斯拉烧了上百辆车,2022/7/10,huankuib,8
请教：新款唐选择二驱730续航的，还是选择四驱635续航的？谢谢,2022/7/8,smallflyfish,57
打了个甲醇出租车和司机聊了下,2022/7/10,spadger,4
问届m5这车真不错,2022/7/10,kaka2w,2
Re: 我代驾过塞力斯,2022/7/10,原帖已删除,6
氢能源车大家会买吗,2022/7/10,xumm,2
跟特斯拉比起来我这夏天开空调电耗简直没法看,2022/7/9,wangdass8,15
预感小米造车会失败,2022/7/8,L234118,59
再谈问界m5和m7,2022/7/9,wwwmumuyx,15
想入手小鹏了,2022/7/8,missxc,2
快充挺好,2022/7/10,dmer,0
Re: 竟然很多人不知道丰田也有新能源插混车,2022/7/10,原帖已删除,12
一个拥有100w台电动车的城市应该安装多少充电桩才合适？,2022/7/10,bfield,5
毛豆y后排乘坐问题,2022/7/9,smiledi,13
我就在中途充电,2022/7/10,zyzx77,1
几何c哪里能看车试驾？,2022/7/9,sunshinehere,6
续航600km15万拿下的车,2022/6/30,TP33,31
以后电车（包括油车）每年都得缴大把车船税,2022/7/10,hidenfly,0
亏电油耗10+的增程教亏电油耗5+的混动做事,2022/7/9,sirius0777,4
预感米车将来等着菊花后，跟友商比对，以取得成功。,2022/7/10,archer,2
比亚迪被曝“偷换电池”,2022/7/6,CC2CC,6
[讨论]恒驰5是博世全家桶啊,2022/7/10,zyzx77,0
实话实说，国网的桩是真烂,2022/7/10,Dadubaba,5
现在新车出厂带ETC？,2022/7/9,windprint,10
想起几年前的事,2022/7/10,D40s,4
上汽真“打脸”！口口声声说不用华为要灵魂，现在投靠外企了,2022/6/22,txgx,296
电车的四驱都是全时四驱？,2022/7/10,iamrzd,0
TSL重庆造成2死4伤,2022/7/9,Cidyshi,6
其实，影响能耗的因素很多。。。,2022/7/8,tedxyz,9
电动汽车坏了，坑,2022/7/9,housuo,22
为啥只有D1用电动滑动车门？,2022/4/26,wen1984,4
