﻿主题,发帖时间,_ 作者,回复
想起几年前的事,2022/7/10,D40s,4
上汽真“打脸”！口口声声说不用华为要灵魂，现在投靠外企了,2022/6/22,txgx,296
电车的四驱都是全时四驱？,2022/7/10,iamrzd,0
TSL重庆造成2死4伤,2022/7/9,Cidyshi,6
其实，影响能耗的因素很多。。。,2022/7/8,tedxyz,9
电动汽车坏了，坑,2022/7/9,housuo,22
为啥只有D1用电动滑动车门？,2022/4/26,wen1984,4
买啥车过两年都是鄙视链下游,2022/7/10,ventana,0
我也贴一个Model Y长续航版的能耗,2022/7/9,Vas,27
买啥车？心里没底,2022/7/9,geostar,9
咨询：家庭指标一直处于亲属核验状态,2022/7/9,ZhangXXin,4
别觉得tsl的辅助驾驶在日常很鸡肋,2022/7/9,zhouxxs,2
比较了一汽大众和比亚迪的销量趋势,2022/7/3,spare,11
未来增程才是过渡到纯电的发展方向,2022/7/9,CC2CC,21
6月全市场全车型销冠不再是油车！电车趋势已成,2022/7/8,leoputin,15
大卖的车型，销售说有现车,2022/7/9,tiger78,0
今天怎么这么多特斯拉的续航帖子,2022/7/8,stoaalsh,8
15W左右的新能源轿车求推荐？,2022/7/7,PKUWanger,22
刚才开车被紧急制动了,2022/7/9,xiadayu,1
油车都堵车元凶呀，过红绿灯就不能嗖一下过去吗,2022/7/8,qqfish123,18
车玻璃贴膜选哪个：A透光率84%隔热率25%，B分别是75%和40%,2022/7/8,bfield,2
MG首款全球车——名爵4纯电动版官图发布 有望9月亮相,2022/7/8,xianrena,3
问界m7是怎么做到比理想晚出3年，空间还小的？,2022/7/9,kobekb,5
特斯拉失控撞路人致2死4伤！！！！ (转载),2022/7/9,xilong,0
[电动]试驾了I3，极狐和极氪,2022/7/6,daffadilly7,43
极氪在北京目前优惠大吗，北边哪个4s店有试驾车？,2022/7/7,bufu110,16
浓烟滚滚。。。。。,2022/7/9,tsa300,6
[合集] 请问买问界还是极狐还是小鹏,2022/7/9,hairstal,0
G9我真爱上了，有六座就完美,2022/7/9,boomltd,0
特斯拉x能耗，目前,2022/7/8,leoputin,27
增程式，有可能搞到十几万的价位吗？,2022/7/7,shuaigege,31
增程并非是所谓被淘汰的技术,2022/7/9,shunderen,11
Re: 我也贴个能耗，特斯拉m3,2022/7/9,原帖已删除,22
卧槽，M7问界72小时订单6万！,2022/7/8,census,45
速度超过120违法，但极速非常重要,2022/7/9,zyzx77,5
30万左右的求推荐,2022/7/8,xeam,32
从来没遇到过像普天这么难用的APP,2022/7/8,hellodx,7
周末去北戴河需要注意哪些，大佬们,2022/7/8,yuanshanqian,16
各位中年男士，有没有特别喜欢出去独自充电的时光？,2022/7/9,tralight,7
我去！！！！这什么情况（血腥慎入） (转载),2022/7/9,tsa300,5
终于知道现代电车为什么在美国卖得好了,2022/7/9,lt6868,7
不是说买蔚来要享受换电吗？,2022/7/8,xiadayu,22
极狐： 车看着不错，销售态度太差,2022/7/8,Tmoon,18
屌丝晒电耗,2022/7/9,AD007,0
抖音小红书为什么那么多人晒特斯拉呢,2022/7/7,zhouxxs,61
这次系统更新实用性强,2022/7/9,zthenry,1
MODEL Y 6月销量5.2W，季度环比下滑超20%,2022/7/8,jinAGE863,10
华商三优的共享充电桩经常充二三十分钟掉线，求解,2022/7/8,deu66,1
小鹏P7的高速电耗挺好的啊,2022/7/6,larryshen,21
想试驾问届，请问北京去哪看车？,2022/7/7,30-Sep,3
modely 长续航 原价转 北京 已出已过户,2022/7/8,musclefans,7
六月新能源汽车出口3.1万辆,2022/7/8,xianrena,2
为什么没人讨论埃安 一个月卖两万多。,2022/7/1,biubiu02,25
Model Y一锅电济南到北京及电耗,2021/5/6,Muslera,50
续航有点虚,2022/7/5,djkstra,57
拆开“英国之宝音响”，里面却是国产？公司回应：理解角度不同,2022/7/7,xianrena,8
唐ev实测充电139kw,2022/7/7,xiadayu,24
昨天试驾了蔚来ES6,2022/7/7,fido,16
只有我一个人觉得L9的内饰很土气，缺少设计感吗,2022/7/8,takealook,10
小区和路边都没有停车位，怎么解决？,2022/7/8,smallbag,4
smart精灵就是个耍猴车吧,2022/7/8,CRC,4
特斯拉上海工厂改造完成  年产能提高到110万台,2022/7/7,fzf,2
新势力电车会做路试碰撞测试这些吗,2022/7/8,skyfromheart,5
亲属关系认证,2022/6/21,zdtmzhangxc,9
看很多测评和网友说法 特斯拉续航没啥优势啊,2022/7/6,yellowChange,35
粗大了 这回真的大条了 锂电池潜艇受青睐 可用来取代AIP系 ,2022/7/7,qsw,4
增程式汽车是收割智商税的么？,2022/7/7,nuckwoo,7
暑假想用电车跑一次长途,2022/7/4,huankuib,4
恒大的汽车还做不做了,2022/7/8,fuweihua,5
距离华为不造车的承诺有效期只剩15个月了,2022/7/8,yehorse,0
有家桩的电车远比油车省事,2022/7/7,zhouxxs,13
如此精美的仪表SR，谁可与之一战？,2022/7/6,AD007,5
60分，非户主同一个户口本，今天指标终于下来了,2022/7/8,llx0317,1
普及一下增程车的效率问题，小白们请进,2022/7/5,Krete,45
增程和插混(dmi，dht)到底哪个好,2022/7/8,snwofox303,2
比亚迪的四个轮毂电机让硬派越野的这个锁那个锁成为一堆废铁,2022/7/7,henhenhahi,11
目测问界m7首月能到1万,2022/7/4,tian19520000,25
电车的联网功能可以手动关闭吗？,2022/7/8,FlytoSkyBoy,2
余大嘴这是黄鼠狼给鸡拜年？,2022/7/7,huanyongID,29
问界的定位是荣耀吧,2022/7/6,hidenfly,5
增程车很少用到发动机发电对发动机和增程器会不好吗？,2022/7/7,Wahaha,9
电池大，续航长，能上马路牙，15万以内纯电有啥选择,2022/7/7,sdglmn,3
那个阿维塔11颜值也不错啊,2022/7/6,chelseaLL,9
创历史！中国成为全球首个新能源汽车保有量突破1000万辆的国家,2022/7/7,AZTU,4
bba油车切换到新能源感受,2022/7/4,rowiner1771,13
新疆 西藏什么时候把充电桩建起来啊,2021/8/7,whtysh,27
宝马X3的味道怎么比特斯拉Y大这么多？,2022/7/5,langmanyixia,89
求问比亚迪e5两年衰减30%，厂家不给更换电池包怎么办？,2019/3/18,silencehere,150
HiPhi Z可以预订了,2022/7/5,biubiu02,2
高合会很快死掉,2022/7/7,biubiu02,6
PPT恒大汽车开始预售了 不知道有没有现车还是继续PPT,2022/7/5,zowave,25
什么时候后轮转向能成为主流,2022/7/7,bxdx,8
在北京买车去廊坊上牌行吗？,2022/7/7,qnym,2
三年时间，自动驾驶可以达到什么水平？,2022/6/26,census,86
"吐槽问界m7轴距、悬挂、L2,全世界最奇葩车，没有之一",2022/7/6,junopapaya,62
乘联会：特斯拉中国6月销量7.8万辆（预估）,2022/7/6,Muslera,13
认真洗洗 看着还行 物美价廉,2022/7/7,zhuming717,2
极狐换宁德电池了,2022/7/5,pglaoli,14
weima 也成关键词？,2022/7/7,mymaiti,1
裸车30W，购车成本是多少？,2022/7/6,mayi,1
周末深度试驾id4,2022/7/6,wen1984,5
哎，车蹭柱子上了，轮眉掉了,2022/7/6,gaoxinyu,10
一定要警惕宣传文案出格的产品,2022/7/7,shuaigege,0
Re: 电车大雨开山路,2022/7/7,原帖已删除,2
截至今年6月底 全国机动车保有量达4.06亿辆 新能源汽车千万辆 (,2022/7/6,tsa300,2
恒驰5预定,2022/7/6,HLWJSJ,3
MPV，大通mifa9，有人关注吗,2022/7/6,bobotong2013,0
笑了，断轴理想都被逼到开始讲底盘故事了 (auto版原贴被删）,2022/7/5,zhangxy11,15
比亚迪唐ev的快充口是哪边？,2022/7/5,xiadayu,21
问界m7不是纯电吧,2022/7/6,Buerme,4
又烧一辆,2022/7/4,Mars102,9
id4高速失速,2022/7/6,zhangxy11,2
路上车的比例，新能源至少能有30%,2022/7/6,zhangxy11,2
我得确认华为跟小康婚姻稳定了再考虑买,2022/7/5,ark,4
昨天看了问界M7的发布会，又长草了,2022/7/5,wwwmumuyx,38
刚和xk的工程师确认了,2022/7/5,DriftKing,25
在我国汽车生产是需要资质的，没有资质的，只能“借”资质,2022/7/6,hulafly,10
朋友圈一则,2022/7/6,xuchuge,5
新能源跑内蒙草原可行吗？,2022/7/4,jungfrau,24
请问大家MY最新提车的时间是什么时候定的,2022/7/6,kevinfeng,2
蔚来还没出事故报告呢？,2022/7/6,willExp,0
自动驾驶可以上路了，深圳,2022/7/6,keii,8
ID4C也虚标啊，话说高速的里程焦虑很明显。。。,2022/7/4,Coca,14
埃安V现在什么价了,2022/7/6,idiotwsh,3
电车或者混动车挂挡手柄，可以集成到方向盘上面么？,2022/7/6,tiaoyang,14
chaodide被取消在GreenAuto版的发文权限,2022/7/6,deliver,0
静态体验了一下汉和极氪,2022/7/4,Forane,23
问了几个工程师都不认可蔚来挂挡错误的解释,2022/7/3,zhouxxs,20
电车的涉水性能应该是比油车好吧,2022/7/5,Forane,10
m7这个轴距怎么回事,2022/7/4,biubiu02,35
问个问题，六座车不觉得不上不下吗,2022/7/4,zhouxxs,59
蔚来以36公里时速撞向地面，乘员无一生还,2022/6/25,jocusperrin,52
这里没人预订m7吗,2022/7/6,biubiu02,1
qingchening被取消在GreenAuto版的发文权限,2022/7/6,deliver,0
xieyoyo996被取消在GreenAuto版的发文权限,2022/7/6,deliver,0
电车竞赛的后半段,2022/7/5,dahai2999,5
理想是增程式？据说没有混动先进啊,2022/7/5,langmanyixia,29
Re: 经此一役，理想的标杆地位确立了吧,2022/7/6,原帖已删除,10
[新能源]73000+个人池子啥时候能排到,2022/7/4,FeLucky,14
剐蹭了四天还没修好,2022/7/5,JAJ,3
现在国产新能源在30w这个价位算是站稳了，40和50没啥代表车型,2022/7/5,content,6
满世界都知道M7第三排空间太小了,2022/7/4,laoxinzhe,44
极氪6月份交付4302辆,2022/7/1,ia,9
新能源车里有配置组合惯导的吗,2022/7/3,yingwuning,14
看了问界和理想发现岚图确实有问题,2022/7/5,ruxia1949,8
对日本的新能源汽车大失所望,2022/7/5,qishou,20
新能源不好，别买,2022/7/5,tsingsh,3
高合新车直播,2022/7/5,hippocn,0
m7和l9本质上不都是精装修么,2022/7/5,AD007,1
mY开腻了，换什么车有不同的体验？,2022/7/4,tbbt2013,36
吐槽个信息路 北五环到北体那段路 天天堵得要死,2022/7/5,CherylBC,2
本版网友的L9体验，韩路的测评就是为理想量身定制 (转载),2022/7/5,seha,3
看了一下就id3和smart符合我的需求,2022/7/3,Wename,53
m7这个定价感觉背刺了m5车主,2022/7/4,EmperorPiero,4
明年56分能及格吗？,2022/7/2,wen1984,18
g9居然没有6座,2022/7/5,boomltd,1
特斯拉的订单经不起推敲啊,2022/7/5,mafama,4
轻微碰撞就烧了啊！蔚来从3楼掉下去都没烧,2022/7/5,dsf008,7
怎么样才算一个电池循环？,2022/7/1,lingyunfei,25
新能源SUV乱战,2022/7/5,AZTU,2
新添一部新能源电动车,2022/7/3,nuoya123,22
ID6内饰做工明显比ID4强啊,2022/6/28,skyfromheart,46
m7不会大卖,2022/7/4,biubiu02,24
说实话问界最大的问题是车太丑,2022/7/4,content,13
家里没桩没固定车位，公司没充电桩的，电车怎么充电？,2022/7/4,zado,7
华为的自动驾驶，自家m7都不上,2022/7/4,hondooo,10
我不在车位装充电桩的原因是,2022/7/4,BrownPupil,14
极狐和id系列选哪个,2022/7/3,tbbt2013,29
小鹏或将成为国内首个全面推广800V高压快充的品牌,2022/6/16,AD007,6
试驾小鹏P5顶配自动泊车，惨打脸很尴尬,2022/6/25,pNeo,26
求问：买增程式或插电式的，有人关心真实续航里程吗？,2022/7/5,nkswolf,1
时至今日依然有些人说“脱了裤子放屁”,2022/7/5,Krete,1
phev和dmi的差别是啥？不都是插混吗？,2022/7/4,INSTANTUSER,6
广汽埃安 6月销量2.4万，仅次于比亚迪？,2022/7/1,HLWJSJ,27
秦pro ev刹住时哐当一声,2022/7/5,qdfxy0704,0
问界M7走的也是理想one外挂发电机模式？,2022/7/5,MyNameIs007,1
蔚来的车怎么掉下去的，有结论没？,2022/7/5,willExp,0
新能源家庭号,2022/7/4,shuidaodao,13
M7到底多少钱啊？,2022/7/5,census,4
北京开电车去威海怎么样？,2022/7/4,tobeworker,17
一镜到底！全程0接管！城市NGP穿越广州CBD,2022/7/4,AD007,24
河南一医院门口蔚来汽车失控多人被撞,2022/7/4,dds,19
电动腾势D9，还是塞纳？,2022/7/3,langyayin,83
比亚迪服务真烂，犹豫要不要退车,2022/7/4,txq,22
问界M7订单破万了，发布会才结束才两小时。估计要爆,2022/7/4,loctek,15
IT科技很多技术都可以用在汽车上,2022/7/4,tian19520000,2
新能源跑山，下山能收回多少能量？,2022/7/4,winnerstone1,15
Re: 汉就是byd的高端品牌吧，对标BBA,2022/7/4,原帖已删除,1
比亚迪的王朝系列,2022/7/4,usami,3
理想ONE什么颜色销量最多,2022/7/3,keii,7
这种情况，责任怎么划分,2022/7/4,lwc1785,2
比亚迪的驾驶体验跟特斯拉有差距吗？,2022/7/4,terminats51,6
汉均价25万+,2022/7/4,memory166,3
问界M7车长5m，轴距只有2820的真相 (转载),2022/7/4,EmperorPiero,2
如果只是想要一辆可靠的电车的话，id4是不是最优选择,2022/7/4,rosabel,9
Tesla Model Y/蔚来 ES6/奥迪ETRON大比拼,2021/5/27,onlyzz,67
比亚迪唐，和海豹用的是同样的电池吗？,2022/7/4,txq,5
一张图看懂问界M7,2022/7/4,rasper,3
警方通报“蔚来车祸致多人被撞”：1死5伤，系肇事司机操作不当 ,2022/7/4,tsa300,0
求一条 20米 左右的飞线,2022/7/4,jayjin,5
M7发布会体验有点差,2022/7/4,AZTU,2
华为确实厉害啊,2022/7/4,kyodidi,0
真皮座椅怎么清理啊？,2022/7/3,noocoo,11
为何我用180kw的桩充电实际才50多kw,2022/7/3,xiadayu,24
以前发布新车有这种事无巨细的介绍吗,2022/7/4,zelatan,1
这是什么车？,2022/7/4,dsf008,0
6月比亚迪各车型销量,2022/7/3,tttttt182,20
开了几天新能源，就觉得油车没有未来了,2022/7/2,pNeo,80
f1的halo技术能否大规模应用,2022/7/4,fengwudian,6
20万落地最佳选择？,2022/7/2,tobeworker,24
新能源家庭指标还在等亲属关系核查,2022/7/4,burrma,4
宋ev什么时候发布新款啊,2022/7/4,hsmile,0
闲鱼上怎么没有卖E充电了的了,2022/7/4,whtysh,1
宋ev，停车处有点坡度倒车动力不足怎么办？,2022/7/4,DLJC,5
大厦商场的多层地库，应该开辟一个电车专用层,2022/7/2,tsingsh,6
求推荐五万左右的电车,2022/7/3,Wename,12
现在没排到家庭号的，还有希望吗？,2022/7/4,wen1984,0
新能源车购置税优惠明年还有吗？,2022/7/3,pklmsthree,4
中国电动汽车在欧洲的前景很光明 在美国就算了 (转载),2022/7/4,qsw,1
谈谈对新能源企业的想法，纯个人意见,2022/7/3,fhwestlife,27
实充60度，充电桩显示74度,2022/7/3,Dadubaba,14
说百度华为自驾厉害的，看看小鹏在量产车的效果,2022/7/4,liy21,0
刚路过南三环主路有辆保时捷电车趴窝了,2022/7/3,looby,4
[讨论]现在还有免费办理的ETC吗,2022/7/2,saxlove,15
有经验的介绍下，小黄鱼买充电桩，安装怎么弄？,2022/7/4,lay329,13
唐销量还是不行啊 6月才8千多,2022/7/3,Dadubaba,23
户外充电下暴雨有影响吗？,2022/7/3,Wename,4
求推荐,2022/7/1,target123,12
威马汽车，感觉不太行呢。,2022/7/2,mrmopo,24
以后高速路上都是光伏生态了吧,2022/7/4,datou618,5
家庭6/7座电车求建议,2022/6/30,cucucu,53
感谢热心版友提供的信息，新能源指标确实可以延期,2022/3/29,smallflyfish,4
今天在世纪金源逛华为门店问界确实火,2022/7/3,tian19520000,21
"Re: 猜一猜,7月比亚迪水军会不会买掉15万辆.年底会不会150万.",2022/7/4,原帖已删除,2
bba重注新能源车，日本人按兵不动？,2022/7/3,C160829,5
新能源车的操控怎么样,2022/7/3,yishui19,22
如果明年转新能源，大概啥时候指标能确认完毕呢,2022/7/3,henrylee2008,3
比亚迪6月销量 134771，比起上月多1.6万,2022/7/3,tiantianzao7,11
新出的糯玉米这车看着不错,2022/7/3,Wename,3
理想6月交付13024辆,2022/7/1,ia,23
你们坐新能源晕车不,2022/7/3,Wename,40
理想L9感觉就是SUV版的丰田阿尔法啊,2022/7/3,churchilllee,2
北京购车政策优惠咨询,2022/7/3,liberal,0
大众在美国丢盔弃甲啊,2022/6/28,tedxyz,15
[心得]极狐三万公里小结，心中负责任奶爸家庭用车的最优解,2022/6/26,wangdass8,48
年底前三傻能破2万吗,2022/7/2,shunderen,10
周五打了次百度的自动驾驶出租车,2022/7/3,whistlingMe,4
同事刚入了台eqb260,2022/7/3,kyodidi,3
要抢年底前买电车吗,2022/7/2,meirenai,5
一直下雨天的话，电车停外面会不好吗？,2022/7/2,xiti,15
国内做自动驾驶的除了华为百度还有谁做的好。,2022/7/2,zhtoad,52
现在还有哪些车试驾有礼物的？,2022/7/3,pany,1
Re: 求个北汽eu550微信群，在线等，谢谢！,2022/7/3,原帖已删除,0
家庭指标什么时候下来？,2022/7/3,shuidaodao,2
北京电车家庭摇号，怎么理解？,2022/7/2,jide,22
大众id6月交付多少,2022/7/1,zaoan,20
12123上号段投放是事前还是事后？,2022/7/3,i6v1206,4
就动力和强度而言，什么车能抗住尸潮（条件见文）,2022/7/2,wsnsw,7
极氪的高速电耗情况【更新大结局】,2022/6/21,cosun,88
蔚来升级智能系统Alder·赤杨，大家觉得有必要不,2022/6/30,kakazane,13
理想花钱买微博推广了。,2022/7/1,ia,18
"蔚来2022年6月交付12,961台，创月度交付量新高",2022/7/1,DiZhuo,65
比亚迪销量高得益于产能充沛,2022/6/10,AD007,32
特斯拉二季度交付254695,2022/7/3,ia,7
现在有没有哪个牌子的电车能做到绝对不自燃？,2022/7/2,content,18
当初没切新能源号，就是一步错步步错,2022/7/3,dragonfly112,3
配备激光雷达的小鹏P5在OTA以后，城市辅助驾驶的体验提升明显！,2022/7/3,AD007,1
6月份的汽车销售量数据还没公布啊？,2022/7/3,Vibration,3
摩托车总是绕到排第一个等红灯车前面,2022/6/30,tsingsh,21
下半年可能就不太好嘲笑极氪的车机了,2022/6/30,cosun,38
海豹会游泳吗？,2022/6/30,topking,19
出海,2022/7/1,zthenry,3
都在20+30+价位卷，15万左右价位竞争貌似不太激烈,2022/7/2,jackbai,8
花20多万买个小鹏P5？,2022/6/30,MyNameIs007,21
查了下比亚迪销量蛮高的，为什么本版讨论的很少,2022/7/2,southisland,19
连名字都不好好取 你指望他能做好车？,2022/6/30,Ctrl1005,46
如果明年比亚迪直接上市续航1000公里的电车,2022/6/27,googlestyle,34
小鹏p5好好搞一搞还是可以的,2022/6/29,shunderen,23
最怕华为的就是理想,2022/7/2,zhangxy11,9
小米新能源汽车进展如何？,2022/7/2,youzigui,8
小康股份6月交付新能源12418辆,2022/7/1,ia,12
修改dm10000在GreenAuto版的发文权限封禁,2022/7/2,deliver,0
tianyalaike被取消在GreenAuto版的发文权限,2022/7/2,deliver,0
12123随机号的5次机会能不能分开用,2022/6/30,Johnsun999,16
大功率电机进价多多少？,2022/7/2,wsnsw,8
新能源电车更新速度加快,2022/6/29,HLWJSJ,6
[求助]打算换充电桩，咨询下华商三优老款充电桩兼容性、质量怎,2022/7/1,z20690865,10
积分不够谁能帮转到auto去，看看市交通委是如何糊弄群众的,2022/6/30,tsingsh,9
"豫能控股公告称将出面调停俄乌战争,新势力学学。",2022/6/30,chaodide,3
大兴买个唐还返8000现金,2022/6/30,xiadayu,13
新能源车想在海外攻城略地，要先具备哪几个条件？,2022/7/1,census,2
为了空气质量，油车不应该在五环内行驶,2022/7/2,dengdaitp,6
现在西边哪里有一站式看车的啊,2022/7/2,socool,6
问界M5七月交付量要破万了？？,2022/7/1,zhouguangxiu,17
零跑6月交付11259辆,2022/7/1,ia,5
问界6月销量7021辆,2022/7/1,ia,4
日本的王牌产业也不如以前了,2022/7/1,buckthetrend,14
新能源汽车可能已经进入了k3v2年代,2022/7/2,lly9666,3
自动驾驶现在是在多普达阶段,2022/6/28,shunderen,12
新能源可以用中国古代科学家数学家发明家的名字命名,2022/6/30,Apple4S,24
长安奔奔和ex1 PRO在同价位是不是没对手了？,2022/6/28,fishonroad,1
小鹏6月交付15295辆,2022/7/1,ia,8
AD007被取消在GreenAuto版的发文权限,2022/7/2,huangp99,1
北京置换新能源补贴插电混动无缘了,2022/6/26,novojoesph,12
看了国家电网e充电在app store上的评论,2022/6/28,ntstar,2
你们买车打算用几年,2022/6/28,bxdx,50
小鹏汽车的语音通知有点烦,2022/7/1,pNeo,8
小鹏这个设计是怎么回事儿,2022/7/2,jinpp,0
在农村开拖拉机，需要考驾驶证吗,2022/6/30,phoenixhills,2
AD007被取消在GreenAuto版的发文权限,2022/7/2,deliver,0
新能源的确实是一次性投入成本。。,2022/6/26,tchain,54
新能源车企的交付数据难产,2022/7/1,ia,16
蔚来今年上半年同比去年销量涨了多少？,2022/7/1,chelseaLL,5
落地15万的家用轿车还有么？,2022/6/26,HLWJSJ,22
电车为什么还有额外搞一个小电瓶，令人费解,2022/7/1,phoenixhills,18
看了看理想L9的实车,2022/7/1,Krete,4
极狐一周满电653实跑605剩32，折现率97.5%,2022/5/21,wangdass8,47
油车转出后，如何申请指标更新为电车,2022/7/1,hsmile,2
6月比亚迪唐ev在挪威销量排12，小鹏彻底废了。,2022/6/30,chaodide,7
求比较id4和极狐s,2022/6/25,Alvis,42
背靠国内市场，三一重工与日本小松激烈争夺东南亚挖掘机市场 (,2022/7/1,qsw,0
前几天，华为营业厅起火是新能源车还是手机啊？,2022/6/24,michael888,20
刚提车，脚垫车膜记录仪在哪买呢,2022/7/1,jpbhpal,1
理想的套路像不像房地产里面的凤变冰,2022/6/25,heiabc,5
版面积分变更记录,2022/7/1,deliver,0
水木有特斯拉群吗,2022/7/1,musclefans,0
各新势力的销量怎么还没报,2022/7/1,xxyy0088,6
这是什么车？,2022/6/30,kettle,8
哪吒6月份交付13157辆,2022/7/1,ia,0
充电桩前三名是 哪几个,2022/6/28,googleask,2
[汽车][电动]宝马ix3一年感受,2022/6/24,kk611,35
北汽做事的风格还是国企那一套，看看这些营销软文。,2022/6/29,biubiu02,15
大家有唐EV的群吗？,2022/7/1,F30,0
汉EV要等多久，有现车吗,2022/6/30,nthr,2
"国内首张“主驾无人”卡车路测牌照下发,L4级无人驾驶重卡路测",2022/6/30,keii,2
Smart精灵一号还在进行路试？,2022/6/29,AppleLEO,15
es6白色选啥颜色的座椅好看？,2022/6/30,ckcn,2
几万块的市内通勤小车有啥能选的,2022/6/26,zelatan,21
Re: 为什么没有帖子说埃安aion v plus呢？,2022/6/30,原帖已删除,10
蔚来忽略了一个重点，找江淮代工是有损他的品牌价值的,2022/6/29,xtfj,24
小鹏异常震动和捉奸视频不是一回事，视频是有人栽上去的 (转载),2022/6/30,tsa300,3
电车全寿命成本比油车高多了,2022/6/26,skyfromheart,39
其实，充电10分钟和充电1小时区别不大吧？,2022/6/28,xtfj,25
sun0star被取消在GreenAuto版的发文权限,2022/6/30,deliver,0
现在排队摇个人的号，是不得排到20多年以后了,2022/6/28,newhaitian,3
30w左右，续航700+有什么可选的吗？,2022/6/29,leosnow,19
低端电车真是和手机大战类似了,2022/6/29,zelatan,1
增程车最大优势在于长途，特别是高原长途,2022/6/27,Krete,51
电车创造了很多新的出行需求呀,2022/6/29,yaqli,13
目前最骚气的新车：阿维塔,2022/6/27,AD007,23
传统车企确实包袱不小,2022/6/30,juinjwst,1
刚才问了客服关于理想L9的自动驾驶,2022/6/26,keii,96
碰个瓷，减配严重测试垫底的大众车掉下10米高架,2022/6/30,tedxyz,13
电动车消费体验确实好,2022/6/28,xtlove87,5
现代和起亚成为美国市场最热门电动汽车,2022/6/27,nisus,118
"乖乖,byd合肥厂都整车下线了,这也太快了",2022/6/30,zelatan,2
阿维塔这车看起来不错，比较高级,2022/6/29,content,5
大兴新能源补贴最多能减8000现金,2022/6/29,xiadayu,4
何小鹏： G9 50万内最好的SUV,2022/6/29,AZTU,26
求问新车上牌南城一般哪个检测场人比较少，怎么预约呀？,2022/6/29,lcy362,2
蔚来被灰熊做空，报告解读,2022/6/29,hvacman,0
总ZHENG的大楼里连着2辆特斯拉出来~~,2022/6/29,Cidyshi,9
北京市新能源置换补贴，DMI算新能源吗,2022/6/27,llkk,23
问下大家的tsl都在用什么牌子的充电桩？,2022/6/29,zzybh,8
skyfromheart被取消在GreenAuto版的发文权限,2022/6/29,deliver,0
很矛盾 很分裂,2022/6/29,langmanyixia,1
办行驶证的时候地址可以自己填吗？,2022/6/29,lcy362,1
昨天体验了百米3秒推背感,2022/6/29,GABA,16
Re: 刚提新车，开了80KM，电耗22.5，正常吗,2022/6/29,原帖已删除,2
新能源汽车与无人驾驶的电子电气架构有啥技术牛掰之处？,2022/6/29,lgyyuuki,0
碰瓷迈巴赫，下半年最重磅车型要来了,2022/6/29,AD007,0
蔚来人亡事故原来是挂错档了,2022/6/23,kieliefie,184
ID6竟然全系没有L2辅助驾驶,2022/6/27,skyfromheart,16
名字跟车好坏有关系吗？,2022/6/29,zyzx77,0
"Re: 长安深蓝SL03预售价17.98-23.18,有没有等这个的",2022/6/29,原帖已删除,5
充满了不能能量回收是不是各家都这样,2022/6/28,peipeiqp,14
蔚小李新势力弯道超车的优势在哪里,2022/6/26,shertty,47
全面超越油车的电车会在2023/2024年出来,2022/6/28,shunderen,8
求问最近有提宋plus ev高配的吗 ,2022/6/27,millercn,23
电动重卡也开始发力了啊,2022/6/29,Vibration,5
沸腾吧：宁德吊打特斯拉了,2022/6/27,SmartIC,11
"有人需要上门试驾蔚来不，ET7,ES6,EC6啥的",2022/6/27,zunshi,11
国产电车还在国产手机第一阶段,2022/6/27,skyfromheart,98
到底哪个车算是华为的？,2022/6/27,wsnsw,10
想换车了，欢迎水友推荐一下。,2022/6/28,iamleo83,11
新能源说白了就是缓解人类危机的,2022/6/26,Wename,5
求教：北京能买的15万以下的纯电动车都有哪些？,2022/6/27,Cndream,8
说个国产车加速不行技术不行没想到大家心理这么脆弱,2022/6/26,content,44
家庭组队，父母用居住证可以吗？,2022/6/28,keler,5
请教一下，外出充电有啥需要准备的装备和APP吗？,2022/6/28,tchain,4
岚图：APP内网友说车内物品自燃,2022/6/28,zyzx77,2
汉兰达想卖掉换L9，奈何L9没有白色……,2022/6/26,keii,19
宁德那个255系统密度的电池要2023年才量产,2022/6/28,shunderen,13
Mach-E中控的大屏真是烦人,2022/6/28,vig,2
博泰车联网智能座舱采用BlackBerry(R) QNX(R)技术,2022/6/28,nisus,1
个人能以家庭身份申请新能源吗？,2022/6/28,sushenxiaoyu,7
深度解析目前最顶级的两台电机msl plaid和lucid air,2022/6/27,content,35
说半天，腾势D9哪里有车可看,2022/6/27,MacDull,7
油车牌买电车，大家原车牌怎么处理的,2022/6/25,water123,8
nowan被取消在GreenAuto版的发文权限,2022/6/28,deliver,0
真有人买车时把自动驾驶功能作为一个重要的考虑指标吗？,2022/6/27,woodguy,52
零跑C11怎么样？,2022/6/21,slippercc,9
id3 有上大容量电池的计划吗？,2022/6/28,wangdass8,3
秦ev450慢充故障（更新）,2022/6/28,luowen1988,5
华商三优的桩出故障了,2022/6/27,fuweihua,26
三优充电桩是快倒闭了吗？,2022/6/27,tchain,7
特斯拉用的nca三元锂电池安全性最差,2022/6/27,Icanread,10
怎么通过4S店把旧车卖到外地,2022/6/28,xxz0611,5
测试车坠楼，不一定是踩了油门,2022/6/28,zyzx77,2
二十年后全是电车的话,2022/6/26,Wename,33
华商三优桩强迫升级4G模块，不然连不上APP，属不属于强迫消费,2022/6/27,lordliu,10
北京蓝牌可以买L9吗,2022/6/26,vividlamb,11
去年11月提dmi车，可以安装一个充电桩，但深圳安不了，有必要安,2022/6/24,lingyunfei,6
找到L9的喷点了,2022/6/27,MacDull,14
"刮倒档, 屏幕背景应该变红",2022/6/25,Elric,10
具有高精地图的自动驾驶反而更危险？,2022/6/26,Muslera,43
8度电的宋dmi在南方使用最佳,2022/6/24,ydf,28
120kw的充电桩哪里找呀,2022/6/27,xiadayu,23
已下单22款ID4X极智长续航,2022/6/27,wego,7
