﻿主题,发帖时间,_ 作者,回复
我这样是不是可以领补贴,2022/6/26,ychubble,3
新能源啥时候能做到5万块买个二手也能长期开，就成功了,2022/6/25,oossoo,21
看到了京AB00000,2022/6/27,Dadubaba,1
第一个装麒麟电池的800续航的电车,2022/6/26,shunderen,2
今天下午跑三元桥丰田定了奕泽 EV,2022/6/26,mig15,33
新能源车牌号下来了没？我家的还在审核中呢,2022/6/18,penguin0000a,2
三优让我升级4g模块,2020/7/30,weizhaokang,14
下定了2022款ES8,2022/6/26,Andylela,16
怎么没人喷L9的犄角？,2022/6/27,omin,8
我爱人带着老人孩子入围了，我摇邮车,2022/6/14,nemo2013,15
发现ID4C和ID4X顶配的一大区别,2022/6/27,skyfromheart,4
20w内求推荐下,2022/6/26,xtlove87,6
蔚来ES8成为首个实现L4级别自动驾驶的量产车型,2022/6/27,keii,2
指标,2022/6/27,shuidaodao,1
“领导说不相信中国产品”,2022/6/23,wangdass8,35
何小鹏亲自示范什么叫做本地化的智能辅助驾驶体验,2022/6/27,AD007,2
今天去看了理想L9,2022/6/23,gofly,13
为啥国产的电车外边听着电流声音很大,2022/6/27,Wheelsonbus,5
室外车位，充电桩保护箱有必要吗？,2022/6/26,magicXJ,5
问界M5和赛力斯SF5到底是啥关系？,2022/6/27,Krete,1
2022款唐ev续航体验,2022/6/25,xiadayu,62
问界M5是不是好车,2022/6/23,wwwmumuyx,57
混动电池频繁充电的情况下,2022/6/24,bom,40
20万出头的预算，是买老版汉ev还是等海豹呢？,2022/6/27,Joejoer,6
丹拿说比亚迪海豹订单已超11万辆,2022/6/26,googlestyle,7
DMI DMP 增程是不是都得频繁充电,2022/6/23,wangstone,32
"IMMD，插混，DMI,DMP 都有啥区别？",2022/6/27,wangstone,0
三星手机老是闪退几何汽车APP？有一样情况的吗？,2022/6/26,libinhjj,2
激光雷达、毫米波雷达、超声波雷达，大概都什么价格？,2022/6/27,xingbake,1
aion v枪口过温,2022/6/27,meiyoule,0
哪个大佬说说电车怎么卖外地,2022/6/26,wangkuo111,1
阿维塔,2022/6/26,tiantianzao7,2
新势力到今天，理想确实最有优势了,2022/6/26,playmobil,25
v plus 的放电功能实用吗？,2022/6/26,sunshinehere,1
特斯拉“套路”曝光，怪不得每次说自己没责任,2022/6/26,txgx,3
比亚迪6月前三周新增订单21.5万辆… (转载),2022/6/25,oBigeyes,13
家庭指标,2022/6/26,shuidaodao,0
好久没看到自动驾驶的消息了，最近能到哪一步了,2022/6/24,xlrh,48
大家都打算在车里过日子吗？,2022/6/24,chenghaibo,35
特斯拉过户问题,2022/6/26,smiledi,2
混动不好，别买。,2022/6/26,ylh1969,0
2月底订的毛豆y，交付时间无限期延长?,2022/6/25,ashly,6
电池鼓包吗？,2022/6/25,LLClown,8
请问电动车静置会掉电么,2022/6/24,missinfailed,19
电车价格都是透明的吗？,2022/6/26,Wename,3
新能源几年内取代燃油车言之过早吧,2022/6/25,choicee,16
为什么dmi会比增程效率高呢？,2022/6/23,INSTANTUSER,98
EQB 350 首发特别版提车,2022/6/22,panling2004,29
毫米波雷达不是智障，研发人员才是智障,2022/6/24,williamtong,8
阿维塔怎么样,2022/6/26,stockjack,8
isonic被取消在GreenAuto版的发文权限,2022/6/26,deliver,0
cuiyeshishen被取消在GreenAuto版的发文权限,2022/6/26,deliver,0
李想的价值观,2022/6/23,guest007,35
理想L9和腾势D9，定位有什么区别？,2022/6/21,census,9
宋，宋pro，宋plus名字可以彻底汉化,2022/6/25,samsonov,11
咨询大家，开剩10%才充电，对电池伤害多大？？,2022/6/25,nanfengfeng,9
买车求推荐,2022/6/19,langyayin,25
说到鸡贼唐汉续航都是cltc呀,2022/6/22,xiadayu,79
es7不会火,2022/6/25,shiguang,17
为啥没人猜测是自动泊车冲出了壁栏？,2022/6/25,flyflit,7
蔚来那车确实彪呼呼的,2022/6/24,salsalover,7
ET7跟P7造型差不多嘛，怎么价格要贵一倍？,2022/6/25,xtfj,6
单开一贴谈cltc,2022/6/24,xiadayu,20
蔚来确实会挂错档,2022/6/24,sharonyue,73
新能源汽车接受度-以北京为例,2022/6/25,ginkgotree,7
收一个充电桩，版上有出的吗？,2022/6/23,magicXJ,8
理想这波全方位高强度无死角覆盖,2022/6/23,wangdass8,13
第四次工业革命应该是能源革命,2022/6/23,acforward,4
宁德时代新电池,2022/6/23,hondooo,49
这是什么车,2022/6/25,vop,2
保价单优惠5000靠谱吗？,2022/6/25,wego,0
新上手了小蚂蚁一星期,2022/6/25,nanfengfeng,2
北京的那个1万块置换补贴有人了解么,2022/6/12,tttt0945,18
L9预定到30000,2022/6/24,AZTU,9
充电桩安装在楼下，有无安全隐患？,2022/6/25,TP33,2
转发 极氪和开锁公司,2022/6/24,wangdass8,2
有人说开过电动车基本再也看不上油车了,2022/6/24,Dhyanacap,21
et7的档把设计确实容易挂错挡,2022/6/24,ahmi,84
为什么新势力老板要走到镜头前,2022/6/24,topking,7
压根就不是挂档的问题,2022/6/24,rtossystem,13
不明白，挂错档踩刹车不就行了,2022/6/24,meirenai,10
有在老小区地面车位安充电桩的吗？,2021/12/9,pheiMax,6
4680哪去了？,2022/6/24,tbbt2013,22
蔚来太牛掰了，22年还发布续航400多km的车,2022/6/16,content,164
如果蔚来的停车楼层高2.5米,2022/6/24,jocusperrin,7
十年后会不会油车加不到油，电车充不上电,2022/6/23,heiabc,21
有些车就像锤子手机,2022/6/24,googlestyle,1
请问北京新能源指标能用于dmi插电混动车型吗？,2022/6/23,alexshell,7
新能源汽车自燃频发，社会危害性不得不防,2022/6/22,buckthetrend,9
提车路上求介绍充电app,2022/6/23,xiadayu,22
刚提车，请问有秦plus北京车友群吗？,2022/6/24,Geostar007,1
5月入围的，还在核查亲属关系。。。,2022/6/24,burrma,7
“等速续航”之后，理想L9的“热机工况油耗”及“1/3C电量”再,2022/6/22,FHWYSH,44
哪里可以买到便宜的二手电动车？？？？？？,2022/6/24,czx1990,5
感觉增程式才是方向,2022/6/22,EmperorPiero,177
L9新车发布会上的两个争议,2022/6/21,Krete,21
电车差在极限续航,2022/6/22,dawei78,59
[转载]蔚来汽车坠楼两名试车员身亡,2022/6/23,darryl,25
前进倒退换挡可以用语音么,2022/6/24,hidenfly,1
版上一堆挂错挡，就跟第一时间撇清车没问题一样恶心,2022/6/24,dalezzz,6
三德子麒麟电池VS阿迪王刀片电池,2022/6/24,cuxiao,2
蔚来挂错档，谁说的？？,2022/6/24,willExp,0
咨询唐DMP,2022/6/21,coolfist,23
真的有很多人愿意小孩在车上玩游戏看电影么,2022/6/23,atian,28
理想的创新确实惠及了广大消费者,2022/6/22,Krete,46
李响的纯电要抱宁德的大腿了,2022/6/24,AD007,6
如果蔚来车辆没问题我觉得更可能踩错踏板了,2022/6/24,xiadayu,0
电车车主有人买抬头车速显示器吗,2022/6/24,dragonfly112,3
事故思考：特斯拉取消物理换挡杆会变成趋势吗？,2022/6/24,Muslera,1
我的感觉，蔚来两个试驾员发生矛盾，要么动手，要么斗气！,2022/6/24,wlalbert,2
新能源指标下来了，老小区停车难，充电桩就别想了，求拍醒……,2022/6/20,gfjeff,105
其实是现在很多车的仪表盘或者中控对切换档位后状态显示不明显,2022/6/24,bustrain,1
关于安装充电桩,2022/6/23,sunny100,11
新势力二手车对比,2022/6/24,census,2
目前看理想L9的一个短板可能是刹车,2022/6/24,Krete,0
买个中级纯电SUV开郊区大路旁停着办公。,2022/6/22,Nordahl,17
明天去提model y了，有啥需要注意的吗？,2022/6/24,tchain,8
#特斯拉中国裁员约10%#（特斯拉也卖不动了？？）,2022/6/23,TDK1,5
理想重演《一个公正的价格》软文一篇,2022/6/23,AZTU,10
蔚来对顾客是海底捞式的贴心服务，对员工怎么这么冷血呢....,2022/6/24,panggu,0
特斯拉是商业公司，会掺和军方的事吗？,2022/6/21,PCtop,31
如果汽车全部由机器驾驶是不是自动驾驶更容易实现？,2022/6/23,xingqiu,6
看了一下L9的自动驾驶硬件配置,2022/6/23,juinjwst,7
haibara1986被取消在GreenAuto版的发文权限,2022/6/24,deliver,0
大意了，忘记申请小鹏P5最新版软件内测了,2022/6/23,AD007,5
Re: 十年后会不会油车加不到油，电车充不上电,2022/6/24,原帖已删除,1
现在新能源车牌都可以选京AB开头的？,2022/6/23,zuoshe,4
上汽的灵魂论其实很合理啊，NV永远不造车,2022/6/23,eryemajia,4
刚看到说21年上海就说23年开始不对增程和插电发新能源牌,2022/6/23,atian,3
麒麟电池  王者归来,2022/6/23,fzf,29
蔚来的档是旋钮？,2022/6/24,meirenai,0
无论如何，车只是代步工具而已,2022/6/23,pklmsthree,3
dasu被取消在GreenAuto版的发文权限,2022/6/23,deliver,0
看了下昌平那个优惠，只有部分车企支持,2022/6/23,pNeo,2
车都到了审核还没批完,2022/6/23,kawen,3
小红书上说昌平房山买车有政府优惠券了？,2022/6/23,meirenai,5
尼玛，L9这尺寸，只适合有独立车位的,2022/6/22,updown,3
Re: 现在12123出AA的号段，速去,2022/6/23,原帖已删除,14
Re: ID4最大的槽点应该是全系没有真皮座椅吧,2022/6/23,原帖已删除,3
百度为啥不弄个车机系统,2022/6/23,nolonger,11
媳妇说车上看书影响视力，如何说服她？,2022/6/23,wen1984,12
特斯拉订单180天有效期是什么意思？,2022/6/23,deltagogo,7
那些酸理想的人图啥？,2022/6/22,kobekb,30
谁家的车从楼上掉下去了,2022/6/23,DriftKing,18
汽车产业如果被中美攻陷，日德gdp会下降多少？,2022/6/23,babylonely,3
L9不行,2022/6/22,bigone,5
DMI比增程是不是就是高速好,2022/6/23,bom,43
充电桩的所需的个数远比想像的少,2022/6/21,shunderen,12
论买车和买房的溢价价值,2022/6/22,Krete,12
电车续航和最垃圾的油车比也是垃圾,2022/6/20,tbbt2013,36
从配置层面讲，L9做到了极致，但是没有技术创新,2022/6/22,AD007,39
极氪售后喜欢您来？,2022/6/21,wangdass8,8
理想L9抢了哪些车的市场？,2022/6/22,flashmao,72
《刷屏的秘密 我想聊聊昨晚理想背后的营销公关的故事》,2022/6/22,AZTU,4
有没有可能未来几年的车顶天窗和四扇门玻璃都用光伏玻璃 (转载),2021/1/9,content,62
开了两年电车，真心不需要装充电桩,2022/6/21,playmobil,113
理想加dmi是不是就完美了,2022/6/23,asm2004,6
纯电动和插电式，有什么区别？,2022/6/21,Dalessandro,9
新能源这四年很迷惑啊,2022/6/20,zyzx77,14
比亚迪元plus价格咨询,2022/6/12,yinduren,13
"啥情况, 蔚来的车从楼上掉下来了?",2022/6/22,tom6bj,4
理想L9确实可以算二胎家庭的dream car了,2022/6/22,updown,5
大神估计下5年后18万的宋plus或秦plus二手车价？,2022/6/19,HLWJSJ,21
大众ID系列变相官方降价了,2022/6/15,kevin110,17
可以帮忙看一下这个大概还得有几年才能排上指标吗？,2022/6/22,bjandi,6
我要是只有一个标 也会选L9,2022/6/23,biubiu02,4
疫情缓解了，油换电的事也基本完成拉~,2022/6/20,yunsile321,91
4s销售突然说有现车了，有没有坑,2022/6/21,xfxfxf,10
比亚迪4S店一般都优惠多少呀,2022/6/20,YxMg,15
三元锂电池和磷酸铁锂安全性有本质区别吗,2022/6/22,rahuahua,16
新能源车的日常保养是不是比油车低很多？,2022/6/22,Billow,1
小鹏的激光雷达已经不是摆设了，蔚来、极狐加油！,2022/6/21,AD007,12
l9比one高级在哪里,2022/6/22,boomltd,4
L9适合美国市场,2022/6/22,djshaofei,0
理想L9售价45.98,2022/6/21,biubiu02,35
发现国网已经大的配电箱铺到地库了,2022/6/22,wsnsw,3
id系列21款会优化电控吗。,2022/6/22,davyfl,1
特斯拉的毛利率居然有30%……牛逼,2022/6/16,Acui,28
李想在新车发布会上叫板库里南,2022/6/22,Krete,10
提醒id4 croz 刹车失灵,2022/6/20,aboveall,13
zz售卖“事故车”未告知，特斯拉被判赔10万元 (转载),2022/6/22,LaoLee,1
电车锁电，就和强制扣缴公积金一个道理,2022/6/21,phoenixhills,10
求比较：宋Plus vs 埃安V vs 几何C,2021/10/19,goldenarmor,53
根据国人开发新产品的规律，新能源汽车迭代少于6次的都不要买,2022/6/22,xtfj,10
海豹的高速续航如何,2022/5/22,shunderen,37
小区电容量为什么不能共享,2022/6/22,lifewasgood,9
抛开营销和技术不说，李想真是个牛逼的产品经理,2022/6/22,Svensson,11
哈哈，特斯拉向车主要钱，追讨补贴款,2022/6/22,xtfj,3
开了4年的byd e5的前大灯变成蜡烛一样暗了,2022/6/22,guoqichaye,5
想买L9，可惜没油号，这车怎么没纯电的,2022/6/22,cauliflowers,6
昌平天通苑比亚迪商超店能用补贴吗,2022/6/22,lc121a,8
北京换车优惠10000的券有用成功的吗,2022/6/16,haove,6
AEB启动时会判断后车距离吗,2022/6/17,multilisk,10
理想L9的耗电好高啊,2022/6/22,sqsl,6
理想的L9这么贵还这么火,2022/6/22,ChangKaishek,9
model y不加钱选漆换成贴膜怎么样？,2022/6/21,tchain,10
特斯拉你们习惯用卡片钥匙还是手机钥匙,2022/6/19,bfield,16
请问北京元plus要等多久才能提车？,2022/6/17,wego,19
纯电suv选项真不够多,2022/6/15,Apple4S,24
看样子开车的也是穷人多,2022/6/21,huabin,19
有ID6 crozz的车友群吗？,2022/5/29,urlaub,3
没有私桩的各位都是如何找桩找羊毛的,2022/6/22,anguswant,3
zhaowen0516被取消在GreenAuto版的发文权限,2022/6/22,deliver,0
edisonxx被取消在GreenAuto版的发文权限,2022/6/22,deliver,0
对比了小鹏蔚来理想的新旗舰,2022/6/21,AD007,5
Re: 现在汉ev啥价格？,2022/6/22,原帖已删除,2
请问，特斯拉转让订单那种有啥风险？,2022/6/20,tchain,20
唐ev昨天已提车,2022/6/5,Dadubaba,73
新能源车能一边开一边充吗？,2022/6/21,Haimdinger,25
广汽丰田bz4x发布会取消,2022/6/21,Icanread,15
30-35w的也就model y吧？,2022/6/16,RollBack,52
理想的产品，蔚来的营销，小鹏的技术,2022/6/21,AD007,1
ID7 明年上市,2022/6/21,wazgwsmj,4
Re: 纯电动船来了3400度电充电4小时,2022/6/21,原帖已删除,0
蔚来和比亚迪电车哪个好,2022/6/21,shuiwoods,14
销售让我去理想L9的现场发布会,2022/6/20,Krete,6
新能源车都是能手机APP看到车辆的实时位置和行驶轨迹吗？,2022/6/21,panling2004,6
极氪APP垃圾,2022/6/20,GolfVan,10
欧洲2035年全面禁售油车,2022/6/21,LDX,0
有些人是不是对电车充电有误解,2022/6/21,zbdswfx,17
Re: 油牌车和电牌车应该怎么取舍,2022/6/21,原帖已删除,2
粗大！激动人心的时刻要来了 (转载),2022/6/20,LucaToni,8
[合集] ZZ路透：特斯拉汽车7月起暂被禁止驶入北戴河,2022/6/21,oBigeyes,0
[合集] 为什么有的地方tesla不让进,2022/6/21,oBigeyes,0
yang6被取消在GreenAuto版的发文权限,2022/6/21,deliver,0
出口还是上汽nb！,2022/6/21,Icanread,6
Re: 极狐要大卖  已经收到优惠通知了,2022/6/21,原帖已删除,51
北京1W置换补贴的细则出来了吗,2022/6/20,gostop,6
真有因为限行买电车的吗,2022/6/20,huabin,29
奔驰宝马作出租车的德国，开始为冬天取暖发愁了,2022/6/21,buckthetrend,2
Re: 纠结宋plus还是元plus,2022/6/21,原帖已删除,19
特斯拉发函向车主要钱：2年行驶不到2万公里，疑为首家追讨国补 ,2022/6/21,zszqzzzf,4
这是什么车？,2022/6/21,gallado,0
BYD真的烧的那么多吗,2022/6/19,huabin,34
不想等了，求一个特斯拉Y订单,2022/6/20,wanglei8478,3
别的车都在涨价，极狐开始优惠了,2022/6/17,census,9
北京唐EV2022有上牌的吗？,2022/6/20,windprint,6
et7转es7订单的人多吗,2022/6/18,AD007,8
问界M5和之前的SF5是什么关系？,2022/6/21,Krete,1
小鹏P5有啥硬伤吗,2022/6/20,pNeo,68
model Y玻璃窗需要贴膜吗,2022/6/21,bfield,1
如果真闹掰了合资车是不是只能卖股份跑路,2022/6/20,wuxu,3
那么20万的车，到底哪个问题最少最没争议？,2022/6/20,pNeo,2
六座纯电suv 700续航有哪些？,2022/6/20,laputa2013,1
电牌有了，发现9月份会有不少30万出头的车，动心,2022/6/18,tonygeng,42
某车企又自燃了,2022/6/16,wangkuo111,50
作为油车车主的一些感慨,2022/6/15,copyrighty,89
充电标准之争，2015国标升级和ChaoJi你选谁?,2022/6/17,linyixiao,183
请教现在北京能买到氢能源小汽车吗？,2022/6/19,U8,17
长安深蓝SL03,2022/6/19,Mars102,8
蔚来已交的订金到本月20号就作废了。。,2022/6/18,cczcczccz,99
有ia5车主收到换电池的电话嘛？,2022/6/20,wzwmiemie,7
谁能科普一下磷酸锰铁锂电池？,2022/6/20,txgx,2
宋plus是不是应该出新款了？,2022/6/19,rhys,15
金山石化这一炸，氢燃料电池拥趸幻想的城市加氢站又凉凉了吧 (,2022/6/19,shunderen,24
蔚来玩的真硬,2022/6/20,CoEnzyme,22
如果京AF不限行，我一定买一辆,2022/6/20,AD007,6
自己买的车一直降价，如何心理建设,2022/6/20,lwc1785,15
新能源大势不可逆,2022/6/19,Mrsundy,10
打算等下一代海豹,2022/6/19,shunderen,9
ET7现在提车要多久,2022/6/14,wuhaochi,24
Re: 推荐城市代步小钢炮,2022/6/20,原帖已删除,2
新势力没有银弹，试驾理想One回来,2022/6/19,storm1207,6
这个新闻是特斯拉广告吧？,2022/6/20,peibch,5
据说日本电车不行的原因,2022/6/19,TaoTeChing,21
京A B号段也出来了,2022/6/10,BMW520Li,28
北京，想买比亚迪新能源，请问哪家4s店靠谱，服务好点？,2022/6/17,wego,9
m3为什么不搞个豪华版？,2022/6/18,DavidPotter,12
特斯拉又上黑榜？一年制造273起车祸,2022/6/19,xtfj,9
帝都现在出租车2/3都是新能源了,2022/6/18,Dingshuding,18
头天提车第二天上牌能办到吗？或者当天上牌,2022/6/19,wuxu,11
特斯拉上海工厂扩容，未来年产100万,2022/6/17,meirenai,13
关于特斯拉AEB最贴近生活的国内真实案例合集,2022/6/18,catsource,16
请问有特斯拉用户群吗？,2022/6/19,xujijiayuan,4
特斯拉要推72度锰铁锂车型？,2022/6/18,aihelphelp,3
Re: 几何充电桩1800元出售包安装,2022/6/19,原帖已删除,3
Re: 想问问非自带放电功能的放电问题,2022/6/19,原帖已删除,4
Re: 请问最近元plus有优惠吗？,2022/6/19,原帖已删除,11
今天去了4s店，大众ID系列竟然都是按出厂价销售了？！,2022/6/18,wind86,6
动态里程显示精准，基本无自燃故障，冬天暖风高速100跑500公里,2022/6/18,rtrtrt,6
买卖电车，周六能过户吗,2022/6/19,lvyuhang,2
极狐营销开始上道了,2022/6/18,songami22,15
最近比亚迪自燃的车都是哪个型号的？？？？,2022/6/19,czx1990,10
蔚来老车等下次升级啥时候，三年内就再等等,2022/6/19,csecon,9
第一次经历特斯拉抢方向盘,2022/6/16,zzybh,79
比亚迪E5 6年要不要买车损险,2022/6/16,futurevic,6
Model Y长续航涨价19000,2022/6/17,ppodxiang,28
比较了一下高性能版es6和8唐ev顶配,2022/6/16,xiadayu,36
丰田最新款售价近30万的电车，上面配置了黑白电视机,2022/6/18,iGeek,7
EQC优惠17万，值不值入手？,2022/6/17,woxianzhe,13
jingkyks被取消在GreenAuto版的发文权限,2022/6/19,deliver,0
iweilisi被取消在GreenAuto版的发文权限,2022/6/19,deliver,0
jarvisly被取消在GreenAuto版的发文权限,2022/6/19,deliver,0
电车普及以后电价肯定不便宜,2022/6/13,heiabc,38
现在电动车为什么不弄个太阳能,2022/6/18,iwannabe,93
蔚来866老用户来,2022/6/17,hellohhj,30
电耗30，轻轻松松,2022/6/12,godeyes,17
eqc自动驾驶方面如何？,2022/6/18,pany,7
带太阳能的电车,2022/6/18,From2014,4
有什么六七座可选,2022/6/14,BKCBKC,23
配偶新拿驾照对家庭积分的提升怎么算,2022/6/18,bluecome,1
买唐dmi还是dmp？,2022/6/16,ultranotknow,46
试驾领克09插混，被销售拉黑了,2022/6/18,touareg,4
新能源车现在流行搞全触摸屏内饰，这是一种病吧,2022/6/18,xtfj,2
18年的车花1万多还能换到最新的车机系统,2022/6/16,suffix,8
ID4无法充电，被说曾经使用了不合格充电桩,2022/6/17,xahuer,15
id4crozz能买吗？,2022/6/16,wuxu,12
蔚来三电又大退步了,2022/6/16,wets,13
租赁电池模式大家怎么看？,2022/6/18,cinderliu,20
智己汽车怎么样？,2022/6/17,txq,8
论买车的必要性,2022/6/18,tanguofu,2
华为手机店起火2人死亡，一辆问界M5被烧毁，回应：未发现车辆异,2022/6/15,SmartIC,12
Re: 特斯拉m3,2022/6/18,原帖已删除,0
共享别人充电桩怎么支付合适,2022/6/17,jpbhpal,13
比亚迪元plus怎么样,2022/5/28,Noneostrich,8
刚刷到个数据说新能源一季度起火640起,2022/6/17,wsnsw,5
扔掉雷达后，特斯拉又准备脱离地图数据？,2022/6/16,duanyu22,28
这样看，新能源汽车起火也没那么可怕,2022/6/16,dsf008,12
不要急 很快大家都能买得起蔚来了,2022/6/17,biubiu02,10
细小！奥迪在老巢起诉蔚来 (转载),2022/6/16,oBigeyes,8
之前在一个4s店里交过3000订金，一直没确定提车，还能退吗,2022/6/17,water123,3
特斯拉我猜真有可能降价,2022/6/16,Acui,23
铁锂电池最好每次充满？,2022/6/17,djkstra,10
特斯拉在美国涨价了,2022/6/16,teamwolves,4
亲身经历主动刹车ACC避免事故，挽救一家人,2022/6/16,junopapaya,40
求一个 充电桩的 投资发展报告，也欢迎合作,2022/6/17,lzfsmth,0
以后极狐别叫新势力了，价格都做不到透明,2022/6/5,RoadPress,20
手机电池用三年基本废了，新能源车开三年续航怎么样？,2022/6/14,werrrr,53
新能源二手车过户,2022/6/15,dogwxx,9
针对锂电车定做一种消防设备,2022/6/16,topking,9
到底谁烧的谁？,2022/6/17,Mars102,1
[求助]延期的指标确认书无法下载打印？,2022/2/10,raptors,8
特斯拉美国宣布大幅度涨价,2022/6/16,Vas,32
佛山新建住宅车位要求100%配建充电设施,2022/6/15,liangges,3
是否800V高压电池包对周边电路要求高？,2022/6/16,ntstar,2
我想到个重大技术革新：把顶蓬装成太阳能电池板,2022/6/15,xtfj,64
借宝地一问，电动自行车在哪个版？ (转载),2022/6/16,Findest,5
想定唐ev22款，求拍醒,2022/6/1,fendou968,136
对于BYD高端“星际”品牌的命名吐槽和建议,2022/6/15,CMaverick,70
ES7已经来了？,2022/6/15,tcwyzhf,63
突然想到一个将来可能的大坑,2022/6/16,xiadayu,26
听说中银车险电车续保便宜，请教咋买？谢谢,2022/6/16,firstmj,0
自营销售模式与经销商模式的汽车毛利率不能直接拿来比,2022/6/16,junopapaya,4
应急管理部：一季度新能源车火灾升32%高于交通工具增幅均值4倍,2022/6/15,tsa300,3
荣威erx5怎么样？,2022/6/16,watchman,2
8个月孩子的婚姻状况终于审验完了,2022/6/16,kawen,2
亲属关系公证（线上公证）一般要多久？,2022/6/14,heiabc,20
取得家庭指标后的流程是什么,2022/6/15,wyvine02,1
ES7的产品定位是什么？,2022/6/16,flybox,19
ES7最大的卖点：电动伸缩的拖车钩,2022/6/16,AD007,7
model y的后置自行车支架有推荐吗,2022/6/16,zpw2000,4
大众id系列好像雪崩了,2022/6/13,shunderen,184
这个保险价格咋样,2022/6/16,woshihaoren,1
特斯拉突发自燃！,2022/6/16,iGeek,5
说到给车系取名，我怎么看都觉得还是外资(合资)车取得好,2022/6/15,xtfj,28
抖音上毛豆3要降价21万是真的么,2022/6/16,james6,11
Re: 号外！多方消息称Model 3即将降价到21.99,2022/6/16,原帖已删除,24
感觉新势力开始没落了。,2022/6/15,biubiu02,18
智能座舱可升级屏幕和车机芯片会成为趋势？,2022/6/16,AD007,0
[求助]请问小孩如何办理亲属关系公证？,2022/6/16,stars1986,3
下一阶段需要应该是800-1100,2022/6/11,shunderen,70
特斯拉又把雷达加回来了,2022/6/16,Onepunchman1,0
毛豆3提车了 (转载),2022/6/13,djkstra,34
数据显示，新能源车火灾率低于传统油车,2022/6/15,peibch,50
大奇瑞有个很牛逼的商标，轩辕,2022/6/15,dzsh123456,5
特斯拉超充挺坑啊,2022/6/14,djkstra,18
sanlun741被取消在GreenAuto版的发文权限,2022/6/16,deliver,0
lacrover被取消在GreenAuto版的发文权限,2022/6/16,deliver,0
zhonglun被取消在GreenAuto版的发文权限,2022/6/16,deliver,0
毛豆3真降那么多的话，说明订单出问题了,2022/6/16,mafama,2
es7没人关注么,2022/6/15,chelseaLL,6
极氪 5月交付4330辆,2022/6/1,ia,10
还有哪些新能源厂商赠送家用充电桩？,2022/6/14,xinhongjiang,6
看了一圈，订了es6,2022/4/19,Henry14,28
景区内的地图百度比高德好,2022/6/15,muhua,0
金角大王,2022/6/15,gen9,0
诸位大神，几何Apro 和几何C有必要加装热泵吗？,2022/6/14,libinhjj,22
问界5,2022/6/14,ylh1969,11
冰雹以后看了几个车,2022/6/14,piloot,6
是不是秦最不容易自燃,2022/6/15,tenwars,8
Re: 有同一户口本，还在审核中的吗,2022/6/15,原帖已删除,2
说实话，要买电车得尽早买,2022/6/15,sqsl,23
huliwei569被取消在GreenAuto版的发文权限,2022/6/15,deliver,0
jkc2008被取消在GreenAuto版的发文权限,2022/6/15,deliver,0
jj586543被取消在GreenAuto版的发文权限,2022/6/15,deliver,0
[新能源]中号了的兄弟们，薅羊毛方式来了，亲测真的送京东卡,2022/6/15,young1234568,0
电车设置为标准模式才爽,2022/6/15,txq,16
问界会不会引发商场不允许展车的规定？,2022/6/14,zyzx77,45
平均每天有7例新能源火灾,2022/6/14,huankuib,20
有买哪吒V 400的车友吗,2022/6/14,guo2ma,2
厂家给旧车升级电池的可能性是不是很低,2022/6/15,jpye,7
大家觉得这可能会是爆款车吗？,2022/6/14,guanlansszz,6
起火概率？,2022/5/26,dsf008,5
唐,2022/6/15,vop,0
鄂尔多斯事件会不会给大众一个明确的说法？,2022/6/15,Nordahl,7
说电费涨价的，应该考虑到广大小城市,2022/6/15,langmanyixia,1
特斯拉裁撤新加坡国家经理一职,2022/6/13,nisus,3
Re: 你们审核通过的主申请人都是户主吗,2022/6/15,原帖已删除,3
工信部应该严格电池标准,2022/6/15,Icanread,1
比亚迪北京王朝4s众矮子里能推荐个将军吗,2022/6/13,lc121a,7
哨兵模式好费电啊，24h耗电40km,2022/6/13,bfield,14
比亚迪唐又双叒叕爆了,2022/6/12,iGeek,24
今天试驾了极氪空气悬挂版,2022/6/12,touareg,23
年轻人用车机都干啥？,2022/6/14,FridayU0,20
极狐跑高速,2022/6/12,nuoya123,47
华为展车着火了？,2022/6/14,qqfish123,4
我的唐Dmi召回了,2022/6/12,FANCYZX,30
Re: IDCROZZ周末议价情况,2022/6/14,原帖已删除,13
防爆胎被扎钉子了,2022/6/14,hudingyin,4
比亚迪烧车有个蹊跷事,2022/6/13,bom,25
Re: Re: 比亚迪售后说要还要等2个月,2022/6/14,原帖已删除,16
model Y有哪些车内配件必买的啊，求推荐,2022/6/13,bfield,29
取得家庭指标就可以直接提车了吗,2022/6/14,deltagogo,7
GB 38031-2020电动汽车用动力蓄电池安全要求,2022/6/14,Soar,0
ID6六座现在落地最低多少能拿下呀,2022/6/14,rahuahua,3
新能源汽车为什么不加太阳能充电板？,2022/6/14,Happy2016,13
2021年动力电池召回及赔偿情况,2022/6/14,Soar,2
我对电车安全性就两个要求,2022/6/14,huankuib,5
