﻿主题,发帖时间,_ 作者,回复
有给车贴改色膜的吗,2022/6/14,wangzhengbj,0
宝马ix3跟着封控了一个月，怎么办？,2022/4/21,boomltd,13
预测：未来电动车装太阳能电池可能成为标配,2022/6/14,shuaigege,7
这个版华为问界没关注度？,2022/6/13,cauAcau,19
特斯拉为什么这么高的市值，说一说他的护城河吧,2022/4/19,CC2CC,119
宋ev烧了一辆,2022/6/12,oBigeyes,26
油价这么贵现在还开油车通勤的是怎么想的,2022/6/13,zhaozhao1982,21
家庭申请亲属关系核查通过了,2022/6/14,clock108,8
不在一个户口本的审核通过了～,2022/6/14,smallbag,4
四川时代是什么鬼？,2022/6/14,MyNameIs007,1
作为普通消费者，哪怕行业内人士也容易入坑,2022/6/14,googlestyle,19
youxiaoshuzi被取消在GreenAuto版的发文权限,2022/6/14,deliver,0
家庭关系审核完成了么？,2022/6/9,fuyunfeng,9
家庭指标确认通知书可以打印了,2022/6/14,staging,3
有版友聊一下新能源车续保的问题吗？为什么去年没出险，今年保,2022/6/2,Kenny1107,15
续航真有这么重要吗？,2022/6/7,HDDXSQN,85
高速路上，被石子击穿水箱。,2022/6/10,ylh1969,50
有和我一样车宽一票否决的吗？,2022/6/12,LordTod,56
理想L9 这月21号发布,2022/6/4,biubiu02,1
租临时车位，军博，中华世纪坛附近,2022/6/14,kw123456789,0
三星电机获特斯拉摄像模组订单价值32-40亿美元,2022/6/13,nisus,2
[新能源][电动]纯电开半年后感受,2022/6/10,tyzcating,12
Re: 家庭审核，不在一个户口本真的要7.15才出结果吗。。。,2022/6/14,原帖已删除,0
电车露营,2022/6/13,zthenry,17
求问内行大佬北京特斯拉转单会有风险么,2022/4/23,M428PJ600,60
〖求助〗个人安装快充/超充，怎么操作？,2022/6/12,xilong,32
纠结 秦plus宋plus以及元plus,2022/6/7,namelij,8
适用于电动车的外放电神器汇总,2022/6/11,hmilytt,10
[新能源]积分压线入围，审核结果,2022/6/13,baiogle,5
求model y涨价前订单，个人自用,2022/6/13,magnatecong,0
今天试驾了关注已久的岚图free增程车（补充见5楼）,2021/6/26,touareg,17
请大神推荐：10万左右预算，磷酸铁锂电池，400km，有哪些可以选,2022/5/11,xrzhang,15
有7kw 3.5kw*2自动切换的双枪充电桩么？,2022/6/8,kirbyzhou,10
极狐的水军帖最近少了,2022/6/11,OkBaby,9
油车十年新能源半年，不想回油车了,2022/6/8,waitforgirl,63
极狐Hi车机体验,2022/6/13,nuoya123,7
为什么Model S的二手车价格比X低那么多？,2022/6/13,qzrk,7
特斯拉会出7座车么？,2022/6/13,qzrk,7
有密云的特斯拉车主吗？,2022/6/12,deltagogo,1
特斯拉和比亚迪都是多少v的充电平台？,2022/5/23,langmanyixia,35
有意向L9的么？,2022/6/13,wsnsw,4
17年买的北汽ec180充不上电了,2022/6/11,haiyywvf,20
比亚迪的做工如何？,2022/6/13,frankieboy,10
今天过户失败了,2020/5/8,resin,12
今年新能源相对于去年保险涨价多少？,2022/6/9,HLWJSJ,2
我的行车电脑是不是坏了？,2022/6/13,zhuming717,1
探讨帖：比亚迪能够经受住什么样的制裁,2022/6/12,RickyZhou,117
四驱车陷在坑里容易出来吗,2022/6/12,shunderen,1
比亚迪的4S店人是真多,2022/6/11,kaka2w,54
看了下smart精灵，确实很好,2022/6/10,Acui,10
拿到了特斯拉FSD Beta测试资格，还不错,2022/6/12,Vas,27
特斯拉撞成两节居然也没起火,2022/6/10,erVShb,10
特斯拉装的家用比亚迪充电桩，现在充不进去电了,2022/6/12,langmanyixia,6
从比亚迪的销量看，现在搞自动驾驶,2022/6/11,guest007,19
全新唐DM-p，看着不错,2022/6/9,ykai666,36
电车最爽就是不限行吧,2022/6/4,txq,25
比亚迪会不会被卡脖子？,2022/6/11,oldmanemil,22
电动车是越往后保险越贵？,2022/6/11,jpbhpal,4
比亚迪 汉,2022/6/9,whtysh,7
流水账复盘一下早起小电瓶没电,2022/6/12,zyzx77,0
[新能源]北京置换补贴1万的细则出来没？,2022/6/11,studygoodat,5
版上各位去年六七月买的电车今年续保便宜多少？,2022/6/12,wangsee,1
现在电车普遍涨价了吗？,2022/6/12,sodayou,1
极狐和哪吒的标也太像了,2022/6/11,shunderen,8
那些一大块玻璃做车顶的，真的不热吗？,2022/6/11,pNeo,16
海豹的配色太直男了,2022/6/10,txq,7
比亚迪海鸥,2022/6/12,nanfengfeng,2
[求助]明天想开特斯拉毛豆3北京去青岛请问有人试过吗？需注意啥,2022/6/10,sizzleyang,18
已经被蔚来的服务惯坏了,2022/6/8,zthenry,55
有没有一种可能，把后备箱和后排座都改装成电池,2022/6/10,bigbreast,8
新能源4S店都集中在哪些汽车园,2022/6/11,lxl523388,2
凯迪拉克lyriq如何？大厂品质没问题吧,2022/6/10,kikikaka,30
混动属于电车么？,2022/6/11,HLWJSJ,4
目测5年之内电池续航应该有一个大突破,2022/6/11,superky,13
极氪是不是已经不打算解决动力受限了,2022/6/9,wangdass8,15
个人指标5月26日下来了，不知道买啥车,2022/6/11,jornnyR,15
bmw的i4 怎么样,2022/6/10,wilburwang,3
换电的电池包有几个高压接口？,2022/6/11,hiriecysp,0
请问15万左右非SUV有神车吗,2022/6/10,pNeo,8
电动车作为家庭停电时自动启用的ups有成熟方案么？,2022/6/11,laputa2013,8
别克微蓝6纯电518km购买建议？,2022/6/10,Felix9,9
22款model3车显续航多少公里？实际跑多少公里？,2022/6/10,langmanyixia,6
周末也会家庭号审核吗？,2022/6/11,bjandi,2
欧州议会表决通过，2035年欧盟境内禁止销售燃油车 (转载),2022/6/9,oBigeyes,2
有人关注最近出来的纯电动MPV吗？,2022/6/7,chocolate001,30
人保，平安，太平洋，还有大地的服务在帝都有差异吗,2022/6/9,iuranus,1
分享个群里拍到的极狐事故车,2022/6/9,wangdass8,8
没有新势力搞个全钛合金车身概念吗？,2022/6/9,tenwars,24
车险涨的有些过分了吧,2022/5/24,lhg1983,102
为了防止旱的旱死涝的涝死摇号应该付定金,2022/6/8,wuxu,15
比亚迪的质量真的跟屎一样,2022/6/10,henhenhahi,0
油，电车什么时候平衡？,2022/6/9,HLWJSJ,6
比亚迪新高！国货之光！,2022/6/10,langmanyixia,3
比亚迪市值破万亿了,2022/6/10,Bncharm,13
公司摇号,2022/6/6,routeright,9
说一个新能源车的缺点,2022/6/9,Mrsundy,33
吹捧油车贬低电车的人就是在和趋势做对了,2022/6/2,JNS,62
求教处理办法,2022/6/10,xinhongjiang,6
感觉特斯拉在下大棋啊。。。,2022/6/9,bufu110,19
今天要发布的唐DM-p是2.0T吗？,2022/6/9,TigerXiong,8
增程动力是不是可以用外燃机？,2022/6/7,tenwars,8
6月26摇号会怎么配置，多少个指标,2022/6/10,suoluosi,1
假设放开旅游，最新电车可以到哪,2022/6/8,shunderen,14
宝骏行驶中自燃,2022/6/9,ehu,6
A0以下的油车基本退出了,2022/6/8,shunderen,5
[求助]出售车位的话， 充电桩需要过户吗？  （保修期过了）,2022/6/9,lc900,2
churchmice被取消在GreenAuto版的发文权限,2022/6/10,deliver,0
JNS被取消在GreenAuto版的发文权限,2022/6/10,deliver,0
hobbeshxh被取消在GreenAuto版的发文权限,2022/6/10,deliver,0
hhuyongbo被取消在GreenAuto版的发文权限,2022/6/10,deliver,0
hehefpc被取消在GreenAuto版的发文权限,2022/6/10,deliver,0
[合集] 比亚迪供货特斯拉怎么看,2022/6/9,oBigeyes,0
[合集] 蔚来硬杠AMD——真逗,2022/6/9,oBigeyes,0
[合集] 叫你们买特斯拉 (转载),2022/6/9,oBigeyes,0
新中签的家庭申请，去民政局婚姻核验，准备哪些材料？,2022/6/9,geostar,10
传统油车起家的车厂，软件做不好，只能拼硬件，太惨烈了,2022/6/2,AD007,18
Re: 蔚来新出的充放电一体机很不错啊，感觉以后很多厂家会跟进,2022/6/9,原帖已删除,76
byd又烧一辆，电车最大的劣势是不是电池安全性稳定性？,2022/6/8,Monster9527,53
车辆机械故障，电路故障本身车损险也不管吧？,2022/6/9,djshaofei,2
北汽EU260方向机坏了，顺便说一下过去一年经历了啥,2022/6/2,KuKuChu,62
钠离子电池的车怎么还没上市?,2022/6/2,Elric,15
5月份的汽车销售总量、新能源占比数据出来了吗？,2022/6/9,Vibration,11
昨天刚续的插混保险，5折。,2022/6/9,e5200,3
排到新能源指标，不用怎么处理,2022/6/8,ajanexue,10
新中签家庭指标，要现场核验吗？,2022/6/9,kw123456789,0
增驾驾驶本,2022/6/8,ghf777,7
理想底盘的猪大肠是干嘛用的？,2022/6/9,kenhu,4
汉的座椅总是调不舒服怎么办,2022/6/6,wangzimian,3
说点有营养的，国内终于有厂商推出对标特斯拉的电气化架构了,2022/6/8,AD007,6
外形设计是极狐的一大败笔,2022/6/9,piggybankk,15
新势力为什么没有一款A级车？,2022/6/9,mybestlove,10
请教个问题,2022/6/9,anguenen,6
笑死了，忍不住水一贴,2022/6/9,hondooo,2
buaavivi被取消在GreenAuto版的发文权限,2022/6/9,deliver,0
qko被取消在GreenAuto版的发文权限,2022/6/9,deliver,0
[合集] 电车少了这么多，说明还是要在bms芯片和系统上下功夫,2022/6/9,oBigeyes,0
Re: 极氪是不是不打算解决动力受限了,2022/6/9,原帖已删除,1
大众ID装充电墙盒选大众品牌还是国网,2022/6/8,Johnsun999,4
比亚迪&马一龙商业互吹,2022/6/8,ttl,6
为什么4s销售都希望贷款买车,2022/6/7,tuelee,24
202201期38700，明年有戏吗,2022/6/7,funnyworld,4
weiwen98被取消在GreenAuto版的发文权限,2022/6/8,deliver,0
hello5721被取消在GreenAuto版的发文权限,2022/6/8,deliver,0
原本等到300以下接回来的,2022/6/8,tiantianzao7,0
慢充，快充，外放电以及送充电桩不是本应该是电车的标配吗？,2022/6/8,nuoya123,4
大格局企业家,2022/6/8,googlestyle,2
去盛华上牌被特斯拉包围了~,2022/6/7,yunsile321,31
现在主流的新车，是不是都没有虚电的问题了,2022/6/7,newmoon,16
配车了，马上就可以提了,2022/6/7,kawen,13
现在最便宜的5秒车是什么？,2022/6/8,content,1
如果是帝都,2022/6/8,aotuzifu1968,4
有对比亚迪唐DM-p感兴趣的吗？,2022/6/7,bbsask,14
求问极狐S到底有没有热泵空调？,2022/6/6,babyriva,18
16年ev160续航汇报,2022/3/10,outman,17
有汉ev北京车友群吗？,2022/4/26,cosyuxuan1,3
有海豹车友群吗？,2022/5/31,yrkj,10
新出一个爆一个,2022/6/7,shunderen,4
（已出）出一个北汽新能源的充电桩，版上有收的吗？,2022/5/28,jtyx,7
比亚迪汉半年充电花费小结,2022/6/7,verne1108,15
比亚迪将为特斯拉供应电池,2022/6/8,Icanread,0
电车永远无法跟油车比的两点,2022/6/1,sdlk,134
为什么有这么多奇怪的人,2022/6/7,HDDXSQN,19
俄媒：俄罗斯电动汽车转向中国标准,2022/6/4,SunyataX,15
零跑5月交付10069辆,2022/6/1,ia,7
一冲动买了一辆毛豆3 (转载),2022/6/8,djkstra,12
毛豆3空调不太凉，花了老娘我800块洗空调……,2022/6/7,catherineyun,20
特斯拉新车只能在店里上保险，其他渠道包括官网都不给上,2022/6/8,teamwolves,2
三十年前导弹大牛钱学森就已经提出绕开油车走电车路线了 (转载),2022/6/6,oBigeyes,1
欧盟考虑将锂列为有害物质 德国锂生产商或被迫关闭德工厂,2022/6/8,nisus,4
入坑毛坯Y-求推荐必备配件~,2022/6/6,zpw2000,13
id6c现在是不是性价比很高？,2022/6/3,malianwa,11
[新能源]请问大家多久保养一次，都去哪里保养啊？,2022/6/7,laomanong,4
碰撞后起火燃烧，猜猜啥品牌,2022/6/7,Mars102,6
除了那个置换补贴一万外，各个区有没有可能出台进一步措施？,2022/6/7,lizou2021,4
问界M5卖爆了,2022/5/31,iGeek,58
北京买插电 到底算不算新能源？,2022/6/4,5-May,4
2022款model3电耗水平很牛啊,2022/6/1,langmanyixia,11
sirfangx被取消在GreenAuto版的发文权限,2022/6/8,deliver,0
jiangxchjn被取消在GreenAuto版的发文权限,2022/6/8,deliver,0
hmm1985a被取消在GreenAuto版的发文权限,2022/6/8,deliver,0
orient0724被取消在GreenAuto版的发文权限,2022/6/8,deliver,0
找供电局申请电表,2021/12/1,Marpher,17
wht561423被取消在GreenAuto版的发文权限,2022/6/8,deliver,0
hackersdc被取消在GreenAuto版的发文权限,2022/6/8,deliver,0
长安erock没人建群吗？,2020/6/15,bufu123456,8
我这里充电太方便了,2022/6/4,HDDXSQN,47
有多少新能源开过1000公里长途的？,2022/6/6,locker06,21
现在20-30w以内的车有啥推荐的不？,2022/6/3,tchain,35
极狐真120时速续航分享,2022/6/7,nuoya123,7
排队查询的序号，看不懂,2022/6/2,smart,5
新车保险，求指导，谢谢！,2022/6/7,flyli,2
20万以下插电除了比亚迪还有啥可选？,2022/6/5,Dingshuding,18
昨天去本地车展上静态感受了一下问界M5,2022/6/5,kongniao,5
高速服务区充电跟下高速充电再上高速有啥区别不,2022/6/6,lwc1785,27
有没有电动车设计电池燃爆时泄压通道,2022/6/7,topking,2
cs55 erock是不是性价比神器,2022/6/3,xlrh,49
我的选车列表,2022/6/2,LeonTang,13
现在买model Y的标续版有啥便宜的渠道吗？,2022/6/6,tchain,8
哪些配件具有因果关系 谁具有解释权？,2022/6/7,haove,1
ID3路上很少见到,2022/6/6,skyfromheart,16
电车太重不全是电池的锅,2022/6/6,shunderen,14
有人订海豹吗,2022/6/6,lostinT,2
这两天出入开发区的园区看到,2022/6/7,huabin,5
NEDC400的车能去围场坝上吗？,2022/6/7,skyfromheart,1
北京新能源置换的财政补贴如何申请,2022/6/6,nym232,6
30万以内的新能源车，大家有推荐的吗,2022/6/4,zhousi,13
有没有和我一样对电车的整备质量过重而耿耿于怀的,2022/6/6,qiushou,21
huya1110被取消在GreenAuto版的发文权限,2022/6/7,deliver,0
houbo0601被取消在GreenAuto版的发文权限,2022/6/7,deliver,0
coolgw1106被取消在GreenAuto版的发文权限,2022/6/7,deliver,0
jingdudu0620被取消在GreenAuto版的发文权限,2022/6/7,deliver,0
zhang8212828被取消在GreenAuto版的发文权限,2022/6/7,deliver,0
jing88121被取消在GreenAuto版的发文权限,2022/6/7,deliver,0
james527227被取消在GreenAuto版的发文权限,2022/6/7,deliver,0
d2lover被取消在GreenAuto版的发文权限,2022/6/7,deliver,0
wyt1986被取消在GreenAuto版的发文权限,2022/6/7,deliver,0
jy01020906被取消在GreenAuto版的发文权限,2022/6/7,deliver,0
排到自己的车牌了，如何把车牌从朋友借的换成自己的？,2022/6/6,guod08thu,32
请问北京个人摇号次数怎么转家庭积分？如图 (转载),2022/6/6,XiaChuan,3
Re: 你们的家庭号当前什么状态,2022/6/6,原帖已删除,7
申请电表需要什么条件啊？,2022/6/6,laputa2013,2
电马，没有人吹吗？,2022/6/6,New2000,6
租给别人的车位，租客要装充电桩,2022/6/2,hitero,24
求问家庭排队顺序号出来了吗,2022/6/6,SwIy,6
海豹和汉是什么定位区别？,2022/5/22,China500w,12
1年多没去保养了，是不不用去了？,2022/6/6,yaqli,6
转个图，求证不同轮胎对三电的影响,2022/6/6,AZTU,6
关于北京的补贴政策疑问,2022/6/5,xiwangwww,2
这车牌是混动的？没看见排气管,2022/6/5,haolihai,4
id4的鼓刹真是致命伤？,2022/6/1,tuelee,19
个人指标刚下来 已提车未上牌 还能去其他品牌试驾薅羊毛吗？,2022/5/31,gaga1208,8
抛开可能性不谈，比亚迪和华为合作最好可以整出什么样的车？,2022/6/6,tenwars,6
5月汉卖了差不多2.4万辆,2022/6/3,tenwars,13
吐槽特斯拉，座椅太不舒服了,2021/9/30,Wahaha,54
元plus和秦plus选哪个？,2022/6/3,sallyzqc,9
理想one的定速巡航逻辑有个反人类设定,2022/6/6,touareg,1
新能源车马上车险到期了，今年保险涨了1000多,2022/4/10,shiyg,11
比亚迪NFC钥匙卡有办过的版友吗？,2022/6/4,iPorsche,11
Re: 电动卡车的前景怎么样？,2022/6/6,原帖已删除,97
shyfox被取消在GreenAuto版的发文权限,2022/6/6,deliver,0
iamhappg被取消在GreenAuto版的发文权限,2022/6/6,deliver,0
luyxin被取消在GreenAuto版的发文权限,2022/6/6,deliver,0
laojiang2007被取消在GreenAuto版的发文权限,2022/6/6,deliver,0
youngyuan521被取消在GreenAuto版的发文权限,2022/6/6,deliver,0
jiajia98988被取消在GreenAuto版的发文权限,2022/6/6,deliver,0
关于快充,2022/6/5,jpbhpal,5
秦plus和宋plus选那个,2022/6/5,namelij,10
20万最强高阶辅助驾驶要来了,2022/6/2,AD007,27
3年后自动驾驶能成熟吗,2022/6/4,dighole,18
现在两厢可选通风加热座椅方向盘加热的电车最低什么价？,2022/6/5,FLYBBS,0
Re: αT提车一个月,2022/6/5,原帖已删除,3
特斯拉踩刹车不回收动能吗  只有松油门回收？,2022/6/4,yellowChange,5
新能源指标增补,2022/6/1,BDragonFly,31
有人开欧拉好猫吗？,2022/6/4,pNeo,6
你们现在敢开自动驾驶吗？,2022/6/5,dragonfly112,8
说起来比亚迪的四s店,2022/6/5,huangyao1982,2
家庭打算买第二辆电车，有啥推荐的。,2022/6/1,pany,9
比亚迪纯电卖了多少？不会都是dim吧,2022/6/3,hernij,15
特斯拉电耗水平真是挫的一笔,2022/6/1,sirius0777,27
请教关于岚图free订车权益选择 (转载),2022/6/5,runneronroad,0
BYD 4S店的保养评价，匿名也是可以被人家看到的……,2022/6/4,polarwind,10
比亚迪的风生水起是不是说明了打工人不配拿高薪，饿不死就行,2022/5/24,wormvirus,18
现在买小鹏有啥优惠吗？,2022/6/3,rowiner1771,2
无敌是多么的寂寞 (转载),2022/6/5,kaka2w,0
李想发帖L9来了！,2022/6/4,leon1020,4
请教个事故处理的问题。,2022/6/4,jinsheng777,3
电车验车价格和油车一样么,2022/6/4,zgsjs,3
请问充电桩可以过户吗,2022/4/23,zp0425,4
哪里可以看海豚？,2022/5/29,congbei,4
电车与油车的可靠性对比，就是发动机对比电池+永磁电机,2022/6/2,sdlk,53
小鹏p5为啥用板悬,2022/6/3,shunderen,10
昨天订了比亚迪元plus次顶配,2022/3/20,qbyang2009,37
14款秦还在用,2022/6/3,HDDXSQN,11
各位大佬，帮小白推荐一下新能源车吧,2022/6/2,pfred,79
北京年底前购买新能源，补贴1万啊,2022/6/2,wuxiao,18
各位，teslamate还正常吗？,2022/6/4,tedxyz,1
准备换车了，出个比亚迪E5,2022/5/27,dicktang,6
感觉sl03比海豹有竞争力,2022/6/4,meirenai,1
电池没那么脆弱,2022/6/2,tpeng,18
马斯克：特斯拉需要减少10%的员工并暂停全球招聘,2022/6/3,nisus,10
比亚迪5月11.5万，比亚迪特斯拉，今年谁是全球新能源第一有悬念,2022/6/3,junopapaya,25
现在特斯拉不让支付宝付款了,2022/6/3,fiwish,2
来看看蔚来5月销量,2022/6/1,willExp,34
"试驾了特斯拉，小鹏，大众ID,零跑",2022/1/1,yuanzcen,49
说下对蔚来的疑问,2022/6/2,bugs,8
本版绝世好车，没上榜啊,2022/6/1,windforce09,25
你们今年交强险多少元？,2022/6/2,firstmj,5
来说说蔚来的租电模式死胡同,2022/6/1,willExp,27
荣威ERX5虽然续航很拉胯,2022/6/3,huabin,3
第一批买电车的续航怎样了,2022/5/27,dasu,48
汽车永远无法胜过驴车的方面,2022/6/3,shunderen,7
比亚迪的充电速度还是可以的,2022/6/1,locker06,3
比亚迪乘用车5月销售114183辆,2022/6/2,googlestyle,11
北京促进经济政策出来了，增发没戏,2022/6/2,argwin,11
强大，真弯道超车了,2022/6/3,gt684,0
卖午餐的小老头持有多少比亚迪的股票？,2022/6/3,Nordahl,0
比亚迪一出,2022/6/3,woaiwoer,0
Re: ID C涨价后,2022/6/3,原帖已删除,9
问界M7上市后，理想和岚图应该是最慌的吧？,2022/6/2,zhouguangxiu,4
北京的促进汽车消费就是置换补贴一万？,2022/6/2,meirenai,10
广汽埃安5月交付21056辆,2022/6/1,ia,7
Re: 个人排号77000，2026年能排到么？,2022/6/3,原帖已删除,9
小鹏5月交付10125辆,2022/6/1,ia,3
哪吒5月交付11009辆,2022/6/1,ia,8
跑山纪要,2022/6/2,elfstone,2
问界5月交付5006辆,2022/6/1,ia,51
hulibuhutu被取消在GreenAuto版的发文权限,2022/6/2,deliver,0
比亚迪哪些车有升压充电,2022/5/30,jpbhpal,3
Re: idc涨价后,2022/6/2,原帖已删除,0
提了蔚来ET7才发现，低能耗毫无技术含量,2022/4/18,gly3179,302
现在38万，多久能到手啊？,2022/6/1,cance,2
想想现在的新能源车确实不便宜,2022/5/31,alpha529,60
华为这个问界和赛力斯啥关系,2022/6/1,shunderen,16
谁说说byd发布那么多款车有什么好处吗？,2022/6/1,glamerick,14
华为入场，都肝颤了,2022/6/1,shunderen,38
蔚来5月交付7024辆,2022/6/1,ia,20
突发奇想：有轨电车,2022/6/2,kkkkv31,8
海鸥什么时候上市呢？会不会还是待等好久,2022/6/2,nanfengfeng,0
anyouanyou被取消在GreenAuto版的发文权限,2022/6/2,deliver,0
smart营销可真下血本啊。,2022/5/30,pany,30
刚疫情发布会，北京在研究促进消费的措施,2022/6/1,tclj9,10
Re: 比亚迪的黑科技-升压充电，能否解决新能源的充电慢痛点？【,2022/6/2,原帖已删除,7
传统车厂做电车成功的有谁,2022/6/2,dawei78,8
8年车是两年一检吧？,2022/6/2,whyso,0
对于新手蔚来的辅助驾驶精选包怎么样,2022/6/1,JAJ,6
理想L9还出得来吗？,2022/6/2,touareg,1
更新指标以后，车牌号要重新选么？,2022/6/2,ayayayaya,2
老电车最经典的是老秦,2022/5/28,shunderen,41
大家有钱赚了，比亚迪：举报有奖，最高500万！,2022/6/1,sirius0777,4
先买了电轿车，刚摇到油号，二胎家庭第一辆油车买什么，求推荐,2021/9/27,icqm,27
[新能源][电动] 今天上午去环耀4S修了一下E5,2022/6/1,SwimingPig,6
太惊险！比亚迪在大连高速上刹车油门全失灵！女子：刚买两个月,2022/6/1,hbo,15
比亚迪又赢了,2022/6/1,dawei78,1
Re: 奇怪，帝都果然不出稳经济的政策,2022/6/1,原帖已删除,12
赛力斯5月销量5440辆,2022/6/1,ia,2
哪吒5月交付量比华为高一倍还要多，BYD是华为的N倍,2022/6/1,New2000,4
如果极狐像ID4那样便宜个4万，性价比就凸显了,2022/5/30,rayshen,9
理想5月交付11496辆,2022/6/1,ia,0
明年确定收税？,2022/6/1,Popoyz,4
Re: EU,2022/6/1,原帖已删除,14
[求助]北京哪里二手电车多呀？想去实地看看车,2022/6/1,lmzc,1
再科普一下能耗不要看表显,2022/5/31,DoubleH,28
极狐aS华为hi版，超充视频或充电曲线哪有？求分享谢大神,2022/5/31,firstmj,8
ET5去年公布的价格，放在现在估计卖一辆亏一辆,2022/5/31,AD007,13
毛豆3p为什么比3重那么多？,2022/6/1,djkstra,0
极狐用料的环保性如何？,2022/6/1,nuoya123,3
有多少人相信小鹏P5是床车的？,2022/6/1,census,6
各大新势力该公布5月份销量了，能比4月更惨吗,2022/6/1,RoadPress,9
这周约了几个上门试驾，记录一下,2022/3/21,yunsile321,104
北京是否会跟进政策，增发车牌？,2022/5/30,sandaisisha,18
你方唱吧我又登场,2022/5/31,shunderen,4
版面积分变更记录,2022/6/1,deliver,0
中标号有效期、疫情结束日，是什么关系？ ,2022/5/31,mayi,3
才发现吉利新能源有三宝,2022/5/31,AD007,1
比亚迪宋多久能提车,2022/5/30,rowiner1771,4
比亚迪的升压充电有意思,2022/5/29,iGeek,192
请问一下今年家庭积分多少能排上,2022/5/18,appleshow,12
