﻿主题,发帖时间,_ 作者,回复
Re: 家用，双纯电车主，谈下比亚迪元PLUS EV,2022/5/31,原帖已删除,11
一线城市的充电桩很多在收费停车场！！,2022/5/31,gwyxg,13
如果北京新增4万家庭指标，大概能到多少分？,2022/5/31,wen1984,10
今天是五月最后一天,2022/5/31,meirenai,2
理想是绿牌，但是不能用新能源指标？,2022/5/30,lostinT,6
从特斯拉看男女差异  女人更虚荣吧,2022/5/27,langmanyixia,25
上海发牌了，北京什么时候跟,2022/5/29,xiuhuwang,37
排队应该是基本原则,2022/5/31,tclj9,0
极氪的家用充电桩，没地方安装，有人需要吗？,2022/5/19,sundayhx,33
唐EV在挪威还挺能打 ZZ,2022/5/31,googlestyle,1
二手比亚迪元ev360求估价,2022/5/30,gokukun,4
蔚来ET5怎么样,2022/5/29,omigar2018,56
大家通常几年换新车,2022/5/30,dragonfly112,7
新能源中了，一年内必须买吗,2022/5/30,minv,5
海豹预售六万了？,2022/5/29,meirenai,17
比亚迪换个标，销量会大增,2022/5/30,shunderen,12
问界M7将至，余承东号称超百万级豪车,2022/5/30,New2000,3
电动汽车直流快充新国标Chaoji 标准,2022/5/23,linyixiao,17
北京的银行车贷有推荐的嘛？,2022/5/28,sundayhx,9
别的城市都是买车还给钱,2022/5/28,tclj9,21
方向盘掉皮了可以索赔吗,2022/5/30,ralfak,3
要说技术，比亚迪确实不赖,2022/5/30,shunderen,6
本版有SF5/M5车主吗？,2022/5/30,New2000,0
别吵无意义的架，问个问题，为啥采用升压充电，而不是直接使用,2022/5/30,RoadPress,18
咱老百姓，无非就是两点希望：一视同仁，实事求是,2022/5/30,liuluyu,1
谁能告诉我现在新能源号到底咋排队,2022/5/30,zhonglv,2
插混被开除出新能源了？,2022/5/28,nightknight2,20
家庭号-行驶证必须是家庭主申请人吗？,2022/5/29,duoduo1234,13
[合集] 问下北京新能源指标能买插混吗？,2022/5/30,wydfz,0
Misterio被取消在GreenAuto版的发文权限,2022/5/30,deliver,0
看了近期的几个评测，国产新势力已经全面超越洋品牌了,2022/5/27,AD007,39
驾照快过期，更新后，指标申请信息没啥要改的吧？,2021/1/12,wakesman,3
特斯拉车到了可以保留多久？,2022/5/30,zpw2000,1
说说我的电车经历,2022/5/27,chrome2000,30
能不能根据爆出来的数据，算一算入围的二代家庭分段分布啊？,2022/5/30,wen1984,1
电车如何给大疆充电,2022/5/30,gss2019,3
最近特斯拉v3对老车主也优化了，800km/h的充电速度持续时长久了,2022/5/29,leoputin,9
车库 VS 汽车 先买哪个？,2022/5/29,mayi,7
上海疫情后增加了4w指标,2022/5/30,port7,4
卖个占号车 江淮ive4,2021/1/26,amylx,7
[求助]刚下号，打算去看一圈,2022/5/29,lmzc,8
深圳补贴那么高，是不是可以操作,2022/5/29,shunderen,10
建议为了稳住经济大盘 ，把排了n年的无车家庭，直接分配指标,2022/5/28,port7,23
一转眼电车开了5年多了，sigh,2022/5/27,hulafly,22
今年保险是不是改名字了？,2022/5/30,riche,0
我记得之前有个车主讲阿尔法T缺点的帖子,2022/5/28,ntstar,4
不说啥了，自己看。,2022/5/30,ylh1969,2
SMART会不会成为第二个腾势？,2022/5/12,zyzx77,23
市民注意！北京小客车指标“延期”政策仍在执行,2022/5/30,iGeek,0
极狐也搞自己的快充站？,2022/5/28,DoubleH,3
北汽送的车膜质量怎么样？贴了3个多小时。,2022/4/19,raptors,10
猜测一下byd的充电逻辑吧,2022/5/29,CanDo,8
华为店里的销售太搞笑了,2022/5/28,ntstar,4
Re: 问一下关于企业排队新能源指标的流程,2022/5/29,原帖已删除,3
请问家庭日常使用，买什么牌子的新能源汽车更好呢？,2022/5/21,hongkeyizu,16
假如老婆今年刚排到一个新能源指标，自己以个人名义明年又排到,2022/5/28,micromote,12
咨询买电车时间,2022/5/28,lid800,23
明天去提车，驱逐舰05顶配,2022/5/18,CMaverick,5
贡献一个驱逐舰05的高速油耗,2022/5/27,CMaverick,16
政府出个政策，再补发5万电牌吧,2022/5/26,xiuhuwang,16
大家这是没考虑每年光京户出生就十万人吧,2022/5/28,Joythie,4
极狐营销上道了呀,2022/5/28,fengwudian,8
特斯拉保险人必须是订车人？,2022/5/27,zpw2000,8
为啥用宁德ctp 电池的车也很重,2022/5/29,shunderen,2
高压快充需要高压电池包,2022/5/29,xiechuanhust,0
小白提问,2022/5/28,petrain,8
论领先的国产电车、落后的外国电车,2021/4/11,sirius0777,35
有没有买了车的，标没到，要卖车的啊,2022/5/26,fendou968,26
为了刺激消费，会不会今年再放一批号,2022/5/28,imbjer,18
在外地买电车，以后迁回北京，还有首任车主权益吗,2022/5/28,meirenai,2
ET7的激光雷达,2022/5/27,drjinkj,15
[合集] 看了这次新能源前60位中签家庭，百感交集啊,2022/5/28,oBigeyes,0
订了个吉利smart联系的是奔驰销售,2022/5/11,richiter,33
海淀哪里办理临牌方便,2022/5/28,mdits,2
Re: 轮候积分是如何计算的 不懂,2022/5/28,原帖已删除,0
北京新能源车号，必须1年内使用吗？,2022/5/28,mayi,3
家庭号没中，可以转为普通油车号参与摇号吗？,2022/5/27,Idoahz,4
[合集] 驾驶证更换了，档案编号变了，新能源个人排号需要做什么,2022/5/28,oBigeyes,0
[合集] 众生皆苦。。,2022/5/28,oBigeyes,0
"这么一比较,精灵就香了",2022/4/26,zyzx77,11
[合集] 这政策对单身简直是噩梦,2022/5/28,oBigeyes,0
[合集] 56分以上分布（2）,2022/5/28,oBigeyes,0
[合集] 强烈反对空降！,2022/5/28,oBigeyes,0
[合集] 个人号前进了6W,2022/5/28,oBigeyes,0
极狐华为版交付了，为啥网上没有自动驾驶测试的视频？,2022/5/16,pany,20
做个小调查，高端汽车品牌在你心目中的排名,2022/5/27,zhouguangxiu,6
人呀，就是有毛病,2022/5/27,sunhw168,14
[合集] 北京车牌租赁官司的审判逻辑,2022/5/28,oBigeyes,0
立个flag吧，新能源免购置税政策肯定会延续,2022/5/27,punkdrew,11
[合集] 现在家庭分多少就能排到新能源？,2022/5/27,oBigeyes,0
[合集] 卧槽，今年22w申请家庭新能源,2022/5/27,oBigeyes,0
[合集] 在这里查询最新个人排名,2022/5/27,oBigeyes,0
[合集] 怎么期次还是202101啊？还是53760啊,2022/5/27,oBigeyes,0
[合集] 现在从油车切到新能源要等多久,2022/5/27,oBigeyes,0
[合集] 新能源个人排在10万+，是不是不用排了？,2022/5/27,oBigeyes,0
看完《硅谷钢铁侠》，很想支持一下特斯拉啊,2021/11/23,playmobil,7
[合集] 新能源个人排队一下子前进了26400名,2022/5/27,oBigeyes,0
[合集] 新能源排队时间是怎么计入家庭积分的？,2022/5/27,oBigeyes,0
[合集] 个人61000名，大概哪一年能排上啊,2022/5/27,oBigeyes,0
[合集] 家庭积分46，没中，是自动参加6.26摇号吗？,2022/5/27,oBigeyes,0
[合集] 个人目前排号24000，什么时候能有号啊,2022/5/27,oBigeyes,0
奥迪新出的Q4 Etron价格才30万,2022/5/27,tonygeng,2
[合集] 明年个人指标还是19000吗,2022/5/27,oBigeyes,0
[合集] 今天中新能源的都来报个道吧,2022/5/27,oBigeyes,0
[合集] 请教新能源车家庭摇号,2022/5/27,oBigeyes,0
[合集] 6月26的普通指标中签率会高不少吧,2022/5/27,oBigeyes,0
[合集] 有跟我一样惨的吗？,2022/5/27,oBigeyes,0
[合集] 我只有28分，10年都排不上吧,2022/5/27,oBigeyes,0
[合集] 家庭号审核，你们现在什么状态,2022/5/27,oBigeyes,0
[合集] 发一个估算每年非正常排队减少人数的数学公式,2022/5/27,oBigeyes,0
[合集] 你们早干嘛了，那时候电车不用排队,2022/5/27,oBigeyes,0
[合集] 摇号规则咨询,2022/5/27,oBigeyes,0
[合集] 我们家就是典型的吃屎都赶不上热的,2022/5/27,oBigeyes,0
[合集] 真实分数增长不大,2022/5/27,oBigeyes,0
[合集] 40分认真你就输了,2022/5/27,oBigeyes,0
[合集] 52分，本以为很稳，已经提车俩月了，今天除了分数线直接,2022/5/27,oBigeyes,0
[合集] 家庭新能源排号怎么查啊？,2022/5/27,oBigeyes,0
[合集] 谁说的40多，日了,2022/5/27,oBigeyes,0
[合集] 惊险中签！,2022/5/27,oBigeyes,0
[合集] 更新后排名前进57852号,2022/5/27,oBigeyes,0
[合集] 今年25万名的，十年之内应该是可以拿到的,2022/5/27,oBigeyes,0
[合集] 现在查20670，还有戏吗,2022/5/27,oBigeyes,0
[合集] 如何查排名？（家庭）,2022/5/27,oBigeyes,0
[合集] 编码序号390831，是不是得等20年才能排到,2022/5/27,oBigeyes,0
[合集] 整整十年，这就是命，不怨别人,2022/5/27,oBigeyes,0
[合集] 202201期排名21000，明年有戏吗？,2022/5/27,oBigeyes,0
[合集] 已入围在进行亲属关系核查，几天可正式下指标?,2022/5/27,oBigeyes,0
[合集] 25000左右，明年有戏吗,2022/5/27,oBigeyes,0
[合集] 没入围的不要灰心,2022/5/27,oBigeyes,0
[合集] 今年的状元为啥不法拍一个,2022/5/27,oBigeyes,0
[合集] 本以为稳了，结果没入围，下年买更好的车吧,2022/5/27,oBigeyes,0
[合集] [新能源]个人轮候改家庭摇号， 被坑了,2022/5/27,oBigeyes,0
[合集] 有没有人放弃购买，然后北京市补录的可能,2022/5/27,oBigeyes,0
[合集] 排队又前进了不少,2022/5/27,oBigeyes,0
[合集] 请问哪里查看家庭积分排名呢？,2022/5/27,oBigeyes,0
[合集] 去年50分今年56分，明年64,2022/5/27,oBigeyes,0
[合集] 现在查新能源个人排号56607,2022/5/27,oBigeyes,0
[合集] 悲剧，居住证过期,2022/5/27,oBigeyes,0
[合集] 今年没拿到的，明年一样很难,2022/5/27,oBigeyes,0
[合集] 56分以上分布,2022/5/27,oBigeyes,0
[合集] 可以预测明年分数了,2022/5/27,oBigeyes,0
[合集] 今年个人排到了！,2022/5/27,oBigeyes,0
[合集] 昨天还说40分就能入围,2022/5/27,oBigeyes,0
[合集] 十年摇号，今天入围，为了凑分去年还生了个娃,2022/5/27,oBigeyes,0
[合集] 亲属关系核查会核下来很多人吗？,2022/5/27,oBigeyes,0
[合集] 这次家庭新能源分数线超过本版预期,2022/5/27,oBigeyes,0
[合集] 今年家庭分30分，只有夫妻一代人，不可能增加代纪，求问,2022/5/27,oBigeyes,0
[合集] 2022年家庭积分已出结果~最低56分,2022/5/27,wydfz,0
[合集] 个人排号的版友们汇报下前进名次吧,2022/5/27,wydfz,0
[合集] 8年了，今天终于被恩赐了,2022/5/27,wydfz,0
电车可以去外地上牌再迁回来么？,2022/5/26,xiuhuwang,10
Re: 广汽埃安LX80老车主用车报告,2022/5/27,原帖已删除,6
sxm459099795被取消在GreenAuto版的发文权限,2022/5/27,deliver,0
非要等到电车好用了才去排,2022/5/27,shunderen,16
提了车，没排到号，准备挂外地牌的可以进群交流下。,2022/5/27,whclarence,0
Model Y白色还是黑色买的人多,2022/5/27,Cidyshi,12
咨询个夫妻过户的问题,2022/5/27,sushenxiaoyu,13
排个人的工作居住证过期了…,2022/5/26,pigman,7
求教：如果查询自己的新能源排名？拜谢先,2022/5/26,lisiaroo,2
2022年新能源小客车指标轮候时间,2022/5/27,TheEconomist,4
Re: 一汽id涨价了吗？,2022/5/27,原帖已删除,1
夫妻一方已经有油牌，另一方可以带其他家庭成员排电车吗,2022/5/27,flyinwind001,10
家庭新能源排队，一种意料之外的情况发生了,2022/5/26,boboy163,10
疫情期间，穷人更穷，富人更富究竟是为何？,2022/5/26,buckthetrend,6
[新能源]浅谈国内混动技术(2)：各家车企混动技术路线优劣对比,2021/3/4,FHWYSH,169
战略错误 太费脑,2022/5/27,shuidaodao,0
蔚来还是用的mobileeye的自动驾驶方案吗,2022/5/27,springautumn,6
当初的预言在今天赤裸裸的变成了现实,2022/5/26,youzailangzi,6
比亚迪海豚怎么样,2022/5/26,Lucca1223,18
居住证过期也忘了复核，是不是轮候时间就清零了？,2022/5/27,happyzerg,1
求教，30万左右什么车比较合适？,2022/5/26,Metoes,16
今后入围分数有没有下降可能  ？,2022/5/27,port7,3
后悔从个人转到家庭,2022/5/26,meirenai,7
有人插队吗,2022/5/26,dawei78,1
为啥有人会认为特斯拉以前技术领先？,2022/5/25,Icanread,7
五年前随转随拿的新能源号，现在个人排队至少得20年,2022/5/25,boboy163,60
【从2016年说】起说说我的选新能源号经历,2022/5/26,langmanyixia,10
szp870202被取消在GreenAuto版的发文权限,2022/5/27,deliver,0
sonygg被取消在GreenAuto版的发文权限,2022/5/27,deliver,0
ljfootball被取消在GreenAuto版的发文权限,2022/5/27,deliver,0
riyuewx123被取消在GreenAuto版的发文权限,2022/5/27,deliver,0
uml0126被取消在GreenAuto版的发文权限,2022/5/27,deliver,0
jueduimeicuo被取消在GreenAuto版的发文权限,2022/5/27,deliver,0
fffengfeng被取消在GreenAuto版的发文权限,2022/5/27,deliver,0
rxy0303被取消在GreenAuto版的发文权限,2022/5/27,deliver,0
aa7911006790被取消在GreenAuto版的发文权限,2022/5/27,deliver,0
shmr0077被取消在GreenAuto版的发文权限,2022/5/27,deliver,0
sh1986ye被取消在GreenAuto版的发文权限,2022/5/27,deliver,0
zweite被取消在GreenAuto版的发文权限,2022/5/27,deliver,0
yangzw08被取消在GreenAuto版的发文权限,2022/5/27,deliver,0
a506540890被取消在GreenAuto版的发文权限,2022/5/27,deliver,0
据说延长补贴的申请已经到了桌子上了,2022/5/25,wuxiao,4
问下，中的指标有有效期吗，限期购车？,2022/5/26,forthelove,2
小鹏P5的自动驾驶怎么样了,2022/5/27,LeonTang,1
浅谈国产双电机DHT混动(比亚迪/长城/广汽/奇瑞/东风)的技术异同,2021/5/21,FHWYSH,114
为什么厂家不能生产1个座位的车！？？？F1这样的，我要买！,2022/5/25,wangcity,28
为什么说所谓趴趴赛测续航没有任何意义，看这个视频,2022/5/26,catsource,6
这种情况多久能下来家庭指标,2022/5/26,CASTRaul,0
本来以为今年52分能中签，没想到分好高，求租一年号,2022/5/26,nniu,10
家庭号得多久下来指标？,2022/5/26,asuslhj,1
56 分险中，半年前就定了特斯拉，好悬,2022/5/26,jiemcloold,2
意外排到了,2022/5/26,zhiqiancsu,0
明年不会有这么多个人号切家庭了吧,2022/5/26,aiyawoqu,3
求教：外地驾驶证到期换成北京驾驶证，影响排序么？,2022/5/26,bluemiracle,7
guohucheng00被取消在GreenAuto版的发文权限,2022/5/26,deliver,0
Lxx720609被取消在GreenAuto版的发文权限,2022/5/26,deliver,0
Singinggirl被取消在GreenAuto版的发文权限,2022/5/26,deliver,0
zhangxc012被取消在GreenAuto版的发文权限,2022/5/26,deliver,0
hongyun04被取消在GreenAuto版的发文权限,2022/5/26,deliver,0
zxw0904被取消在GreenAuto版的发文权限,2022/5/26,deliver,0
排电号才几十万,2022/5/26,dawei78,0
17年底拿本，摇了几次油车，18年12月切新能源，排名170000,2022/5/26,erVShb,13
家庭号没排到却松了口气,2022/5/26,shamoxia,3
强烈要求油转电的从头计分,2022/5/26,speeper1,6
版面禁止租牌行为,2022/5/26,oBigeyes,0
个人本来四万号的 今年转成家庭差好多分 还能转回去吗,2022/5/26,hayxin,3
今天排到号，最近是不是会出汽车消费促动政策，是不是可以等等,2022/5/26,lmzc,13
紧急求解答，帮忙看一下个人摇号的排名？,2022/5/26,Godsaveme11,10
【求助】差几分入围是否先办外地牌提车tsl的纠结,2022/5/26,carykel,2
Re: 排到新能源指标了，但是没有用车需求怎么办,2022/5/26,原帖已删除,2
鸟粪和树胶怎么清理 大神们,2022/5/22,yuanshanqian,12
指标使用了，网站上显示未使用,2022/5/26,cytotoxin,3
油车指标可买电车吗？,2022/5/26,FutureLi2049,4
怎么评价奥迪Q5 e-tron,2022/5/17,tonyaimar,77
羡慕你们这些中了号的！,2022/5/26,INSTANTUSER,0
有一个吹eqs的帖子咋没了,2022/5/25,qoros,10
model y五千公里电池托底修过 32万入现车值吗,2022/5/26,yellowChange,7
主申请人加配偶之和还要乘以2吗,2022/5/26,yellowChange,1
关于家庭摇号孩子问题,2022/5/26,Denzelw,9
电动车已中，老婆还在等油车摇号，是继续摇号还是切其它方式,2022/5/26,lxl523388,1
弱问 现在二手车能过户么  车管所没有因为疫情关么,2022/5/26,stockerr,1
withfei被取消在GreenAuto版的发文权限,2022/5/26,deliver,0
你们现在还会开油车吗？,2022/5/26,dragonfly112,16
id4c出了个纯享版,2022/5/26,socool,6
如果按冬天打对折看，续航里程是不是要起码800才够用。,2022/5/26,wangcity,8
疫情经常无法开车，建议买比亚迪，可避免无法启动 (转载),2022/5/24,sirius0777,11
该搞新能源汽车下乡了,2022/5/24,Dingshuding,81
大家说下全球 最强的电动车，是哪个！？买！,2022/5/26,wangcity,18
tsl的事又来了,2022/5/26,jpye,11
什么时候能查到新能源个人号更新的排名呀？,2022/5/26,lovelybso,3
有能查询全国充电桩分布的软件吗？,2022/5/25,zhiliang,4
新能源今年的指标是26号下发？,2022/5/26,deasty,2
现在国内除了武汉，超一线城市还有哪个不限牌的？,2022/5/26,wangcity,3
比亚迪2022款唐新能源咋样？是纯电平台打造的吗,2022/5/22,fendou968,33
海豹什么时候正式发布,2022/5/26,gzgh,2
你们喜欢开电车，深入不毛，煮咖啡，涮羊肉吗？,2022/5/26,dragonfly112,4
新能源车的底盘怕磕碰吗,2022/5/25,wei507166,10
比亚迪是真火了，海豹预售两天又5万辆,2022/5/26,peibch,0
看好电车的越来越多,2022/5/25,aiyawoqu,17
是不是社区就咱们板活跃度高，所以总被广告屠版？！,2022/5/23,Zuoleft,10
电动车新一轮涨价潮,2022/5/13,dahai2999,18
建议断掉公交地铁，扩大汽车市场！必须用猛药啊！车市艰难,2022/5/25,wangcity,11
[合集] 估测22年40分（含）以上应该可以入围,2022/5/26,wydfz,0
xucong028被取消在GreenAuto版的发文权限,2022/5/26,deliver,0
双叉臂，后驱，低风阻要白菜化了,2022/5/22,shunderen,133
liweiping被取消在GreenAuto版的发文权限,2022/5/25,deliver,0
我来翻译翻译,2022/5/25,bjandi,6
唐ev 与id6如何选？,2022/5/22,suoluosi,5
现在加速4.5秒以内，最便宜的车是什么车,2022/5/25,content,14
问个问题,2022/5/24,happynewlife,7
[合集] 明年家庭分数只会更低，四五十分就能排到没人傻到再用20,2022/5/25,oBigeyes,0
[合集] 18万家庭46万人申请，统计学的好的人能大概估算下分数区,2022/5/25,oBigeyes,0
[合集] 虽然我分数很低,2022/5/25,oBigeyes,0
"[合集] 家庭摇号,分数是64分,参加本月2W电车增发还是参加明年油",2022/5/25,oBigeyes,0
"DMi车主若有个性化的用车体验建议,可以在此入口直接反馈",2022/2/13,FHWYSH,25
idream1982被取消在GreenAuto版的发文权限,2022/5/25,deliver,0
dmi没有考虑极端用车条件下的富余度，只考虑正常情况，其实不好,2022/5/25,wangcity,6
slengtp被取消在GreenAuto版的发文权限,2022/5/25,deliver,0
ll450536452被取消在GreenAuto版的发文权限,2022/5/25,deliver,0
lezhigao被取消在GreenAuto版的发文权限,2022/5/25,deliver,0
lisadecember被取消在GreenAuto版的发文权限,2022/5/25,deliver,0
强烈建议海豹测麋鹿的时候也打开强动能回收，对标特斯拉,2022/5/20,wangdass8,53
特斯拉也差不多5年没大进展,2022/5/24,shunderen,19
ZZ  浅谈国内混动技术 By FHWYSH,2022/5/25,googlestyle,0
huanhuancai被取消在GreenAuto版的发文权限,2022/5/25,deliver,0
lh343741766被取消在GreenAuto版的发文权限,2022/5/25,deliver,0
网上有没有偏技术较详细解说国内各家混动技术方案的？,2022/5/25,wanllow,24
5月11日发的帖子被删了，现在看来，第六感要准。。。。NND,2022/5/25,wr8416,5
不考虑机械素质，只比内饰和配置，D9、梦想家等哪个好？,2022/5/25,census,0
id4c和id4x有神马区别？,2022/5/24,lenghx,10
原来dmi没电了不能烧油啊？刷新了我的认知 (转载),2022/5/25,ylh1969,15
比亚迪 汉EV 哪款性价比好一些？,2022/5/24,mayi,10
零跑C11怎么样,2022/5/22,canghai,19
ID6/ID4/ID3的车机卡顿有多频繁？,2022/5/24,F30,18
上一期排到号的名单剔除是今天进行还是明天啊？,2022/5/25,qzrk,2
在激光雷达的加持下，小鹏的ACC/LCC/高速NGP增强版有多强？,2022/5/23,AD007,29
摇号复核出结果了,2022/5/24,witmusk,3
该搞全国电网大改造了 充电桩覆盖40%的停车位,2022/5/25,L234118,2
比亚迪的DMI，充电与加油什么比例？,2022/5/24,Simu1ink,9
今天现在摇号油转绿还有用吗,2022/5/24,yellowChange,1
sunup26被取消在GreenAuto版的发文权限,2022/5/25,deliver,0
ykk325被取消在GreenAuto版的发文权限,2022/5/25,deliver,0
liho2006被取消在GreenAuto版的发文权限,2022/5/25,deliver,0
ballack1031被取消在GreenAuto版的发文权限,2022/5/25,deliver,0
sanjin123被取消在GreenAuto版的发文权限,2022/5/25,deliver,0
xing3650被取消在GreenAuto版的发文权限,2022/5/25,deliver,0
dswwsd被取消在GreenAuto版的发文权限,2022/5/25,deliver,0
sola86被取消在GreenAuto版的发文权限,2022/5/25,deliver,0
dkxzt被取消在GreenAuto版的发文权限,2022/5/25,deliver,0
joerby被取消在GreenAuto版的发文权限,2022/5/25,deliver,0
[合集] 蔚小理俩仨年后就剩一个,2022/5/25,wydfz,0
koongly被取消在GreenAuto版的发文权限,2022/5/25,deliver,0
je12909099被取消在GreenAuto版的发文权限,2022/5/25,deliver,0
sm14482350被取消在GreenAuto版的发文权限,2022/5/25,deliver,0
win20000被取消在GreenAuto版的发文权限,2022/5/25,deliver,0
majing0427被取消在GreenAuto版的发文权限,2022/5/25,deliver,0
lmhappy被取消在GreenAuto版的发文权限,2022/5/25,deliver,0
海豹相当于比特斯拉3便宜10万吧？,2022/5/24,yaqli,10
有没有发现路上电车就特斯拉喜欢窜来窜去,2022/2/20,ModernDuke,14
电车小电瓶一般多久没电，GE3在京六天没开就没电了,2018/2/21,bajiute,23
qq379788373被取消在GreenAuto版的发文权限,2022/5/24,deliver,0
xf0623被取消在GreenAuto版的发文权限,2022/5/24,deliver,0
guoxutao被取消在GreenAuto版的发文权限,2022/5/24,deliver,0
lihongbin被取消在GreenAuto版的发文权限,2022/5/24,deliver,0
xumiaoc被取消在GreenAuto版的发文权限,2022/5/24,deliver,0
goco被取消在GreenAuto版的发文权限,2022/5/24,deliver,0
anxt2005被取消在GreenAuto版的发文权限,2022/5/24,deliver,0
800V高压快充哪年能进入普及阶段？,2022/5/24,langmanyixia,0
Re: 今日开启预售，六个颜色中你喜欢哪一种？,2022/5/24,原帖已删除,0
zyrjewelz被取消在GreenAuto版的发文权限,2022/5/24,deliver,0
Model Y 销往城市分布,2022/5/24,wazgwsmj,9
Model Y卖31万，好贵呀,2022/5/23,ipwireless,18
附加火灾事故限额翻倍险,2022/5/24,riche,5
5月份销量不容乐观呀,2022/5/23,HLWJSJ,12
看新闻下半年15万以下纯电车有补贴,2022/5/23,dancewithnet,3
Re: 本版在线人数怎么只有个位数了。。。,2022/5/24,原帖已删除,0
唐ev预售开启 28.28起 最高35.6,2022/5/22,Dadubaba,21
一汽ID6下单，有老带新吗,2022/5/22,F30,7
小区停车场凌晨起火致四车损毁 消防：初步预计为车辆充电引发（,2022/5/23,ylh1969,7
人防车位 使用权  能办理充电桩么,2022/4/15,port7,42
9月的极氪 you版，通知下线了,2022/5/22,yunsile321,26
油车又购置税减半了，会影响电车销量吗？,2022/5/23,aoliao,8
特斯拉真涨保险费了么,2022/5/23,iRonaldo,14
我希望电车能做到很轻,2022/5/23,abrous,20
wqhde02被取消在GreenAuto版的发文权限,2022/5/24,deliver,0
wxf0717被取消在GreenAuto版的发文权限,2022/5/24,deliver,0
chenchen1005被取消在GreenAuto版的发文权限,2022/5/24,deliver,0
zhaofeng2050被取消在GreenAuto版的发文权限,2022/5/24,deliver,0
quanshui110被取消在GreenAuto版的发文权限,2022/5/24,deliver,0
shazi218342被取消在GreenAuto版的发文权限,2022/5/24,deliver,0
gzc0319被取消在GreenAuto版的发文权限,2022/5/24,deliver,0
luzhe8118被取消在GreenAuto版的发文权限,2022/5/24,deliver,0
jinli7120被取消在GreenAuto版的发文权限,2022/5/24,deliver,0
wxj880614被取消在GreenAuto版的发文权限,2022/5/24,deliver,0
kuaile212006被取消在GreenAuto版的发文权限,2022/5/24,deliver,0
w870313被取消在GreenAuto版的发文权限,2022/5/24,deliver,0
后驱长续航版是不是最受欢迎,2022/5/22,shunderen,18
ID CROZZ lite pro 最新下订贴,2022/5/15,yezi0618,26
q5182005被取消在GreenAuto版的发文权限,2022/5/23,deliver,0
海豹最大的败笔,2022/5/21,updown,10
周末坝上走一圈，各种景区都关了,2022/5/23,zhuming717,28
20万以内的车有什么推荐啊,2022/5/23,sunskysea,14
2022年家庭新能源小客车积分线得到36吧,2022/3/10,lkg20006,28
又着火了 (转载),2022/5/22,ylh1969,52
建议新能源汽车GreenAuto版提高发帖积分限 (转载),2022/5/23,oBigeyes,0
谁说电车不用保养的？,2022/5/22,win2012,22
BYD铁粉吐槽海豹简配？,2022/5/22,houming,11
对板上一群人的是非观真是无语了,2022/5/18,semilog,102
特斯拉m3，高速还是有点飘啊,2022/5/22,txq,19
还有可能买到北汽ex3吗？,2022/4/10,iongenomics,50
家庭积分28，排队新能源,2022/4/13,willgoon,16
俄罗斯有电动车吗,2021/11/23,PCtop,8
[新能源][电动]刚开始预定就减配，船夫玩的6，海豹变成阉割豹,2022/5/23,Google333,3
所谓CTB技术，就是车企省成本，车主来买单,2022/5/20,sdlk,45
蔚来新加坡交易所上市,2022/5/20,breezebj,2
请教一下宋plus EV的驱动方式,2022/5/20,ylmwsw,3
liaoff1981被取消在GreenAuto版的发文权限,2022/5/23,deliver,0
gongxun595被取消在GreenAuto版的发文权限,2022/5/23,deliver,0
版上有岚图free车友吗？,2022/5/21,runneronroad,43
julyfly1987被取消在GreenAuto版的发文权限,2022/5/23,deliver,0
cdchenjian被取消在GreenAuto版的发文权限,2022/5/23,deliver,0
yes190被取消在GreenAuto版的发文权限,2022/5/23,deliver,0
td782889716被取消在GreenAuto版的发文权限,2022/5/23,deliver,0
steven9010被取消在GreenAuto版的发文权限,2022/5/23,deliver,0
yuxy1988被取消在GreenAuto版的发文权限,2022/5/23,deliver,0
aqq157被取消在GreenAuto版的发文权限,2022/5/23,deliver,0
分享小鹏P7刷百里画廊的数据,2022/5/22,CASTRaul,12
id4只要开冷风，几分钟就掉电60公里左右,2022/5/21,zgz007,12
国产车的魔法,2022/5/22,googlestyle,9
Q4 etron和ID.4的区别在哪里？,2022/5/21,sqrxj,20
比亚迪也有车主维权了 (转载),2022/5/20,ylh1969,4
海豹连最低配都是双叉臂+后驱啊,2022/5/20,zhaofox,22
已订车极氪001(更新，改提2021年订单的U版本，真香),2022/4/26,sundayhx,70
有点理解海豚为什么卖得好了,2022/5/17,hanb,31
便宜的电车越来越少了,2022/5/22,biubiu02,15
王朝系列升到海豹就买,2022/5/20,shunderen,13
今年36分有希望吗？,2022/5/22,cjzhao,4
智己L7，这车值得买吗,2022/5/20,txq,10
海豹的充电电压是多少？,2022/5/20,RoadPress,30
更新下特斯拉AP追尾的进展,2022/5/17,hyeana,45
就像在车顶种树：水木神书《十万个为什么》这么形容电车的环保,2022/5/22,test321,0
这牛皮吹的是不是有点儿过了？zz 10小时6万订单,2022/5/21,googlestyle,19
海豹的败笔,2022/5/21,sushou,15
电车的三个普遍缺点,2022/5/22,shunderen,7
海豹能抢model3的客户不？,2022/5/20,huankuib,20
30w内纯电suv有定论么,2022/5/21,bluecome,5
北京现在能立刻提车的最便宜的电车是什么车？,2022/5/7,sulaiman,3
极狐hi版本的磨砂黑还是挺有质感的，就是太贵了,2022/5/22,qian272,1
家庭积分22，得到啥时候才能排上啊,2022/5/21,yinet,3
黑子们颤抖吧,2022/5/22,hondooo,1
国产车是点了啥魔法技能吗,2022/5/21,nolonger,22
昨天阿维塔开始预定了,2022/5/21,bangke,7
闲聊买车计划,2022/5/20,wuzhiqiu1,5
cecily7777被取消在GreenAuto版的发文权限,2022/5/22,deliver,0
BBMM1111被取消在GreenAuto版的发文权限,2022/5/22,deliver,0
gede3636被取消在GreenAuto版的发文权限,2022/5/22,deliver,0
试驾小鹏p7,2022/5/19,huangp99,30
新能源千万不要买宝马后悔的要死,2022/5/18,pany,21
明年电车会降价吗,2022/5/21,meirenai,10
比亚迪真是一言难尽,2022/5/20,googlestyle,18
看了一下海豹的颜值挺能打的,2022/5/20,spare,17
海豹4个版本中哪个性价比高一些,2022/5/20,hanking,14
海豹的技术会用到王朝系列上吗,2022/5/21,shunderen,2
阿维塔能改变华为造车的命运吗？,2022/5/21,flybox,8
2022年4月纯电车销量排行榜,2022/5/20,tonyaimar,36
对海豹，汉，et5都不太满意,2022/5/20,shunderen,21
海豹麋鹿 83.5，单移线133，定圆回转 1.05,2022/5/20,sirius0777,26
纠结极氪还是特斯拉,2022/5/1,imint777,184
极狐记录,2022/5/9,kz6681,151
