﻿主题,发帖时间,_ 作者,回复
比粉可以出来high了,2022/5/20,chylli,47
Re: 求比较汉2021（尊贵型）和2022（旗舰型）,2022/5/21,原帖已删除,7
比亚迪海豹,2022/5/19,momoall,27
海豹电池的密度是多少,2022/5/20,shunderen,4
据说是海豹价格，不知道真假。,2022/4/26,jkhu,58
海豹价格出来了，能当理财产品订吗?,2022/5/20,heiabc,5
这温度真是电车理想工况,2022/5/17,updown,7
上海极狐车主疫情返乡高速续航分享,2022/5/19,nuoya123,23
唐ev22号要预售了,2022/5/20,Dadubaba,2
加速进3秒最便宜的车是海豹吗？,2022/5/20,content,5
极狐冬天综合续航如何？,2022/4/29,nuoya12,20
问界m5怎么样,2022/5/19,kyodidi,3
比亚迪牛逼啊，22-29万海豹,2022/5/20,meirenai,7
20万以内，哪个电动SUV标配hud？,2022/5/12,lenghx,7
奔驰的EQB怎么样？,2022/5/15,woxianzhe,56
海豹的价格出来没有？,2022/5/20,updown,7
今天看到了一辆 I-Pace,2021/10/26,jimeinstein,4
系统内显示过期无法打印的指标可以正常上牌！,2022/3/30,raptors,9
海豹在直播了,2022/5/20,meirenai,0
美国安全机构开始调查特斯拉自动导航,2022/5/19,gliet,3
怎么感觉蔚来越活越回去了,2022/5/19,content,46
新能源车没电了，车门也打不开了,2022/5/17,RainbowInAir,25
有没有共享充电桩的app 打算把自己的充电桩共享出去,2022/5/19,pany,2
要说自动驾驶失效，为什么国产电车不失效，反而是特斯拉？,2022/5/17,phoenixhills,41
家庭积分得多少，才有希望排到号？,2022/5/20,heyl,4
lacrover被取消在GreenAuto版的发文权限,2022/5/20,deliver,0
大家是处于什么考虑选一个小众品牌的电动车,2022/5/18,bournez,26
10万出头的电车有啥推荐的嘛,2022/5/14,wangwenzhi,13
凯迪拉克撞上极氪,2022/5/13,yuxiu,11
为啥没有排名,2022/5/19,Zuoleft,6
多久能排到号,2022/5/19,easternsun,10
分享个极狐T刷百里画廊的数据和可用景点,2022/5/15,wangdass8,53
蔚来全新中高端品牌落户合肥,2022/5/15,tedxyz,9
gmx1234被取消在GreenAuto版的发文权限,2022/5/20,deliver,0
装了广汽私桩，怎么共享给其他电池充电,2022/3/8,smart,8
一样的路程和耗时，昨天nedc7折，今天9折,2022/5/13,wangdass9,38
现在买特斯拉y是不是有点站岗,2022/5/19,ranger7,7
筷子悬架,2022/5/19,Mars102,0
车险太贵，只比去年便宜三五百？,2022/5/19,Joevan,2
dave8632被取消在GreenAuto版的发文权限,2022/5/19,deliver,0
研究称到2026年电池成本飙升22% 电动汽车价格或上涨3000美元,2022/5/19,ble,2
凯迪拉克lyriq锐歌，好像性价比还挺高,2022/5/18,aoliao,30
比亚迪新出了一款高端MPV没人关心吗？,2022/5/18,jumbonb,8
发个宋PLUSDMI新车油耗供参考,2022/5/18,feifeicheng,6
分享个去年五一的，啥时候能跨省出游啊？,2022/5/19,zhuming717,6
海豹今天开始预定了,2022/5/17,maxplux,42
aion v为什么销量比不过比亚迪宋,2022/5/16,phoenixhills,68
电车还有一个比较大的问题,2022/5/17,txq,50
船夫的审美啊，比亚迪车的屁股就没有一个协调的。,2022/5/10,abrous,38
宝马什么时候出纯电平台的车,2022/5/18,jiuo,4
5月个人指标什么时间可以上牌,2022/5/17,zhanvictor,5
buaavivi被取消在GreenAuto版的发文权限,2022/5/18,deliver,0
wangcity被取消在GreenAuto版的发文权限,2022/5/18,deliver,0
ltshw被取消在GreenAuto版的发文权限,2022/5/18,deliver,0
家庭指标积分已出，望周知,2022/5/17,adamas6,26
ID3和比亚迪驾驶几天的对比,2022/5/14,a82320930,48
senyi被取消在GreenAuto版的发文权限,2022/5/18,deliver,0
买七座的车用的多吗,2022/5/18,wuxu,7
受腾势影响最大的可能是理想,2022/5/18,lecco,9
这个季节 电车又是各种好了！^_^,2022/5/17,zhuming717,22
高分的都转电车也有好处,2022/5/17,meirenai,10
中国新能源汽车公司太多了,2022/5/15,Brake,14
Re: 北汽制造S3定名“元宝”，预计6月中旬上市【转】,2022/5/18,原帖已删除,6
有没有可能电车mpv的大小和空间达到奥德赛水平,2022/5/17,Jumbowang,4
腾势D9价格出来了,2022/5/16,JuneXue,57
老小区物业说供电容量不够,2022/5/16,CASTRaul,93
你们开车时棒球帽搁车里哪儿,2022/5/17,phoenixhills,4
电动车日常实际里程得打6折。,2022/4/24,riche,21
dysst被取消在GreenAuto版的发文权限,2022/5/17,deliver,0
每天开车在四环上跑一圈,2022/5/13,slimeminem,21
推行新能源车最大的瓶颈是家庭充电桩的普及,2022/5/17,HLWJSJ,1
电车友好,2022/5/17,txq,6
第二年还有必要续订蔚来服务无忧么,2022/5/16,tonyaimar,18
刚来量了下充电桩，90米-_-!,2022/5/16,yunsile321,28
Re: 分享个群里看到的指标信息,2022/5/17,原帖已删除,0
无论怎么样，大家先订车吧，不行就先租个标,2022/5/17,withfei,0
宋比V卖得好，是否说明大多数人的眼光比较土,2022/5/17,phoenixhills,6
CTC技术前景如何,2022/5/17,opener21,5
大家知道5.26的指标，什么时候指标正式下来吗？,2022/5/16,withfei,6
有些人各种给自己加束缚，高中没毕业的学渣都能糊弄他,2022/5/17,phoenixhills,1
安装充电桩还挺考验大家办事能力的,2022/5/16,phoenixhills,6
少时诵诗书,2022/5/16,zhizihua1209,0
沙发的爽肤水的,2022/5/16,zhizihua1209,0
手动发啥范德萨发,2022/5/16,zhizihua1209,0
拔枪后，充电口的盖自动关闭的有哪几家？,2022/5/16,bufu110,19
22款唐ev第三排可坐,2022/5/16,xueqiangpku,3
特斯拉召回10万车zz，增加了碰撞缺陷,2022/5/16,fbig,2
副驾都快成放东西的仓库了,2022/5/16,phoenixhills,5
daffy6537被取消在GreenAuto版的发文权限,2022/5/16,deliver,0
ZZ理想汽车裁员波及应届生，李想称能力、资源与发展阶段错配是,2022/5/12,googlestyle,27
水一贴，超市停车偶遇蓝狐,2022/5/13,wangdass9,13
家用充电桩功率以后会涨吗,2022/5/16,meirenai,13
造车新势力，回国毫无意义,2022/5/16,zmren,1
预订了辆et5,2022/5/14,lecco,38
大家觉得海豹会定价多少？,2022/5/6,xingqiu,21
cancan1991被取消在GreenAuto版的发文权限,2022/5/16,deliver,0
新款宋是不是不错？,2022/5/15,Laurasia,6
Re: CLTC NEDC WLTC EPA工况，到底谁更准? （转）,2022/5/16,原帖已删除,26
哪吒S汽车怎么样？,2022/5/15,ostar,4
分享个宋一箱电的真实续航,2022/5/12,locker06,28
极狐HI版把电池由SK更换为了宁德时代，是安全考虑还是成本考虑,2022/5/14,RoadPress,21
Re: 请教，京郊都有哪些最美自驾路线,2022/5/16,原帖已删除,3
国网顶级充电技术！,2022/5/15,nuoya12,12
都有哪些车有紧急状态机械强制开门把手？,2022/5/16,lecco,2
比亚迪的问题,2022/5/4,googlestyle,57
“特斯拉刹车失灵”造谣幕后是李总支持的,2022/5/12,lecco,64
电车满2年检验标咋领？,2022/5/15,firstmj,1
新能源造车的技术含量,2022/5/15,konan,2
理性讨论，极狐真的是集续航安全驾控于一身的水桶车吗？,2022/5/10,dizzysh,200
太平洋车险怎么样,2022/5/11,omeuamor,11
壳牌石油充电站，用啥官方app？,2022/5/15,firstmj,4
看了一遍，最终还是选了极狐阿尔法S,2022/4/20,winterwarm,51
等别人追尾，这算不道德吗,2022/5/13,jiege85,15
CyberTruck被取消在GreenAuto版的发文权限,2022/5/15,deliver,0
caverkia被取消在GreenAuto版的发文权限,2022/5/15,deliver,0
买个电车早高峰从小区到地铁口拉人，哪个车合适？,2022/5/14,Junyang,23
[新能源]下定了ID4  CROZZ,2022/5/12,yezi0618,19
[新能源]求问 今年5月份到期的新能源指标还会继续延期吗,2022/5/14,kobezou,0
调整 oBigeyes 的驻版权限,2022/5/14,deliver,0
四月是个意外,2022/5/10,googlestyle,66
[电动]最近测试了一下EU5PLUS的续航情况,2022/4/27,raptors,29
海豹的最高车速只有180？,2022/5/10,txq,48
分享个半夜商业充电的费用,2022/5/13,locker06,13
求推荐长续航小车,2022/5/13,marvin1985,17
疫情封控，换电站不营业啊,2022/5/14,hellodx,2
lixueyi831被取消在GreenAuto版的发文权限,2022/5/14,deliver,0
凤凰网汽车独家录音表明，陈某受“拘留威胁”不得已发布道歉信,2022/5/12,sirius0777,9
小鹏的新战略：标配高级辅助驾驶软件,2022/5/12,AD007,13
电车不好，别买？,2022/5/10,aotuzifu1968,72
Re: 一汽大众客服电话是多少,2022/5/14,原帖已删除,0
Re: 双标宣传文案的毛病，谁带头的？,2022/5/14,原帖已删除,0
怎么申请个核心驻版，看这些广告恶心  ,2022/5/13,millercn,1
cl0403被取消在GreenAuto版的发文权限,2022/5/13,deliver,0
今天又一波涨价的车,2022/5/13,cosun,4
[讨论] 惊闻大众ID3都11万甩卖了。。。,2022/5/12,kevin110,20
et5大概是个什么进度,2022/5/12,shunderen,7
Re: 一汽融资租赁有限公司客服人工热线,2022/5/13,原帖已删除,0
6万公里长续MY 衰减6%,2022/4/19,ruige0822,26
小鹏的广告，免费试驾还有名额限制,2022/5/13,fuweihua,1
豪车、商务车更应该发布纯电版本,2022/5/13,RoadPress,13
比亚迪4月销量10万+,2022/5/3,googlestyle,66
et5的定位问题,2022/5/12,ahmi,28
大众这个外观咋样？,2022/5/12,googlestyle,10
5年后电车相比油车的最大优势——补能便利,2022/5/12,aoliao,18
yyf1987被取消在GreenAuto版的发文权限,2022/5/12,deliver,0
疫情会改变电车走向,2022/5/12,shunderen,6
氢能一哥,2022/5/11,yubing,14
极狐 S 全新HI发布会  5/7  19点半开始,2022/5/7,wangdass8,67
这样开没漏电危险么,2022/5/12,atian,5
极氪001隧道内自动断电 微博黄金眼,2022/5/12,wangdass9,39
水桶车是没有什么短板的意思，但是水桶也分大桶和小桶,2022/5/12,cosun,31
海豹这车怎么样？值得选么？,2022/5/12,updown,2
ID3是电动版高尔夫？,2022/5/12,Laurasia,3
开车灯对续航影响很大吗,2022/5/11,arouz,15
分享个新出炉的极狐快充数据,2022/2/4,wangdass8,98
"Re: 凯迪拉克LYRIQ, 3年免费公共充电,整车/三电终身质保.",2022/5/12,原帖已删除,14
smart想大卖得出个低配版才行,2022/5/12,catherineyun,15
有没有喜欢骑行的极氪车主？,2022/5/11,sloop2,19
版上极氪U版没提车的，应该快了,2022/5/11,yunsile321,4
车胎总是感觉漏气，但是检查不出来,2022/5/12,iamleo83,1
大地保险怎么样,2022/4/27,dawei78,9
省流总结“理性讨论，极狐真的是集续航安全驾控于一身的水桶车,2022/5/11,wangdass9,37
[讨论]关于新能源车前驱后驱的个人理解,2022/5/11,wangdass9,21
零跑C01这自研率可以呀，除了电芯全包了 -- 附图,2022/5/11,RoadPress,4
C01感觉很强啊,2022/5/10,chuanlang,14
[合集] [求助] 婴儿可以加入家庭摇号吗？,2022/5/11,wydfz,0
这个提示啥意思？,2022/5/10,bigmealie,10
"秦plus dmi 120版本,维修1500，走了保险(见图)",2022/5/11,lingyunfei,12
换个角度，新能车中高端开始放量,2022/5/11,heiabc,1
特斯拉伪“刹车门”三审结束，车主再发声。早知如此何必当初。,2022/5/9,leoputin,79
试驾蔚来ET7，总体打分★★★★,2022/5/9,ModernDuke,19
长安发布中国首款量产氢燃料电池车——深蓝C385,2022/5/11,txgx,0
纯电车suv哪个好？,2022/5/7,nation007,50
id4涨价啦,2022/5/10,shuidaodao,13
今早看到小区多了辆新车,2022/5/10,DoubleH,9
求问byd海豚出长续航版了吗？,2022/5/7,yvonnelee,2
dmi问题的根源就是策略太激进了,2022/2/10,djkstra,251
今年家庭积分58分，应该稳了吧,2022/4/13,fuyunfeng,35
北京这么一调控，明年的家庭积分应该会大于50才能获得,2022/5/9,nemo2013,10
新能源车有加价的么,2022/5/10,A1551067,0
打算定22款id4了，有一起的么,2022/4/13,fuyunfeng,22
2020年9月一次性增发家庭新能源小客车指标”积分排序入围家庭名,2022/5/9,haolihai,3
极狐使用电耗说明,2022/5/10,kz6681,32
家庭积分怎么还不能查？,2022/5/10,address1998,2
大众思皓 北京有吗？,2022/3/7,yeguo,16
glennan被取消在GreenAuto版的发文权限,2022/5/10,deliver,0
余承东说极狐+华为自动驾驶最强，,2022/5/10,txgx,17
Re: 下定了lyriq，有没有车友群？求入群。这车为什么本版没热度,2022/5/10,原帖已删除,10
关于疫情期间指标延期的官方解释,2022/5/10,bangke,2
这重点画的。。当事人走两步吧,2022/5/9,leoputin,5
xinxin9509被取消在GreenAuto版的发文权限,2022/5/10,deliver,0
你们的新能源汽车支持查看电池详细信息吗？,2022/5/10,spadger,9
新出来一堆轿车,2022/5/6,wangkuo111,161
现在有在研究电动坦克吗？,2022/5/9,daisylove001,6
求稳装充电桩，充电线长度不够有解决方案吗？,2022/3/28,achiel,24
电车跑山路真节约刹车,2022/5/9,burrma,1
Re: 汽车行业上市企业科创力前20排行榜（转）,2022/5/9,原帖已删除,1
极狐日行千里第二弹,2022/5/8,nuoya123,133
[合集] 极狐就是一个一点技术含量没有的车,2022/5/9,wydfz,0
求问极氪跟特斯拉售后维修体验分别咋样……,2022/5/8,zpw2000,17
今天花钱测试了新能源旧车续航,2022/5/9,haolihai,7
Re: 电动汽车着火数据（2019.05-08）,2022/5/9,原帖已删除,4
帝豪ev300升级款是极氪吗,2022/5/9,dsl,32
北京哪里有集中的纯电车展示,2022/5/9,dancewithnet,11
被搞糊涂的安全带卡扣,2022/5/9,wangdass8,6
比亚迪汉比特斯拉三要好吧,2022/5/5,bournez,16
不买特斯拉，哪款轿车最值得买？,2022/5/7,liu14296,39
明年电动车指标还会增长吧，看这意思,2022/5/9,tclj9,1
高合幸亏卖的少,2022/5/7,bxdx,19
给我一个驻版吧，这板面没法看了，天满屏广告,2022/5/9,lwc1785,3
jmy51590被取消在GreenAuto版的发文权限,2022/5/9,deliver,0
比亚迪维修3个月没搞定,2022/3/23,sinorigin,68
问界M5、极氪001、唐DMI怎么选,2022/4/28,xiaochao23,26
求推荐10万以内的接娃车,2022/5/7,todolov,23
今天去一个商场，去了哪吒，广汽传祺以及小鹏,2022/5/7,pany,5
今年上市的20万以上新车型，没有激光雷达都不好意思打招呼了,2022/5/8,AD007,6
bz4x车型配置,2022/4/30,socool,23
蔚来充电桩和4/6次换电大家怎么选呢？,2022/5/2,zhx119366715,51
两个奋斗者伙伴，合力打造一部世界级好车,2022/5/8,yubing,16
我就想问问这个支持蔚来在廊坊做出租车人,2022/5/6,lOOO,22
哪个对？极狐车主来解释下吧,2022/5/8,RoadPress,8
蔚来9985,2022/4/1,WebGL,35
对海豹四驱续航的一个疑问,2022/5/8,ahmi,7
10-12万的新能源有啥推荐？,2022/5/4,Dingshuding,18
验车要把膜撕了吗,2022/5/8,dawei78,1
现在主流电车电耗折合百公里多少钱？,2022/5/8,Osram,12
宝马新上的纯电i3值得买吗？,2022/5/7,ostar,23
路漫漫其修远兮吾将上下而求索,2022/5/8,sgw19861009,1
宝马ix3送的充电桩到了，但是是开封过的。,2022/5/8,pany,1
今天去BYD了,2022/5/7,txq,14
Re: 深圳一辆北汽新能源EU5在深圳沙浦碧头充电站旁突发起火燃烧,2022/5/8,原帖已删除,24
Q1新能源十大城市，比亚迪竟在所有城市中排名第一。,2022/5/7,chaodide,2
sm8822被取消在GreenAuto版的发文权限,2022/5/8,deliver,0
[转载]工厂周边百名儿童流鼻血 比亚迪陷污染指控后承诺彻底整改,2022/5/8,hgoldfish,2
论坛这是怎么了，这么多垃圾消息,2022/5/7,shanzheng,6
极氪，model y，ix3，xc40，高合，试驾报告,2022/4/25,zpw2000,25
【懂车帝】蔚来ET7和极氪001赛道比拼,2022/5/7,cosun,10
[混动]法国军方高级,2022/5/7,jhj8888,0
极狐是第一款装激光雷达的量产车吗？,2022/5/7,Tony2013,4
极狐的发布会为啥关闭评论,2022/5/7,microblacker,4
比亚迪混动这波火爆貌似其他车企都没想到,2022/5/5,wei507166,59
北汽的营销啊，感觉拉垮，刚才华为hi版发布会,2022/5/7,luckyzhu2008,0
收新能源汽车小蚂蚁，北汽，比亚迪,2022/5/7,Lxx720609,1
刷了一圈红井,2022/5/4,hsv,78
在好猫和海豚之间选择,2022/5/6,yinansheng,10
发个宝马ix3 3000公里的使用体验,2022/3/2,andyhua12345,43
比亚迪的粉丝 都是人格分裂吗？,2022/5/7,tclj9,1
我发现高知买id的挺多的,2022/5/7,wuxu,4
买ID的各位,2022/4/24,wen1984,31
讨论一下代步小车吧,2022/5/4,aiyawoqu,41
问下，哪位知道照片中，是什么地点啊,2022/5/6,tclj9,15
model3和极狐s，怎么选,2022/5/6,mengql,32
蔚来es系列也做出租车？,2022/5/5,googlestyle,10
特斯拉Model Y续保保费？,2022/5/6,BMW520Li,10
解析比亚迪与特斯拉的利润差距,2022/5/6,DHT,50
不得不说，在电池技术没有太大突破前，插电混动是最好选择,2022/5/5,cicio,11
荣威iMax8 EV预售价格出来了,2022/5/5,oldfox,10
有没有人吐槽海豹的尾灯,2022/5/6,strongman,10
发现新功能,2022/5/6,philipine,6
秦pro ev好用、牢靠的车载手机支架，求推荐，谢谢,2022/5/7,cart,6
公平的讲，特斯拉已经是洋货中智商税最低的了,2022/5/7,zhangxy11,10
Re: 秦ev（非pro）是不是没有输出220v电的功能。,2022/5/7,原帖已删除,3
新车交付延期了，指标有限期有可能往后延吗,2022/5/6,majiaoo7,5
[电动]网传零跑C01只要14.98万,2022/5/6,L234118,7
[讨论][新能源]比亚迪的出保前最后一次免费检测有人搞过么,2022/5/7,SwimingPig,3
物业不给装充电桩有什么办法吗？,2022/5/5,wwlqd,4
【科普】电动车的单踏板模式 (转载),2022/4/28,LucaToni,7
现在买海豚还有优惠吗？,2022/5/7,yinansheng,0
P7的型号也太多了吧,2022/5/7,uuau,1
阿尔法T车宽1940，老小区好停车吗？,2022/5/5,ntstar,24
北汽闲置产能为啥不给比亚迪代工,2022/5/6,nolonger,9
开肉车确实省电得多,2022/5/5,shunderen,15
假期订车22款ID4 Pro lite，白色+HUD,2022/5/5,smallbag,32
极狐销售量不行啊,2022/5/5,peibch,38
电车户外外供电的应用场景,2022/5/2,clearedsky,28
[求助]来广营西路的交安北苑机动车检测厂还可以车辆年检么？,2022/5/6,SwimingPig,0
给群里的部分人科普一下byd相关的信息 (转载),2022/5/4,Bncharm,31
新势力4月表现,2022/5/3,baobestest,36
本田大溃败，在美国市场销量降了40%，丰田降了不到20%,2022/5/6,peibch,6
总结一下极狐车的定位-安全高品质的家庭用车,2022/4/7,sdlk,174
发现modely ap只会走路中间，不会躲车,2022/5/1,bigbreast,30
试驾et7,2022/5/3,lecco,94
极狐阿尔法T晴雨天能耗对比,2022/5/4,nuoya123,17
比亚迪汉遭遇档位被锁,2022/5/2,valah,35
据说是零跑c01的报价，有谁知道是不是真的？,2022/5/1,jkhu,25
