﻿主题,发帖时间,_ 作者,回复
zz特斯拉确认将在上海建第二工厂,2022/5/4,nlgdczm,8
买电车有点像装修房子,2022/4/26,sdlk,8
国信证券客服电话是多少!,2022/5/6,lyc10670,0
转：扁线电机车型,2022/5/5,zyzx77,11
主路上摩托越来越多,2022/5/4,healthyfish,6
真120-电耗实测,2022/5/2,godeyes,52
Model y说五月能到，有点不想要了。,2022/4/25,sidneykun,20
冷气耗电是不是很少？,2022/5/5,tralight,5
准备五一期间去订欧拉好猫了[已下订单],2022/4/30,JoeWoo,4
船夫哥厚积薄发。期待看到畅销全球的盛况,2022/5/5,jocusperrin,9
竟然有人说抖音里吹特斯拉？半年前全是讲刹车好,2022/5/4,bluecase,3
蔚小理四月都环比基本腰斩了,2022/5/2,Vas,16
北京，25W内新能源车，求推荐？,2022/5/2,mayi,20
现在开始个人排新能源，哪年能排到啊？,2022/5/4,keng,8
Re: 比亚迪致两人死亡的事故也是ACC所致吗？ (转载),2022/5/5,原帖已删除,0
一车比亚迪。。。。。 (转载),2022/5/4,tsa300,14
揭秘叶问大神,2022/4/29,nuoya12,114
五一宝马ix3哪里优惠幅度大？,2022/5/3,Susen,6
请问大家，国产电动车哪个用上了碳化硅芯片。,2022/5/4,abrous,19
stoneyang被取消在GreenAuto版的发文权限,2022/5/5,deliver,0
withfei被取消在GreenAuto版的发文权限,2022/5/5,deliver,0
fn125被取消在GreenAuto版的发文权限,2022/5/5,deliver,0
zero1665被取消在GreenAuto版的发文权限,2022/5/5,deliver,0
liuyinfengye被取消在GreenAuto版的发文权限,2022/5/5,deliver,0
国家何时会收割电动汽车？,2022/5/4,LouisV,16
牛了，如此萧条的4月都能上10万,2022/5/4,peibch,8
今天定了bz4x 26万那款,2022/5/1,mig15,22
大众id.5  国外静态体验视频,2022/4/25,bigbing1989,1
大众ID系列3月销量6000多，赶超特斯拉指日可待,2022/4/12,CyberTruck,16
北京卖model3，有人要吗？,2022/3/8,sulaiman,33
新疆奎屯服务区充电车辆,2022/5/4,kaka2w,4
外放电功能很少用到吧？,2022/5/4,hernij,14
小米汽车工厂选址在哪？,2022/5/4,dogmanstar,2
Re: 今天又被测试了？,2022/5/4,原帖已删除,0
id4涨价,2022/5/2,shuidaodao,10
对比亚迪有种说不清的感觉,2022/5/2,Tmoon,17
看哪吒汽车不错啊,2022/5/4,pety,1
BZ4X这名字真的是认真的？,2022/5/1,RoadPress,15
aionv 和id4哪个好,2022/5/2,bluecome,32
ID4 crozz是统一价吗,2022/5/2,afa007,7
什么是否发放京R的牌照,2022/4/29,fuweihua,5
电车自带的充电桩，是快充吗？,2022/4/3,mayi,23
比亚迪4月要一打……，算了你们一起上吧。,2022/5/3,chaodide,3
知己L7是知豆公司出的吗?,2022/5/3,qiangsir,2
是不是百万内的油车驾驶体验确实打不过model y了？,2022/4/14,huanyongID,39
电车油车踩错后（油门当刹车）的流程分析，及改进建议,2022/4/26,wangcity,87
北京求推荐20以内的新能源,2022/5/3,searchingx,8
简单搜了下新势力的研发人员数量,2022/4/29,RoadPress,74
buaavivi被取消在GreenAuto版的发文权限,2022/5/3,deliver,0
wangcity被取消在GreenAuto版的发文权限,2022/5/3,deliver,0
随机选车牌 京 AAV****,2022/4/19,yuanshanqian,21
新能源车理赔费用很贵,2022/5/3,eiming,3
特斯拉幽灵播放—我死的好惨呀,2022/5/2,googlestyle,8
比亚迪是时候推出两门两座小电动跑车了！别生产一堆无用的suv,2022/4/26,wangcity,49
车主自测极狐的NVH,2022/4/30,nuoya12,27
北京城区公共桩 哪个好用覆盖广？谢谢,2022/4/29,sn89991,7
各位，能否帮忙看看这是哪款车,2022/5/3,zhangjacky,0
特斯拉起诉小刚的后续咋样了？,2022/5/3,xxyy0088,0
奔驰实车直接实跑1000公里，靠的就是气动外形！改气动吧！,2022/4/27,wangcity,27
快提车了，问一下大家充电问题如何解决呢,2022/5/2,qwe79137,9
锂资源瓶颈，现阶段确实最适合混动,2022/5/2,salsalover,22
一男子心仪某混动车但买不起，入职该公司伺机偷车隔天落网,2022/5/2,LucaToni,3
被比亚迪销售雷住,2022/5/1,smallbag,14
我们的电动车是原创的，汽油车是跟随的,2022/5/2,kaka2w,4
纠结ID4还是宋Plus EV,2022/5/1,smallbag,18
bz4x长续航及四驱电池容量66.7kwh,2022/4/30,Tmoon,22
sunny1985被取消在GreenAuto版的发文权限,2022/5/2,deliver,0
家庭摇号选择新能源，以后能换油车吗？,2022/5/2,rocfirst,2
4月新能源销量,2022/5/2,Mars102,0
请问有用华商三优优易充菱形充电桩的版友么？,2022/4/28,Accelerator,10
向车主们求证极氪和model y的真实续航。。,2022/5/1,zpw2000,43
参照车友提示  EU5 R500解【配置字】后可用电量解锁近3度,2022/4/25,haixian02,27
好奇理想行驶本上发动机号,2022/5/2,zyzx77,3
吉利帝豪EV空调不出热风，有车友遇到过吗,2022/2/16,darryl,18
去看id6的趣事。,2022/4/22,napoleonbbb,12
现在的电动车会不会只是个过渡产品,2022/5/2,Awlful,3
4月小鹏9002哪吒8813蔚来5074理想4167,2022/5/1,nophy,0
Re: 丰田纯电汽车 BZ4X  有竞争力吗？,2022/5/1,原帖已删除,6
日本国内最后手机也被iphone三星取代了,2022/5/1,shunderen,0
全是比亚迪特斯拉，来换换口味看看蔚来ET7,2022/4/30,wzmking2018,13
今天是新势力传统销量放榜日，看看哪个敢先来。,2022/5/1,chaodide,22
请教大神 用油车牌子买电车以后还能换回来吗,2022/4/29,mig15,3
懂车帝上反应的dmi升级后的变化,2022/4/30,bom,17
丰田电动车相比国内的电动车没有任何优势可言！,2022/5/1,pety,2
比亚迪和特斯拉最大的差距，就是特斯拉有良心，对待员工,2022/4/28,shuiwoods,15
准备买个奇瑞的小蚂蚁，不知道版上有没有小蚂蚁的车主,2022/4/24,pd,33
大众电车都这么难卖，更保守的日系更没戏,2022/5/1,shunderen,2
请教：给没有外放电功能的电车使用外放电设备用电,2022/4/27,yifeiyiyan,10
喜欢BZ4X的仪表盘位置，终于有人学标致了,2022/4/29,zyzx77,16
明天去买bz4x 希望能抢到全国前1000名的佳明手表,2022/4/28,mig15,27
孕妇效应 之  大众id系列,2022/4/19,bigbing1989,17
特斯拉自动播放鬼故事吓坏车主,2022/5/1,fanzhouwuhu,2
这个bug挺搞笑的……,2022/5/1,LiYingReBa,2
预订了c40,2022/4/25,Jeffy1103,16
毛豆又烧了,2022/4/29,myspace1939,34
没开过特斯拉，求科普单踏板,2022/4/28,chylli,215
版面积分变更记录,2022/5/1,deliver,0
动能回收对新能源车很重要吗？最不该忽略的特性,2022/4/30,wangdass8,21
今天在北京喜提一辆极狐阿尔法S 708!,2022/4/28,winterwarm,30
未来电车有没有可能,2022/4/19,ysheshang,20
如果用电车平台复刻一款经典外形车，各位说说哪款合适,2022/4/29,asm2004,11
bc334553844被取消在GreenAuto版的发文权限,2022/5/1,deliver,0
ID4 优惠 4万了么？,2022/3/27,dahai2999,16
特斯拉美国开了5万公里的二手车价格高于新车了,2022/4/27,heiabc,4
丰田首款纯电suv,2022/4/28,healthyfish,30
其他厂商没有类似DMI这种技术的车吗？,2022/4/29,kouhaku,87
广汽aions也是低速DR切换不踩刹车吗？,2022/4/29,hsv,3
Re: 中金期货客服电话是多少!全部股权,2022/4/30,原帖已删除,0
普通电车和油车抢红绿灯基本不会输,2022/4/29,maxplux,17
护卫舰07 貌似比唐好？ (转载),2022/4/27,coolfist,23
dynasty1215被取消在GreenAuto版的发文权限,2022/4/30,deliver,0
所以，磷酸铁锂到底要不要充满,2022/4/29,evermore,9
北方冬季续航打五折是正常现象，不用强行粉饰，粉饰就是掩饰,2022/4/29,yehorse,30
腾势的新MPV D9...就是个王朝系列的“夏”啊,2022/4/28,Svensson,7
新能源汽车年检费多少啊？,2022/4/30,shjuhua,4
丰田bz4x预售价22-30万,2022/4/29,caozihua,4
【调查】单踏板驾驶(one-pedal driving),2022/4/29,sfyz,33
比亚迪唐DM终于召回了！着火原因找到了,2022/4/29,myspace1939,14
这种隐藏门把手，钥匙孔怎么用,2022/4/29,tclj9,4
尴尬,2022/4/29,Vas,11
[合集] 不懂就问，只有一千多人研发团队的某新品牌是啥？,2022/4/29,wydfz,0
所谓的单踏板模式和所谓的自动驾驶，它是一体两面,2022/4/28,KdF88,9
特斯拉回应北京“刹车失灵门”：“黑匣子”数据证实车主错踩加,2022/4/27,Laurasia,178
小鹏P5在欧洲的售价,2022/4/29,AD007,8
请问Model Y的车险大家怎么买的啊？,2022/4/28,tiankonghl,8
一个敌视电车的企业怎么可能做好电车,2022/4/28,shunderen,6
Re: 特斯拉为什么没有carplay功能？,2022/4/29,原帖已删除,12
老秦无换车动力,2022/4/25,lhg1983,14
单踏板就是个伪概念,2022/4/28,als,42
有没有和我一样车开多了就心疼的？,2022/4/28,huanyongID,13
离车后如何锁车，能让车载冰箱持续工作？,2022/4/29,gerrynj,5
大家买新能源的车损险吗？,2022/4/29,DavidPotter,1
油门当刹车和单踏板有个毛关系,2022/4/29,eminemheaton,3
蔚来，特斯拉的用户真的只冲到90%,2022/4/25,shunderen,36
Re: 真正用过单踏板的来说说，是不是这样的感觉,2022/4/29,原帖已删除,13
最近出好多新车啊,2022/4/28,socool,4
2021欧洲中国品牌汽车销量,2022/4/28,WebGL,3
以前的十几万国产都可以买C级、D级车了,2022/4/28,tclj9,5
Re: [水木][原创]，2022年，最新车险报价（平安，人保，太平洋,2022/4/28,原帖已删除,1
比亚迪的海洋系列，王朝系列，有啥实质性区别？,2022/4/28,xfxfxf,2
5月底下车牌，预算30-45大家会选哪个呢？,2022/4/28,zhx119366715,9
所谓单踏板就是强能量回收模式,2022/4/28,maxplux,32
车因滞销停产已久，广告费没花完——北京现代,2022/4/28,zyzx77,0
有哪位大神说说理想的车,2022/4/28,Tomorrow03,6
中国车企攻克CTC技术,2022/4/28,txgx,16
30w的电动suv有啥好推荐的么,2022/4/26,yunhappy1631,57
新能源个人摇号排到2万，今年有戏吗？,2022/4/8,ember,19
Re: 特斯拉单踏板功能很不好用，给取消了,2022/4/28,原帖已删除,1
花小猪打车打到小鹏p7,2022/4/27,win2012,12
Re: 这才是特斯拉科技感的背后支撑吧,2022/4/28,原帖已删除,4
Re: 极狐车友群有吗？,2022/4/28,原帖已删除,10
我也凑个极狐的热闹，为啥电耗这么高！,2022/4/26,cocofly,34
[转载]川藏线沿途充电桩,2022/4/28,Yurimi,1
家庭年收入税后90，有资格买比亚迪汉吗,2022/4/26,subdog,90
4月22日，一辆特斯拉高速连撞四辆车,2022/4/23,houming,87
家庭年入45万，买汉ev605，还是715？,2022/4/27,wen1984,23
虽然不是绿车，发出来馋一下,2022/4/25,ble,15
model y显示的功耗很低，136wh每公里,2022/4/25,evermore,43
今年5月份新能源指标最晚什么时候上牌,2022/4/27,rowiner1771,5
吉利发布了帝豪L的雷神hix动力版，可上绿牌,2022/4/26,wanllow,29
海豹的内饰目前看起来是比亚迪最协调的一款了,2022/4/27,updown,9
海豹的最小离地间隙比较小，通过性不行,2022/4/27,norainbow,1
说实话开了电车确实很爽,2022/4/27,evermore,5
家庭号54分是不是可以提车了？,2022/4/27,Jovan,7
很多人想不明白油门当刹车,2022/4/27,NeuronPlus,1
MY两万公里了,2022/4/25,alextanguay,17
红旗E-HS9真好看气派,2022/4/27,lclniuniu,2
tinani1被取消在GreenAuto版的发文权限,2022/4/27,deliver,0
极狐第一次春节高速710km返乡,2022/4/26,nuoya123,33
这个怎么执行？,2022/4/26,muhua,1
[新能源]元plus和秦plus怎么选？,2022/4/24,robeng,29
看到沃尔沃v90想到的,2022/4/27,stoneyang,12
这个用户调研数据：比亚迪果然早非吴下阿蒙,2022/4/26,RickyZhou,12
问界M5这车怎么样？,2022/4/27,vago,3
电动车有一点不好，一踩就有，没办法后悔，而且没声音提示。,2022/4/25,wangcity,16
nuoya123被取消在GreenAuto版的发文权限,2022/4/27,deliver,0
现在大家认为性价比最高的电动车，纯电的，是什么车,2022/4/26,wangcity,47
那以后电池咋办？电芯有意义么？,2022/4/27,zhuming717,3
极氪转单我了解的东西~~,2022/4/26,yunsile321,4
电车多享受这段时间,2022/4/27,dawei78,4
转：2022Q1动力电池装机前十,2022/4/27,zyzx77,1
weixiaoli的单车利润率可以啊,2022/4/27,Cidyshi,2
比亚迪的贷款还清资料用去4s店领吗,2022/4/26,Hyypia,1
比亚迪提车刷信用卡要手续费？,2022/4/24,iRonaldo,11
混动车使用成本计算,2022/4/26,wei507166,12
Smart纯电板卖20万，很有诚意了,2022/4/26,AD007,24
新能源车指标估计五月份能下来,2022/4/22,HZY1986,5
[合集] 再说一遍，强制单踏板就是谋杀,2022/4/27,wydfz,0
电动车是不是都有配合电门的音效？,2022/4/26,wen1984,4
我简直就完全不明白，深圳还有人花四五万块钱买油牌,2022/4/25,dsf008,55
不纠结了，听LD的。,2022/4/26,zyzx77,1
smart#1 19-23w,2022/4/25,chuanlang,32
今天去看了一下海豚和宋PLUSdmi,2022/4/25,larryshen,5
请问一下现在储能锂电池的成本,2022/4/26,topking,5
海豚的百公里电耗大概多少？,2022/4/20,okawaru,15
baas能转买断了,2022/4/24,omin,62
[求助]选车求指导,2022/4/24,minutel,22
试驾后订车 极氪、蔚来、特斯拉、id4、id6,2022/3/29,sandaisisha,48
今年新能源个人指标额度还会是21680吗？,2022/4/26,wangfans,0
注定就是喜欢小众车？,2022/4/25,RH100,23
电动车起火概率远低于燃油车？混动车风险最大！,2022/4/26,dawei78,5
这是蔚来哪款？,2022/4/26,napoleonbbb,3
感觉Led大灯发虚,2022/4/25,JAJ,7
Re: 1000台比亚迪D1将登陆墨西哥，组成海外最大纯电动出租车车,2022/4/26,原帖已删除,3
五菱宏光这个颜色命名太接地气了,2022/4/25,tcwyzhf,8
比亚迪唐EV2022款如何,2022/4/26,suoluosi,1
极虎真的这么好吗，说的俺都心动了,2022/4/25,shunderen,5
老秦置换秦plus,2022/4/24,couldyou,19
八折虎、七折豹，六折狐,2022/4/25,topking,7
比亚迪汉在巴西卖70多万RMB,2022/4/25,he111,2
电车，里程焦虑？不存在！极狐日行千里太简单了！,2022/4/24,nuoya123,159
蔚来股价怎么跌成这样了,2022/4/25,tcwyzhf,15
Re: IA5有必要换极狐么,2022/4/26,原帖已删除,1
好像慢充桩更吃香？,2022/4/25,MyNameIs007,10
下一代的快充技术应该是朝哪个方向发展？,2022/4/23,wanllow,35
领克09phev和理想one选哪个？,2021/12/13,arouz,14
谁能评价一下领克09的这个插混，算先进还是落后,2021/12/14,arouz,4
重大突破！超轻低温储氢罐有望使飞机航程提升4倍,2022/4/25,txgx,0
比亚迪海豹实车,2022/4/24,stochasys,20
极狐空调系统的bug,2022/4/25,nuoya123,21
上海又烧了一辆比亚迪，汗,2022/4/21,snowbig,28
最近还有什么品牌有深度试驾活动吗,2022/4/25,pgg,3
太焦虑了，蔚来电耗太高，没法开！,2022/4/24,Neuromancer,43
投资驾驶员脚步动作记录仪会有前途吗？,2022/4/25,topking,1
应该搞些反其道行之的车型,2022/4/25,tclj9,6
被版上种草了极狐,2022/4/23,symmetric8,83
有人用过小鹏的睡眠空间吗？,2022/4/6,sanford66,30
周末又开蔚来出去溜达了一圈,2022/4/25,username,3
想买辆新能源货车  没大事故的就行    有的滴滴,2022/4/25,wenwenmygirl,1
要提新车下拖车时后面蹭了咋办,2022/4/25,iRonaldo,9
极狐车主的选车历程,2022/4/24,nuoya123,42
极狐的主要问题,2022/4/24,sunlustre,11
请问纯电车跑高速的话，标称的续航会打几折？,2022/4/23,NiuBei,142
聊聊蔚来的BAAS服务,2022/4/24,dakuohao,30
马斯克：特斯拉新车没有刹车、踏板、方向盘 (转载),2022/4/24,oBigeyes,10
海豚咋样？,2022/4/24,passionzk,8
广汽以后要超过上汽吧,2022/3/31,tijunna,24
高合3月份又是50万档位销冠啊,2022/4/22,toodaamoon,3
开黑色特斯拉ModelY的同志们贴车衣了吗？,2022/3/29,itki,10
岚图卢放这是在说谁,2022/4/21,ruxia1949,57
Re: 零跑C11 怎么样？,2022/4/25,原帖已删除,1
看这个21小时含休息吃饭补能跑了1720公里的车,2022/4/24,Neuromancer,11
求一个EX3优惠力度大的店,2022/1/25,imbjer,22
今天去特斯拉的展厅,2022/4/24,loverain,2
长期快充伤车么？,2022/4/24,couldyou,12
昨天停车后看了下方向盘吓一跳,2022/4/24,bigmealie,1
有点种草问界M7了,2022/4/24,wanllow,11
有没有说说极狐s和t之间怎么选的。空间感觉都挺大,2022/4/23,mengql,11
15万左右车求推荐！thx!,2022/4/22,orangeyu,13
闲置的电车，有啥靠谱渠道租出去么？,2022/4/21,zozo,3
北京一换电站起火北汽蔚来均有投资,2022/4/20,fayeforever,9
上汽大众22款id4x已订车,2022/4/24,ldw04,9
Id6有哪些可以选装的项目是比较有意义的吗,2022/4/16,Johnsun999,14
xiechuanhust被取消在GreenAuto版的发文权限,2022/4/24,deliver,0
Misterio被取消在GreenAuto版的发文权限,2022/4/24,deliver,0
ilxlvm被取消在GreenAuto版的发文权限,2022/4/24,deliver,0
Re: 4680电池充电速度到底多快   现在都没有实际报告出现,2022/4/24,原帖已删除,0
P7，还是极氪，还是其他？,2022/4/21,oilyang,50
特斯拉能主动进入超低功耗模式么?,2022/4/23,unknownzerx,6
东风ex1是不是性价比最高了,2022/4/23,lvyuhang,3
如果你发现某个品牌粉丝的风格和自己很不一样，那你怎么做？,2022/4/23,MarcoMask,7
屌丝三宝长安e-star暂停接单,2022/4/24,heiabc,4
2022.5.26之后多久个人号新能源能拿到牌子？,2022/4/24,lvjun93,0
来预测一下问界M5明年的销量吧,2021/12/25,woods,23
华为问界怎么样啊,2022/3/30,tianzong,14
比亚迪新能源车底盘是油改电的吗？,2021/5/17,foolmonkey80,13
有意向ID6的，如果还没下定，可以看看，给大家一点参考,2022/4/8,withfei,120
wangdass8被取消在GreenAuto版的发文权限,2022/4/24,deliver,0
商业模式创新：送油上门服务,2022/4/21,Tmoon,7
北京不实行峰谷电还是蛮人性化的，否则太焦虑,2021/11/13,grampus,17
Re: 极狐三月销量,2022/4/24,原帖已删除,16
2021年宁德时代营收1300亿,2022/4/24,JumpWitch,0
land611被取消在GreenAuto版的发文权限,2022/4/24,deliver,0
怎么找充电站啊,2022/4/23,xahuer,8
二手es6和y怎么选？,2022/4/23,swordwen,7
极狐车主给自己正名！,2022/4/23,nuoya123,3
极狐售后真的很不错,2022/4/22,nuoya123,23
bia迪汗呜呜呜的声音是喇叭还是电机发出的？,2022/4/23,shuaigege,3
新能源折旧率这么高，是不是租一个开更划算呢？,2022/4/23,xxz0611,10
如果你发现自己的车跟版上非车主嘴里描述的完全不一样，那你怎,2022/4/23,wangdass8,15
有元plus的朋友吗？,2022/4/23,weichuang,0
有没有家里两个新能源车的,2022/4/18,timebreak00,27
[充电]有没有便携充电枪推荐？,2022/4/23,Gthun,1
2016年的比亚迪秦300算不算是划时代的标志,2022/4/20,lmxiehou,15
Re: 应旺达的“邀请”，去懂车帝看了极狐，没毛病的极狐出毛病,2022/4/23,原帖已删除,74
版里为什么很多人攻击极狐？,2022/4/23,nuoya123,4
【买了这台比亚迪的男人好惨】,2022/4/21,chaodide,24
问界m5今年会出纯电版？,2022/4/22,Cobb,12
有内部人士，今年会增加指标吗？,2022/4/21,tclj9,24
如果 model3单车利润能达到8万人民币的话,2022/4/21,AD007,29
有思皓群么拉我一下,2022/4/23,bbser,0
极狐 or 极氪？,2022/4/19,sundayhx,115
定了一台EU5特供版,2022/4/21,timebreak00,8
还是喜欢这种风格的内饰,2022/4/20,tclj9,4
Re: 电车是大势所趋了，油车粉不要再执迷不悟了,2022/4/23,原帖已删除,0
媳妇有车，可不可以和孩子单独组队，排家庭号？,2022/4/22,wen1984,10
京东上买个家用充电桩，有什么建议,2022/4/10,alpha529,17
sxdtrl被取消在GreenAuto版的发文权限,2022/4/23,deliver,0
panlee721被取消在GreenAuto版的发文权限,2022/4/23,deliver,0
新能源试驾,2022/4/22,shuidaodao,2
比亚迪汉EV在巴西正式发布，预售价达到惊人的75万人民币,2022/4/22,speeper1,22
参数党？ NO！ 要去试驾！,2022/4/22,bigbing1989,16
新能源车该“车位”怎么选？,2022/4/15,mayi,36
林肯纯电车Lincoln Star发布，开舱方式犹如机械战警,2022/4/22,census,1
大连，两车相撞，tesla燃烧起来了,2022/4/18,dynasty1215,33
请教etc拔卡后 通过etc通道正常扣费还是无法通行,2022/4/21,iamamirror,18
Re: 特斯拉 从2012年开始是不是就是纯电平台？？？,2022/4/22,原帖已删除,22
特斯拉上海超级工厂顺利复工了,2022/4/20,hlg123,9
i7，就这？,2022/4/20,AD007,5
在什么情况下可以退车？,2022/4/16,shuaigege,1
买车后有什么配件要买的吗？,2022/4/21,shuidaodao,6
新能源车求推荐,2022/4/20,xinghai320,36
九号要出F90了 (转载),2022/4/20,freshcool,13
tesla现在交付都停了?,2022/4/21,teamwolves,2
宝马i7，大家看看怎么样？,2022/4/21,wanllow,0
Tesla looks to resume production at Shanghai plant on April,2022/4/16,cenl0628,8
竟然有人汇总了最近BYD起火案例,2022/4/19,NeuronPlus,19
雷克萨斯首款纯电车型 RZ ，今晚首发,2022/4/20,census,3
蔚来也涨价了。。。。,2022/4/13,Yurimi,43
新能源失火上网真的九牛一毛啊,2022/4/19,zyzx77,23
小白求推荐,2022/4/19,sailor88128,13
et7,2022/4/15,l00544,82
【大众还是很牛逼的，在2025年前跟byd就2个车型的差距】,2022/4/13,chaodide,11
Re: 从资本市场看，是不是特斯拉救活了蔚来以及其他新势力,2022/4/21,原帖已删除,25
铁锂 三元里哪个好伺候？ (转载),2022/4/18,xiti,33
理想市值咋快500亿了？,2022/4/20,Onepunchman1,3
MODEL Y缺点集合,2022/4/17,tbbt2013,51
耗时一周极狐NEDC续航达成率98.5%,2022/4/15,wangdass8,81
纯电车换车路径是啥？,2022/4/19,omin,15
Re: 某用户长期诋毁比亚迪 被判赔礼道歉及赔款,2022/4/20,原帖已删除,6
Re: 特斯拉的车胎  可磕成这样了  怎么办,2022/4/20,原帖已删除,23
极狐独家冠名,2022/4/15,manshou,4
特斯拉完全不适应国情,2022/4/20,tbbt2013,5
我提议本版更新几个驻版,2022/4/20,flyflit,2
求byd e系列保养推荐,2022/2/13,Suomik,11
威马终于快把自己作死 了,2022/4/20,tclj9,11
smile0715被取消在GreenAuto版的发文权限,2022/4/20,deliver,0
Re: id4涨价,2022/4/20,原帖已删除,4
您输入的编码在202101期的新能源指标摇号池中不存在？,2022/4/18,acneacne,5
腾势发动机舱哗哗哗的水声，啥情况,2022/4/19,SebaMed,3
喂马又烧了。。。。,2022/4/19,bufu110,14
荣威imax8 ev出纯电版了,2022/4/17,tsdujiaoshou,5
wax31655705被取消在GreenAuto版的发文权限,2022/4/20,deliver,0
电车能不能出一些外形周正的车，例如虎头奔,2022/4/18,asm2004,14
小米进场是否太晚了？,2022/4/16,Tony2013,41
Re: 长安的阿维塔11和上汽的飞凡R7价格都不低啊,2022/4/20,原帖已删除,6
特斯拉二手车保值吗？,2022/4/19,adam0459,10
电车空调制热很费电，制冷呢？,2022/4/19,locker06,4
请问北京申请充电桩，车位承租人和车主不是同一人怎么办？,2022/4/19,sn89991,7
Re: 东北证券总部客服热线全国400服务中心,2022/4/19,原帖已删除,0
电车省下来的邮费干嘛使？五百公里10块钱这也太发指了,2022/4/17,Kawhi,28
Re: 欧拉闪电猫,2022/4/19,原帖已删除,8
Re: 2018年得到的号，前几天买车上牌很顺利了,2022/4/19,原帖已删除,2
请教一下新能源指标延期的政策,2021/10/21,piratezz,16
无碰撞自然的，车厂管吗 还是要闹,2022/4/19,xiti,5
分享比亚迪宋plus ev实际电耗,2022/4/18,locker06,7
现在是三级，指标官方延期中。应急解除后120日内买完车。,2022/3/3,xiaoxinna1,9
现在还有新能源车试驾试礼物的吗,2022/4/15,openiu,7
Re: 为啥特斯拉新车味道这么小？几乎没有异味,2022/4/19,原帖已删除,24
我也提eT7了，根本没有前面那个车友说的能耗那么低,2022/4/18,soboat,38
现在model 3提车要多久？,2022/4/19,tomharold,1
开了几天modely，地盘也不行啊,2022/4/19,c1022189,9
红旗居然是挪威中国品牌电动车销冠,2022/4/18,WebGL,4
比亚迪秦450，2018，供参考,2022/4/19,pink1315,3
ID4这个优惠力度咋样？,2022/4/9,xahuer,8
目前哪款纯电车安静？,2022/4/19,iBlack,8
没人关注颜值巅峰，智己嘛？？36万起,2022/4/18,qian272,21
博世全家桶对静止物体识别问题,2022/4/19,ruige0822,26
个人电车资格排位在解散家庭摇号后，还需要重新排吗？,2022/4/18,yinsezhanche,4
大连一特斯拉与轿车相撞后起火，路人合力救下车内被困人员,2022/4/19,tsa300,0
想安装充电桩 求2个承诺书范本下载 谢谢,2022/4/19,sn89991,7
et7   big 鹏 推车续航 56%多,2022/4/18,chuangzilin,6
开了几天model3，就一个字,2022/4/19,c1022189,4
dmi高速趴窝的原因是什么？,2022/4/17,wanllow,23
提醒各位停车时远离柳絮集中区,2022/4/18,wangdass8,2
吉利星越L 雷神混动 出现3起动力系统故障了,2022/4/18,tclj9,7
Re: 上汽id4试驾后押金少退了380,2022/4/19,原帖已删除,3
"沃尔沃全新纯电车型C40,溜背SUV|4.7秒零百加速开始订了",2022/4/17,Laurasia,7
昌平之前发放了汽车消费券 房山海淀最近还有类似的吗 求问,2022/4/18,elvafox,3
为什么我的帖子发不出去？分享宋能耗的,2022/4/18,locker06,2
中国多煤少油，发展新能源汽车必然是国家层面的战略,2022/4/18,newsong,0
arcfox hi版开始交付了？版上没啥动静？,2022/4/18,jkhu,2
粗大 ！这次不是特斯拉,2022/4/14,huanyongID,21
新能源的防冻液和燃油车的有区别吗,2022/4/18,tangyuan1125,4
懂车帝又一位雷神故障了,2022/4/18,tclj9,8
Re: 极氪001没有车道保持？,2022/4/18,原帖已删除,13
岚图有什么缺点,2022/4/16,ruxia1949,44
唐dmi10个月使用感受,2022/4/15,IloveAnge,10
请教纯电车刹车,2022/4/16,sltmlf,24
限购或将取消？国务院鼓励汽车大宗消费,2022/4/14,yubing,31
BYD意外的销售态度很好，还有现车！,2022/4/17,zyzx77,15
新汉的续航715实际能多少呀？,2022/4/18,a397731257,6
车企没有发新车的意愿,2022/4/18,sunlustre,3
比亚迪现在插电和纯电大概啥比例啊？,2022/4/18,lOOO,2
秦ev充电功率0kW是啥毛病,2022/4/13,joeybin,5
Re: 奔驰纯电动车续航1000公里告诉我们：国产车弯道超车任重道,2022/4/18,原帖已删除,48
今天试驾了id4x,2022/4/17,xiadayu,16
国网有序充电奖励提高了,2022/4/14,Apandi,34
我提供一下我的比亚迪汽车电池衰减真实世界数据 【已换电】,2021/8/19,ytcao,345
怎么把摇号申请切换到新能源,2022/4/13,BHRen,7
Re: 比亚迪最牛逼的地方,2022/4/18,原帖已删除,12
对于我们来说是卡到报废好还是尽快换车好,2022/4/15,zhaozhao1982,27
开电车去露营带空气炸锅烧烤可行吗？,2022/4/16,MVPlonelycat,23
贡献个18年e5续航,2022/4/17,sampling,6
有带无重力座椅的纯电车么,2022/4/17,bbser,12
汉DMi上牌第一天高速趴窝，车主要求退车,2022/4/16,dolphinlang,49
居住证补办了一下能复核通过吗？,2022/4/15,wuxu,5
id4c 准备下定,2022/4/17,shuidaodao,2
车不要了能保留爹牌吗？,2022/4/15,chenghaibo,6
一年半的理想one卖掉了,2022/4/17,biubiu02,12
试驾了福特电马与特斯拉Y，个人认为电马的驾驶与乘坐感受更好一,2022/3/20,Tmoon,39
马斯克“资金有保障”推文被裁定为虚假信息 或赔偿股东数十亿美,2022/4/17,tsa300,3
Re: BYD西三旗店 老带新1000京东卡 求老客户带,2022/4/17,原帖已删除,9
唐dmi2000km小结,2021/12/24,huang10zhi,49
Re: 20年10月买的宋pro ev现在能卖多少钱？,2022/4/17,原帖已删除,0
极狐最大的问题是不懂市场,2022/4/16,l993,49
Re: 大事不妙了，国内大部分电动车都要停产了,2022/4/17,原帖已删除,0
