﻿主题,发帖时间,_ 作者,回复
合资车最大的问题是关注度下降太快 (转载),2022/4/17,shunderen,1
以后新能源汽车会和手机一样同质化吧,2022/4/16,gwyxg,12
发现街上跑的电动车比例比停车场里的高很多,2022/4/17,tbbt2013,0
上海特斯拉要带毒复工了,2022/4/15,mafama,16
置换买特斯拉提车时要指标确认书吗？,2022/4/17,wuhuabamen,2
求问要转让开麦斯超冲，在哪里转让呢？,2022/4/12,achiel,10
推荐个充电桩吧，380v，功率大一点，能共享的,2022/4/17,freewl,1
[原创][补充]一辆纯电动轿车家用一年能耗及费用,2022/4/14,DoubleH,3
Re: 北汽新能源研发工程师一枚，想对新能源汽车有了解的可以聊,2022/4/17,原帖已删除,355
有哪些厂家是爱欺负消费者的？有哪些是伺候消费者的？,2022/4/16,shuaigege,4
余承东何小鹏呼吁打开上海造车业,2022/4/17,pink1315,0
好奇现在还有谁在拍油车,2022/4/16,dawei78,6
苏州本地镇政府给新能源车补贴，还补10年 (转载),2022/4/16,harrycheng,2
有唐MDI的车主吗，说说感受呗,2022/4/15,compaqn800c,20
不知道发改委国务院天天出这些取消电车限购的政策做什么,2022/4/16,meirenai,3
一座充电站的死亡：天天充电排队，却没钱给供电局缴费（转载）,2022/4/16,bjblackland,4
BYD元plus这么坚挺吗,2022/4/14,blizard09,12
比亚迪的悬挂真的比得上大众吗？,2022/4/14,terminats17,15
cxxc被取消在GreenAuto版的发文权限,2022/4/16,deliver,0
Re: 两年两万五的纯电车，保养花了1000多点，正常吗,2022/4/16,原帖已删除,11
分享开迈斯的充电羊毛,2022/4/16,dakuohao,2
北汽4s店打电话可以收购eu5换eu5plus,2022/4/15,fuweihua,10
以后新能源车牌照个人牌照的比例是多少？,2022/4/15,stockerr,2
余承东：第一次穿赛车服，第一次做车评人,2022/4/16,nisus,2
新能源渗透率挪威第一，中国远超美国,2022/4/13,jinAGE863,17
AITO M7太丑了,2022/4/16,Tony2013,2
家用充电桩勘测需要电缆80米，什么水平？,2022/4/15,abiao8,10
大家平时充电体验有多差,2022/4/15,zthenry,9
治理老头乐能不能用一个损招儿,2022/4/14,wen1984,15
劣币驱逐良币？？？,2022/4/16,zyzx77,4
有谁买汉dmi242版了吗？落地多少钱能分享下吗？,2022/4/16,win2012,0
强烈建议北京放开一部分限购为目前的经济困境贡献一下,2022/4/14,zhaozhao1982,33
租油车和摇家庭号电车两个成本的对比,2022/4/11,wanglei8478,39
问界M5: 3月卖3k,2022/4/14,nisus,16
福特：3月份电马交付共计969台,2022/4/15,census,2
特斯拉试驾20分钟，试驾太短，没办法体验,2022/4/14,lucencys,13
查询个人排名，提示新能源指标摇号池中不存在？,2022/4/15,zwl4488,8
磷酸铁锂电池电动车放着几个月不开有没有问题,2022/4/15,bfield,4
星恒锰系复合锂电池，能量密度据说接近三元锂电池了,2022/4/15,sunlustre,12
日产全固态电池 续航更长 充电更快 成本更低,2022/4/15,txgx,5
比续航，就该看工信部的cltc,2022/4/15,Icanread,11
电动车在几年内的确会把国内200w以内的豪车拉下来,2022/4/13,content,49
果然奔驰北汽是一家,2022/4/14,yubing,69
宝马5插混换电池46万,2022/4/13,omin,3
id3，有买的吗？,2022/4/15,s060872,5
今年家庭大概多少分 能够下来新能源？,2022/4/14,port7,3
大运远志M1有关注的吗？,2022/4/15,Xar,0
【考古贴】首先拿0-50加速来宣传的是哪个车企？,2022/4/14,MyNameIs007,27
奇了怪了,2022/4/15,DoubleH,2
何小鹏：5月份全国整车厂都有停产风险,2022/4/14,hondooo,5
宏光mini为什么需要上牌？,2022/4/14,wobucunzai,25
海鲜市场上那种新车靠谱吗？,2022/4/13,wanzibaicai,4
yangxinn被取消在GreenAuto版的发文权限,2022/4/15,deliver,0
关于续航对比,2022/4/14,skylee,29
4s店的3m贴膜价格大概多少？谢谢,2022/4/15,yuanshanqian,0
[原创]记录我的极狐阿尔法T-目录,2021/10/20,wangdass8,11
DongFangHong被取消在GreenAuto版的发文权限,2022/4/15,deliver,0
Re: 定了雪佛兰畅巡，挺好的合资纯电车,2022/4/15,原帖已删除,4
奇瑞不声不响地以为快不行了,2022/4/14,tcwyzhf,73
蔚来复产了?,2022/4/14,wudashu,2
网上找了一下没有给电车充电的折叠式太阳能电池板,2022/4/14,Hudson57,52
非京户因为纳税或社保中断而无法排新能源后,2022/4/14,sqsl,1
请问旧车卖了后那个指标是自动更新的吗？,2022/4/14,axinbuaa,0
等等党好惨,2022/4/13,shunderen,27
请问淘宝上卖的放电装置是否靠谱啊,2022/4/12,xvhao119,14
2022款唐dmi啥时候出？,2022/4/13,piggybankk,10
比亚迪官网真不友好,2022/4/14,Tmoon,9
有哪家比亚迪王朝4S店试驾时间稍微长一些？,2022/4/14,wen1984,0
特斯拉买什么充电桩好？,2022/4/13,foolmonkey80,4
feitian945被取消在GreenAuto版的发文权限,2022/4/14,deliver,0
BYD海豚咋样？,2022/4/12,heiabc,30
Re: 特斯拉的摄像头纯视觉理念和小鹏的雷达哪个更先进？,2022/4/14,原帖已删除,99
比亚迪e5啥配件容易出问题，想囤配件，自己用，囤啥配件好,2022/4/13,planetearth,10
一季度车企汽车销量排行前十,2022/4/13,spare,13
【电耗报告】极狐SUV不同车速实跑100KM的电耗作业-多图,2021/10/3,wangdass8,71
比亚迪股份有限公司“储气罐安装座、储氢装置及汽车”专利获授,2022/4/13,baixuesnow,28
[求助]请问哪里能申请极氪001深度试驾,2022/4/13,zhaofox,2
小鹏的车机供应商居然是byd,2022/4/13,chuanlang,16
model y和ec6十万公里长测,2022/4/12,omin,112
蔚来续保,2022/4/14,sharonyue,10
“十四五”能源科技创新规划，推动氢能源关键技术发展,2022/4/13,dahai2999,9
特斯拉请了国产产品经理？,2022/4/14,whyso,6
搭载华为鸿蒙OS，AITO问界M7内饰谍照,2022/4/13,testimonial,9
M5本月销量3000,2022/4/13,New2000,8
落地20到30万的纯电suv，求推荐。,2022/3/8,yglj,41
劳斯莱斯什么时候出电车,2022/4/13,huanyongID,12
动能回收的时候刹车灯会亮吗？,2022/4/12,evermore,10
不要吹自动驾驶，车内结构不变自动驾驶也没意义,2022/4/11,googlestyle,15
请教下我这么算分数对不对,2022/4/13,bluesky30,4
比亚迪找吉利长城代工算了，成本可能更低,2022/4/5,zyzx77,54
电池价格浮动太大，BAAS才是新能源的方向,2022/3/22,omin,22
电车会不会来一波价量同涨,2022/4/13,Anessaa,8
麻烦问下现在宋plus ev多久能提车？,2022/4/12,millercn,11
一季度产销数据出来后，隔壁版是一片哀嚎啊,2022/4/13,kaka2w,1
广汽的弹匣电池真的安全吗？,2022/4/13,slepton,7
关于人保续保,2022/3/24,uibesibe,17
Re: 请问北京个人纯电排号已经排到哪年了？,2022/4/13,原帖已删除,12
Re: 特斯拉皮卡可以预定了，北京什么政策啊,2022/4/13,原帖已删除,2
EU5 + 咋样，推荐个优惠点的店,2022/4/12,timebreak00,5
2022年 北京 家庭摇号分数,2022/4/13,bigbing1989,3
要出保了，心情复杂。,2022/4/13,dawei78,11
对静止车辆的识别目前是一个业界难题,2022/4/13,AD007,13
哪位电爹航价比最高？,2022/4/10,chenghaibo,24
有没有车载逆变器？,2022/4/13,wen1984,7
比亚迪这个插混是不是这个原理,2022/4/12,ppyd,22
小鹏自动驾驶失败,2022/4/12,Yurimi,35
不可思议的低，丰田bz4x电耗出道即巅峰-超越特斯拉,2022/4/12,myspace1939,90
长安汽车举行2022 年全球伙伴大会,2022/4/13,blackbamboo,7
Re: 13925名极狐星推官“上岗（wǎng）”推介 2022-03-10 19:16,2022/4/13,原帖已删除,86
蔚来es6，es8涨一万,2022/4/11,profo,10
求车险推荐,2022/4/13,Xphone,0
【吉利、长安和长城的市场完全是被合资二手车抢去的吧】 (转载),2022/4/13,chaodide,0
北京市内交通其实对电动车动力要求不高,2022/4/12,maxplux,15
今年BYD好像把吉利长安哈弗等国产车的市场抢了很多... (转载),2022/4/12,Engelberger,23
纯电车长期停放耗电多吗？,2022/4/12,Apple4S,17
CLTC折算成NEDC打几折,2022/4/12,meirenai,21
感觉就是从去年开始，BYD一下和其他国产牌子甩开差距了,2022/4/12,meirenai,27
昨天试驾了MY,2022/4/4,xiadayu,29
惊险！车主称小鹏汽车自动辅助驾驶失灵 监控还原事发经过 (转载,2022/4/11,tsa300,7
cltc和nedc续航是个什么比例,2022/4/12,shunderen,2
缓解充电焦虑！北京将推动居住区电动汽车充电设施“应装尽装”,2022/4/12,raptors,1
说油车吃灰的,2022/4/11,dawei78,15
3月纯电销量排名新鲜出炉,2022/4/11,wazgwsmj,20
请教：北京现在怎么办ETC,2022/4/12,ROGERNOD,12
新能源家庭48分排名,2022/4/9,witmusk,16
刚才在大悦城看了Lyriq 蔚来杀手啊,2022/3/12,ppodxiang,15
电动车车险涨了吗？车险马上到期，求报价,2022/4/11,peakzhou,5
Re: 极狐营销上道了，开始碰瓷营销了,2022/4/12,原帖已删除,18
奇瑞估计挺郁闷的,2022/4/12,peibch,5
为什么理想one的3缸机，车更大更重没有ev受限，比亚迪反而有？ ,2022/4/8,LuoYongHao,30
这是哪家的车,2022/4/8,leyouyip,7
今年不适合买新能源车,2022/4/10,gwgenius,19
Re: 小鹏偷特斯拉代码到底是真假？,2022/4/12,原帖已删除,55
一边喊着退税让惠于民，一边挖个税不连续的坑，真有你的……,2022/4/11,Hillhu,21
申请指标咨询,2022/4/12,swimerfish,3
请问目前疫情管控下，从烟台机场去乳山有何方案？,2022/4/12,genlamy,0
"比亚迪海豹, 18-28达不溜, 刚看完配置表",2022/4/12,CherylBC,18
P5和AION S是同平台吧？,2022/4/11,zyzx77,5
对新能源车型限行的是不是只有北京？,2022/4/12,xahuer,7
为啥电动车的底盘也不重要了？,2022/4/9,xingqiu,59
新款汉的disus-c主动电悬挂,2022/4/12,updown,2
全新奔驰eqs居然后排还有凸起,2021/4/18,bluecome,12
全国统一大市场 混动要放开了吗,2022/4/11,dawei78,21
拒绝欢乐表，四驱极狐T长测,2022/4/10,godeyes,79
有没有按天/周卖的车损,2022/4/12,xiti,6
人保和平安保险怎么选,2022/4/11,hrbeuwujin,7
对比亚迪牌子的充电桩失望了,2022/4/11,wwsq001,8
全国大市场能否执行的标志性事件,2022/4/11,googlestyle,23
全国统一大市场 深圳有没有可能开始允许私桩？,2022/4/11,xiti,4
21年的车，看行车记录仪只能拔出内存卡在电脑上看。。,2022/4/11,raptors,17
Re: 家用特斯拉充电桩居然不能给比亚迪充电？,2022/4/12,原帖已删除,5
唐dmi现款顶配和宋dmi 两驱顶配，求比较,2022/4/11,huoke,19
今天在路上偶遇两辆蓝牌老e5,2022/3/10,kaka2w,120
比亚迪E5换电池检测不通过,2022/3/20,bjtumagnus,16
Re: 如果北京车展不延期 我们能看到哪些新能源车型,2022/4/12,原帖已删除,1
看有很多黑子，来凑个热闹,2022/4/10,liveinthu,11
holic2222被取消在GreenAuto版的发文权限,2022/4/12,deliver,0
唐dmi在北京卖得似乎不错,2022/4/10,kaka2w,15
比亚迪中大型suv真的叫海狮？？,2022/4/11,lwc1785,0
"ID4 优惠2.5W, 什么水平？",2022/4/8,lnlc,16
刚刚充满电的时候刹车软,2022/4/11,wolfheader,22
比亚迪海豹各版本电量及续航,2022/4/11,norainbow,2
id6和唐求比较,2022/4/11,wobucunzai,9
特斯拉3月份6.58万辆,2022/4/11,jinAGE863,8
这儿能求一个奇瑞小蚂蚁吗？,2022/4/6,dorisss,9
model y已耗电量显示15度，可是续航那显示,2022/4/11,evermore,12
电车续航区间很窄,2022/4/10,tbbt2013,11
东风出了个小电车EX1 pro,2022/4/10,Anessaa,14
汉ev 27万起了,2022/4/10,meirenai,34
usb口不能充电了 反而放电,2022/4/11,dawei78,4
model y还能回落到28w吗,2022/4/11,gen9,10
BaaS的大电池涨价两百块啊,2022/4/10,Svensson,28
10w-15w之间，轿车 or suv 推荐么？ 更想要轿车,2022/4/9,timebreak00,12
前排座椅靠背放平睡觉、看电影已成新车设计流行趋势,2021/4/15,yehorse,183
Re: 大家有没有觉得，俄乌战争不仅让油价上涨，也让充电桩变贵,2022/4/11,原帖已删除,4
地库打洞者,2022/4/10,aceforever,11
model y的电门有时候确实会异常,2022/4/11,evermore,7
看到了新款汉ev，感觉不是很好,2022/4/10,wen1984,11
Model Y转单攻略,2022/3/28,dakuohao,34
电车的春天到了！,2022/4/11,ldf985,0
tclj9被取消在GreenAuto版的发文权限,2022/4/11,deliver,0
ID4 crozz,2022/3/21,kw123456789,35
油车指标可以买电车，将来会不会不让再买油车了？,2022/3/14,LcDw,66
小电瓶问题请教,2022/4/10,ThisIsLove,3
不理解为啥那么多黑极狐的不吹不黑。 啥时候本版也牛b一次上一,2022/4/7,blueseaboard,92
小鹏P5怎么样？,2022/4/10,nsm,13
特斯拉二手家用充电桩问题求教,2022/4/9,carykel,3
如果收到菜，我必然会再来一台车,2022/4/8,kits,11
有意思的动态续航-极狐往返桃花溪,2022/4/10,wangdass8,7
Re: 新能源车快没电的时候电量消耗速度和电足时一样么？,2022/4/10,原帖已删除,9
居住证导致审核失败问题,2022/4/10,bnwent,2
下一代新能源展望,2022/3/21,kayka,62
比亚迪汉版上为什么讨论的很少？,2022/4/6,liu14296,63
续航600公里，最低价求推荐,2022/4/8,TP33,17
应急响应状态什么时候会结束？,2022/4/10,sunlustre,2
[求助]个税起征点高了，没有去年一年上缴个税为0,2022/4/9,dxsmth,8
新能源保险涨价，有多少不上车损险的,2022/2/24,joaquin25,39
突然发现今年的保险比去年还贵,2022/3/3,kuailian,16
都说保险无出险也涨价了，我的降了,2022/4/1,zyzx77,8
保险2500-3500,2022/4/8,dawei78,8
上海特斯拉停产了么,2022/4/10,yuanshanqian,1
特斯拉，南京，2022.3.14,2022/4/7,ylh1969,28
蔚来也受影响停产了,2022/4/9,heiabc,14
今年的个人新能源排名出来了吗？,2022/4/9,rahappy,20
知乎在传理想打算裁员15%,2022/4/8,WebGL,3
地婆居住证失效审核不通过怎么办？,2022/4/9,wuxu,21
不怕你们笑话,2022/4/9,hsv,41
上海特斯拉现在停产了吗？,2022/4/9,hijupiter,3
排名8000，牌照能保留多久？,2022/4/9,kyodidi,2
简述极狐第9次OTA内测,2022/4/8,wangdass8,33
海豚北京有现车吗？,2022/1/8,smilingboy,12
宋plus ev的北京高速能耗，时速100到120。,2022/4/8,locker06,8
Re: 不得不说，电动车发展起来的新势力确实解决了很多刚需问题,2022/4/9,原帖已删除,14
小鹏G9出价格了吗？,2022/4/9,boomltd,0
自从比亚迪销量突破4万后，开始用销量解释一切了,2022/4/9,RoadPress,14
汉ev尊贵置换id6c？,2022/4/9,fanku1990,8
最近几天路上看到好几辆极狐的SUV,2022/4/9,stockerr,6
美国普及纯电比中国容易吧,2022/4/8,tenwars,8
吹嘘底盘，是因为没得吹了,2022/4/9,shunderen,9
增程最大的问题,2022/4/9,lamport,3
求500续航以上，到手价格最低的车推荐,2022/4/8,dkq,19
除了Model X有没有可以替代夏朗的新能源啊...,2022/4/8,ywypc,13
是不是10W以内很难买到还可以的新能源？,2022/4/9,rabbitroad,15
现在指标转换有效期吗？,2022/4/9,forthelove,2
居住证过期导致家庭号审核不通过，怎么办？,2022/4/9,armstrongx,3
蔚来的电池租赁方案什么意思？,2022/4/9,Henry14,9
埃安又涨价了,2022/4/8,yehorse,14
批量试驾新能源车感受,2022/4/6,maggiez,27
QQ冰激凌，无界pro，奇瑞搞了不少事情,2022/4/7,FLYBBS,3
现阶段电车选择是个单选题啊,2022/4/8,tbbt2013,3
资格审核通过，在哪看排名啊,2022/4/9,xiuhuwang,11
理想one这种背着发电机到处跑的是邪路吧？,2022/4/9,mercedes777,9
推荐个车吧,2022/4/9,shuidaodao,6
充电桩，老是自动跳闸，是怎么回事？有遇到的吗？,2022/4/3,Kenny1107,6
广汽埃安 今日提价 6k-10k,2022/4/8,yuanshanqian,8
#真#精品小车来了，66度电，2750轴距的SMART,2022/4/8,RoadPress,36
就出个审核通过，也没个积分,2022/4/9,meirenai,0
汉新款要28万起步?,2022/4/8,updown,7
特斯拉升级信息？,2022/4/8,seanry,5
求问老车怎么办,2022/4/8,ejuzju,18
极狐T提车一月,2022/4/7,pj2010,75
BYD的洗剪吹设计师们没下岗啊,2022/4/8,spare,20
前今天被奔驰EQE的隐藏式拉手把手夹了,2022/4/8,tclj9,20
粗大！蓝谷三月卖了5735台车！,2022/4/8,DriftKing,7
求助：4s店通知明天可以提车，结果又检查出问题，咋办？,2022/4/7,whatever111,22
【汇报】2021年11月到期的指标已购车上牌,2022/4/8,ROGERNOD,3
蔚小理财报评论,2022/3/29,Mars102,1
长安CS55 这个冬天的温度与电耗汇总,2022/3/16,zhuming717,14
电车主动安全对行人管用吗？,2022/4/8,tadie,4
特斯拉召回部分进口及国产Model 3,2022/4/7,blackbamboo,22
[心得][电动]跑了一下高速 速度 上到130 就很费电了,2022/4/7,waye,2
特斯拉会不会再涨价？求预测,2022/4/8,yehorse,1
比亚迪3月销量明细,2022/4/5,googlestyle,49
丰田官宣：加入纯视觉自动驾驶阵营,2022/4/8,census,0
请问用华商三优充电桩的版友，你们能在app上调充电功率吗？,2022/4/7,canidy,12
主流电动车都没啥毛病，喜欢哪个买哪个。,2022/4/7,jkhu,6
明年碳酸锂价格能下来，但是补贴取消,2022/4/8,wen1984,9
现在啥车最肉有定论了嘛？,2022/4/8,wimaxtcas,4
个人体会，所谓油车吃灰，完全是省钱心理,2022/4/8,wolfheader,16
梦想家没什么人关注吗,2022/4/7,biubiu02,5
求ID6C 低价渠道,2022/4/7,yhsh,5
ID6如何？,2022/4/8,tyts,7
问问老手，续航的百分比,2022/4/8,XinyanPapa,7
特来电液冷超充上线了，600kw,2022/4/7,hondooo,15
4680首发续航只有epa449，你让那么多人情何以堪……,2022/4/8,myspace1939,6
本世纪初的中国新能源概念车,2022/4/7,googlestyle,4
买轿车还是SUV？,2022/4/5,shadowalker,17
唐DMI已经大规模召回换电池,2022/4/6,myspace1939,24
重磅！4680来了,2022/4/7,huanyongID,30
model y中保研测试成绩排名倒数,2022/4/7,huanyongID,8
特斯拉能比沃尔沃还安全？,2022/4/8,huanyongID,4
电车高频噪音有点难受，耳鸣。。。,2022/4/6,qwt,38
2022年1季度美帝汽车销量同比下跌15.7%，但特斯拉增长41.8%,2022/4/7,he111,3
Re: 统计一下三月份唐DMI五起网传自燃，顺便补个2月份自燃。,2022/4/8,原帖已删除,21
汉dmp如何，心动，想买,2022/4/7,zhiliang,23
梅赛德斯奔驰会不会收购北汽蓝谷？,2022/4/4,sunlustre,34
板车火了,2022/4/7,zhaofox,4
本周末提车极狐T,2022/4/1,zdland,48
岚图梦想家，今天开启预售,2022/4/7,census,0
据说车用芯片国产率只有5%？,2022/4/6,lotama,25
Model Y标续也涨价了,2022/3/17,antzzz,50
海豚和id3怎么选？,2022/3/10,carot,57
我发了个比亚迪电池外挂的帖子，怎么给我删了、？,2022/4/7,tclj9,3
Re: [心得]给买特斯拉订单的网友提个醒，个别网友为了小利随意,2022/4/7,原帖已删除,24
Re: 二环里的豪车专卖店，好多漂亮小姐姐,2022/4/7,原帖已删除,13
哪能搞到新能源小客车充电条件确认书呢？,2022/3/14,hlg123,17
空调有异味，去哪清洗好呢？,2022/4/7,digdig2013,7
原材料涨价，芯片短缺，电池暴涨，新能源销量还能持续增加？,2022/4/7,dahai2999,0
到底啥是底盘质感？,2022/4/6,huanyongID,38
4月5日，BYD唐燃烧，海口,2022/4/5,dolphinlang,7
4月3号，byd唐又燃烧,2022/4/3,dolphinlang,47
blackbamboo被取消在GreenAuto版的发文权限,2022/4/7,deliver,0
刀片电池 出鞘安天下,2022/4/3,skylee,17
比亚迪唐半个月5连烧 (转载),2022/4/1,dolphinlang,72
车价涨上去容易跌下来难,2022/4/7,Anessaa,4
贡献个id4第一次长途续航,2022/4/6,ammmkkk,5
modelY怎么样啊,2022/3/31,catiga,17
埃安s  这个车咋样,2022/4/7,stockerr,13
LG摊上事了！曾致多起自燃事故：13.8万台相关车辆被调查,2022/4/6,rasper,8
二手蔚来会缺少什么权益？,2022/4/5,F30,14
北汽新能源曾经连续7年销售冠军,2022/4/5,test321,38
aion v plus和宋plus ev怎么选呢,2022/4/6,shuangfeng,20
奇瑞新能源的跟我说又要涨价,2022/4/6,heiabc,6
北汽蓝谷2021年度净亏损收窄,2022/3/25,blackbamboo,54
Re: 期待这种电车,2022/4/7,原帖已删除,3
有固定地桩的，对电动车续航要求会低一点吗？,2022/4/4,mayi,32
买了新能源，充电桩可以要求半年后安装吗,2022/4/6,xahuer,5
2030年北京路上的电车能达到50%么,2022/4/6,chrome2000,5
家桩共享是否可行？,2022/4/6,waitforgirl,30
二手电动车怎么验车,2022/4/7,dawei78,1
Re: 谁有不需要的比亚迪充电桩？要全新的，大概多少钱,2022/4/7,原帖已删除,19
家附近有充电站的话 能降低一些对续航的要求么,2022/4/6,stockerr,5
Hicar 盒子好不好用？,2022/4/6,metall,11
油价涨，亿万车主嘘声了？,2022/4/6,boomltd,6
批量试驾归来,2022/4/5,lenghx,31
电池debug,2022/4/6,DoubleH,0
5月个人电牌到手，想入手几何C550，还能有多大优惠？,2022/4/6,liuruoyu1042,1
成都一充电站内自燃，爱驰秒公开回应,2022/4/5,zyzx77,11
Re: 上班怎么坐 才不伤身体，尤其是前列,2022/4/6,原帖已删除,2
Re: 今天申请了48小时深度试驾ID4C，已拿到车,2022/4/6,原帖已删除,5
听说比亚迪停产油车了？ (转载),2022/4/4,luoxiaogui,16
允悲,2022/4/6,hondooo,3
后轮异响（转一圈响一下）可能是什么原因,2022/4/6,Happy2016,5
qtpr被取消在GreenAuto版的发文权限,2022/4/6,deliver,0
B级电车，行驶质感最好的是不是i3？,2022/4/5,kettle,4
BYD又要涨价？,2022/4/5,zhwh,2
冷知识:磷酸铁锂电池的专利门槛很高,2022/4/5,test321,5
为啥绝大多数品牌都不建超冲快充,2022/4/5,wangzhengbj,8
[新能源]求推荐真正6座纯电车,2022/4/2,allen7603,83
高速不用等的时候，补电其实也挺费劲,2022/4/4,xiti,55
AD007被取消在GreenAuto版的发文权限,2022/4/6,deliver,0
新能源车有没有在静音底盘上比你奔驰s的？,2022/4/5,artech51,15
modely相当于油车多大的排量？,2022/4/5,bigbreast,13
王传福承认比亚迪名字瞎编的：当时怪名容易通过注册，没啥意义 ,2022/4/1,tsa300,11
又烧了！成都一充电站内发生自燃 (转载),2022/4/5,chylli,4
国内整车厂哪家推氢燃料电池的力度最大？,2022/4/5,wanllow,5
比亚迪晚上搞事情，又准备涨价了,2022/4/5,xinrenyuan,6
比亚迪二货总经理出来演讲了 ZZ,2022/4/5,googlestyle,8
行人横穿马路被撞，汽车需要担责吗,2022/4/5,phoenixhills,3
sirius0777被取消在GreenAuto版的发文权限,2022/4/5,deliver,0
比亚迪 e6 燃烧,2021/4/11,dolphinlang,47
有共享条件的车位，大家考虑安装共享充电桩吗？,2022/4/5,xinrenyuan,0
es7 有点丑啊 充电口居然还是在车头侧面 拉胯,2022/4/3,xxyy0088,14
小鹏p7车头的灯是贯穿式设计吗？,2022/4/5,iTuzi,6
Re: 被追尾，这种怎么处理合适,2022/4/5,原帖已删除,3
Re: 比亚迪秦plus,2022/4/5,原帖已删除,13
新款车的行人提示音，车内听不到吧？,2022/4/4,sunlustre,5
滑板底盘咋样？,2022/4/5,windychen,0
新能源排30w+号，是不是可以转回去摇号了。。。,2022/4/4,zai,7
晒自驾电耗，小鹏P5,2022/4/4,AD007,21
单踏板是只有电门踏板吗,2022/4/5,shjuhua,13
duhandan被取消在GreenAuto版的发文权限,2022/4/5,deliver,0
极狐也是挺惨的，再磨蹭几个月阿维塔都要批量上市了。,2022/3/30,lly9666,6
自动驾驶技术小鹏和百度apollo哪个强一点,2022/4/4,linuxword,2
【比亚迪着火居然是板车挂了电线，黑子这就尴尬了】,2022/4/4,chaodide,4
分享一个今天的电耗,2022/4/4,yutouno1,23
是不是这周六就知道今年的家庭积分分数线了？,2022/4/5,meirenai,1
赫兹同意向极星购买至多6.5万辆电动汽车,2022/4/5,nisus,0
日本公司正在研发的4款绿色能源汽车,2022/3/24,histospring,7
比亚迪3月份全系销量104338辆,2022/4/3,lfrdreaan123,15
福特野马 Mustang mach-e,2022/3/20,paili1671,15
宋Plus一最近箱电实测跑了480公里,2022/4/4,locker06,7
逆风订了ix3,2021/12/4,xiaoheihei,158
Re: 比亚迪的3.0平台，是不是就是特斯拉最开始的平台,2022/4/4,原帖已删除,10
记一下新能源用车三年的流水账,2022/4/4,Mrsundy,4
元plus3月卖了一万辆,2022/4/3,lingfujunhun,24
三年的eu5-r550,2022/4/3,Mrsundy,12
小鹏牛b,2022/4/1,mafama,13
新能源车涨价一览表,2022/4/4,thisisshuimu,3
说不定真是小鹏胜出,2022/4/4,shunderen,1
三元里不能低于20% 不能高于90，那不真是电动爹了？,2022/4/2,xiti,40
比亚迪宣停止燃油车整车生产,2022/4/3,blackbamboo,17
Re: 驰援上海医疗队陆续抵达 约6000人,2022/4/4,原帖已删除,0
福特野马电动车看参数很好啊，为啥都没看到有人买,2022/4/4,hbworld,0
你们见过哪吒汽车吗？,2022/3/30,kayka,6
Re: 现在好纠结，家里两辆纯电行不行？,2022/4/3,原帖已删除,52
长安华为宁德联手打造的阿维塔本版怎么没人提，很漂亮啊,2022/4/3,content,10
Re: 停车场失火，不知道是厂家还是4S店的。,2022/4/3,原帖已删除,0
刀片咋回事儿？汉又烧了,2021/10/6,StillKeeper,67
Re: 唐怎么了？刚总结完三月，四月又烧一个！,2022/4/3,原帖已删除,1
[新能源][心得]几家新能源汽车的感受,2022/4/1,smallpig238,25
比亚迪汉vs福特野马,2022/4/2,peibch,7
不论是宝马电车，还是宝马电车用户,2022/4/2,shunderen,4
另一个角度看品牌,2022/4/3,Popoyz,10
比亚迪正式宣布停止生产燃油车整车,2022/4/3,piyao,0
特斯拉闲鱼上收的涨价前订单能顺利提车吗？,2022/3/11,orwell,27
蔚来ET7交付了，怎么没人聊聊？,2022/3/30,hellodx,338
为啥我对Apple Car如此期待呢   争取在国内上市第一时间买一辆,2022/3/31,fzf,34
简短试驾了小鹏P5,2022/3/17,zyzx77,35
众青觉得电车香的根本原因在此,2022/4/2,DoubleH,3
请问十多万的电车有啥推荐吗？,2022/3/31,IBMX60,71
蔚来的慢充交流转换器有多大？,2022/4/2,shunderen,22
电动车渗透率20% 已过奇点,2022/1/20,HLWJSJ,62
35万家庭用车求推荐,2022/4/2,guanlansszz,20
新势力后面肯定会搞代驾业务吧,2022/4/3,zthenry,2
Re: 发现新能源车比公交都便宜,2022/4/1,fuweihua,35
Re: 看尾灯又是唐，求出处,2022/4/3,原帖已删除,9
极氪工程师谈底盘、轻量化、转向,2022/4/2,cosun,12
养蛊养的差不多了吧？赶紧出海开疆拓土,2022/4/2,nightknight2,6
求新能源车险优惠经验,2022/4/3,littledog,1
油电双修喜欢开油车,2022/4/2,dawei78,4
唐ev首发？还没发布的意思？,2022/4/1,Dadubaba,23
今天，堵死了，平均车速不到15公里每小时,2022/4/2,wfunny,3
极氪官宣5月涨价,2022/4/2,land611,11
宝马i3选装后要42万,2022/4/1,aoliao,38
充了30块钱的电，跑了500多公里，真香,2022/4/2,hernij,3
今天很神奇地开了一下一个不认识妹子的比亚迪 (转载),2022/4/1,LucaToni,27
Re: 今年以家庭为单位估计能排到多少分啊？,2022/4/2,原帖已删除,4
销售说海豹20-28，汉ev改款28-35，有几千浮动空间,2022/4/1,wen1984,24
不知不觉国家推广新能源第八年了啊,2022/4/1,zyzx77,23
理想one二手车折价多少,2022/4/2,boomltd,7
等了很久，终于开上了Model Y,2022/4/1,Vas,67
[新能源]“十四五”末北京新能源车达200万辆，将实施这些推广举,2022/4/2,nerirosso,4
蔚来的Baas模式,2022/4/2,tonyaimar,8
十万左右，老人用于农村-县城拉拉客，有合适推荐的下～,2022/4/2,liqqiao,2
据说3月份的上险,2022/4/2,WebGL,2
这个雄安的汽车无线充电技术成熟了？,2022/4/1,daisylove001,19
还不太适应没有电车疯狂降价的日子,2022/4/2,zyzx77,8
Re: 关于未来汽车的展望，是未来，不是蔚来哦,2022/4/2,原帖已删除,5
