﻿主题,发帖时间,_ 作者,回复
几家新能源3月份的交付情况,2022/4/1,ia,24
P7月交付9000，累计100000，成为国产新势力轿车销冠,2022/4/1,AD007,5
Re: 海豹 id4,2022/4/2,原帖已删除,1
宝马新i3的定价和配置，就是在侮辱消费者的智商,2022/4/1,CyberTruck,7
有没有觉得汉太丑了,2022/4/1,Laurasia,14
【北京发布“十四五”能源发展规划：三年内建成70万个充电桩】,2022/4/1,fe619742721,4
埃安20317 ？,2022/4/1,dsf008,1
求推荐纯电MPV,2022/1/2,trueshell198,18
Re: 大胆推测，绝不负责——唐集中自燃为什么？,2022/4/2,原帖已删除,6
Forane被取消在GreenAuto版的发文权限,2022/4/2,deliver,0
[求助]租的电车可以在自家车位申请安装电桩吗,2022/4/1,Grace115,5
erfeidetk被取消在GreenAuto版的发文权限,2022/4/2,deliver,0
北京：截至明年4月2日，纯电动小客车将继续不受尾号限行措施限,2022/3/29,bjandi,27
恭喜零跑，10000+,2022/4/1,windforce09,16
丰田沃尔沃 (转载),2022/4/1,trabalhar,1
作为自动驾驶从业者，et7,2021/1/9,tianming1992,17
北京新能源摇号现在要等几年？,2022/4/1,Link114,12
百万销量净利30亿，十万销量也得个把亿了,2022/4/1,Nordahl,1
中国已经是全球电动汽车产业的核心了,2022/4/1,catherineyun,5
小鹏P7 按WLTC工况跑路试，实测续航 67%,2022/3/30,icell,71
理想11034,2022/4/1,WebGL,3
hulibuhutu被取消在GreenAuto版的发文权限,2022/4/1,deliver,0
14.5裸车的新能源 保险大概多少,2022/4/1,port7,2
宝马i3发布，价格配置继续作死。,2022/4/1,zyzx77,23
granger32被取消在GreenAuto版的发文权限,2022/4/1,deliver,0
第一批电动车车主感慨一下,2022/1/30,byan89,336
特斯拉四月份交付量要扑街,2022/4/1,huanyongID,4
ET7不贵啊,2021/1/10,hig,12
什么样的人会花50万买一个国产电动车？,2022/3/31,ModernDuke,46
外国车评人试驾et7,2022/3/31,moonfish,34
极氪移动核酸检测站,2022/4/1,nonexist,4
路特斯纯电动汽车，首款即将上市,2022/4/1,Laurasia,0
新能源车碰撞更容易挂？,2022/3/30,IDnone,15
欧拉闪电猫、长安C385、哪吒S,2022/4/1,sunlustre,5
订了2021款 Aions p，哪位大神推荐下车主群吧,2022/3/31,yuanshanqian,3
换下来的小电瓶还要带回来吗？,2022/4/1,phoenixhills,1
litra被取消在GreenAuto版的发文权限,2022/4/1,deliver,0
高个子买新能源suv，预算三十以内,2022/3/31,afa007,27
请教，ID6x和ID6c有哪些大的区别呢,2022/4/1,ghostzb,2
Re: 求问，特斯拉可以安装第三方充电桩吗,2022/4/1,原帖已删除,14
帝都的鹏友们，延庆万达和密云万象汇有小鹏自营超充,2022/4/1,AD007,4
特斯拉、小鹏之流的敢吗？奔驰宣布将对开启Drive Pilot后发生的,2022/3/25,bufu110,36
比亚迪vs特斯拉,2022/3/30,konan,23
求推荐一个性价比高的SUV电车,2022/3/31,candy01,22
比亚迪「千里眼」功能暂停使用,2022/3/31,omin,11
版面积分变更记录,2022/4/1,deliver,0
宋多少钱能买下来？,2022/3/29,Dingshuding,5
全新华晨宝马i3 eDrive35L正式上市，售价为34.99万元,2022/3/31,Qxf,17
国产百万级SUV发布，武汉工厂生产，对标兰博基尼Urus,2022/4/1,lacrover,0
红旗真牛，街上见了两辆，一个大SUV，一个轿,2022/3/31,tradeYao,8
我靠，刚才在路上看见一辆苏牌HI版极狐,2022/3/31,lly9666,7
有没有装过三相电的充电桩的~~~~~~~~~~,2022/3/30,pany,46
掉头不管路多宽，都要反打一把方向都是哪学的,2022/3/31,wei507166,15
电动车可真贵呀,2022/3/30,woco32,20
小鹏在帝都新增三座自营超充，护城河越来越宽,2022/3/29,AD007,26
【小白问题】蔚来选配下来要50w了，特斯拉才30w+。为什么？？,2022/3/30,mrmopo,68
环氧地坪湿滑环境行驶中的刹车问题，今天特斯拉又感受到了,2022/3/30,Yurimi,26
这两天版面唐的问题贴很多,2022/3/31,windprint,20
纯电3系今天晚上要发布了,2022/3/31,CyberTruck,19
今年咋没有卖保险的联系我了,2022/3/31,matchcaseone,3
Re: 环氧地坪湿滑环境行驶中的刹车问题-撞了,2022/3/31,原帖已删除,2
海豹前脸灯+进气口，就是个“囧”,2022/3/31,wen1984,2
总之在街上看到绿牌车，都得小心点,2022/3/31,tradeYao,1
[求助] 选车建议，极氪极狐or等汉和海豹,2022/3/28,fabuloust,221
小鹏已经实现了遍布全中国的免费超充布局，车主爽死了,2022/3/30,AD007,17
这种带有 PCB 定子的轴向磁通电机已经成熟，可用于电气化世界,2022/3/31,tsa300,2
广汽app，记录充电量，准吗,2022/3/31,smart,3
这个季节对电动车真友好,2022/3/31,TransAir,2
"车质网投诉: 260人的唐ev21群, 一年7例动力抛锚",2022/3/30,nowait,19
Re: 本月第四期有图有真相：唐DMI疑似冒烟自燃,2022/3/31,原帖已删除,13
Re: 本月第三辆有图有真相：疑似唐新能源冒烟,2022/3/31,原帖已删除,20
model y标续，这么好的天气才320,2022/3/30,evermore,19
弱弱地问一下，找充电桩用什么app,2022/3/29,lwc1785,18
比亚迪真是良心企业,2022/3/30,kettle,41
2021车企出口销量榜 TOP20,2022/3/30,zyzx77,11
自动泊车几年能实用？,2022/3/26,dawei78,11
咸鱼上面便宜卖的极弧新车有啥坑吗？,2022/3/28,tankcar,32
比亚迪DMI新产品，反倒不适合我了,2022/3/30,wei507166,2
大家猜猜，极狐3月份销量能超过2K吗？,2022/3/29,OkBaby,21
版上各种吹，为啥不去车版吹啊，那里才是更广阔的市场。,2022/3/30,jkhu,5
这天气电动车续航杠杠滴，百公里11.2的能耗,2022/3/28,txq,12
我的指标不能查看和打印啦？？,2022/3/2,lmxiehou,39
目测2023年有一大票车续航超过800公里,2021/12/22,gqr123,36
ID4、D6出22款了,2022/3/29,xueqiangpku,18
续航多少合适，跟价位有关,2022/3/30,yehorse,2
油号换电号，到底值不值？？？,2022/3/27,mrmopo,17
动能回收强度级别对于工况测试电耗影响巨大,2022/3/30,yehorse,1
去某国企总部办事，竟然先问是不是特斯拉,2022/3/26,xianwuyiye,20
[新能源]感觉现在新能源车越来越贵，大多数用户需要的是性价比,2022/3/28,licl,17
byd快把汽车做成快消品了,2022/3/30,cyclonev,24
唐的配置真想啊,2022/3/29,lwc1785,28
换电模式是个死路啊，后面蔚来真的很危险,2022/2/23,semilog,66
极狐下订单如果不想要了可以退吗,2022/3/30,dazui,3
易车评测石锤小鹏P7锁电20%,2022/3/21,myspace1939,58
Re: 极氪001镇丑啊,2022/3/30,原帖已删除,23
终于理解特斯拉为啥要强制单踏板模式，试驾极氪001有感,2022/3/29,kochpy,79
现在都流行仪表盘一块屏,2022/3/30,DoubleH,2
四年的车，昨天发现雨刷器老化了,2022/3/25,Laurasia,35
XC40纯电除了贵，有没有别的毛病？,2022/3/28,Jeffy1103,13
现在居然有汽油过期焦虑了,2022/3/30,tenwars,4
Re: 有定了摩卡phev的么？欢迎加群,2022/3/30,原帖已删除,7
这个做法值得学习,2022/3/29,Qlala,11
毛坯Y的一些小问题及购买的配件,2022/3/29,hsv,67
"感觉插混/增程才是未来, 电池利用率比纯电高",2022/3/30,Elric,6
ix3的B档也就是单踏板模式挺好用的,2022/3/30,chenminer,2
新势力有一点还是值得肯定的，只要是烧着的都会通报，不捂盖子,2022/3/30,bufu110,4
小鹏怎么这么没存在感?,2022/3/30,qiangsir,1
比亚迪2021年财报净利润30亿元,2022/3/30,CC2CC,15
极狐和极客001谁产品力更强一些,2022/2/2,tbbt2013,73
埃安这车毛病多吗？,2022/3/29,sanford66,12
22款奥德赛有喜欢的吗,2022/3/29,aqaqw,1
汽车过户自己办能搞定吗？会不会因为各种不齐全往返几次,2022/3/29,xiti,4
id6比id4长大约30cm,2022/3/29,xiwangwww,14
Tesla EV250续航统计,2022/3/29,ygs,8
自己的比亚迪e6不开了想租出去 一年多少钱？,2022/3/29,bombo1,2
大众直销销量得翻一倍吧,2022/3/27,gokukun,83
提了Model Y之后每周京郊游2-3次,2022/3/27,itki,15
曝美国审查中国车企 调查是否使用美国技术 (转载),2022/3/29,nisus,21
纯电续航730km，六座四驱，2022款唐EV价格曝光,2022/3/25,census,17
北京没条件安私桩还有必要买电动车吗？,2022/3/29,woco32,27
保险是今年开始涨价的吗？,2022/3/29,wangdanting,1
看图猜车。。。。。。。。。。。。。。。。。。。 (转载),2022/3/29,tsa300,4
新车普涨，二手车涨了没？,2022/3/23,gogfengyun,10
比亚迪E6。昨晚此时在京藏高速进京方向尿崩了。,2022/3/27,debiao,23
都涨价了，还要选新能源么,2022/3/28,SJTUUTJS,22
"小鹏P7,7000km小结",2022/3/12,larryshen,49
"车开了10年也不过10万公里的,是不是妥妥选油车.",2022/3/28,CherylBC,33
低压罐方案好，还是高压罐方案好？,2022/3/28,sunlustre,4
比亚迪，等车，完全不知到还要等多久,2022/3/28,astrodog,17
求助车险对比选择,2021/12/1,sdpruc,2
问个保险续保的问题,2021/8/24,aczo,3
新能源有单独车险了，哪些附加险有必要上么,2022/3/29,tayler,0
求问新能源指标怎么做延期处理？谢谢,2022/3/10,smallflyfish,6
宁德麒麟电池系统比4680电池电量多13%，续航1000公里，2023装车,2022/3/28,myspace1939,13
鹏厂的激光雷达加持XPILOT 3.5要来了，当之无愧的国内自动驾驶,2022/3/28,AD007,3
小鹏高速自动驾驶有个小细节极其优雅,2022/3/27,AD007,37
如果只买交强险，是不是也行啊?,2022/3/26,drifter777,6
借人气问一下，开麦斯之类的超冲转让，一般几折啊？,2022/3/28,deu66,5
毛豆3换3p 各方面体验提升大吗,2022/3/6,xiti,44
Re: [汽车][新能源]犹豫放弃Model Y，等年底的飞凡R7了,2022/3/28,原帖已删除,55
蔚来换电比较难的地方,2022/3/26,privatetag,181
疫情没办法出去玩,2022/3/27,zthenry,14
et7交付有这么快吗,2022/3/28,AD007,18
上牌费1500是必选项吗？,2022/3/26,zhaijianxi,33
etc刷到入高速但是没有刷到出高速没有扣费,2022/3/28,iamamirror,3
爱卡汽车，有恒驰的静态评测了,2022/3/28,tclj9,16
3秒内破百！路特斯首款SUV Eletre，3月30全球首发,2022/3/28,census,2
蔚来汽车2021年财报显示：净亏损40.169亿元,2022/3/28,census,8
ID6X提车报告,2022/3/25,upchc,21
有用开迈斯充电的吗？可以代充，五折,2022/3/24,uibesibe,3
车内自带的导航地图信息也是自动更新吗,2022/3/28,lwc1785,1
换电站今年加装计划怎么样,2022/3/28,Popoyz,0
MODEL Y标续续航情况,2022/3/26,ldf985,98
充电桩买啥牌子靠谱？随车送的当时给卖了,2022/3/25,riche,10
综合续航939公里，自游家NV3月31日上市,2022/3/28,census,1
小鹏的超充太少了,2022/3/28,profo,6
极狐现在什么优惠,2022/3/26,MacDull,15
石油石化非常想推氢能源，因为大量的设施可以转到氢能源来,2022/3/27,hbworld,9
问题：北京冬天model y续航？,2022/3/26,Alisa1211,7
定了极狐阿尔法s，有现货，不过疫情原因进北京会慢一些,2022/3/24,junziliutao,27
天气热了，宋plus ev百公里电耗11.4度,2022/3/26,locker06,12
家里有必要两个电车么？,2022/3/26,timebreak00,16
明年才下牌照，现在去BYD店里看车会被赶出来吗,2022/3/27,meirenai,11
终于想花钱保养一下了，还被4S婉拒了,2022/3/19,zyzx77,5
id4x和比亚迪元plus纯电，应该选哪款好,2022/3/26,xxz0611,6
西方对俄制裁禁运，会不会改变我国以电动化为主的新能源路线？,2022/3/26,yanzhengma89,104
北汽内置的行车记录仪怎么看呢？,2022/3/27,raptors,3
钠电池发展到哪一步了？,2022/3/27,zyzx77,11
Re: 换个思路：电车拉高了车辆的起步价，抬高了出行成本,2022/3/27,原帖已删除,38
雪佛兰畅巡这车怎么样？,2022/3/27,happyshut123,5
丰田现在新电车bz4x宣传好多，还没出来，下半年上市,2022/3/27,hbworld,3
国家电网的充电桩是不是都不太好使？,2022/3/26,Yurimi,8
电车在京城确实只有两种,2022/3/27,privatetag,20
Re: id4 一汽优惠3.9w,2022/3/27,原帖已删除,14
电池衰减致使更换的标准，是不是太低了？？,2022/3/23,stoneyang,14
问界是哪个厂生产的？,2022/3/27,asm2004,1
这个特斯拉怎么收听CRI hit FM？,2022/3/24,Yurimi,8
纯电动SUV哪些安全性很好？,2022/3/25,piyao,41
星越L雷神Hi·X混动版这车看着不错啊，能对标byd唐dmi不？,2022/3/24,content,29
金属燃料电池的技术难点在哪？,2022/3/26,sunlustre,4
提车一年记-极狐阿尔法T,2022/3/12,wangdass8,52
30万买哪个混动车型？,2022/3/26,win2012,11
蔚来对现有车型硬件升级级,2022/3/26,shunderen,20
刚定了id4c lite pro,2022/2/10,isabelcui,46
钠电池+高效率插混才是最可行的大规模新能源车路线,2022/3/27,tenwars,1
千万条汽车维修数据告诉你谁家生产的车靠谱,2022/3/26,zyzx77,5
北汽的服务就这样？,2022/3/26,chenpeter9,10
虽然我不喜欢大众，周日还是订了id6c,2022/3/22,lwc1785,55
去年犹豫拒绝了一辆MY，遗憾,2022/3/25,txq,11
电耗降低是电机技术进步吗,2022/3/13,dawei78,52
混动车自燃率是不是翻倍,2022/3/21,myspace1939,4
开启ACC自适应巡航时右脚的正确姿势是什么？,2022/3/26,Forane,5
开了9万公里的小短腿，居然只保养了一次,2022/3/24,punkdrew,50
蔚来确定不跟进涨价,2022/3/23,AZTU,20
纯电高尔夫一万公里使用报告,2022/3/26,hu7235,8
极氪的2.0新系统，有人体验过没？,2022/3/23,yuxiu,55
为啥北京的公共桩 比其他城市贵很多,2022/3/25,Qlala,15
这一波涨价，应该意识到自主可控重要性了吧？,2022/3/22,chenghaibo,14
谁知道北京啥地方普通用户可以做专业权威的动力电池测试,2022/3/23,stoneyang,22
蔚来的5和7还没开始交付，6和8又太老，确实不太好涨价,2022/3/23,vake,11
为什么几何没人买，极氪大卖？,2022/3/25,sunlustre,28
Re: 买新能源车4s店有提供“车辆一致性证吗,2022/3/25,原帖已删除,3
几何C次顶配,2022/3/25,kw123456789,0
谁能科普下特斯拉的技术优势,2022/3/20,wsnsw,138
新能源汽车品牌排行榜,2022/2/18,wangkuo111,20
锂电池价格上涨情况下，燃料电池的机会来了,2022/3/21,sunlustre,6
换电车企要是推出居家换电，就好了,2022/3/22,wen1984,3
欧拉的车设计不错,2022/3/25,yzjba,19
特斯拉刹车门怎么还没结果？,2022/3/23,hyeana,31
电车的能耗受开法的影响太大了,2022/3/24,sushou,7
model y 换方向盘影响气囊吗,2022/3/25,justk,0
新车保险，新能源,2022/3/25,dxz,2
Id 4近两年有产品升级计划吗？,2022/3/25,Laurasia,2
电车保养费挺贵啊,2022/3/25,cygnal,15
锂资源不足于支撑新能源车的未来,2022/3/25,gen9,11
这是啥车？,2022/3/25,AD007,10
三流零件二流组装一流定位说的哪家？,2022/3/22,wsnsw,36
我们这新能源小电动撞死2个人,2022/3/24,eiming,8
电车动力好对普通司机体验明显吗,2022/3/22,wei507166,57
友提：订单转让有可能人财两空,2022/3/25,Laurasia,2
买电车二手车的话 有啥需要注意和关注的,2022/3/24,stockerr,12
北京新能源车牌只能用来买纯纯电车吧？,2022/3/25,stockerr,2
现在电池回收啥价格了,2022/3/25,xbpb,3
小区六个充电桩全被油车或不充电的占着,2022/3/24,elly8123,12
一户只能装一个充电桩？,2022/3/23,biubiu02,10
sirius0777被取消在GreenAuto版的发文权限,2022/3/25,deliver,0
16年秦EV300，时隔5年，再次在五环行驶中失去动力 [3.24更新],2022/3/22,cutsin,15
小鹏G9有最新消息吗？,2022/3/24,RosieBian,1
疫情期间小客车指标延期的解读,2022/3/24,CherylBC,5
ZZ比亚迪与壳牌，这个合作是大手笔,2022/3/24,googlestyle,2
宇宙最强智能泊车非鹏厂莫属,2022/3/24,AD007,7
特斯拉这个算不算欢乐表?,2022/3/23,wangkuo111,32
4s店都说因为疫情，车运不进北京,2022/3/24,lwc1785,10
理想也跟进涨价了,2022/3/23,biubiu02,12
[汽车][新能源][电动]腾势这个角度像不像奔驰?,2022/3/24,re1,4
会有人在车上k歌么,2022/3/24,bluecome,18
据说这是比亚迪唐的价格,2022/3/23,lwc1785,14
关于Y的噪音,2022/3/23,ThisGuy,34
理想L9剧透第三弹：增程器、底盘、中央域控制器,2022/3/23,AZTU,19
夸夸西三旗比亚迪瑞鑫4S的机修师傅王国彪,2022/3/22,cogency,32
A0级如何选,2022/3/24,MagicWand,12
汉dmi，dmp来了，顶配真是太香了,2022/3/19,memory166,40
氢能产业发展中长期规划（2021-2035年）3.23发布,2022/3/24,coolfist,0
原来想买混动省下的油钱全交给车企了，估计还得倒补,2022/3/24,compaqn800c,7
Re: 上海消防员厉害了，正宗BYD,2022/3/24,原帖已删除,48
都说这个锁电那个锁电，特斯拉锁电吗？,2022/3/23,wabd123,16
id4、id6用的宁德811电池，安全性有定论么？,2022/3/22,xueqiangpku,17
2020年2月26日的电车指标，本周上牌成功,2022/2/18,seap,19
广汽埃安要拆分上市了,2022/3/23,biubiu02,9
小米汽车亦庄地块挂牌了 为小米定制的 1078亩 6亿,2022/3/24,lvjk862828,2
特斯拉技术特点汇总,2022/3/21,vta,46
请问板上车友有北汽ex3的群吗？,2022/1/1,laughter,15
tradeYao被取消在GreenAuto版的发文权限,2022/3/24,deliver,0
厂家解决几何c驾驶座门控制漏水结冰打不开问题,2022/3/23,bangke,2
哪个好看？哪个高档？,2022/3/21,ModernDuke,66
新能源家庭排号的积分能随着排队年限而增长吗,2022/3/23,Monodyy,5
选新能源车牌号有啥窍门吗,2022/3/22,lililala,13
询问两个关于摇号和牌照的问题,2022/3/23,CASTRaul,4
最近特斯拉及国产品牌涨价潮，更凸显了ID4的性价比，附使用心得,2022/3/19,deu66,31
为什么没有新能源的真七座MPV,2022/3/23,speedoflight,14
上汽大众的id系列的电车怎么样？id4二十几万，550续航的,2021/11/4,mqs357,36
车质网的投诉销量比排行榜有参考价值吗,2022/3/23,nejichen,9
记一次奇怪的特斯拉报废,2022/3/22,ylh1969,26
长安C385怎么样？,2022/3/23,sunlustre,3
新车可以异地上牌吗？比如在深圳上广州牌,2022/3/23,xiti,2
极狐跑西藏,2022/3/22,ylh1969,22
准备定id6 crozz了，新老推荐怎么操作？,2022/3/23,whatever111,7
这点事小鹏就干完了，干的还不错，需要等小米吗？,2022/3/23,zyzx77,0
北京车展延期举办,2022/3/22,ylh1969,11
最近有哪个电动的轿车没涨价的吗，10-20万区间内,2022/3/17,UII,14
厉害了……小鹏又火了！,2022/3/20,MICCAI,26
打算置换小短腿，求推，谢谢,2021/12/12,yvonnelee,82
上海，唐dmi自燃,2022/3/20,dolphinlang,122
华为问界怎么样？,2022/3/4,xingqiu,22
宝马IX3和汉ev应该选哪辆呀？,2022/3/21,forflora,91
锂未来将成为白色石油,2022/3/22,insanery,12
老旧电车有个优势,2022/3/23,dawei78,7
雪天如何刹车经验,2022/3/21,TuTuCao,33
ET5今年能交付嘛，不会耽误补贴吧？,2022/3/20,zhaijianxi,43
Re: 特斯拉3和比亚迪汉价格相当，特斯拉好在哪里谁能好好说说,2022/3/23,原帖已删除,38
计划明年2月买辆二手车,2019/9/1,luofeixiang,1
没想到这么多车有原生放电功能了,2022/3/22,zyzx77,13
蔚来理想不涨价是利润太高了吗？,2022/3/22,wsnsw,28
中午在后厂村看到一辆百度的极狐自动驾驶测试车,2022/3/21,PaoloMaldini,11
有购买汽车延保服务的么,2022/3/21,tayler,12
新能源车要大发展，配套标准，特别是插头插座标准要配套更改,2022/3/21,fakelake,15
这一轮涨价因素锂电池和芯片各占几成？,2022/3/22,wsnsw,3
突然觉得是不是买插混的比纯电好？,2022/3/9,yanblues,56
NEDC和CTLC背后的逻辑是什么,2022/3/21,speeper1,65
今天续保，业务员说特斯拉和比亚迪出险记录top2,2022/3/21,Laurasia,5
本青的电车去年保费不到三千，今天续保五千多……,2022/3/21,Laurasia,10
西二旗清河地跌西侧 充电站求助,2022/3/16,CherylBC,9
求推荐车型,2022/3/15,hbqcysj,19
特斯拉第一次去保养了,2022/3/21,sundayhx,17
广汽传祺，修个中网，快4个星期了，我该怎么维权,2022/3/21,blunyzhu,11
《这些车企继续作死，迟早会把新能源车推上315晚会！》,2022/3/21,kaka2w,1
不同人开车的电耗差距比人和狗的差别都大？,2022/3/20,tedxyz,14
退特斯拉皮卡让提供这么材料？,2022/3/21,SmartIC,5
这个视频一直没人关注吧,2022/3/21,qqfish123,2
人红是非多，最近很多无脑黑小鹏的,2022/3/21,AD007,0
元plus超值的买啊,2022/3/3,wen1984,102
特斯拉最大的技术优势就是,2022/3/21,shuaigege,5
比亚迪元plus看来难火,2022/2/19,googlestyle,39
丰田这个密度120的落后电池也锁电？！,2022/3/21,zyzx77,16
新能源轿车，是Aion splus还是小鹏p5,2022/2/18,xiao2020,25
固态电池落地了？,2022/3/21,smthxes,3
【小牛电动：上调200-1000元。今年金属是涨定了。】,2022/3/21,chaodide,2
Re: 汉EV销量那么好，唐EV销量为啥那么差,2022/3/21,原帖已删除,81
广汽三菱首款纯电动SUV阿图柯3月23日正式上市,2022/3/18,census,16
电车出行主要成本是停车费,2022/3/19,igentoo,15
现在这油价电动车开起来真的太香了,2022/3/19,lOOO,26
今天下雪电动车追尾了,2022/3/18,kolauy,208
极狐也要涨价了,2022/3/20,wangdass8,8
今天电量从60%掉到32%，才跑了60公里,2022/3/18,wuxiao,11
苹果美国汽车团队解散了？,2022/3/21,Urocky,1
电车争先恐后的涨价啊,2022/3/19,dsf008,34
锂等稀有金属全面涨价导致电动车涨价,2022/3/20,hebbyliu,8
大家觉得aion y这车好看吗？,2022/3/19,cr7vip,21
比亚迪的这些产品系列,2022/3/7,shunderen,22
现在在北京买比亚迪秦、宋plus ev能有多少优惠？,2022/3/19,codemaker,2
加入了极氪的等车大军,2022/3/20,land611,14
威马与哪吒的销量为何差距这么大呀,2022/3/18,csman,24
新能源车价钱会怎么走？,2022/3/21,wen1984,1
埃安v这个车咋样,2022/3/20,stockerr,9
北汽换电和蔚来换电,2022/3/13,dreambovey,50
第一台车买电动车的人多么？,2022/3/20,ModernDuke,21
好多人之前展望，未来几年电池发展趋势，价格一定下降,2022/3/21,tclj9,0
雨刮器刮玻璃有声音，是不是该换了？,2022/3/20,phoenixhills,4
私桩充电怎么那么慢呢？,2022/3/19,syzhulun,26
请教新能源家庭排队问题,2022/3/15,yaofreedom,15
Re: 买一台如图这样的大众车主机,2022/3/21,原帖已删除,5
去年买特斯拉的赚大了,2022/3/19,shunderen,21
比亚迪护卫舰07感觉质感不错,2022/3/17,he111,19
理想L9以后就别推干柴烈火小年轻文案了,2022/3/9,MacDull,14
下定了ID3，不纠结了,2022/2/27,doujiang888,81
油车准备换电车，有哪些品牌可以开走几天试驾的？,2022/3/18,yunsile321,29
新小鹏车主家属兼油车老司机谈P5体验,2022/3/17,westgatesnow,23
特斯拉钥匙有人要吗,2022/3/19,qiangjuhua,7
新能源车涨价了，大家还买吗，哪个性价比高点,2022/3/19,foreverer,25
感觉插混版满电刹车也比较弱。,2022/3/20,e5200,1
dolphinlang被取消在GreenAuto版的发文权限,2022/3/20,deliver,0
瞭望塔,2022/3/19,zthenry,16
HEV的电池会自燃吗？,2022/3/20,ehu,4
汉dmi顶配，dmp悬挂，以后友商有点难,2022/3/19,memory166,22
有了dmi，为何还要卖dmp,2022/3/19,zyzx77,27
请问最佳充电方式是？---油电,2022/3/20,sonja2022,0
比亚迪的超级混动与丰田的混动有什么优势吗,2022/3/19,zhaozhao1982,30
1.5kW DC恒流源，接3个600W逆变器，如果坏了个逆变器 (转载),2022/3/20,marion,2
id6c，打算明天去订车了，有要注意的么,2022/3/19,lwc1785,11
买了两个车载灭火器,2022/3/19,hippopipi,7
当年比某迪向香港推电动车，港府以锂电池不安全为由拒绝了,2022/3/20,byan89,5
订了ID4.CROZZ。。。,2021/7/4,bsb1012,46
马斯克果然商业奇才,2022/3/18,punkdrew,17
"dmp,迈锐宝xl友好对比",2022/3/19,Engelberger,4
某论坛上的一个事故，感觉ID4的安全性还可以啊,2021/8/3,bsb1012,7
Re: C11用车体验，供参考,2022/3/20,原帖已删除,0
今天玛奇朵DHT-PHEV要上市了,2021/11/17,zyn90,49
在北京有油车，想换成纯电,2022/3/18,zdland,50
两年没去4s保养了还能去吗,2021/11/23,yuemijindu,16
汉dmi为啥要那么长的纯电续航,2022/3/19,shunderen,2
id6屏幕黑屏歇菜了,2022/3/17,davyfl,21
电爹的英语怎么说,2022/3/19,chenghaibo,4
是不是新能源申请结束了？,2022/3/19,zoeroses,2
mustang mach-E,2022/3/19,nowan,4
刚小鹏销售打电话说下周一全线涨价,2022/3/18,NewYorkSir,10
本版能求个奇瑞小蚂蚁吗？,2022/3/19,dorisss,2
[讨论]概念板块：智慧停车、吉利概念分别以-1.91%、-2.97%的周,2022/3/19,immmp,0
[心得]细分行业：摩托车及其他以-1.96%的周涨跌幅排行最前，卡,2022/3/19,immmp,0
啥情况？囤特斯拉订单可以发财致富了？,2022/3/18,yehorse,1
听说今天早上停在户外的智能车开门关门费劲了,2022/3/19,AD007,2
你们的充电桩都装了空开吗？,2022/3/17,TJUyoung,24
打算买电动车的抓紧下手啊,2022/3/1,firstflood,19
家庭积分申请新能源的今年需要重新申请认证吗？,2022/3/19,flyinwind001,1
求证：新能源车指标在疫情期间可以延期使用？,2022/3/17,wanhuatongin,3
最高续航795Km，宝马i4售价44.99万起,2022/3/10,speeper1,21
Re: 大家看好太阳能汽车的前景吗？？,2022/3/19,原帖已删除,1
咨询，还没拿到指标，可以走车贷流程了吗？,2022/3/18,flyli,7
帝都新能源指标能买油电混合车吗？,2022/3/18,dancewithnet,6
wdbzf被取消在GreenAuto版的发文权限,2022/3/19,deliver,0
今天在SKP停车,2020/4/12,PaoloMaldini,23
Re: [电动]求推，谢谢,2022/3/18,原帖已删除,0
看这个车身构造，底盘悬挂，就了解纯电平台了,2022/3/18,tclj9,22
Re: 特斯拉向“倒爷”发起总攻，一年内卖车赔车款1/5,2022/3/18,原帖已删除,13
Re: 改款后的model y还值得买吗？,2022/3/18,原帖已删除,4
机动车跨省转籍 所有人不变 算过户么 首任车主权益还有吗,2022/3/11,port7,14
通知Model Y可以提车了，但是有点不想买了,2022/3/17,census,7
麻烦帮忙看下家庭新能源分是非正确,2022/3/17,dahan520,10
谁有汉EV和宋plus ev改款的消息？,2022/3/18,wen1984,4
现在摇油号切新能源号什么时候能排上，个人非家庭,2022/3/17,benz450,11
ET7就是5系的尺寸，为什么要和78S对标？,2022/3/8,ModernDuke,131
18年2月排的新能源号 今年能排上指标么,2022/3/14,kyodidi,30
比亚迪元plus现在能优惠多少，15.78万那款,2022/3/17,qbyang2009,2
极氪在下雪天一个好玩的小功能,2022/3/17,cosun,12
特斯拉能进医院吗,2022/3/16,justk,14
汉和唐dmp的售价这是要奔35去了？,2022/3/17,gylwj,8
再次体验亚迪，对比ID4C,2022/3/15,deu66,28
明年新能源指标有没有可能变成8万,2022/3/17,tclj9,9
我家车用得太少，能在有空的时候跑滴滴之类的吗？,2022/3/16,lingyunfei,14
16款老e5，分享一些积攒的知识,2022/3/17,wwsq001,18
问个特斯拉网上选号的问题,2019/6/23,PaoloMaldini,6
才知道特斯拉车里还能弹广告,2020/5/21,PaoloMaldini,1
Re: 车有这几个问题，严重吗,2022/3/17,原帖已删除,1
这是被人工拍的还是设备拍的,2022/3/17,aczo,3
不知道版上能不能问4s店的推荐,2022/3/17,st123123,2
比亚迪海豹的侧脸装饰太啰嗦了,2022/3/17,wuxiao,7
[求助]问下有没有从自家电表接充电桩的,2022/3/4,yangym,76
红旗电车如何,2022/3/16,oldgeng,2
等等党是不是基本告别特斯拉了,2022/3/17,yasel25,7
小白求问试驾,2022/3/16,tminzhi,1
年前定的model y长续航涨了两万八,2022/3/17,ppstay,2
北京18年5月排新能源还要等5年？,2022/3/17,Druidong,5
长安新出的c385怎么样？,2022/3/17,xiwangwww,0
盲定蓝色顶配驱逐舰05,2022/3/17,CMaverick,4
请问这是什么车？ (转载),2022/3/17,yutong,1
五菱宏光这款车还挺可爱,2022/3/17,wwjj2017,3
花钱买个质保，打算开5~10年,2022/3/16,AD007,13
最近车管所随机的号怎么样,2022/3/17,nadine,2
Re: 比亚迪胎压检测异常，轮胎没有瘪。总是提醒轮胎瘪了。,2022/3/17,原帖已删除,1
电桩公司考察完后说要扯线200多米,2022/3/13,privatetag,27
