﻿主题,发帖时间,_ 作者,回复
试驾华为问界M5，除了车机不错，其他全不符合预期,2022/3/15,dakuohao,35
唐ev什么时候发布,2022/3/15,xiadayu,21
已经好久没踩过刹车了去试驾坦克300都不会开了,2022/3/16,huanyongID,6
理想L9功放功率2160W,2022/3/16,biubiu02,9
天气暖了，终于不用每次出发前都充满电了,2022/3/15,zhuming717,19
高速轮眉飞掉后续,2022/3/16,xxyy0088,13
[特斯拉model y]终于通知提车了……,2022/3/16,dearsatan,16
极狐T轻松通过成佛坡,2022/3/15,sdlk,60
2月新能源乘用车批发销量31.7万辆 同比增长189%,2022/3/16,zhugf000,1
Re: 新能源排名10万以内的，有人切家庭吗？,2022/3/16,原帖已删除,5
有必要拖到年底再买车吗？,2022/3/15,wen1984,11
Re: 理想L9实在是太难看了,2022/3/16,原帖已删除,8
自编号牌50次机会，有时间限制吗？,2022/3/16,JoseM,12
红旗的电车,2022/3/16,DoubleH,8
有比亚迪车主给老带新吗？,2022/3/16,foreverer,1
求推荐个贴隐形车衣的地方,2022/3/16,alpha529,1
比亚迪海豹玩得啥路数,2022/3/14,zhiyuan2012,37
同事21年12月买ix3价格到现在涨了这么多,2022/1/29,danmishell,19
建议国家出政策，老小区装3000瓦交流充电桩。,2022/3/15,e5200,42
比亚迪官宣涨价,2022/3/16,tiaoyang,11
15万落地最佳选择是比亚迪元Plus？,2022/2/20,tobeworker,77
10个月的电耗统计,2022/3/16,ble,1
高速轮眉掉了,2022/3/15,xxyy0088,29
总结一下自己中意的几款SUV，预算够的情况下，哪款合适？,2022/3/16,whatever111,8
上海结束三相充电桩时代,2022/3/15,ylh1969,42
新款汉ev到底什么时间上市？,2022/3/14,zdland,25
特斯拉又涨价了？,2022/3/15,insanery,26
有必要每个车位都装上充电桩吗,2022/3/15,sofcm,13
比亚迪也涨价了,2022/3/16,wabi,1
求问各位今年家庭新能源48分稳妥么？,2022/3/15,wzmking2018,24
特斯拉又涨价了,2022/3/15,sundayhx,13
银亿变更实控人后资本动作频频 扩大新能源汽车产业链谋发展,2022/3/16,zhugf000,0
数据显示2021年全国新能源汽车保有量达784万辆,2022/3/16,zhugf000,1
12123选号,2022/3/13,frontpage,10
新能源二手车也有春天,2022/3/16,zhugf000,0
新车是6年免检吧？,2022/3/15,plyy,2
手握600亿资金，蔚来看不到未来,2022/3/15,Onepunchman1,1
比亚迪能买的电车,2022/3/14,yehorse,21
xway666被取消在GreenAuto版的发文权限,2022/3/15,deliver,0
yaodavid被取消在GreenAuto版的发文权限,2022/3/15,deliver,0
比亚迪海豹外观出来了，看着还不错,2022/3/14,young1234568,68
油车摇号中断过，转了家庭，阶梯积分怎么算？,2022/3/15,wen1984,6
明年新能源车要收购置税吗,2022/3/5,xx0791,9
去年今年都说40分，哪个更靠谱？,2022/3/15,wen1984,1
网站什么时候会更新新的家庭积分,2022/3/15,meirenai,1
42分（现在）能拿到指标不（附计算器）,2022/3/15,wen1984,11
不想排电车想转油过了3.8现在还能改吗,2022/3/15,zl87758539,2
电动车和插混车的电池一般能用多久，换一套新的多少钱？,2022/3/15,Engelberger,4
转个论坛上的贴，高速和国道耗电差异真大,2022/3/11,huankuib,21
Re: 老破小改造，防盗网要不要拆,2022/3/15,原帖已删除,0
特斯拉轮胎太差了,2022/3/14,jaxwq,21
好奇为啥汉ev销量那么大,2022/3/9,wen1984,53
flameboy被取消在GreenAuto版的发文权限,2022/3/15,deliver,0
现在市面上的纯电MPV有四驱的吗？,2022/3/10,pandy,20
公司地库出现了大量交流慢充桩，突然实现充电自由,2022/3/13,Svensson,71
上汽荣威的iMax8 EV通过工信部公示了,2022/3/14,run9,11
最便宜的电车多少钱啊？,2022/3/14,LcDw,9
新能源个人转家庭号审核,2022/3/14,yinet,0
Re: 车牌号怎么收回？玩啥操作呀,2022/3/14,原帖已删除,7
海豹好像嘴被踩了一脚,2022/3/14,wen1984,3
厂家锁电之后，车机再设置充电到90%，是会锁上加锁吗？,2022/3/14,deu66,2
新的新能源指标能维持几年不买车啊？,2022/3/14,huangyao1982,1
出租车师傅都知道胎压大法了,2022/3/14,zhangxy11,35
宋dmi车主现身说法,2022/2/13,cdbdyx,67
新开一帖，关于ET7悬挂材质到底是铝还是钢的悬疑,2022/3/13,kettle,29
昨天在路上看到一个非常好看的北汽新能源车，很小，LITE还是什,2022/3/14,ajun,6
id6c最新价格,2021/12/12,lecco,34
请问理想湾有啥竞争车型？,2022/3/10,shuaigege,32
电动车是未来吗,2022/3/13,konan,3
求推荐15万以内的车,2022/3/9,stars000,43
4.5万的腾势300和4.7万的iev7s应该怎么选？,2022/3/11,kunseng,29
北京之前有移动充电车，现在貌似没了,2022/3/14,KBKATE,0
目前42分，到5月底能有多少分？,2022/3/14,rayshen,7
Re: 这个车灯可以自己买东西修吗？,2022/3/14,原帖已删除,1
Re: [电动]新能源车企争相上市，谁能成为赢家？,2022/3/14,原帖已删除,1
试驾元plus后排感受,2022/3/14,fybfox,2
再过两年，纯电车能发展到什么程度？,2022/3/13,Laurasia,11
下午开极氪去延庆世园公园，持续直播【2楼总结】,2022/3/13,cosun,34
请问，疫情期间号码自动延期的政策，目前还在执行中吗？,2022/3/7,mackenzie,4
北三环户外停车场费用，贵吗？,2022/3/10,yangym,28
以前的7千瓦优易充充电桩能转多少？,2022/3/13,kroneck,1
Re: 一个JUN人朋友说，他们单位所有的特斯拉都卖掉了,2022/3/14,原帖已删除,23
新能源汽车发展停滞,2022/3/13,sunlustre,53
员外一个人也没有，整个旋转木马都充满着锈迹，看起来已经很久,2022/3/14,weiluluwei,0
岁宁忧凤食贫。风月肯来聊竞爽，尘嚣不到独相亲。何时,2022/3/14,weiluluwei,0
新能源将成全中国的老车文化,2022/3/13,ydf,12
第二辆车有私桩，舒适点的五座车，好像没什么选择,2022/3/12,wanyh,40
记者采访马斯克如何看比亚迪，马斯克一阵狂笑,2022/3/13,Laurasia,13
新势力里最令人作呕的品牌是,2022/3/13,tbbt2013,8
充电桩度数和电表度数为啥不一致,2022/3/13,linmm2018,1
跳起来了， 此时他的额头已经满是冷汗了，“接下来还有两个沙漏,2022/3/13,weiluluwei,0
换电没什么前途,2022/3/12,tbbt2013,8
et7铝壳换铁壳了,2022/3/11,CanDo,72
Re: 求个充电桩安装,2022/3/13,原帖已删除,1
蔚来真难啊,2022/3/12,shunderen,19
现在的车企市值排名是怎样的了？,2022/3/8,dsf008,3
国企的充电桩都是摆设吗？,2022/3/13,Yurimi,10
现在补胎都是小病大修的吗？,2022/3/10,niuya,11
有没有XC40车主，分享个快充速度问题？,2022/3/13,zyzx77,4
搞自动驾驶的哪家想到了这种厂家,2022/3/13,googlestyle,0
充电桩收费服务费都不低,2022/3/13,chrome2000,0
京津冀消协发布电动汽车低温续航比较试验结果,2022/3/11,zowave,25
fishwon被取消在GreenAuto版的发文权限,2022/3/13,deliver,0
低温续航测试，意义不大，没有参考价值,2022/3/11,yehorse,27
620多天4万公里,2022/3/12,zthenry,13
"65%的锂原料需要进口,电池核心原料碳酸锂从5万元涨到50万元！",2022/3/12,APC,6
宋dmi满载爬山测试,2022/3/12,zjheric,3
"马斯克喜迎第7胎女儿,简称 Y",2022/3/11,nisus,9
天气转暖，好多极氪车主都开出nedc的1:1了,2022/3/11,cosun,52
即刻都nedc了，为啥特斯拉还是epa,2022/3/12,xiti,15
Re: 不到14万的小车，第三年上，现在要4400的保费。贵吗,2022/3/12,原帖已删除,7
Re: 试驾id6 C， 非常沉稳的车,2022/3/12,原帖已删除,3
问个和续航标准有关的问题,2022/3/12,wen1984,18
电车是不是理论上跑得越慢越省电？,2022/3/12,chylli,18
赶在2月底前定了一汽大众id4 crozz pro,2022/2/24,buptstone,20
比亚迪秦plus ev莫名奇妙的bug,2022/3/8,ybzhero,6
比亚迪唐max，混动，上半年有可能吗？,2022/3/11,blunyzhu,9
李斌传福会面,2022/3/11,AZTU,7
2万块的电动皮卡淘宝上买靠谱吗？,2022/3/12,jumbonb,1
比亚迪将要上市的唐dmi252很香啊,2022/3/10,tsdujiaoshou,19
喜欢单踏板的一定会越来越多,2022/2/25,gokukun,113
Re: 帮我看一下新车保险，多谢,2022/3/12,原帖已删除,8
"坐标哈尔滨没有车库,看好byd宋plus dmi",2022/3/10,xxxlll,47
Re: 问个网上唐DMI冒烟的事,2022/3/12,原帖已删除,1
招商银行，爆款产品,2022/3/12,lvyuhang1,1
唐dmi到底行不行，全靠同行衬托,2022/3/12,kaka2w,1
准备定ix3，但因产品召回问题不敢贸然定,2022/3/11,wanglei8478,22
蔚来是不是出什么问题了，销售都口不择言了,2022/3/10,tcmzxp,34
没人关注宝马i3吗,2022/3/11,nuly,12
开比亚迪混动的人越来越多,2022/3/10,hcp,15
byd电车的上网费用是多少？,2022/3/12,kampoo,1
特斯拉的导航是哪里比较难用？我咋没用出来啥区别。,2022/3/9,xiti,54
欧拉好猫和aion y怎么选,2022/3/8,iRonaldo,59
老旧小区怎么装充电桩？,2022/3/4,sushenxiaoyu,17
见过最正式的道歉，来自小胡说车,2022/3/11,wangdass8,14
轿车相撞瞬间爆燃,2022/3/11,shunderen,0
大家贴过改色膜没？多少钱啊,2022/3/11,flythorn,3
试驾，看车和价格结果,2022/3/11,wolfheader,4
这个手机支架不错啊，和内饰浑然一体了,2022/3/11,AD007,1
试驾了两天车，头有点晕,2022/3/9,wolfheader,1
ID 4x和crozz哪个好,2022/3/11,erl2,12
这服务水平咋样,2022/3/11,xglchong,1
纯电SUV求比较,2022/3/10,HaiJiaoCN,12
关于ET7 钢铝混合车身的技术探讨,2022/3/11,sdlk,13
问一下CYBERTRUCK皮卡在北京能进5环吗？,2022/3/9,SwordFlying,12
今天早上居然路遇一辆E-QM5,2022/3/11,ble,2
打车都是电车了，但打车费用基本没降，利润被谁吃走了？,2022/3/9,xiti,56
205公里续航四年电车今天早上充满201,2022/3/9,wsnsw,10
真真做到肥水不流外人田应该买哪个牌子？,2022/3/11,wsnsw,10
理想L9取消了仪表盘（屏） (转载),2022/3/11,qtpr,2
4.5.3版的AP低速太差了,2022/3/11,hsv,5
理想L9没人讨论嘛？这才是城市奶爸车+远方自驾游车之首选,2022/3/9,yehorse,44
统计新能源车。,2022/3/11,ylh1969,0
EU5最近的车机升级会不会影响之前的第三方应用的安装,2022/3/9,acright,9
全球用纯电的话，轻金属资源够不够？,2022/3/10,dukenuke,10
插混的suv有什么值得推荐的？,2022/3/7,forbearing,39
如果都有方便的超充 的确可以尝试多种品牌,2022/3/11,tbbt2013,0
单纯技术讨论，美国制裁中国的话，特斯拉会变砖吗,2022/3/10,arouz,16
一个牌值80万，羡慕那些手里多张牌的,2022/3/10,yehorse,15
说说开了几十公里的欧拉好猫,2022/2/25,wrsea,46
比亚迪海豹,2022/3/6,shuidaodao,67
46分今年家庭号有戏吗？,2022/3/6,st123123,20
批判下理想的广告,2022/3/7,MacDull,9
教岳父骑电动车 (转载)//这就是无法适应单踏板的？,2022/3/10,xiti,10
特斯拉3p 开三个月后有什么补贴吗？,2022/3/10,xiti,0
续航数比实际里程掉的少，可能是啥原因？,2022/3/8,raptors,21
以下配置的纯电，好像还不容易搞,2022/3/10,wolfheader,11
优易充是出租车专用吗？,2022/3/10,duoduo88666,7
特斯拉又涨价了,2022/3/10,wangzy,16
年化费率和年化利率什么关系？,2022/3/10,chenminer,3
Re: 北汽eu7有买的版友吗？,2022/3/10,原帖已删除,9
求问下，试驾车可以买吗？,2022/3/9,arthur503,12
[开脑洞]有没有可能生产出模块化增程器？,2022/3/10,tedxyz,2
镍涨价了，后续会影响到车价吗,2022/3/9,profo,6
最近见到几次红旗的小电车，是公务集采么？,2022/3/10,alou,1
单踏板模式和急刹车有啥区别？,2022/1/12,wangsibo,29
L9的问题还是空间,2022/3/10,zukerG,4
BYD 秦plus dmi 120版本的，一周开一两次，每次双程大概半小时,2022/3/1,lingyunfei,9
求问有经验的版友：购车资格5月份到期，等新款唐手续来得及吗？,2022/3/10,smallflyfish,4
深度试驾特斯拉晕车,2022/3/8,wanglei8478,45
谁买极狐了？车技好用么？问几个问题,2022/3/8,madder1982,10
[转载][新能源]特斯拉承认 Autopilot 需司机持续监控，参议员：,2022/3/10,Yurimi,2
笑醒了,2022/3/10,woaipinr,4
et7租电池的方案划算么？,2022/3/8,kyodidi,45
乘联会：特斯拉中国2月56515辆,2022/3/8,LucaToni,6
欧洲开始反思，降低对俄油气依赖,2022/3/8,census,13
电车冬天跑长途也是五折吗？,2022/3/9,tedxyz,14
特斯拉现在订要等多久？,2022/3/9,artech51,5
特来电充电桩出现暂停 手动刷新app页面还能接着充电,2022/3/9,iamamirror,1
据说特斯拉又要改回5.6s的后驱,2022/3/9,musclefans,5
极狐的问题不在于车,2022/3/8,shunderen,23
忐忑不安的感觉,2022/3/9,wen1984,0
电动出租车，真硬啊,2022/3/9,tclj9,0
[新能源]奔奔 e-star,2022/3/9,elseswitch,16
前些天闲鱼看到个72800的ge3，今天被贩子76800挂出来了,2022/3/9,idiotwsh,9
本田享域这款混动怎么样，看油耗很低，价格11w左右,2022/3/9,haolihai,2
26分的家庭是不是还是老老实实摇油车,2022/3/9,nolan0315,14
本版是不是有长城欧拉好猫的托啊？,2022/3/9,JerryChina,12
求问怎么查询现在北京电车有多少排号的？,2022/3/9,studyboyj1u,1
秦plus和宋plus有多少优惠了 大神？,2022/3/7,HLWJSJ,6
蔚来的车不换电就很亏,2022/3/8,shunderen,30
定了极氪单电长续航,2022/3/8,yuxiu,41
个人排名60111，23年6月能排到不？,2022/2/12,wen1984,18
[原创][电动]长安E-Rock 一锅电七折  春天来了,2022/3/9,zhuming717,9
换电是个伪命题,2022/1/26,CanDo,57
普丁普帝的区别,2022/3/7,yitruly,2
E5六年了，写一下上线检测流水账,2022/3/8,fcdota,11
我觉得单踏板能加快开车速度,2022/3/8,tedxyz,4
荣威科莱威 clever 302公里才4万5,2022/1/13,FLYBBS,28
俄乌冲突，电车销量看涨,2022/3/9,zhouxxs,5
想看看电车，顺便试驾，请问北京那个地方电车4S比较集中,2022/3/9,DavidTimber,1
老破小也能充特斯拉,2022/3/7,byan89,25
为何不开发续航200以上、可插电充电的混动？,2022/1/12,beerbomb,9
想换车求问,2022/3/8,wolfheader,3
求助临牌问题,2022/3/7,CASTRaul,3
今天去看了大众ID4 CROZZ,2022/2/25,szhan46,12
这是什么车标，绿牌新能源,2022/3/8,SebaMed,15
Model S为什么卖这么贵？比ET7好在哪里？,2022/3/7,ModernDuke,34
续航短烦恼少,2022/3/8,zyzx77,4
秦pro现在还有卖？,2022/3/7,shunderen,1
跟4s店杠上了,2022/3/7,chenminer,14
Re: 考虑从上海开电车去西藏旅游，可行吗,2022/3/8,原帖已删除,12
横向对比一下串并联的油耗 (转载),2022/3/8,qtpr,0
特斯拉CEO马斯克：电动车续航里程太高没意义,2022/3/4,mos,57
蔚来ET7  智己L7哪个产品力强？,2022/3/7,triformix,53
今天试驾特斯拉进入隧道突然减速,2022/3/8,wanglei8478,15
申请临牌效率也太高了,2022/3/7,raptors,14
最多15万预算 妈接送孩子代步车 求推荐,2022/3/4,canlanqianri,32
Re: 代友求问哪吒u pro如何，版友有开的吗,2022/3/8,原帖已删除,1
可否这样来搞一把,2022/3/7,BrownPupil,6
宋普拉斯依偎刹车总感觉刹不住,2022/3/8,locker06,1
宋plus ev 3.0平台改款，有没有消息？,2022/3/8,wen1984,3
想收个广东的特斯拉3p订单,2022/3/7,xiti,5
[电池][新能源]毛豆Y官网标称里程545km，实际430km，正常吗,2022/3/7,huhooyeah,84
请教下，供电所不给扩充电表，说最高40c，该怎么办？,2022/3/7,deu66,15
电车电池自燃把旁边车烧了  怎么办,2022/3/7,port7,14
周末去比亚迪试驾了元plus、汉ev,2022/3/7,wen1984,18
亿纬锂能的4680是来搞笑的吗？,2022/3/7,speeper1,9
四驱极狐T周日往返世园公园电耗小测,2022/3/6,sdlk,35
我说海豚刚上市也没几天咋这么抢手呢,2022/3/5,kaka2w,39
好消息，政策来了,2022/3/3,hjf039,38
驾照只剩下9分，状态正常影响审核吗？,2022/3/7,sibalu,2
蓝牌秦EV300很顺利的给换电池了，没任何battle，记录下,2022/3/7,rodge43,20
家庭积分62，不是着急用车，是否变更申请新能源？,2022/3/4,cgx000,10
怎么能够不浪费家庭积分呢。。。,2022/3/7,BrownPupil,6
特斯拉是不是交车变快了？,2022/3/7,plyy,10
Re: 有哪些新能源车可以不丢面,2022/3/7,原帖已删除,23
夫妻名下各一辆车，能转给子女，再摇号吗？,2022/3/7,smart,14
比亚迪：2月新能源汽车销量88283辆，同比增长494.28%,2022/3/3,YSharp,46
郑博士测极氪的nvh了，看看隔音怎么样,2022/3/6,cosun,9
ID3看着真棒，尤其是女生应该很喜欢,2022/3/6,Laurasia,14
[求助]家庭摇号,2022/3/7,charliehuang,1
唐EV的群有吗,2021/3/5,Lyricalsong,8
Re: 都醒醒吧，星链+特斯拉意味着什么,2022/3/7,原帖已删除,1
京承一车自燃,2022/3/7,sq7548463,9
想买北京验车券，是发在本版吗？,2022/3/7,smart,0
特斯拉导航是在线的吗,2022/3/6,dawei78,7
:夫妻家庭积分，目前才12分，啥时候能摇到电牌,2022/3/7,ncepuwang,2
丰田章男炮轰电动汽车,2022/3/1,shunderen,6
极氪是有什么问题？,2022/3/4,pheiMax,46
Re: 关于特斯拉，友情提示,2022/3/7,原帖已删除,70
一直用应急充充电靠谱不？,2022/3/5,Charity22,8
换车需要拆电桩吗？,2022/3/1,land611,16
马斯克的星链向乌克兰捐赠设备、开通服务。大家担心的还是发生,2022/3/2,young1234568,117
求推荐20-30w纯电车，排除特斯拉,2022/3/3,upanda,38
蔚来这个车真是漂亮,2022/3/6,smavatar,10
昨天提车啦，特斯拉确实好开,2022/3/3,ttmaomi,45
曝松下计划在美国建新厂。为什么不是中国？,2022/3/6,zyzx77,7
想入手汉，请教一下,2022/3/6,kenmore,14
昨天有人说毛豆3后排小,2022/3/6,ygs,11
首款MEB纯电轿车最早或将于2022年底亮相,2022/3/5,Laurasia,23
冬天高速110电车能耗会到多少,2022/3/6,davyfl,1
Model Y磷酸铁锂电池低温衰减问题,2022/3/4,wanglei8478,22
4680上市会涨价还是降价？（内空）,2022/3/6,zyzx77,1
[讨论][求助]极狐的电池问题,2022/3/6,sinbad2004,17
逸动Ev 做了个小保养花了470,2022/3/6,Laurasia,1
e5马上六年了，四s店劝我花4000多买个两年延保,2022/3/6,huangyao1982,7
今年冬天好像没听到铁锂特斯拉趴窝的消息,2022/3/4,yehorse,9
tsa300被取消在GreenAuto版的发文权限,2022/3/6,deliver,0
版面积分变更记录,2022/3/6,deliver,0
kakaria被取消在GreenAuto版的发文权限,2022/3/6,deliver,0
AD007被取消在GreenAuto版的发文权限,2022/3/6,deliver,0
tsa350被取消在GreenAuto版的发文权限,2022/3/6,deliver,0
实际续航不足三百的新能源无法撼动燃油车地位,2022/3/5,tbbt2013,5
广汽埃安绷不住了，涨价4000-10000,2022/3/4,yehorse,12
网易测的AION Y加速数据真实吗？跟我的感受怎么不一样？,2022/3/5,zyzx77,7
易车10w电车级别冬季横评---海豚杀疯了,2022/3/4,chuanlang,23
特斯拉断网能开吗,2022/3/5,dawei78,6
求教充电桩功率问题,2022/3/5,irance,6
细小:乌克兰老百姓开车逃跑，特斯拉车主还在充电 (转载),2022/2/24,AaYaYa,6
万一中美开战，特斯拉那么多电池，跑到蔚来换电站引爆怎么办？,2022/3/4,felixnbgg,11
30A充电桩，接个青岛电表厂10(40)A的电子式电表 (转载),2022/3/5,smart,1
三月了,2022/3/5,ia,2
计算了下能充40度电，但是续航是表显示的30%，怎么回事,2022/2/28,melodyoflife,3
特斯拉技术就是高超,2022/3/4,zhangxy11,7
[新能源]对标“十四五”末全市力争累计推广新能源汽车200万辆的,2022/3/5,qzzidane,4
有人定摩卡 phev款的么？,2022/2/25,tanguofu,20
电车的春天来了,2022/3/5,Laurasia,1
理想汽车的第二款车官宣了—理想L9,2022/3/4,qtpr,12
比亚迪车型,2022/3/4,shuidaodao,9
id3有什么降价的消息不？,2022/3/3,carot,8
大众ID系列后轮鼓刹,2022/3/3,mtaoraki,24
充电桩超过30米大家都是被怎么收费的,2022/3/4,sinbad2004,3
Re: [新能源]想把自己的北汽EU260租出去,2022/3/4,原帖已删除,2
驻美大使秦刚考察特斯拉体验fsd，马斯克当司机,2022/3/4,MICCAI,23
工信部要求2025年平均油耗4升,2022/1/24,sirius0777,201
Re: 这个车要赔钱吗？,2022/3/4,原帖已删除,0
电动车有没有可能手摇充电？,2022/3/4,topking,32
喜欢在车里睡觉，最适合的是哪款车？,2022/3/3,wwpty,17
MY换汉兰达怎么样,2022/3/4,tbbt2013,6
两年model3 想换model y了,2022/3/2,iRonaldo,27
什么时候才能实现任意时间充电？,2022/3/3,tradeYao,6
要是五菱mini ev 在市区搞换电，估计销量会再爆增一波,2022/3/3,GUAZHA,5
leliang被取消在GreenAuto版的发文权限,2022/3/4,deliver,0
小牛的老板脑子进水了，搞个电动车丑到飞起,2022/3/2,content,13
早上路遇一辆雷克萨斯纯电车,2022/3/4,ble,2
特斯拉能一键断网吗,2022/3/4,dawei78,2
有昌平附近意向大众ID系列的车友么？,2022/3/1,nickyday,13
手机无线充电座都那么烫了，公路铺线圈,2022/3/4,zyzx77,2
Re: 电动车本质上是烧煤，岂不是比烧油更污染环境？,2022/3/4,原帖已删除,4
新能源年检价格参考,2022/3/3,newmoon,10
去杜家坎提到了最后两个cs55erock 之一,2021/11/19,xlrh,22
最受欢迎的新能源竟然是她,2022/3/2,xingqiu,19
你们想看的ID.4 用车3000公里体验TA来了,2022/3/1,dakuohao,21
极狐第一次续保搞定，报个告,2022/3/1,wangdass8,20
吉利在忙什么？,2022/3/3,wwpty,14
id6深度试驾2天，这车还不错，就是贵了点。,2022/3/3,walkman777,15
上限25W，没车位，两大一小，偶尔京郊游，买啥？,2022/2/28,wen1984,100
讨论毛个加速啊,2022/3/2,abcle,18
大众黑居然订了ID4,2021/12/22,lpss666,76
有什么品牌的车可以在4S店免费充电的吗？,2022/3/2,lnlc,5
今年保险比去年贵不少啊,2022/3/3,liyang88481,2
求购一个交流充电桩，带安装的,2022/3/3,lxf,0
特斯拉在80 100这种速度超车也很爽啊 120暂时没试过,2022/3/2,xiti,87
修改piaoling21在GreenAuto版的发文权限封禁,2022/3/3,deliver,0
《汽车驾驶自动化分级》国家推荐标准，今天起正式实施,2022/3/1,census,14
新车上牌免税证明怎么搞啊？,2022/3/3,deu66,4
今年新能源汽车补贴按什么标准,2022/3/2,maximovic,1
jayyouth被取消在GreenAuto版的发文权限,2022/3/3,deliver,0
进口丐毛豆3车主的真实能耗和续航 (转载),2022/3/3,ygs,17
福特也有新能源了？,2022/3/3,wwjj2017,4
马斯克捐赠星链设备给乌克兰的真相zz (转载),2022/3/2,oBigeyes,6
新能源车最有潜在优势的地方,2022/3/2,andia,13
智己L7咋样？好像和ET7同一天交付？,2022/3/3,wangstone,0
之前给老婆订model3的，今天提了ix3，充电桩也安装完毕,2021/12/24,nbsettler,22
从曾经加油站油表虚报联想到加电,2022/2/22,zhpx,3
比亚迪e6换电流水账,2022/2/25,orientodd,27
Re: 板上推荐最多的新能源车是哪个？,2022/3/2,tigehao,22
油价暴涨，电车销售：爱买不买,2022/3/2,AD007,0
关于新源车上牌流程请教下，现在还需要做新车工商验证吗？,2022/3/2,deu66,6
国内新能源2月销量,2022/3/2,antzzz,28
咨询个安装充电桩的问题,2022/3/2,wwsq001,2
充值帝越来越毫不掩饰的打广告了,2022/3/2,tbbt2013,6
这点伤 就上万了,2022/3/2,biubiu02,3
买油车的时候怎么没这么多人纠结两驱还是四驱？,2022/3/2,yehorse,1
The car is very niubi,2022/3/2,alexzeno,2
modely有必要加6万上长续航吗？,2022/2/13,abiao8,57
从俄乌战争的角度看新能源车是否应该发展,2022/3/2,fuweihua,10
lyriq咋样，大家有关注吗,2022/3/2,nshk1234,12
不懂就问 丰田最近四处都是广告的bz4x是和比亚迪合作的么？,2022/3/1,zhangxy11,5
新能源电车蓄电池寿命48%需要更换吗,2022/2/28,iamamirror,13
深度试驾大众ID4,2022/2/25,sundayhx,52
（后续来了）宋plus dmi，大过年撂路上了,2022/2/7,liaopingp,163
Re: 被北汽4s店气到了,2022/3/2,原帖已删除,2
2022春季北京车展重磅新车：小鹏G9,2022/3/2,AD007,5
油价越涨买电车的人越多,2022/3/2,Findest,6
CNS123被取消在GreenAuto版的发文权限,2022/3/2,deliver,0
yuanzcen被取消在GreenAuto版的发文权限,2022/3/2,deliver,0
huanghe423被取消在GreenAuto版的发文权限,2022/3/2,deliver,0
adiaa被取消在GreenAuto版的发文权限,2022/3/2,deliver,0
huyanyu998被取消在GreenAuto版的发文权限,2022/3/2,deliver,0
judithkay被取消在GreenAuto版的发文权限,2022/3/2,deliver,0
小鹏G9 外观牛逼，完全符合我审美,2021/11/19,jack1234jack,101
性能怪兽，BYD宋绿牌四驱爬成佛坡,2022/3/1,Engelberger,8
特斯拉的小电池都负责哪些功能？,2022/3/1,xiti,6
福特电马销量差主要责任是比亚迪？,2022/2/27,CC2CC,8
IX1估计会多少钱？,2022/3/1,ddll110,2
春天来了，真实续航开始超nedc了,2022/2/26,flyflit,9
rivian的车看着不错,2022/3/2,mafama,0
极狐要做公务用车了，18万,2022/2/28,sunlustre,19
第1年保险5000多算多吗？4S店让必须在店里上。,2022/3/1,deu66,11
柴暖驻车加热器没多大用，能充到低价电是王道,2022/3/1,yehorse,7
Re: 这个月没有厂家积极报销量了呀,2022/3/1,原帖已删除,22
法国 纯电动汽车销量暴涨,2022/3/1,winsen,2
福特Mach-E这车怎么样,2022/2/28,ViniciusJR,13
今晚上的能耗，真是堪比黄金右脚啊！,2022/2/28,insanery,8
终于要提毛豆3了 有啥注意事项吗,2022/2/20,xiti,121
id 4和model 3，你会选哪一个？,2022/3/1,Laurasia,15
宝马 i4要加价7万，果然颜值高就是王道....,2022/2/28,qian272,39
路上看到知己l7了 还不错,2022/2/28,xianrena,7
静态来看，极狐反而是感受最好的,2022/2/28,BrownPupil,71
有最近提Model Y的吗，请教一下保险,2022/2/28,wdyl,13
感觉路上常见的是3，很少见y,2022/3/1,wazgwsmj,19
[讨论]30分钟的试驾对大家来说足够么？,2022/2/28,tspain,34
李想：十年后成为汽车界苹果,2022/2/28,zhangxy11,19
4680真要来了那换电什么的岂不是邪路,2022/2/28,wangzhengbj,40
转了家庭号，根据新浪计算器，42分,2022/2/28,wen1984,9
李一男进军造车，自游家 NV 内饰曝光,2022/2/28,henrykaka00,5
BYD真的免费换电池啊,2022/1/19,grasille,53
2月销量是不是大家都不会很好，整个过年都在2月,2022/3/1,vake,1
小鹏p5，不要激光雷达，值不值得买？,2022/2/13,wen1984,27
再过两年，10万的车续航能有多少，综合水平相当于现在的啥车？,2022/2/26,lhfbjfu,16
元plus  秦plus  aion y  s 怎么选,2022/2/21,port7,22
求助90米左右的距离能否用6方线,2022/2/27,irance,10
小鹏还好吗，举行超度法会了,2022/2/28,shuiwoods,0
小鹏请道士帮忙了,2022/2/28,jpye,13
特斯拉只用超充可行吗,2022/2/25,CASTRaul,47
电耗18,2022/2/28,dawei78,8
一下就暖和了，电耗真是瞬间复活,2022/2/27,wangdass8,27
车电包 哪里买？,2022/2/28,boakiller,7
汽车小白，弱弱地问，购车流程是啥样的？,2022/2/26,shc361,11
家庭申请。小孩必须有北京户口吗,2022/2/27,port7,15
以后时速140kmh开时候 ，纯电车最好别占着最内侧超车道。。。,2022/2/28,bustrain,20
时局动荡情况下的油vs电。。。,2022/2/28,bustrain,14
家庭摇号排到后对买车时间有限制吗？,2022/2/28,hahamom,2
请帮忙推荐个性价比好的保险，ModelY下周提车,2022/2/24,showme,2
各位电车 最低能耗出现在什么温度时 可以到多少kw每百公里,2022/2/28,davyfl,5
广汽ge3电池模组出问题 厂家要来修,2022/2/24,iamamirror,17
冬天的电耗基本保持在30以上,2022/2/27,lshu,12
