﻿主题,发帖时间,_ 作者,回复
三元锂电池，下面哪种充电方式对电池更好,2022/2/27,JoseM,16
各位前档贴膜吗？,2022/2/28,Laurasia,11
桥承重问题,2022/2/28,shanghuo,5
家庭新能源排号请教,2022/2/27,yinet,8
15分钟充80%？,2022/2/28,wangzhengbj,2
蔚来nedc才500多？,2022/2/28,wangzhengbj,12
年前iX3最低价多少啊？,2022/2/26,xiuhuwang,26
西边和北边哪里可以看比较多的车型？类似合生汇那种地方,2022/2/25,pandy,8
今天气温合适能耗达到新低,2022/2/27,litra,11
宋plus一个冬天小结,2022/2/27,huankuib,15
英国首批特斯拉Model Y开始交付！ 人民币47万起售！,2022/2/28,henrykaka00,0
1000公里的传祺不香，只因价格太贵了,2022/2/28,punkdrew,7
Re: 极狐S与毛豆Y日常琐碎比较,2022/2/28,原帖已删除,136
家庭50分，预算20w，求推荐车型,2022/2/28,Nchen,20
都没人讨论几何功夫牛ex3嘛？,2022/2/27,kunseng,7
堵车怎么是单踏板香呢？不应该是定速或者AP么,2022/2/27,xiti,14
回馈本版发个id4提车+装饰贴,2021/12/12,fantesy,40
求教：电车锂电池衰减是不是比电脑的慢呢？,2022/2/27,fantesy,12
可能选了一辆很少有人会选的ID.4,2022/2/24,rysunrise,41
最终还是选了ID4,2021/12/16,zzxxccvv,82
订车id4，litepro,2022/2/17,snowcat,27
小区里的室外长租停车位，可以装充电桩吗,2022/2/27,vake,4
今天去4S看了ID4C和宋plus，都交了2千定金。,2022/2/19,shc361,35
求拍醒，想买宋dmi,2022/2/26,huoke,18
纯电平台的比亚迪汉,2022/2/27,kampoo,8
[原创][电动]长安E-Rock 最新电耗（2022.2.28）暖和了！,2022/2/28,zhuming717,0
有没有几何A的车友，求拉群,2022/2/27,yangym,0
id4目前还有优惠么？,2022/2/27,wateras,6
Re: 请教一下。如果把车停路边，罩上车衣算故意遮挡车牌吗？,2022/2/27,原帖已删除,2
电车最廉价的时代过去了吗？,2022/2/27,zyzx77,8
米哈游和蔚来资本领投核聚变公司,2022/2/26,freshcool,19
理想4季度盈利2.9亿,2022/2/25,granis,18
外地能买北京的比亚迪汽车不？,2022/2/27,aczo,4
油价越贵，转电车越多,2022/2/27,meirenai,5
车里太热了,2022/2/27,flowernana,2
广汽埃安新出那款续航1000公里的车,2022/1/12,dcdc1979,56
东风e70的固态电池怎么样,2022/2/27,migrant,0
特斯拉my仪表盘车速准吗,2022/2/26,sanqi,3
请问购买新能源车过程中需要指标本人出席吗？,2022/2/26,bigbreast,10
[求助]特斯拉在北京进入一些单位受限的真实情况是什么？,2022/2/22,lbyybllbyybl,52
外地牌的新能源车能转京牌吗,2022/2/27,port7,2
极狐冬季小结 2022/1/1至上周末的累计数据,2022/2/26,wangdass8,12
固态电池来了！东风公司率先开始量产,2022/2/26,txgx,8
e6趴窝了,2022/1/8,zp0425,22
换电喜悲观,2022/2/26,zyzx77,8
Re: 春天来了,2022/2/26,原帖已删除,1
春天到了,2022/2/25,bjzxdp,10
2022年48分，有一点希望吗,2022/1/28,vipfish,41
轩逸epower怎么样,2022/2/24,tbbt2013,5
特斯拉的强制单踏板,2022/2/23,tanzhi314,43
Re: Re: Re: 从乌克兰看还是得买油车,2022/2/26,原帖已删除,11
遭遇比亚迪“ev功能受限”,2022/2/3,SebaMed,26
今天在本版看到一个说法，理想one是电改油,2022/2/26,zhangxy11,2
特斯拉超充价格差距怎么这么大,2022/2/26,VII7,1
某些电车持续不断的发出哼哼的声音，是,2022/2/26,stockjack,10
蔚来销售说换电4到6次今年展会期间要调整,2022/2/25,alcoholzhao,31
我今天高速遇到一个绿牌SUV，在最内道开90不到,2022/2/25,Engelberger,7
理想是不是又把抹布放引擎盖了？,2022/2/24,googlestyle,13
【又烧了，据说又是理想ONE，大家帮看看是不是】,2022/2/25,chaodide,4
看上了宋plus,2022/2/25,namelij,8
还有什么新能源车论坛？,2022/2/25,wen1984,7
总时间来讲，高速140合适还是100合适？,2022/2/25,xiti,24
有没有极狐车主说说这车咋样啊,2022/2/21,gedm1982,163
工信部新能源汽车30分钟最高车速排名（含特奔宝大蔚小比部分车,2022/2/23,Engelberger,126
分享个极狐往返古北水镇的数据,2022/2/23,wangdass8,58
开了一段时间电车后重新开油车,2022/2/21,tedxyz,36
"EngelbergerZ,油价上涨过一百美元了",2022/2/23,shunderen,6
其实按本版的定义，我油车也是尿崩,2022/2/25,zhangxy11,3
比亚迪老e5，早晚上下班，百公里电耗25度电,2022/2/24,wwsq001,10
"【比亚迪抢半导体厂,吉利抢手机厂,蔚来抢保险牌照,高下立现】",2022/2/22,chaodide,24
特斯拉德国工厂或无法投产：地下水位严重下降,2022/2/24,jacklee2004,2
【7万块买“蔚来”？江淮大众全新SUV神似ES8】,2022/2/24,chaodide,13
汉dmp 奔30w去了,2022/2/25,chuanlang,6
交强管多少钱以内的车损,2022/2/24,xiti,17
[原创][电动]长安E-Rock 最新电耗（2022.2.24）还是那条路,2022/2/24,zhuming717,13
试驾了Model Y后，对比大众，真还感觉极简的内饰挺吸引的,2022/2/24,wazgwsmj,23
惊闻现在电车的车险几乎无返点了,2022/2/23,Mrsundy,20
开电车20块钱跑400公里，结果省下的油钱都充游戏了,2022/2/22,Kawhi,7
宝马不研究中国市场啊,2022/2/22,zyzx77,25
岚图……,2022/2/23,triformix,29
江淮ev450，二手，现在什么价合理,2022/2/24,kunseng,0
小鹏真是注重研发本地化的榜样，智能化体验又有创新！,2022/2/24,AD007,5
昨天试驾了P7,2022/2/22,tanzhi314,25
今天路上看到极氪001了，猎装车并没有很惊艳,2022/2/24,kayka,30
细小:乌克兰老百姓开车逃跑，特斯拉车主还在充电 (转载),2022/2/24,wuxiao,1
电动车 (转载),2022/2/24,Engelberger,2
电车主们的好日子又回来了,2022/2/23,ble,20
家庭积分50分，今年能排上电车吗？,2022/2/23,kikol,16
推荐一款小电车,2022/2/23,myadfm,34
理想one,2022/2/24,ylh1969,0
特斯拉“柏林超级工厂”投产无期？,2022/2/23,houming,9
今年车险啥优惠力度？我的咋比去年还涨价了,2022/2/24,liaochen,2
从成佛坡到144km/h看设计余量,2022/2/24,hosion,20
任总反对造车,2022/2/20,SSJ100,28
啥时候比亚迪出柴油dmi？,2022/2/24,asm2004,18
今年拿新能源指标买车求分析,2022/2/23,forma,33
20-40万支持国货的话，轿车选比亚迪汉，SUV选蔚来ES6，就这样吧,2022/2/21,DavidKING516,186
大众ID4的hud功能实用吗？新手,2022/2/23,wuxu,14
两次遇到id4车辆自动紧急制动,2022/2/22,yesandno,26
去年全球纯电销量第二是大众,2022/2/24,he111,8
宋DMI高速保电的一点技术疑问,2022/2/14,wfunny,73
[原创][电动]长安E-Rock 最新电耗（2022.2.23）特约回程贴,2022/2/24,zhuming717,1
绞尽脑汁，点子都快用光了，只好设计个半开眼，,2022/2/23,ble,7
电动车也就火这两年,2022/2/22,artech51,50
奇瑞大蚂蚁真是个另类,2021/7/14,datou618,50
[求助]埃安lxplus 极氪001 Model Y，xdm怎么选？,2022/2/21,lbyybllbyybl,63
理想ONE成佛坡漏油了。。。,2022/2/18,Abron,40
纯电大众甲壳虫效果图曝光：“半睁眼”大灯 (转载),2022/2/23,Acui,7
以后买蔚来车送蔚来手机？,2022/2/23,spinage,5
求教：秦plus 600 充电不稳定,2022/2/23,alinger,4
lhj3303被取消在GreenAuto版的发文权限,2022/2/24,deliver,0
west被取消在GreenAuto版的发文权限,2022/2/24,deliver,0
冬天去乌兰布统,2022/2/22,godeyes,19
问一下丰田izoa这车咋样,2022/2/23,aKong,9
要情调想另类的看看这个：福特野马电动SUV，今天我试驾了下,2022/1/13,wangcity,7
比亚迪推送了ota升级包，优化了保电性能。,2022/2/23,lxdnibm,0
极速越高，120的时候就越省电,2022/2/23,zyzx77,7
建议搞一个2小时连续行驶最远里程大赛,2022/2/23,west,31
混动车 预算35万，求推荐,2022/2/22,quanq,35
i4开启预订了,2022/2/22,richiter,29
刚定车交了全款还没提车4S店就远程让买保险靠谱吗？,2022/2/23,shangwj490,7
星越混动怎么样值得试水么？,2022/2/22,boogie0207,3
[原创][电动]长安E-Rock 最新电耗（2022.2.23）怎么还这么冷,2022/2/23,zhuming717,5
大家喜欢贯穿式车尾灯或车头灯吗？,2022/2/22,kayka,13
比亚迪啥时候能出2.0T的dmi车型？,2022/2/22,carcharias,21
咨询家庭新能源10年限制,2022/2/23,Littleghost,1
大水冲了龙王庙！,2022/2/22,Nordahl,7
丰田果然是天赋异禀,2022/2/22,ble,13
[电动]网传：4680电池还要挤牙膏？,2022/2/21,houming,12
LFP版的毛豆Y充入了59.9kWh的电,2022/2/19,hsv,131
混动好像也不错,2022/2/21,kunseng,25
奥迪Q5 e-tron开始预售，降价多少可入,2022/2/22,lclniuniu,19
除了北京这种限制购车的，那些没限制的城市电车增长率如何？,2022/2/22,census,8
问一下，斯柯达这么牛逼吗？,2022/2/22,cosun,16
99元 试驾3天id 4的感受,2022/2/20,Leo07888,26
一周前改为按家庭排新能源号,2022/2/22,address1998,4
今天订了比亚迪宋plusDMI 四驱版本，开始等车,2022/2/21,lxdnibm,19
 求购一辆二手新能源车,2022/2/22,xway666,2
宝马电车电机大面积损坏，奔驰电车冷却液烧毁电机,2022/2/21,shunderen,2
[原创][电动]长安E-Rock 最新电耗（2022.2.16）,2022/2/16,zhuming717,28
现在是不能查询自己的家庭指标排名了吗？,2022/2/22,badhabit,0
微信公众号 北京小客车 新能源期次还是202101啊,2022/2/22,smart,13
革命性的碾压性的效应是个啥？,2022/2/22,SmartIC,0
有没有高速上开model y时倒下后排座椅让家人躺在后面的啊,2022/2/22,bfield,21
虽然各人需求不同，但是实在无法理解把特斯拉内饰说着简洁的人,2022/2/21,makeprogress,56
反向用电，感觉这个功能以后会是一个标配,2021/12/28,chouachou,39
丰田E-CVT解禁了，为什么没普及？,2022/2/22,zyzx77,24
接下来半年有哪些新款车值得期待啊？,2022/2/22,census,10
理想成佛坡车主发帖,2022/2/21,AZTU,10
4680来了，担心现在入坑之后大幅度贬值,2022/2/22,punkdrew,25
特斯拉的销售说,2022/2/22,wojiushiid,7
大众拟收购华为自动驾驶项目团队 3月底或公布进一步信息,2022/2/22,xtfj,0
不是说比亚迪汉是油改电吗？,2022/2/21,makeprogress,54
纯电平台真是个愚蠢的说法,2022/2/21,zhangxy11,24
疯狂出口特斯拉：航拍揭秘创纪录的上海超级工厂，密密麻麻全是,2022/2/21,jacklee2004,10
轩逸有纯电车？,2022/2/22,kaka2w,14
没开过车的新人说说两天的看车经历。,2022/2/20,whclarence,27
唐dmi awd前脸,2022/2/21,zjheric,19
预算5w 求推荐二手电车,2022/2/22,yeguo,7
比亚迪确实牛逼，在弯道超车上一枝独秀,2022/2/15,soochowboy,27
[讨论][汽车]看到昨天事故那个帖子，也说下自己的最近一个事故,2022/2/22,geruik,5
电车指标问题，今年5.26的家庭指标，能在4月底买个二手车吗？,2022/2/22,nemo2013,0
极氪001为什么不搞7座版,2022/2/22,zhixin,5
【安庆衡:比亚迪为自主汽车实现破防和全面崛起带了好头】,2022/2/21,chaodide,4
16年的秦跑了11万公里了,2022/2/18,xujijiayuan,31
飞充电枪的线，算飞线不？,2022/2/21,deu66,9
纠结id4和比亚迪汉和小鹏p7 求建议,2022/2/17,GJLTJU,31
想问一下新能源车继续保留原来油车的牌照,2022/2/21,xiaofeipige,16
新手公共桩充电问题,2022/2/21,bjzxdp,5
小鹏p5故障率高么？,2022/2/22,boogie0207,1
新能源汽车更新换代会不会比油车快很多？,2022/2/21,rockleopard,2
请教家庭积分更新,2022/2/6,fzw6239,2
id4 crozz预定的车现金优惠2万3可以买吗？,2022/2/21,urlaub,8
理想one在成佛坡败了,2022/2/21,superlq,5
奥迪Q5 e-tron开始预售，评价咋样,2022/2/21,lclniuniu,0
五月指标什么时候提车呀,2022/2/20,musclefans,4
Re: 飞线充电，先拔家里的插头，之后再去拔枪，有不好处吗,2022/2/21,原帖已删除,16
新能源比亚迪的海豚和埃安Y怎么选？,2022/2/20,ajanexue,92
一起来说各种电车的缺点,2022/2/18,shunderen,58
动能回收真是好使,2022/2/21,Moondancer,0
这种程度的改装能上路么,2022/2/21,tcwyzhf,4
想买大众Id6x，有推荐的4S店吗？,2022/2/18,hzz19821002,20
有没有直流转交流的设备,2022/2/21,baixuesnow,10
Re: 17万左右家用无私桩纯电求推荐,2022/2/21,原帖已删除,17
北汽EU7一个帖子都没有,2022/2/19,Jovan,65
model Y,2022/2/21,xiaochao23,15
问界M5降价几万才合理？,2022/2/19,Tony2013,4
成佛坡的那个网红暂时退出江湖了…,2022/2/20,triformix,6
试驾北汽新能源EX3,2022/1/24,burrma,35
极氪终于有ACC/AEB/LDW了，提车三月小结,2022/2/17,nonexist,115
发表在Nature的最新研究给氢燃料电池泼冷水,2022/2/21,ble,6
10万以下的新车，哪一款比较好？,2022/2/19,kunseng,15
今天看了问界，感觉好牛逼,2022/2/14,felixnbgg,37
个人轮候现在系统显示4.3万，今年有戏吗？,2022/2/19,wujizhang,4
想在北京买插混的鸡贼就省省吧,2022/2/21,e5200,9
问下新能源规则,2022/2/19,he110w0r1dge,13
id4购车,2021/11/6,hoho0ohoh,54
Id4在2021年竟然销量竟然只在特斯拉之后,2022/2/14,wazgwsmj,34
美国开始调查特斯拉刹车问题,2022/2/17,artech51,8
电动MPV怎么样？大通的MIFA 9好使吗？,2022/2/18,wangstone,5
吉利降价也很猛,2022/2/16,brokenjohan,9
请问有大众id3的销售推荐的吗？谢谢！,2022/2/21,armeria,1
[原创][电动]长安E-Rock 最新电耗（2022.2.21）,2022/2/21,zhuming717,0
新能源汽车是都不让走海运是吧？国内的。,2022/2/20,deu66,5
标续model y 蹭墙定损维修费20万,2022/2/17,myspace1939,87
马斯克：特斯拉roadster配备spacex套件后，零百加速1.1s,2022/2/21,Engelberger,1
Re: 体验了一下宝马的5au完全不输蔚来小鹏这些新势力,2022/2/20,原帖已删除,8
比亚迪售后太垃圾了，胎压传感器竟然要订货3个月,2022/2/19,mouseking007,18
汽车届安徽人挺多的,2022/2/20,soochowboy,1
[新能源]元plus买哪个配置啊？,2022/2/16,gaga1208,13
[新能源] 刚定大众ID4.CROZZ，请问是否有坑，请大佬们指点！,2022/1/27,lxy1984,55
谷爱凌开的是TSL,2022/2/18,wazgwsmj,21
特斯拉质感不好，但却是性能最强的,2022/2/19,Engelberger,16
特斯拉My 啥时候会回到30万以下,2022/2/19,pany,15
[充电]共享了充电桩,2022/1/19,royalknight,11
去张家口张北草原电车是不是不给力,2022/2/17,bluecome,37
秦ev450十万公里,2022/2/14,LDA,74
电池压差是导致充不满还是放不完？,2022/2/17,burrma,10
touareg被取消在GreenAuto版的发文权限,2022/2/20,deliver,0
蔚来……,2022/2/16,triformix,45
六年老款比亚迪12万公里了,2022/2/14,occupiersx,65
第一辆FF91准量产车即将下线,2022/2/18,ruolan2014,33
ID6有啥缺点吗,2022/2/19,zxdxp8l,15
ZZ比亚迪2022汉唐交车规划,2022/2/17,googlestyle,61
现在的小区地库云服务基本没用,2022/2/17,caocheng1122,18
提醒各位几何c潜在和现任车主，目前出现的问题,2021/12/17,bangke,20
帮朋友问：家庭积分40分，今年拿新能源指标有戏吗？,2022/2/19,AD007,2
今年美国将在五领域对中国采取行动？ (转载),2022/2/18,nisus,5
四驱纯电SUV，谁的高速续航最长？,2022/2/18,godeyes,13
Re: 节后提车腾势x,2022/2/19,原帖已删除,37
Re: 为什么电瓶车三天两头烧死人，电动车却很少听说啊？,2022/2/19,原帖已删除,9
上论坛请教一个问题：威马W6怎么挂N档，感谢啦,2022/2/18,sorceress,9
不懂就问：dmi车每次开车都要自己设置模式吗？,2022/2/17,soochowboy,8
eu5 慢充 电流为负数。这个是啥情况？,2022/2/18,zbh333022,7
大众要收购华为,2022/2/18,bxdx,3
ix是不是相当于x1,2022/2/18,bluecome,6
谷爱凌开的是TSL,2022/2/18,wazgwsmj,3
蔚来为什么在二线城市非常少,2022/2/17,mj372925,40
请问新能源的新车，保险在4S店上和自己上，差价会很大吗？,2022/2/18,raptors,3
(好文推荐)DMI1.5L冗余不足，有些场景保电困难，可能下一代会解,2022/2/16,wfunny,54
贴个昨日腾势x续航,2020/11/18,amada,42
求推荐10万以内的新能源汽车，不介意二手,2022/2/16,kunseng,22
比亚迪海豹,2022/2/16,Heisenber,40
为啥都在反馈宋普拉斯的问题？秦普拉斯的销量更高呀！,2022/2/18,Nordahl,11
新买的唐，开了900公里，总成坏了怎么做售后啊,2022/2/14,xiaoguoguo,21
观察老家亲戚的用车情况，真实的续航需求,2022/2/16,semilog,16
请教，小区装了某个公司的慢充桩，不让业主装充电桩，怎么办？,2022/2/15,canidy,30
国网在工业用电的地方安私桩是啥价钱,2022/2/18,wolfheader,1
十年后，10万元和20万元分别可以买到什么样的车？,2022/2/18,census,15
特斯拉，蔚来，理想挑战成佛坡，结果如何？,2022/2/18,NaNiMnO2,4
特斯拉不买车损，没碰撞的情况下电池有问题走售后，不影响吧？,2022/2/14,xiti,14
从功率的角度看，models真能顶着高速限速踩出1个g的加速？,2022/2/16,Engelberger,19
m3是不是涨了三万,2022/2/18,meirenai,4
二手电动车出售价难以超过原车价10%,2022/2/16,APC,9
Re: 同事想买5w左右的，续航300多就行，有推荐的吗？,2022/2/18,原帖已删除,54
逸动ev300今天开到了即将没电，剩余续航6公里,2022/2/17,Laurasia,11
媳妇上班单程3公里，代步车买小鹏P5，还是再等等蔚来ET5?,2022/2/16,NewYorkSir,204
15万左右的轿车有推荐吗,2022/2/18,UII,3
大众与华为的历史痕迹,2022/2/18,zyzx77,0
现在SUV相比轿车的两大劣势,2022/2/18,tanzhi314,4
突发！大众拟收购华为自动驾驶部门,2022/2/18,CC2CC,3
[求助]车险在支付宝里投保靠谱么？,2022/2/18,xujie5407,0
在华为店看了看问界5,2022/2/16,googlestyle,21
请教，几何A pro看起来还不错，为何销量不行？,2022/1/30,storm1207,30
[求助]有人体验过特斯拉的自动驾驶么?,2022/2/12,wind9down,25
EQS一月销量75台,2022/2/16,he111,31
大众洽购华为自动驾驶部门,2022/2/17,nisus,5
大家还记得十几年前的山寨机满天飞吗？,2022/2/17,Laurasia,5
宁德：现在唯一依赖美国的是BMS芯片，国产技术已具备,2022/2/16,nisus,48
最近有人想买特斯拉M3吗,2022/2/17,txq,4
宁德时代说的BMS芯片，国产化率不到2成，极少用于电动车 (转载),2022/2/17,nisus,6
四款混动车型大比拼，这结果合理吗？,2022/2/17,carcharias,0
这辆刹车失控又是啥车？,2022/2/15,antzzz,11
比亚迪ota后，宋plus dmi的130+速度巡航测试,2022/2/16,lnliang,13
电池压差,2022/2/16,shawn2020,1
合用，充电桩有 充电度数 计量功能吗？,2022/2/17,smart,14
盲定了一个比亚迪汉 也不知道啥时候交车。,2022/2/17,iceforce,10
美国国家公路交通安全管理局启动对特斯拉“幽灵刹车”的调查,2022/2/17,artech51,0
特斯拉那个也叫蹭,2022/2/17,DoubleH,14
过年开车回老家，亲身体验了下电动车冬季高速使用场景,2022/2/16,kochpy,32
id4 方向盘打死 咯噔响,2022/2/17,xiaoxin2012,18
高铁和新能源汽车比哪个更节能？,2022/2/15,LaughLy,167
id4 已经提车,2022/2/16,isabelcui,21
懂车帝好多二手车也都没有上牌,2022/2/16,makeprogress,7
如果北京燃油车放开买，没人会买长续航的电车,2022/2/17,byan89,16
byd为啥突然做发动机这么nb了？,2022/2/15,bom,36
小鹏p5的竞争对手是哪些新能源？,2022/2/17,oldgeng,6
现在换电车牌排队？,2022/2/17,Jackiema666,8
都说新能源汽车掉价快，但是实际上不是,2022/2/15,kunseng,22
绿牌混动车应该限制油箱容量,2022/2/15,Elric,9
比亚迪的刀片电池质保多久、到期了怎么办？,2022/2/15,Kenny1107,7
高合汽车12月销量成绩出炉，创全年新高！ ZZ,2022/1/12,googlestyle,50
看了下，其实7，8万的车，续航300-400的，可以开着随便操不心疼,2022/1/18,wangcity,71
威马也偷偷锁电,2021/8/14,zjcjm1,37
特斯拉开放荷兰所有充电站,2022/2/16,Onlineness,7
特斯拉中国第二工厂将落户沈阳 (转载),2022/2/14,harrycheng,9
上海特斯拉产能真牛,2022/2/16,JEFW,4
现在电池瓶颈还没解决吧？,2022/2/16,Laurasia,3
又来求推荐置换方案,2021/8/19,sunglass,53
汉ev上探到35万价位,2022/2/15,HBaiBai,38
买了个4方的延长线，发现线粗细和2.5方的差不多,2022/2/16,Ryzan,21
十多万的电车五年开够10万公里就算赚吧,2022/2/15,Laurasia,8
[原创]纯技术分析，为什么特斯拉靠20kw能飞，比亚迪dmi的1.5排,2022/2/16,shuimu0691,27
es6配置升级到es7了，去年就说别买es系列了，配置太老,2022/2/15,qian272,13
国内做汽车芯片的很多做自动驾驶的，机会没有做bms的,2022/2/16,qko,0
如何看待汉EV刹车加速？,2022/2/14,zyzx77,12
求推荐常用的充电APP，谢谢,2022/2/16,levibb,15
这两天上班停路边一天就会掉五六公里续航，是都这样吗？,2022/2/16,Heero,15
汽车锁电，锁的是头部电，还是尾部电呢？,2022/1/16,xuyongustc,21
Re: 我为假药停说句话。,2022/2/16,原帖已删除,8
北京请问一般提前多长时间看车订车？,2022/1/24,xceman,24
电车启停的滋滋声怎么解决,2022/2/16,shuiwoods,8
Re: 美国科学家研发了锂硫电池，容量倍增。,2022/2/16,原帖已删除,2
试驾了一下极氪,2022/2/9,djkstra,96
现在这些车企都是动物园转行的么？,2022/2/16,socool,1
新鲜出炉的1月销量榜前32（纯电）  15万以上,2022/2/15,wazgwsmj,34
高合这个车，设计很不错,2022/2/15,tclj9,8
不吹不黑紧急场景下还是换电稳,2022/2/15,zthenry,27
丰田bz4x纯电动,2022/2/7,xiaoxin2012,9
秦dmi烧了，证明了真有人恶意黑比亚迪,2022/2/14,dyatpk,9
单位充电桩涨价了，咋回事？,2022/2/15,bjzxdp,14
韩国以特斯拉夸张广告为由启动制裁,2022/2/15,nisus,7
1月新能源车出口量，比亚迪是特斯拉的0.77%，少于上汽东风吉利,2022/2/14,soochowboy,6
把速度投屏到前挡风的前方，这叫什么技术,2022/2/14,water123,55
dmi跑到140的匀速没问题的,2022/2/15,WebGL,17
咨询一下，蔚来es6大家一般选哪款？优惠多少？,2022/2/13,pengaddwei,21
请教充电线路被烤如何处理？,2022/2/15,gaulee,45
放弃摇号，打算换排家庭新能源，有没有购车优惠信息交流群（如,2022/2/14,chengfeng,10
[电动][汽车][新能源]6年腾势用车及置换经验分享,2021/8/17,eVanPluto,18
蔚来汽车科技有限公司注销,2022/2/15,xwnf,7
元宵快乐！,2022/2/15,hairstal,0
最快今年最晚明年,2022/2/15,goran,12
model C，model T要来了,2022/2/15,bfield,0
丰田混动提心吊胆地拧开机油盖，拔出机油尺……,2022/2/15,soochowboy,10
旧车置换，旧车是给车商置换补贴划算还是自己卖掉划算？,2022/2/9,water123,15
亲见尿崩案例,2022/2/14,tonyaimar,43
马斯克的手机将是特斯拉汽车的钥匙，买了车就必须配套手机,2022/2/14,wormvirus,6
有没有在外地买新能源车，回北京上牌的朋友？,2022/2/15,lucencys,2
22款汉ev要来了,2022/1/31,memory166,29
主要是宁德不肯降价，而比亚迪中航都愿意配合客户降价,2022/2/14,wormvirus,2
1月新能源车销量速报！总体大增！油混成为新热点！,2022/2/14,soochowboy,18
这意思是黑猫白猫又绝版了？,2022/2/15,piggybankk,12
未注明低温下续航缩水，韩国监管机构调查特斯拉,2022/2/15,Fangio,2
新能源真要普及就每个小区都要有充电桩,2022/2/14,nanjian,13
ZZ2022年1月成年会新能源乘用车销量数据全面解读,2022/2/15,googlestyle,9
1000 km挑战列表,2022/2/13,hosion,13
提醒:商用车动力系统与乘用车动力系统DMi是两套不同的特征参数,2022/2/11,FHWYSH,93
事实证明，比亚迪这种不公布燃烧原因的策略是错误的,2022/2/14,dyatpk,19
Re: Model y涨价后销量大跌70%,2022/2/15,原帖已删除,8
裸车5万多入北汽ex3可还行？,2021/12/30,meidelicheng,44
腰不好的讨论一下，suv还是轿车,2022/2/14,playmobil,13
充分竞争的挪威市场1月排名,2022/2/14,e1zo,5
都2022年了，隔壁还在讨论倒车雷达和影像,2022/2/14,noocoo,16
【开打了，宁德时代起诉蜂巢能源不正当竞争】,2022/2/14,chaodide,11
[心得]周末深度试驾两日ID.4 Crozz后的一些想法,2022/2/14,rysunrise,10
今天大雪庆幸自己买的四驱了,2022/2/13,wuxiao,40
网传比亚迪今年3月份给特斯拉供电池？真的假的？,2022/2/14,Bncharm,80
如果比亚迪不公开回应，那就是默认,2022/2/12,googlestyle,14
tsl的刹车标定还是有问题，有出现刹不住车的了,2022/2/14,erfd,17
奔驰采用的软包电池，会成为主流吗？,2022/2/14,aihelphelp,6
[迷]丰田已经为电动汽车使用的手动变速器申请了大量专利,2022/2/14,AZTU,4
宁德时代：万亿电池帝国的裂缝丨36氪深度,2021/12/29,ble,51
春节ES6 灵活升级100度电：北京到湖北,2022/2/12,jidicl,187
混动suv加速水平实测，rav4，crv，拿铁，宋pdmi。,2022/2/14,Engelberger,6
7万左右到手北汽EX3合适吗？,2021/12/23,duoduo88666,55
小鹏P5把激光雷达放在了最容易剐蹭的地方,2022/2/13,piggybankk,18
新能源车还真不能出京,2022/2/7,tsingsh,77
能不能制造这么一个车,2022/2/12,chylli,14
今年到现在还没有续航1000km的新车出来？,2022/2/13,churchilllee,15
难道这是DMI问题的真相？,2022/2/13,xgliu980701,12
电动汽车，每次都充电好不好,2022/2/14,littelShrimp,8
比亚迪除了轮胎和玻璃，其它都能自己生产,2022/2/13,west,40
新交规下纯电车的速度担忧,2022/2/12,sqrxj,90
只有一张图，懂的来说说,2022/2/12,zyzx77,14
验车:电车8年二次上线,2022/2/12,HiIISilver,10
市场消息：特斯拉将在北京设立中国设计中心,2022/2/11,ppccbb,17
DMI问题的简单分析,2022/2/13,xgliu980701,43
换电怎么解决电池衰减问题呢,2022/2/13,shunderen,22
换电的逻辑悖论无法解决,2022/2/13,byan89,70
dmi的5个缺陷,2022/2/9,dyatpk,99
这种锯齿型充电电流一般是什么原因？,2022/2/13,RickyZhou,20
看了my跟宝马ix3  快来水一水,2022/2/9,pany,60
你们分析来分析去的有个毛用,2022/2/14,chylli,2
北京哪家比亚迪4s店有宋plus和元plus？想直观对比一下,2022/2/3,zyxda1980,10
北京没有谷电是不是就是管理水平差的表现?,2022/2/13,tsingsh,21
还是发最近吵得火热的dmi保电问题,2022/2/13,zjheric,17
秦dmi 费用,2022/2/13,laoniu007,1
比亚迪天下无敌，本人不再讨论dmi了……,2022/2/13,soochowboy,8
要买ID3，老客户介绍有优惠？,2022/2/13,zhe611,0
零跑C11 热度一下下来了,2022/2/11,tclj9,25
查了一下之家和懂车帝，我感觉DMI的1.5T开高速也够呛！ (,2022/2/12,Engelberger,109
保养和保险价格,2022/2/13,nightknight2,0
有个同事在朋友圈天天发理想,2022/2/12,woaiwoer,12
Dmi是最高科技的技术,2022/2/12,jocusperrin,22
冬奥会怎么不用国内的新能源车，反而用氢能呢？,2022/2/12,suli0021,19
Re: 大家有没有想象假如后面唐出dmi版本，会出现什么盛况？,2022/2/13,原帖已删除,18
比亚迪ev受限抛锚率高吗？有具体数据横向比较吗？,2022/2/13,wsnsw,16
高速移动式无线充电，牛X了,2022/2/11,tonyaimar,21
蔚来为啥不研发不换电版本,2022/2/12,shunderen,16
谁能科普一下dmi怎么了,2022/2/12,jumbonb,41
老百姓需求最大的10-15万区间  还没开始火？,2022/2/8,zhejiushij5,12
难道我猜着了dmi缺陷的真正答案？,2022/2/13,soochowboy,9
Re: Re: 昌平着火了？ (转载),2022/2/13,原帖已删除,8
极氪提车了，求拉车友群（附北京某极氪车库图）,2022/2/11,foreverdh,11
宋PLUS EV还是ID4，犹豫了。,2022/2/8,Manny95,91
Re: [转载]上海市区，9度，限速80，dmi也EV受限了... (转载),2022/2/13,原帖已删除,7
感觉以后换电会成大趋势大有可为,2022/2/13,geroge,0
大众的网销转型感觉失败了,2022/2/12,zyzx77,16
弱鸡比较：比亚迪宋pro  vs  欧拉好猫,2022/2/12,mingzheyang,10
任你们怎么黑，没有dmi，**部也不敢定下4升的油耗目标的,2022/2/12,shuimu0691,9
零跑交付量上来了，1月份8000+,2022/2/12,windforce09,3
为什么好多电车慢充口在右侧,2022/2/11,akame,34
DMi保有量近30万,2022/2/10,googlestyle,51
北汽ex3电池这样正常吗,2021/11/26,babala,23
国产新能源有啥好功能特斯拉没上的？,2022/2/12,tsingsh,12
特斯拉国产化率超90%，几乎除了美国牌子，其他全是中国的,2022/2/9,hyhcw,27
一般车子的流量都是用的哪个电信公司？,2022/2/12,wsnsw,1
刚看了《dmi的5个缺陷》技术贴，丰田混动也有这些模式，本质区,2022/2/9,soochowboy,59
