﻿主题,发帖时间,_ 作者,回复
为何不推插电混动？,2022/2/11,shightemplar,23
现在电车的方案主要就是超冲，换电，增程这三种对吧？,2022/2/12,oook,16
个人排名12万，哪年能排到,2022/2/10,fowler6325,11
根本问题就是电车太高级大部分人不会用,2022/2/11,ralfak,15
信能源两大巨头比亚迪和catl都面临最严重的危机,2022/2/12,shunderen,4
奇瑞大蚂蚁高能PRO半年有感： 15w性价比最高的通勤家用车,2021/12/3,KBKATE,43
比亚迪1.5dmi的混动发动机是自研的？,2022/2/11,soochowboy,65
【万科郁亮2022年总结发言，将比亚迪和王传福视作榜样。】,2022/2/12,chaodide,24
增程最大优点就是开放标准,2022/2/12,shunderen,0
4款20-30万区间主流车型竞争力分析（ID4&Model Y&极狐T&ET5）,2022/2/11,songami22,63
再发个图吧,2022/2/11,kaka2w,19
增程车的发动机只需要满足行驶到下一个充电站就行,2022/2/11,yehorse,18
我今天在北清路上骑摩托车差点被一辆毛豆3追尾,2022/2/10,ygs,38
哈哈，打脸锤子北京设计中心,2022/2/11,AD007,8
特斯拉车漆到底有多软,2022/2/9,YLQ888,6
有年底买北汽ec3吗，说说咋样,2022/2/11,Dalulugululu,8
"还是增程简单可靠,最适合油到电的过渡阶段",2022/2/11,Elric,35
"不但是dmi,就是丰田的那种混动也会被淘汰",2022/2/11,shunderen,10
发现六座第二排其实不如双排第二排的舒服,2022/1/7,wsnsw,10
yehorse被取消在GreenAuto版的发文权限,2022/2/12,deliver,0
sirius0777被取消在GreenAuto版的发文权限,2022/2/12,deliver,0
谈一点电车的购买建议,2022/2/11,duoduo88666,41
发现车托之家黑byd的非常少,2022/2/11,chylli,10
理想的增程技术比dmi要可靠很多吧？,2022/2/8,wwpty,58
懂车帝最新宋plus高速失速惊险案例,2022/2/10,soochowboy,17
也谈谈DMI的失速吧,2022/2/9,aircrane,56
关于dmi的问题分析,2022/2/11,zjheric,93
市面上的电车全力驾驶的话，一刻钟就趴了,2022/2/11,dasnet,17
大将相继离职，华为选错了路？,2022/2/10,xtfj,9
现在车险有啥折扣吗,2022/2/10,mouseking007,2
[合集] 你好小狐狸，再见大蛤蟆 - 致敬 lycheesang,2022/2/11,wydfz,0
春节长途电耗，11月底数据对比,2022/2/7,nonexist,21
跑顺风车，应该选什么二手车？,2022/2/11,kunseng,12
[新能源]求问农村不装充电桩怎么充电，有啥适配器不？,2022/2/8,luxis,37
Re: 真牛 这么多帖子黑比亚迪的,2022/2/11,原帖已删除,0
3万块，每天新增120公里  tsl,2022/2/10,wazgwsmj,25
快充线啥时候能细一点,2022/2/11,yuandao888,11
车险改革后，为啥你的车险比别人的贵！,2022/2/9,wzz920401,1
第三年了，还上不上车损险？,2022/2/9,WebSun,5
新能源库存7个月和4个月，差别大吗？,2022/2/8,xiaoxin2012,15
投诉量瞎分析,2022/2/11,zyzx77,5
请问下，2.5方的电线，可以用3.0功率的充电枪吗,2022/2/10,Ryzan,22
汉ev中配4天2300公里感受,2021/7/24,ybzhero,29
DMI这个事情跟早期双离合很像,2022/2/11,bom,14
特斯拉将在北京设立一个设计中心,2022/2/11,nisus,1
华为的这个 问界 肯定失败,2022/2/11,tclj9,10
特斯拉撞上警车视频曝光：肇事者启动Autopilot看电影,2022/2/11,tsa300,1
[电动]求推荐B类电动车（非tesla）,2022/2/11,wideway,3
求一汽大众ID C的推荐链接,2022/2/11,wyguo,1
说一种电车抖动给大家参考,2022/2/11,wsnsw,1
为什么model x 的三电比model 3的三电差那么多,2022/2/11,qoros,4
长城在外形方面太成功了，比如芭蕾猫和坦克300,2022/2/10,census,16
[汽车][新能源]北京电动汽车排号，先在一共有多少人再排啊？,2022/2/11,aihongxia,2
比亚迪高速断电趴窝,2022/1/4,test321,44
激光雷达的ET5，摄像头的特斯拉，谁辅助驾驶更强？,2022/2/9,census,39
对寒冷的感知,2022/2/10,shawn2020,7
丰田仅2.5混合动力就有至少四种功率配置，适应不同需求,2022/2/10,soochowboy,3
看了看元plus,2022/2/10,googlestyle,11
谁能给我简单说一下增程式和以前丰田普锐斯那种混合动力的区别,2022/2/8,cyleaf,6
14年老秦车主来说几句,2022/2/8,Jiefree,37
这蔚来屁股上的是啥,2022/2/10,tcwyzhf,1
极氪自营超充站北京哪有？,2022/2/4,firstmj,50
AITO品牌发布，目标：全球新能源汽车TOP3！,2022/2/9,New2000,53
蔚来创8春节回京,2022/2/8,hellohhj,18
周末开始降温雨雪天气,2022/2/10,DoubleH,1
买极狐新能源车什么时间点会便宜,2022/2/9,water123,59
我国第一条超级公路：目标实现移动无线充电,2022/2/10,Acui,7
2021年电动车投诉榜,2022/2/9,readerblue,28
电动车的两种最终形态,2022/2/10,zuigao,5
特斯拉单踏板不适应完全可以用缓行模式吧,2022/2/10,deltagogo,4
柴油混动或增程大卡车或皮卡面包车前景怎么样啊,2022/2/10,deu66,7
都知道车质网吧，有兴趣的可以看自己的车型,2022/2/10,stoneyang,1
还是要看车企的整体研发、质量管理体系下的长期口碑,2022/2/10,semilog,1
电车停车这么耗电吗？,2022/2/8,kz6681,29
说说春节长途往返model y的体验,2022/2/9,catsource,63
马斯克当选美国工程院院士,2022/2/10,nisus,2
请问没有家桩，磷酸铁锂的定期均衡方便吗？,2022/2/9,bravemario,11
最近几个月特斯拉的负面消息是不是少多了？,2022/2/9,Laurasia,24
wangcity被取消在GreenAuto版的发文权限,2022/2/10,deliver,0
实地看了元plus ev,2022/2/8,suoluosi,9
相中极氪了。,2022/1/17,metall,133
自动驾驶和辅助驾驶成熟的两个标志,2022/2/10,topking,9
定时充电在公共充电桩上可以用吗？,2022/2/9,buffer3568,11
求个充电枪延长线，最好四五十米长的，谢谢,2022/2/9,Ryzan,10
为了普及自动驾驶，可以设置一条自动驾驶专用车道,2022/2/8,AD007,11
秦plusEV600里程及充电量记录,2021/11/15,oRo,29
300公里电池直驱+汽油机发电是不是最优解？,2022/2/10,Nordahl,3
华为那个车太像macan 了,2022/2/9,chelseaLL,8
比亚迪的ev受限，概率到底有多大？ (转载),2022/2/7,Krete,10
今天电车耗电已经可以1：1开了,2022/2/9,huankuib,7
用电比用油到底能省多少环境成本？,2022/1/29,dreamburier,75
讨论个问题充电越慢对电池越好吗？,2022/2/9,tthappy,6
试驾ID4,2022/2/8,googlestyle,45
冬天电车最需要的功能是,2022/1/20,damengbj,24
【日产】放弃内燃机研发。日本车企里第一个全速拥抱纯电动！,2022/2/9,census,5
大堵车时只有混动才让人心安,2022/2/6,googlestyle,34
车板被堵的哥们儿太惨了,2022/2/7,chelseaLL,43
蓝色港湾 ID Store,2022/2/9,wywgreat,2
特斯拉明年会降价吗？有必要今年买吗？明年才有实际用途,2022/2/8,abiao8,17
特斯拉的销售打电话说,2022/2/8,deltagogo,22
Model3后备箱放自行车,2022/2/7,intotherains,20
飞凡r怎么样？,2022/2/7,tiamo147,18
替比亚迪说句话,2022/2/8,shunderen,39
今年冬天就要过去了，入冬前发布的热泵空调车有明显优势吗,2022/2/9,stoneyang,1
[建议]北汽EV160换车或保号建议,2022/2/9,chinasjok,3
买车之后，保险，上牌大概流程是？,2022/2/9,keywords,2
电车车主为啥相互攻击？,2022/2/8,ApiG,12
YD吹们，杀人？还要诛心？,2022/1/25,yutouno1,43
Re: 想说服一个亲人买车的时候，不买日本车，买国产车。,2022/2/9,原帖已删除,17
斯坦福：崔屹团队研发悬浊电解液，有望解决锂电池关键问题 (转,2022/1/18,harrycheng,18
为什么冬奥会上基本不用锂电池电动车，而用氢能车,2022/2/8,bgg,22
锂电池这种东西用完了能回收吗,2022/2/9,sean818,2
电爹最大的问题就是新产品迭代太快,2022/2/8,chenghaibo,7
荣威marvel x高速时电机故障，后轮抱死甩尾，差些翻车,2022/2/6,lhpred,34
有纯电出现EV受限的吗？,2022/2/7,memory166,15
现在都有哪些纯电车自适应巡航时支持动能回收？,2022/2/8,stoneyang,7
极狐不愁卖了？置换补贴降了5000,2022/2/8,imbjer,27
试驾了小鹏P7，感受谈谈,2022/2/7,wangcity,43
指望通过换电解决电车加电问题的洗洗睡吧,2022/2/7,MacDull,36
明天去验车上牌，4s给了个其他品牌4s地址是几个意思？,2022/2/8,ivici,15
比亚迪宋plus的竞品是啥？,2022/2/8,INSTANTUSER,16
各大自动驾驶认识前车刹车灯嘛?,2022/2/8,unknownzerx,2
Re: 堵车严重的地方，自动驾驶就用上了。,2022/2/8,原帖已删除,4
跳反很正常，,2022/2/8,blunyzhu,8
吉利怎么想的，为啥要把领克换成极氪,2021/4/16,lakaka,28
理想ONE10万公里长测，漏油积碳生锈严重！发动机是最大短板！,2022/1/18,bustrain,2
Re: 想买DMI的人不妨先看看懂车帝车友圈的质量反馈,2022/2/8,原帖已删除,8
电车还是买蔚来/特斯拉/小鹏,2022/2/8,qiangsir,3
汉的驾驶座头部空间,2022/2/7,iamlilei,12
辅助驾驶中进行人工干预,2022/2/6,netpacer,8
Re: 买了两个电车，富裕一个充电桩指标,2022/2/8,原帖已删除,10
Re: 电车是不是进入技术平台期了,2022/2/8,原帖已删除,13
1月广汽新能源的销量还没有出来呀,2022/2/8,menglongwang,5
又一个特吹跳反了？,2022/2/7,dolphinlang,14
电车的ev受限或者电池问题，好比油车的发动机变速箱挂了吧,2022/2/8,Engelberger,2
aiony 600公里版本还是贵了点,2022/2/4,menglongwang,8
感觉比亚迪电车在确立它油车时代的地位,2022/2/8,wsnsw,13
2021年全球新能源汽车销量榜单：特斯拉居首，比亚迪第二,2022/2/6,hyhcw,8
Re: 春节补能难题再现 逾六成车主称续航达六百公里才敢自驾返乡,2022/2/8,原帖已删除,1
单日行驶1732公里,2022/2/7,omin,14
比亚迪宋dm-i漏风的问题有后续了么？,2022/2/8,slippercc,0
[原创]回馈版友，自行办临牌、选号和上牌过程,2022/2/7,kobeck,5
[插混]本版有比亚迪唐DMi车主吗？这车咋样，技术稳定吗？,2022/2/7,axibaqwer,18
蔚来et5确实不错,2022/2/5,shunderen,79
理想one试驾,2022/1/30,lecco,18
看了那个AP的追尾有感：晚上慎用辅助驾驶,2022/2/7,AD007,6
堵车10小时是什么感受,2022/2/7,toad888,2
理想one和领克09之间有竞争吗,2021/12/15,MacDull,14
Krete被取消在GreenAuto版的发文权限,2022/2/8,deliver,0
dolphinlang被取消在GreenAuto版的发文权限,2022/2/8,deliver,0
进京检查站巨堵,2022/2/5,thwolf,16
是不是还没有出现过电车漏电电死人的事故？,2022/2/7,deu66,17
ev受限是byd的专有名词吗？ (转载),2022/2/7,chylli,9
这个版 每天至少有一个帖子 发比亚迪不好的帖子。,2022/2/7,findmyhappy,13
浙江地区有人出二手电动车嘛？,2022/2/7,kunseng,4
电蹦蹦春节跑长途问题不大,2022/2/7,godeyes,15
id4好像挺结实,2022/2/5,tralight,44
二保费用,2022/2/7,zthenry,11
不要质疑，真车主无疑,2022/2/7,dolphinlang,4
2019款Aions换电池后的汇报,2022/1/3,radioham,17
2021年比亚迪国内纯电销量也超特斯拉,2022/2/7,myspace1939,3
ex3的续航里程实在吗，有车主吗，谈谈啊,2021/12/2,wangcity,51
今年id4之类的suv保费大概多少钱啊？,2022/2/7,deu66,0
Re: [电动]二手车平台上有些车只有三四个月车龄，会有什么猫腻,2022/2/7,原帖已删除,8
江淮快充，15安，服不服？？！！！,2022/2/4,fuyunzi,13
[ZZ] 大无语！汉车主亲历比亚迪售后,2022/1/22,lvsoft,14
试驾感受不错，寻id6好价购买途径,2022/1/16,amantju,35
看了比亚迪汉ev，难道没人觉得坐着有点憋屈吗？,2022/2/7,suoluosi,5
电动车的能量回收都不能全关吗？,2022/2/4,Counting,58
eu5 r550今天续航里程打五折，正常吗？,2022/2/5,j3a108,12
有关漏风,2022/1/30,stoneyang,41
电车放大半年会不会有问题？,2022/2/7,jlstmac,6
特斯拉这么任性的吗,2022/2/7,sanqi,12
现在库存车除了ex3还有什么车？,2022/1/4,youzailangzi,18
现在特斯拉是不是还不能进某些单位,2022/2/4,Ctrl1005,52
这次改款，m3性价比高还是my高？,2022/2/7,liu14296,1
剩余续航估算的准就不会焦虑,2022/2/6,omin,9
今天特斯拉车机model y死机了,2022/2/5,yuhuili,52
各厂商自研情况,2022/2/6,wangkuo111,39
2021中大型suv销售排行,2022/1/22,qtpr,17
Re: 统计一下“是否喜欢单踏板”和“老油车刹车片磨损”的关系,2022/2/7,原帖已删除,7
仔细对比四种类型混动电动，还是丰田混动在现阶段有优势。,2021/12/20,soochowboy,20
商场充电一点也不爽,2022/2/4,wangkuo111,29
现在还有多少人质疑新能源汽车呢？,2022/2/5,xlrh,6
没桩的短腿电车体验真不行,2022/2/6,bloodlust,13
比亚迪汉ev和小鹏P7那个合适,2022/2/6,ApiG,13
比亚迪漏风问题解决方案。,2022/1/28,jlstmac,37
求便宜的二手电动车,2022/2/7,yzx1986,0
韩璐对毛坯Y的评价挺客观,2022/2/4,AD007,52
闭环道路，平路省电还是有上下坡省电？,2022/2/5,nsm,12
除了宋dmi，还有哪些不错的混动中型suv？,2022/2/6,wwpty,8
家庭积分一算才34分，五年内还有机会排上新能源吗,2021/1/2,lovelypigfly,20
高速排队充电的文章还没出来么,2022/2/6,iRonaldo,2
拼多多买个柴油发电机应急怎么样？3000多块钱才100公斤,2022/2/6,deu66,7
不看到北京标，不知奥运开幕了,2022/2/4,yubing,7
春节长途es8 路程汇总 粉黑角度自取了,2022/2/5,xxyy0088,41
看来还是充电香？,2022/2/4,dolphinlang,38
路上看到极氪001,2022/2/4,shanghuo,16
说单踏板不适应的教你们一招,2022/2/5,tsingsh,7
可能我真的太笨，求指教,2022/1/29,zpfzhang,38
家庭积分30左右，几年看拿到牌,2020/6/2,caoqinghua19,5
家用如果不是为了共享赚钱，不要用物联网充电桩,2022/2/6,semilog,1
有没有车可以控制快充电流或者功率？,2022/2/6,profo,4
有没有觉得特斯拉空调吹得脸特别干,2022/2/6,Counting,12
特斯拉雷石KTV是不是只能用它的麦克？,2022/2/5,xgglg,3
帮忙评估一下是否需要修理及价格,2022/2/5,Jumbowang,3
脱困首先要关闭ESP,2022/2/6,zyzx77,6
Re: 一眼遇到空桩就充电，否则就加油,2022/2/6,原帖已删除,0
说特斯拉高速电耗低的出来走几步,2022/1/30,tedxyz,48
几何C真是可以啊,2022/2/5,thwolf,24
特斯拉今年不出新车,2022/2/5,shunderen,4
电池组充电策略的疑问,2022/2/5,shinsy,21
特斯拉不也是一个加速踏板，一个刹车踏板吗？,2022/2/5,Laurasia,29
et7好漂亮,2022/2/6,HDDXSQN,2
"43万买蔚来ES6,承诺终身质保.车主:出一次事故终身不管!",2022/2/1,chaodide,87
这里没人吐槽model3新车机界面吗,2022/1/28,Dever,35
推测一下月度营收,2022/2/3,Abron,5
mode y动力也不行吗,2022/2/5,zthenry,17
版上有这样的车主吗？,2022/2/5,dsf008,6
北京到青岛高速充电桩排队不,2022/2/1,yuhuili,3
友提：合生汇有哪吒、天际、岚图、小鹏、BYD、华为、威马、极狐,2022/2/4,wazgwsmj,9
锂电池受温度影响真的很大,2022/2/3,yehorse,28
北京汉ev提车要多久,2022/2/5,ApiG,1
去了趟妙峰山脚下,2022/2/5,niuhuahua,6
电车就是一个骗子,2022/1/17,hongbin8615,63
Re: 极狐厉害了，冬奥头车…,2022/2/5,原帖已删除,14
为啥id4cross和x销量差了3倍？？？,2022/2/5,wazgwsmj,19
比亚迪汉-dmi盲订量真高。,2022/1/17,oldgeng,32
不要相信360的画面,2022/2/4,vta,13
快充温度过高终止充电,2022/2/2,switch01,27
明天高速回家,2022/1/30,thwolf,24
e充电看空闲桩并不准啊,2022/2/5,thwolf,2
以产定销，2022三傻销冠应该还是小鹏,2022/2/5,AD007,6
家人可以把名下的车转移给我，继续排号吗？,2022/2/4,tralight,6
等宋dmi中，对汉dmi产生欲望，换吗,2022/1/9,sam925,26
转发：特斯拉车主真人主动刹车测试,2022/2/3,houming,42
过年开特斯拉回家车主舌战一定不能输,2022/2/2,henrykaka00,20
停车场偶遇，是传说中的智己真车吗？,2022/2/4,shg016,0
常营地下一层三家电动车,2022/2/3,yzx1986,4
岚图车门绝对有问题,2022/2/4,wsnsw,3
大众充电时也会电池加热吗？一小时5度电那种,2022/2/4,deu66,13
转：-30℃谁才是本次新能源冬测21辆车的“均衡之王”,2022/2/4,AD007,3
新能源个人排队,2022/2/2,zgzz10212,15
model3和modely怎么选？[更新试驾情况],2022/2/2,liu14296,48
过年把屁股撞了,2022/2/4,ann1122,2
北汽蓝谷去年亏损50亿,2022/1/30,caozihua,52
京藏高速连续弯道,2022/2/3,zthenry,14
新年电动车使用经验,2022/2/3,shanghuo,6
大众id4全系列有220v放电功能吗？,2022/2/2,deu66,6
凯迪拉克这个LYRIQ不错啊,2021/11/18,Finale,210
哪些遗老在消化比亚迪的燃油车？,2022/2/3,Nordahl,3
为什么各机构都预测2022年新能源汽车销量达到550万辆？,2022/1/29,IDerror,11
看看高速充电酸爽不,2022/1/31,jack1234jack,24
宏光mini的成功绝非偶然,2022/1/29,aotuzifu1968,25
发个帖总结下主流新能源车驾驶感受,2022/1/30,wrsea,34
除夕夜差点路上抛锚等救援,2022/2/3,hanb,42
听说现在石墨烯电池，能跑150公里？,2022/2/2,feng321,19
剩余续航里程为0，你们开过多远？,2022/2/3,firstmj,10
关于蔚来，我很疑惑的一点,2022/2/2,zhey,41
有超过5年的电车车主么，说说电池衰减,2022/1/26,nOOneknOws,137
今天高速上好多车开的很慢，后面压了不少车，还有好几起事故,2022/2/3,shenhuxi01,0
如果马斯克是穿越者,2022/2/2,i1902,7
老马社交媒体上祝中国新年,2022/1/31,tcwyzhf,15
600km新能源求推荐,2022/2/1,ehcozhao,12
各位新能源车主今天都到家了吗,2022/2/1,shuiwoods,10
4儿子模式就是毒瘤,2022/1/31,zthenry,13
大胆预测一下：2022年，毛坯Y的市场份额将被小理新车型抢夺！,2022/2/2,AD007,38
三傻一月交付数据,2022/2/1,antzzz,32
e充电居然要自带充电枪,2022/2/2,Maxwin,7
明天立春了！300短腿又一个冬天,2022/2/3,qwt,4
2022年新北京能源号什么时候放出来啊？,2022/2/1,iambk,3
青甘小环线补电指北,2021/10/14,isedai,21
昨晚又充电到凌晨,2022/1/29,zhaozhao1982,152
刚在三元桥三环看到个白色001,2022/1/28,imbjer,73
电车的蓝牌与绿牌相比，有什么优势,2022/1/31,byan89,50
北京有哪里可以看元plus样车吗？,2022/2/1,Zeusxzy,2
宁德时代都涨回去了，为啥比亚迪还跌成狗啊。。。。,2022/1/28,bufu110,17
15年北汽ev160置换求推荐,2022/1/29,number9999,39
长续y的实际续航,2022/2/2,tbbt2013,5
eu5 跑了5.3万,2022/2/2,zbh333022,6
哪个容易晕车？,2022/2/2,LaughLy,5
纯电续航有没有可能到2000公里,2022/1/26,wsnsw,49
一次性电池（碳性碱性）冬天也电量少吗,2022/2/2,dawei78,4
今天定了ID4 C,2022/1/30,weizhuangzhe,6
标续Y停产了，都要改成后驱Y,2022/1/25,hyeana,28
model y标续和长续实际差多少续航？,2022/2/1,evermore,10
自动驾驶专利公开,2022/2/1,tbbt2013,10
有人关注秦plus600公里吗？,2022/1/2,erl2,24
蔚来换电站高速布局,2022/1/28,wangkuo111,14
1月销量都哪家公布了？,2022/2/1,dsf008,5
上午去看了奇瑞大蚂蚁,2020/8/20,kahuka,55
年底3标续降到22万，立贴为证！,2021/7/9,AD007,21
极氪001一月交付3530辆,2022/2/1,nonexist,11
抖音说车人直播的时候说tesla比国产所有电动车高几个档次,2022/1/28,tbbt2013,13
车友们股东们，新春快乐，春天就在不远处…,2022/2/1,hsv,6
2021款几何C将于8月17日上市，提供多种配色供消费者选择,2021/8/14,xmys1999,8
版面积分变更记录,2022/2/1,deliver,0
电车长途最优外形是不是就是旅行或者所谓猎装了？,2022/1/31,stoneyang,17
my高速不开空调一比一很容易,2022/1/31,tbbt2013,28
哪个品牌的充电桩最多？？？,2022/1/31,czx1990,5
我充满需要36个小时,2022/1/30,dawei78,15
2月底提车的MY后驱版，想升级成长续航了,2022/1/30,houming,24
T家应该研发一款原厂手机支架，肯定大卖,2022/1/30,AD007,23
倒车没蠕行，果然更丝滑…,2022/1/30,hsv,19
Re: 小绿人可以给电动汽车充电吗？,2022/1/31,原帖已删除,0
唐EV和蔚来ES8在挪威售价相同,2022/1/30,west,9
10-20万的续航可以的电车推荐,2022/1/30,wreckson,37
汉ev一年1.9w公里了,2022/1/29,ybzhero,48
特斯拉自己说的：四季度《车辆安全报告》,2022/1/20,census,64
蔚来北京有多少换电点？,2022/1/27,tbbt2013,27
2021年我国可再生能源装机规模突破10亿千瓦,2022/1/29,hyhcw,4
宝马mini电动版,2022/1/29,diver,21
30万左右的电车试驾感受,2022/1/2,sqrxj,66
挪威乘联会评测 31 款电动汽车冬季续航：比亚迪唐 EV 夺冠,2022/1/30,west,15
汽车什么时候会被取代掉,2022/1/30,shuiwoods,0
新能源真的是代表未来啊,2022/1/30,SunyataX,0
踩油门，自动刹车生效,2022/1/29,blunyzhu,12
极狐、etron都知道追求车身扭转刚性,2022/1/29,dolphinlang,22
调查称纯电动车车主不再愿意转用燃油车,2022/1/28,nswdxqq,6
希腊：为出租车司机补贴2万欧元更换电动汽车,2022/1/30,Onlineness,0
厂家贴息的2年贷款，是不是第二年也无法换保险商？会不会有坑,2022/1/30,deu66,4
搞了半天我之前开油车一直都是单踏板,2022/1/28,tsingsh,17
特斯拉的系统升级过程特别傻,2022/1/30,hyeana,3
最近搭载刀片的车，着的有点多了……,2022/1/28,Nordahl,7
要是不限制指标，但是可以摇号出行怎么样？,2022/1/30,gwssi1,3
1月百公里费用,2022/1/28,SpockLee,4
求推荐个25-30左右的综合分好的,2022/1/30,liu14296,16
极氪100度电池做的充电宝,2022/1/29,DoubleH,11
车评人100%都收厂家充值，为什么还有人信,2022/1/27,tbbt2013,21
2021年终端销量榜,2022/1/29,AZTU,13
【大将相继离职，华为不造车选错了路？】ZZ,2022/1/27,chaodide,6
再现排队充电,2022/1/28,dogmanstar,10
公交车不开暖气，可以投诉吗,2022/1/29,tclj9,2
蔚来自建设施跟京东自建设施类似感觉,2022/1/28,hebbyliu,86
wangcity被取消在GreenAuto版的发文权限,2022/1/30,deliver,0
北汽充电桩兼容特斯拉,2022/1/29,yuhuili,3
去年电费,2022/1/28,sm8822,6
猪鼻子1月22的过年活动1积分兑换福字小礼包到货。,2022/1/29,danmishell,1
试驾了model y,2022/1/28,songami22,124
又经过一个冬天，电车表现如何了？,2022/1/18,dahai2999,69
哪位说说秦plus吧 谢谢,2022/1/29,zhejiushij5,5
关于自动刹车的逻辑,2022/1/28,o1dsix,7
理想one 5天换半轴,2022/1/29,sirius0777,1
换电不好，你们别买，放着我来,2022/1/26,xglchong,82
中控车机pad应该可以替换升级,2022/1/29,nolonger,0
极客电机又出问题了？,2022/1/27,hulibuhutu,44
换电的车腿短,2022/1/28,hyeana,11
特斯拉出2非常简单吧,2022/1/29,xiaoben,8
有人说特斯拉两厢车已经开模了,2022/1/29,Acui,11
关于北京将长续航的混插车辆归入新能源车辆指标的建议,2022/1/27,Hillhu,66
【跟风】秦plus ev 6000公里小结,2022/1/7,jizhqi,24
0℃上下范围内，续航天上地下,2022/1/27,haixian02,27
换电单元是可以整体拆换的,2022/1/28,gaozhuang,2
唐dmi拖车上烧了,2022/1/27,dyatpk,23
六款对比评测，蔚来ES8长途智驾全面优等生,2022/1/28,dpm,36
智商税上线：特斯拉TeslaMic无线话筒上架：1199元两只，车内K歌,2022/1/28,hyhcw,13
Re: 优化版新款MODEL Y预计今年几月份能出来？,2022/1/28,原帖已删除,1
Re: 为什么会觉得只有几个新势力在造新能源车的错觉,2022/1/28,原帖已删除,11
去年8w买的xnv开了1年多8.5卖了,2022/1/24,readyfish,6
换电的最大优势在于储能,2022/1/26,dolphinlang,11
新能源车统一左脚电门，右脚刹车，可行吗？,2022/1/23,houming,29
BYD半导的IGBT模块国内新能源电机驱动IGBT模块全球厂商中排名第,2022/1/28,hyhcw,13
特斯拉Model 3“铲飞”比亚迪宋Pro DM,2022/1/24,NaNiMnO2,10
其实把电车鼻子里那个储物槽改成扩展槽就行了。,2022/1/26,L234118,8
开的慢有什么好处？,2022/1/24,Apple4S,93
春节前开通多个高速换电站，小短腿有福了,2022/1/28,qoros,4
一季度交付4680电池版本，之前说明年的出来走两步,2022/1/27,hyeana,56
【猜猜华为今年会不会造车？也许这是最后的机会了。】,2022/1/26,chaodide,11
岚图free纯电咋样,2022/1/24,land611,22
动车?百公里能耗,2022/1/28,DoubleH,7
特斯拉起诉小刚学长,2022/1/26,AZTU,87
版上这么多懂车的，你们可以做个汽车自媒体啊,2022/1/28,census,6
分享下广汽Aions plus的真实续航,2022/1/27,kevinhan,104
上次50分，该什么时间定特斯拉？,2022/1/27,deltagogo,12
【小鹏市值和蔚来只有50亿，小鹏今年也许就成新势力一哥】,2022/1/26,chaodide,16
37分 家庭号 电车今年有希望吗,2022/1/27,Sifi,11
自从有了ACC和LCC，开车变得佛系了,2022/1/27,AD007,6
特斯拉起诉千万粉丝大V，称其测试数据作假 (转载),2022/1/26,wenzishou,9
[转载]极狐阿尔法S 全新HI 华为ADS辅助驾驶量产版 点到点辅助驾,2022/1/24,wangdass8,28
岚图提车记录,2022/1/22,snowbig,35
Ia5这两天经常提示蓄电池电量过低,2022/1/26,aczo,5
求购一辆理想one,2022/1/27,axibaqwer,0
Re: 特斯拉,2022/1/27,原帖已删除,7
冬天来了，春天还会远吗？,2022/1/27,byan89,1
续航不到300的电车只能算是工业垃圾吧,2022/1/27,tbbt2013,5
es8 100度 两天 跑了 大概24 小时不到 1670 km 换电五次+一次充,2022/1/25,xxyy0088,98
这几年特斯拉有没有可能引入他们自己的车险服务到国内？,2022/1/26,bfield,3
小鹏汽车的销售，真差劲！！！！,2022/1/26,cangni2012,7
昨天在山东某地看到这个用柴油发电机给电动车充电的，什么操作,2022/1/26,myshitshit,6
小米造车图鉴,2022/1/26,AZTU,13
中国汽车健康指数（C-AHI）2021年第三批 测评结果线上发布,2022/1/26,henrykaka00,1
试驾ID3，谈谈感受,2022/1/23,wangcity,21
纯电在京不限行，这便宜占大了吧,2022/1/24,damolaike1,24
试驾ID6，谈谈感受,2022/1/23,wangcity,29
不懂就问：特斯拉的车好在哪？地库没有充电桩,2022/1/21,hbo,86
能不能发明一种材料，两分钟加满，跑五百公里以上。克服电车的,2022/1/25,shuiwoods,38
元plus和宋plus在北京开哪个续航更好一点？,2022/1/26,Zeusxzy,10
适应单踏板的诀窍,2021/12/1,dahuamao,41
新能源汽车面临的能源瓶颈比石油更恐怖,2022/1/26,xccll,13
正在保养电车,2022/1/26,iTuzi,5
请教新能源车牌,2022/1/25,newhaitian,2
今天油门当刹车了,2022/1/23,tedxyz,66
以后路上就可以无线充电了。。。,2022/1/26,Acui,8
没想到电朗逸过后还有9万的本田XNV,2020/5/21,mailtowy,37
既然电车最不保值，二手电车最大的问题是什么？,2022/1/20,zhejiushij5,12
换电是解决电车短腿和补能的问题的唯一出路，但前提是,2022/1/25,dasnet,32
有开始休假在京沪高速的吗,2022/1/26,zthenry,0
充电换电并存才是王道,2022/1/26,NeverBelieve,8
换电这种基础设施吧，只能慷他人之慨,2022/1/26,lly9666,20
昨晚做梦,2022/1/26,DoubleH,2
Re: 蔚来 香港上市悬而未决，谋求新加坡二次上市,2022/1/26,原帖已删除,0
一分钟加满跑几百公里的液体有了，真相令人震惊,2022/1/26,hondooo,0
求量便宜的二手电动车吧,2022/1/25,yzx1986,13
北京哪里能看到ET7的样车,2022/1/26,hxlin,6
安装充电桩 小区电容量不足怎么办,2022/1/25,ylh1969,5
同志们比亚迪DMI在北京上的绿牌还是蓝牌,2022/1/24,yzx1986,15
比亚迪轻踩刹车突然停在路上,2022/1/25,jdzx,47
求指导：家庭唯一一辆电车 预算20万以内落地,2022/1/21,xiangmotian,67
埃安s换电池,2022/1/19,petrole,52
