﻿主题,发帖时间,_ 作者,回复
在可预见的未来，混动才是最优解吧？,2022/1/20,alchemistDF,13
今天上车5度。id6还是无脑加热了电池20分钟,2022/1/25,davyfl,15
中国新能源汽车产业从“充电”向“充换电同步发展”转型,2022/1/25,heropapa,1
特斯拉费电原因之一,2022/1/25,tsingsh,1
看了这么多人评价，没抓住Model Y最大的卖点,2022/1/24,wojiushiid,110
Re: 唐dmi一个小小的爽点,2022/1/25,原帖已删除,0
tonygeng被取消在GreenAuto版的发文权限,2022/1/25,deliver,0
同志们，电动车也需要2年一年检吗？,2022/1/25,yzx1986,7
昨天看到et7到展车了,2022/1/24,wsnsw,33
希望理想把发电机做选配件,2022/1/24,zyzx77,17
长安奔奔ESTAR好像涨价了，不知道该怎么选了,2022/1/24,fishonroad,4
请教一下高速充电如何排队?,2022/1/24,qiangsir,22
112km/h高速续航测试中，Lucid创下了实测800km的成绩,2022/1/24,AZTU,41
ok，都说好，那解释一下这个现象呗,2022/1/16,stoneyang,86
首都机场t3停车场里有充电桩吗？,2022/1/25,manshou,2
极速拍档和比亚迪结梁子了,2022/1/24,jlstmac,9
电车大战： 特斯拉 Model 3 顶飞 比亚迪宋Pro DM,2022/1/25,tsa300,0
蔚来汽车销售打我电话,2022/1/24,RickyZhou,13
[电动]2022年有啥可以期待的EV吗？,2022/1/25,neonly,5
敬告本版yehorse，中航的广汽一样锁电，你不要再洗地了,2021/8/27,slippercc,58
请问新能源汽车现在自编车牌的规则是啥？,2022/1/25,ivici,2
20万以内 宋plusev  埃安sp  id4c选哪个？,2022/1/23,xgz1123,23
明年新能源排号，家庭要多少分才希望比较大？,2022/1/21,sandaisisha,6
刚提了id6 crozz首发版,2021/8/29,hikermyp,31
老丈人的朗逸纯电续航,2022/1/24,zyzx77,9
值得收藏的电车自驾加电指南,2022/1/24,moonfish,3
"[建议][心得][已解决]北汽 EX3, OTA后导航无法激活",2022/1/22,feifeimao,44
比亚迪力压特斯拉,2022/1/24,LucaToni,13
难道就没有经济转速低一些的发动机,2022/1/24,xtqdm,3
冬奥专用赛道是不是纯电也禁行？,2022/1/21,subidiot,10
15年内一二线大城市有可能实现市内公共交通新能源全自动化么,2022/1/19,wsnsw,6
Re: Ia5提示蓄电池电量过低有什么影响吗？,2022/1/24,原帖已删除,0
BYD的DMi在馈电馈电状态下的行驶体验会变差多少？,2022/1/21,DateBase,22
刚接到长安estar电话要等3个月才有车,2022/1/24,yzx1986,3
又一年过去了，四年的e5还挺好开,2022/1/19,mouseking007,23
电车的烤肉功能好用吗？,2022/1/23,burrma,13
为啥秦ev300只能五折了,2022/1/22,dawei78,13
增程是对抗比亚迪DMI的唯一手段,2022/1/24,Elric,19
冬天特斯拉充电太慢了,2022/1/24,brokenjohan,20
比亚迪没有革命者的气魄,2022/1/21,googlestyle,65
不黑，比亚迪外形有点土了，颜值有待升级~~~,2022/1/23,breezing,49
广汽埃安s 2021年都卖到哪些城市呢,2022/1/21,HLWJSJ,58
啊哦，比亚迪换电池二进宫啦,2022/1/21,panggu,26
求问宁德811的电池这么不安全为啥大家还推id系列,2022/1/21,amini,67
安静稳当的非三箱有推荐的吗？,2022/1/23,land611,17
两年iA5换了新电池,2022/1/23,snowyang,7
刚试了model Y高性能版。。。 (转载),2022/1/23,wazgwsmj,32
自动驾驶系统闯红灯致两人死亡，特斯拉司机被指控过失杀人罪,2022/1/21,Math2021,17
求个新能源指标,2022/1/22,zozo0707,1
李想当初为何能看准增程这条路？,2022/1/22,touareg,25
蛮牛也要“触电” 曝兰博基尼即将彻底告别纯内燃机,2022/1/24,ble,1
特斯拉柏林工厂：开启 Model Y 预订，3月正式交付客户,2022/1/23,Onlineness,7
没买极狐后,2022/1/21,svipanning,78
ZZ理想又又断轴了，有人知道这是咋回事儿吗？,2022/1/21,googlestyle,31
新能源的冬天快熬过去了，过完年续航就快回来了。,2022/1/24,wabd123,0
下雪天开电瓶车跑出去野了一下,2022/1/24,ttl,9
换电只是过度手段,2022/1/20,mutoubig,13
[求助]提问宝马ix3车主，关于动态续航,2022/1/19,wangdass8,32
掉了5%的电开了27.5公里,2022/1/21,niuhuahua,14
比亚迪涨价,2022/1/23,dogmanstar,11
前端时间海豚烧了有后续吗？,2022/1/21,jack1234jack,33
byd送的充电桩居然不带锁,2021/12/13,Marpher,33
有没有M3长续航车主,2022/1/20,chyang1989,14
极狐在服务区国网桩的充电速度,2022/1/22,godeyes,28
家庭今年46分个,2022/1/22,LaughLy,3
799出厂两年多，终于OTC升级了,2022/1/23,danmishell,6
小鹏都已经涨价了，今年新能源车必然涨价啊。,2022/1/21,chaodide,27
海豹快出来了，新平台，大家等等再买。别着急。,2022/1/21,wangcity,44
主语国际地上车位出租，白石桥南地铁口,2022/1/14,woainimensa,3
电车雪天会不会打滑?,2022/1/22,tsingsh,25
友提：需要手扣的门把手明天早上可能会瘫痪,2022/1/22,AD007,3
qtpr被取消在GreenAuto版的发文权限,2022/1/23,deliver,0
LW，VA打头的车牌，换成新能源之后会变成啥？,2022/1/21,xueyandy,6
大家还是要买个带内燃机的，混动，油车都可以否则战时，跑不掉,2022/1/21,wangcity,67
Re: 开电动车的准备把快刀放座位下面，随时割安全带逃生。,2022/1/22,原帖已删除,3
奇瑞其实可以直接抄理想one,2022/1/22,Elric,21
本版斯德哥尔摩症候群患者是真多,2022/1/21,kobelj,4
电池原材料价格疯狂上涨,2022/1/21,myspace1939,3
修改touareg在GreenAuto版的发文权限封禁,2022/1/22,deliver,0
Id 3看着小，其实空间还可以,2022/1/22,Laurasia,12
发改委：逐步取消各地新能源车购买限制（北京在里面吗）,2022/1/21,zyn90,157
现在摇号油转电得排到哪一年？,2022/1/22,studyboyj1u,1
"燃了, 啥牌",2022/1/19,jpye,46
现在3万软妹币能买个什么价位的二手EV,2022/1/16,fdu010203,24
[电动]ID.4 95用到15，行驶242公里,2022/1/21,dakuohao,15
比亚迪将在第二季度推出微型电动车的海鸥，价格更低，只有 6-8 ,2022/1/21,wangcity,6
据说理想的全尺寸suv要卖45-50万,2022/1/21,touareg,31
岚图汽车：品牌发布 553 天第 10000 辆量产车下线，创造纪录,2022/1/21,wangcity,4
说固态电池的都是骗子，目的各种各样。钠离子电池还是,2022/1/22,wormvirus,0
这个排名今年有戏吗,2022/1/2,jpbhpal,11
比亚迪要涨价？,2022/1/21,chunri,14
比亚迪竟然真的涨价了，指导价上调1000-7000,2022/1/21,myspace1939,6
蔚来ES8提车了,2021/9/26,signal2009,72
锂电池不可能满足新能源车需求,2022/1/22,gen9,1
电动车电池的终极解决方案是换电吗,2022/1/19,pigverybig,153
这车什么优点,2022/1/18,dawei78,20
大众玩电,2022/1/18,qinshimingyu,26
现在切新能源指标，要排队到哪一年？,2022/1/21,asdaasda,3
聊一聊比亚迪山寨的“黑历史”,2022/1/20,bengberba,84
动不动就说有地库有桩,2022/1/18,tbbt2013,52
2021年全国动力电池出货量220GWh,2022/1/21,ble,3
好消息，，免购置税政策还会继续,2022/1/20,wuxiao,3
烧煤取暖是不是最便宜？也是最方便改造的吧,2022/1/21,deu66,9
这刹不住测试水很深啊,2022/1/21,itdc,1
[新能源]固态电池是未来20年最大的饼,2022/1/18,woshi9shen,8
有一段看理想的车标总以为是力帆的。。。。。,2022/1/21,wangcity,0
希望有车厂取名托塔天王李靖，正好是哪吒的爸爸。搞个家庭团圆,2022/1/21,wangcity,0
有没有必要多花2万买个安装充电桩资格？纠结。,2022/1/21,whitelies,44
吉利收购魅族手机,2022/1/21,ble,10
低温续航变少是因为充电充不满吗,2022/1/20,evermore,12
特斯拉Model Y长续航好出手吗？,2022/1/20,BMW520Li,24
北京比亚迪汉EV 605km续航实测45折。,2022/1/20,RickyZhou,25
剩31%的电停外面了，会不会趴窝？,2022/1/20,oRo,30
现在还有摇号版吗,2022/1/21,bobokuku,0
2022年家庭号积分多少有机会搞定新能源？积分多少大概率搞定新,2021/12/30,lifeha,16
新能源车+新司机，大家要小心，我差点老命没了。,2022/1/20,wangcity,10
应当立法限制电车的加速性能,2022/1/18,dasnet,40
冬季续航的各个车型几何C又的第一啊,2022/1/17,chen13143000,99
蔚来要加油！宁德时代在后面盯着呢,2022/1/21,winsen,2
微蓝6很不错呀。,2021/11/24,FLYBBS,59
哪吒汽车是不是一个踏实的企业啊。车如何啊，用了的说下,2022/1/20,wangcity,19
中石油都被查了,2022/1/19,winsen,8
id系列 春秋和夏天用空调 续航打几折,2022/1/20,davyfl,4
这几辆车是什么牌子的啊，广告这么多,2022/1/19,guilaiqu,4
买个这个怎么样？求指导,2022/1/20,yzx1986,5
ID.Bread将于3月9日亮相发布,2022/1/20,ble,13
瑞虎8PLUS鲲鹏e+，0-100加速4.9s，售价仅16.58万,2022/1/20,touareg,33
看了下南通三个换电站，现在都不排队,2022/1/18,dolphinlang,18
电动车有没有1700kg以下，同时车身尽量大的,2022/1/20,zwj945a,11
通用型大号充电宝最大难题就是，出了问题相互甩锅,2022/1/20,luofeixiang,8
ctc架构能换电吗,2022/1/20,DoubleH,2
一面是火一面是冰，威马冰与火之歌，成为173名用户联名的被告,2022/1/20,wangcity,7
Re: 刚才看到一个打算卖iev5的，可以站内联系一下，叫smart**的,2022/1/20,原帖已删除,2
同志们夏天电动车的续航打几折,2022/1/20,yzx1986,20
Re: 目前，一油一电是最佳组合,2022/1/20,原帖已删除,78
行驶证地址变更,2022/1/20,shuimuke,6
某车评人测试刹车偷踩油门实锤,2022/1/20,itdc,1
家庭积分48分，能订车吗？,2022/1/20,nemo2013,20
特斯拉与印度政府减税谈判或陷入僵局，因未承诺当地生产等投资,2022/1/20,hyhcw,0
Re: 本地老认为，理想逼格不行,2022/1/20,原帖已删除,13
威马又又又烧了,2022/1/20,myspace1939,18
【新闻】增程车顺利通过最严苛的考验,2022/1/20,touareg,32
zthenry被取消在GreenAuto版的发文权限,2022/1/20,deliver,0
换电站就是伪命题，这年头咋还有人在搞换电站。,2022/1/19,myd,38
比亚迪的保有量看来真是大,2022/1/20,alou,11
[求助]关于充电桩,2022/1/20,ermumedia,10
2022年达喀尔落幕：燃油车保留了尊严！增程电动车咄咄逼人？,2022/1/20,touareg,0
听说比亚迪有的车型三电终身质保？,2022/1/20,Findest,1
求建议：我车被撞，对方全责但是只有交强险,2022/1/5,lionl3,22
北京周边高速国电快充升级了，100kw走起,2022/1/18,wangdass8,59
今天感觉毛豆3的ESP调教还是很不错,2022/1/20,ygs,1
预定ID4纯净长续航二三事,2022/1/10,yesandno,52
算一笔车企建换电站成本-真的有未来吗？,2022/1/19,shy2137,9
别克微蓝6插电混动有啥毛病吗，为啥销量不行呢,2022/1/19,qqfish123,9
看见一辆上牌的极氪,2022/1/20,DoubleH,2
有个忧虑啊，储能电站会爆炸，那换电站是不是也有这个风险？,2022/1/20,trumpchi,3
ZZ二手贩子被新车给盘了,2022/1/16,googlestyle,19
model y  比  aion v 主要强在哪里？,2022/1/15,menglongwang,64
在闲鱼上看到个好东东，给有意的鹏友,2022/1/19,yuanzcen,2
根本不敢放开开自动驾驶,2022/1/17,tbbt2013,36
纯电MPV不知今年哪家最早开售,2022/1/19,gyxhh,4
换电与充电等待完全不同,2022/1/19,ahmi,10
宁德的换电方案比蔚来好,2022/1/18,cosun,20
习惯了冬天ev500变成ev200,2022/1/18,wuxiao,51
比亚迪受挫，智利法院叫停8万吨锂矿合同,2022/1/19,west,9
实际开15公里掉电30公里,2022/1/19,tsingsh,17
如果换电是终极模式，是不是先看欧盟？,2022/1/19,SmartIC,2
宁德的换电方案，不就是大号的共享充电宝嘛,2022/1/19,census,1
电车要每半年保养一次?,2022/1/13,Hudson57,34
[讨论][电池]大家都喜欢看续航公里数？,2022/1/19,tedxyz,8
电车不充电去换电，就像油车不去加油去换油箱一样好笑,2022/1/19,yehorse,23
是不是只有这一个是全地形电动车,2022/1/19,zhuming717,18
看到一个退订了my提了极氪001的,2022/1/19,wangdass8,50
特斯拉用了amd芯片,2022/1/17,dyatpk,35
看看人家送的换电3分钟排队1小时的锦旗之前那个说13块电池循环,2022/1/18,wangcity,25
2021全年国内汽车汽车销量,2022/1/17,ble,31
换电站、充电站会不会和加油站一样成为房价的副面因素,2022/1/19,NeoJ,3
宁德时代的换电方案不错啊，不知道能不能搞起来,2022/1/18,suffix,21
成都某充电站，model y烧了,2022/1/12,dolphinlang,33
【俩热心女士帮忙把没电小车推出车位ZZ】,2022/1/19,chaodide,14
2022年有望成为换电行业高速发展的元年,2022/1/19,HLWJSJ,7
电池自加热能耗的不准确试算,2022/1/17,sushou,11
网上一堆吐槽新款汉兰达2.5混动高速加速无力,2022/1/18,touareg,28
16年的秦ev300换胎有推荐的吗？,2022/1/17,Doh,11
贡献两个看车试驾体会,2022/1/17,erl2,9
[原创][电动]长安E-Rock 最新电耗（2022.1.19）,2022/1/19,zhuming717,2
美国首例：一名特斯拉司机车祸致两死被控过失杀人罪,2022/1/19,hyhcw,0
极狐还是好车吧。,2022/1/13,Topgun1999,29
逸动ev460换电池后续航真不错,2022/1/17,alex41,5
特斯拉要造15万的model Q，得干死多少厂商,2022/1/17,Acui,39
问个弱智问题,2022/1/18,ApiG,13
钠电池高热效率增程器才是家用买菜车的终极形态吧,2022/1/18,tenwars,11
汽车空调开多少度几档最省？,2022/1/18,pTq,6
国务院：积极建设城际充电网络和高速公路服务区快充站配套设施,2022/1/19,sirius0777,0
2022 大众在中国销售目标翻翻,2022/1/17,HLWJSJ,27
慢充真的太慢了…,2022/1/7,okawaru,31
浅析日产NOTE,2022/1/17,ble,24
看这张图，预测明年高合销量能到多少？,2022/1/17,toodaamoon,11
宁德时代的换电方案，我之前提到过,2022/1/18,guest007,2
电车车主采访，数百个,2022/1/18,googlestyle,2
东风高端新能源越野车项目开工，60万元猛士纯电版要来了,2022/1/18,wangcity,0
今天试驾了的传说中的迷你意味。mini ev，打死不买,2022/1/14,wangcity,30
理想开始飘了,2022/1/18,MacDull,19
《比亚迪驱逐舰05即将到店》,2022/1/16,Onlineness,5
充电还是麻烦,2022/1/18,tbbt2013,14
要首保了，才开了几百公里,2022/1/18,huankuib,1
蔚来智能驾驶竟然连比亚迪和哪吒都不如啊。。。。,2022/1/18,bufu110,11
20年5月的evo 630 aions被通知更换电池了，,2022/1/18,dandan0618,14
“单踏板” 的电动车，松油门时刹车灯会不会亮 ？,2022/1/18,glgg,8
关于宋plusdmi高速油耗,2022/1/18,wfunny,18
"据报道,海豚起火点在仪表台附近,非电池原因。",2022/1/14,huankuib,17
续航比赛时候室内温度应该用实测一致的，而不是厂家空调显示的,2022/1/18,bustrain,13
Re: 小區車位太緊張。,2022/1/18,原帖已删除,3
"【973首席科学家,不要尝试L2以上自动驾驶,特定条件必撞】",2022/1/17,chaodide,30
上海引入特斯拉的初衷是什么？,2022/1/18,meiguanxi,8
id4现在啥优惠,2022/1/18,erl2,0
特斯拉12月销量顶全年四分之一啊,2022/1/16,youlongxixia,7
车险是越要到期越贵吗？,2022/1/17,dawnking,16
比充电更恶心的事是停车收费，收费的停车，天理不容。,2022/1/18,wangcity,1
极氪电机选哪个？,2022/1/10,foreverdh,15
国内电车商能把德国日本电车打趴下么,2022/1/13,nolonger,200
看宋max dmi定价，比亚迪飘了,2022/1/15,LOMO,56
特斯拉又被黑了,2022/1/18,dyatpk,2
还是不理解，什么叫尿崩,2022/1/16,kaka2w,50
时速超200的电车用的是成本低寿命短速度高的异步电机,2022/1/18,sirius0777,14
车险续保的骗局？,2022/1/17,jackwang,11
租个地下有桩车位啥都解决了,2022/1/17,scanreg,7
电动车一定要马力强劲否则真没意思。,2022/1/15,wangcity,25
定了宋plus dmi,2022/1/18,tjunewton,2
家里没桩的人开电动，痛苦疯了,2022/1/17,shightemplar,43
来吧，指条明路，各个大厂应该仔细研究仿制一下e-power轩逸的技,2022/1/17,wangcity,40
Re: 2021年家庭新能源42分，2022年有戏不？,2022/1/18,原帖已删除,1
帮忙看看几何Apro 这个价格可以吗？,2022/1/17,youzailangzi,7
马斯克身家2430亿美元，光今年就给美国政府交税 110 多亿美元,2022/1/15,pigverybig,72
哪位大神能提供个tsl车贷便宜的银行吗,2022/1/17,valxiao,3
易车网的楚少实测理想one的极限亏电加速成绩,2022/1/17,touareg,10
媒体测试冬季续航为啥老是带上空调,2022/1/17,nolonger,13
太不可思议了！特斯拉救命名场面集锦,2022/1/17,litra,0
抖音上的车主采访——宋plus dmi,2022/1/17,kaka2w,0
Re: 问下这个家庭新能源申请，是正在排队的意思吗,2022/1/17,原帖已删除,4
Re: ！没家桩的千万别买电车，即便tsl超冲极贵且耗时！,2022/1/17,原帖已删除,7
自主车企今年冲刺50%市占率,2022/1/17,hyhcw,6
1月18日宁德时代EVOGO换电品牌发布,2022/1/15,zyn90,23
蔚来属于“上海制造”品牌？,2022/1/17,ReverseSMTH,4
错怪蔚来了，已灵活升级租到100度电池,2022/1/17,xxyy0088,22
有没有大佬科普下三电技术排名和研发现状,2022/1/16,wsnsw,50
岚图关前车门居然撞到自己脸,2022/1/17,wsnsw,7
比亚迪，理想这波成功的奥秘 (转载),2022/1/16,wrsea,98
谨慎选择北汽，自买车以来生气基本都是因为北汽----来自北汽EU5,2020/8/28,mxy578946,98
这只海豚抗冻吗？ 海豚北京冬季续航测试,2022/1/17,hyhcw,3
不看好比亚迪的四个子品牌战略,2022/1/17,googlestyle,30
Re: 电车没电趴窝了，还是侧方位停车，很难拖车，咋办？,2022/1/17,原帖已删除,6
周末低温爬坡长途，好奇现在有热泵的长续航车表现如何？,2022/1/16,stoneyang,26
15万左右的电动轿车 可以选哪几款？,2022/1/14,zhejiushij5,54
2021新能源国产电车世界销量排名碾压所有对手,2022/1/17,hyhcw,5
买啥车比较好,2022/1/17,ibluehill,19
试驾了极氪,2022/1/16,triformix,73
关于电机类型，恶意造谣的ID应该杀档吧？,2022/1/17,tedxyz,1
《中汽中心公布智能辅助驾驶报告》,2022/1/16,Onlineness,14
[原创][电动]长安E-Rock 最新电耗（2022.1.17）,2022/1/17,zhuming717,5
一个残值只有不到一万块的新能源车卖不出去怎么办？,2022/1/15,youzailangzi,15
极氪 12月交付3796辆,2022/1/1,ia,34
中汽研发布6款电动车冬季续航成绩：比亚迪汉成最大赢家,2022/1/14,west,20
最近黑国产车的怎么这么多,2022/1/15,liaochen,40
在哪里能找到挣钱的车型,2022/1/16,tbbt2013,10
为了个车位两方是真拼 (转载),2022/1/17,LucaToni,4
zhouxxs被取消在GreenAuto版的发文权限,2022/1/17,deliver,0
汉dmi四驱3.7s，200公里纯电续航,2022/1/16,tenwars,10
电动车在北美推广不了，气候是重要原因,2022/1/15,byan89,17
贴一个自己私桩的月度电费电量,2022/1/16,hoekey,17
现在订modely长续航是不是更划算,2022/1/15,carykel,21
中国汽车业如能打败日本，台湾解放指日可待,2022/1/15,hooge,14
Re: 配偶有油车指标，我能和孩子、自己父母组家庭么？,2022/1/17,原帖已删除,3
求科普，特斯拉对电车的降价的功劳具体体现在哪？,2022/1/16,pklmsthree,71
保养价格真的便宜吗？这个价格……,2022/1/14,nightknight2,27
毛豆3 5.6S停产了？ 原来定的5.6S只能接受6.1了是么。。,2022/1/13,xiti,62
特斯拉有一点儿比比亚迪这种企业好,2022/1/15,googlestyle,42
只有特斯拉才是真正的 智能汽车,2022/1/14,iGeek,15
my已经涨破30万了,2022/1/16,LaughLy,9
es8 签名版 2w 保养价格 粉黑自取 花了 去年14600的服务无忧 今,2022/1/15,xxyy0088,11
"韩国SK储能电站起火,储能安全警钟长鸣",2022/1/13,FHWYSH,39
索尼官宣造车,2022/1/5,nisus,102
刚看到一个挺大suv下路肩磕底盘,2022/1/16,wsnsw,0
在线等，车险哪里上优惠？,2022/1/16,saneric,4
奔驰、宝马、特斯拉、比亚迪 碰撞中侧气帘都能正常弹出,2022/1/15,west,107
特斯拉保险太黑了,2022/1/14,brokenjohan,39
我的model 3，可能热泵系统坏了,2022/1/14,hijupiter,15
电池当结构件，不会导致电池易损坏吗？平台3.0,2022/1/13,GolfVan,23
据说这是理想的全尺寸SUV,2022/1/13,touareg,35
智己太把自己当回事了,2022/1/14,triformix,7
贡献一个ix3的冬天电耗,2022/1/13,lazipi,20
奇怪的知识又增加了,2022/1/16,wsnsw,39
电车跟油车的共性多吗？,2022/1/14,lovewithu,11
有些人说美国特斯拉卖的好关普通消费者p事,2022/1/12,pany,32
大众汽车计划2023年在中国扩大电动汽车产量至90万辆,2022/1/15,ble,9
今天看极狐展车语音控制奇烂,2022/1/15,wsnsw,7
特斯拉m3和汉EV 双车耐久测试 测试总结ZZ,2022/1/15,googlestyle,24
单说安全性能，最安全的电车是哪一款？,2022/1/14,zheshimimi,122
今早eu5空调制热失灵,2022/1/14,LittleGrava,2
原极狐汽车总裁被任命为小米汽车副总裁,2022/1/14,philipine,30
特斯拉续保险没那么贵啊,2022/1/7,biubiu02,16
有人说 60时速正面碰撞后排不系安全带，侧气帘能保命,2022/1/15,wangdass8,78
深圳新能源车免费两个小时,2022/1/14,zyn90,10
哪吒汽车如何？,2022/1/15,mikejin,6
[新能源]零跑C11，已提车500km，感觉不错。,2022/1/10,ychristian,11
四驱极狐阿尔法T提车一周年，依然是最香的纯电SUV,2022/1/13,sdlk,106
蔚来es6和ec6怎么选,2022/1/13,zhey,70
[求助]碰撞中侧气囊的启动是否和侧门形变存在直接关系？,2022/1/14,wangdass8,11
说说我的电动车-北汽EU5,2020/8/30,zelimu,24
想买北汽EU7或者EU5了,2020/5/18,renlong2005,50
北汽eu5,2021/10/8,xuang1982062,108
摩卡dht-phev正式上市,2022/1/15,touareg,45
其实，电动车最大的问题是，影响行程规划。,2022/1/13,wangcity,4
co2热泵空调和热泵空调相比有啥特点？,2022/1/15,firstmj,5
深度试驾有啥坑吗,2022/1/14,erl2,11
求解惑 关于宝马i3增程混动,2022/1/15,dawei78,1
大众集团2021年全球电动车销量统计45万辆,2022/1/14,qinshimingyu,18
摇到油号，买插电混动，靠谱吗,2022/1/14,tjunewton,25
比亚迪汉,2022/1/12,shuidaodao,61
语音操控是绝对利器,2022/1/15,zthenry,5
大家现在买新能源车都不大会考虑豪华品牌吧,2022/1/13,lovewithu,37
Re: 12月份新能源销量----来自乘联会,2022/1/15,原帖已删除,20
路边停车收费合理吗？,2022/1/14,grampus,13
特斯拉Model 3/Y热泵系统失灵,2022/1/14,hyhcw,24
AionS以旧换新有8万补贴靠谱吗？,2022/1/14,baiogle,2
想买ID6，求推荐北京地区靠谱的4S店或销售,2022/1/12,nickyday,9
原来特斯拉主要卖给了中国人,2022/1/12,dyatpk,78
今天试驾日产e-power的确不错。纯电车驾驶体验油耗3.9。,2022/1/14,wangcity,16
比亚迪新款唐EV什么时候上市,2022/1/12,Musc1e2019,22
国内新能源车企，内卷能把外资车企耗死吗？,2022/1/14,bluewx,10
古北水镇有充电站吗,2022/1/14,higuy,5
电动车12V电瓶是不是很耐用,2022/1/14,myspace1939,3
新人报道,2022/1/14,kangdean,2
我发现大家都这么喜欢 抬杠呢,2022/1/12,tclj9,28
广汽1000公里的车媒体测试出来了。,2022/1/14,jlstmac,22
电车充电体验太差了。,2022/1/14,davyfl,17
在线等，普天充电圈app升级怎么搞？,2022/1/14,firstflood,1
一直听你们说海豚去了比亚迪才知道是他们家的,2022/1/12,wsnsw,8
为什么叫刀片电池,2022/1/13,deepdeepblue,7
纯电版标致e-308明年上市，续航仅402公里,2022/1/14,zyn90,35
纯电动车的标称续航算不算虚假宣传呢？,2022/1/14,zyn90,7
租汽车指标是这样的流程吗？,2022/1/14,LeoLeo,4
Re: 个人如何卖二手车,2022/1/14,原帖已删除,4
Re: 电车和高铁一样，最大的市场只能在中国,2022/1/14,原帖已删除,2
Re: 现在哪里能看元plus实车,2022/1/14,原帖已删除,6
Re: 为啥21年汉出了个20.98的低配款,2022/1/14,原帖已删除,0
#东风猛士无人车#：配备激光雷达，势如破竹,2022/1/14,AD007,1
广汽电车弄的比传统油车复杂,2022/1/13,smallyoung,15
据说特斯拉在美国，有一半卖给了华人,2022/1/13,terminats17,29
现在切新能源指标十年能排上吗？油标摇了10年了,2022/1/13,wabd123,17
感觉铁锂电池才是目前电池最优解,2022/1/11,kochpy,67
id4 vs 宋plus vs 秦plus,2022/1/13,erl2,30
当BEV在市场上销量占比越来越大之后，消费者对BEV产品的需求和,2022/1/13,zyn90,3
[新能源]2008年电动大巴亮相北京奥运会，2022年，氢能源汽车亮,2022/1/14,bandgapnoise,4
特斯拉发这个 有坑么？,2022/1/13,headmasters,8
我建议大家先买个10万的车对付着，好车在后面，新能源才爆发留,2022/1/12,wangcity,78
保时捷taycan全年全球销量4.1万台,2022/1/13,he111,5
汉第一台“自燃”照片,2022/1/13,west,45
针刺试验并不是比亚迪发明的,2022/1/13,west,11
蔚来的车座真难受,2022/1/12,Williamhewin,49
ZZ  主题:21年生产的极狐阿尔法s，现在包牌22.8万,2022/1/13,liveinthu,8
ID4和ID6一样的电池，结果ID6里程更长怎么实现的？,2022/1/13,makeprogress,12
ID.4 1500公里初体验,2022/1/6,dakuohao,63
[原创][电动]长安E-Rock 最新电耗（2022.1.12）,2022/1/12,zhuming717,3
讨论未来市场上中大型纯电动轿车的产品方向,2022/1/13,zyn90,2
宋plus-dmi的EV受限有知道的吗,2022/1/13,MOONSEA,14
未来最保值的纯电动车将会是,2022/1/13,Kmark,12
广汽ge3使用不到3年 一个半月没开车小电瓶亏电,2022/1/13,iamamirror,4
最便宜的新能源除了五菱还有啥可选的，求推荐,2022/1/13,yzx1986,5
脚法好能让my后排不晕吗？,2022/1/13,erl2,28
老秦ev300+5万,2022/1/12,dawei78,11
"恒驰5下线，恒大汽车官方展现天津工厂.20w,NEDC700",2022/1/13,wangcity,5
同学今天去看宋plus DMI,2022/1/2,stocklotus,10
新能源车企的最大问题,2022/1/13,west,7
lacrover被取消在GreenAuto版的发文权限,2022/1/13,deliver,0
Re: 北京特友范儿特斯拉车友会（目前3500+人）,2022/1/13,原帖已删除,12
Re: 家用充电桩是插快充口还是慢充口的？,2022/1/13,原帖已删除,2
特斯拉12月还真搞了7万辆,2022/1/11,yasel25,48
新能源车其实是消费细分化不再属于传统汽车功能范畴,2022/1/13,wsnsw,7
恒大汽车我看好，大家可以多买点恒大的车,2022/1/12,wangcity,32
秦plus-dmi后备箱就是个扁抽屉,2022/1/12,wsnsw,3
商业险可以先不买吗,2022/1/11,gokukun,11
奥迪ETRON 50臻选版续航和充电情况,2022/1/11,onlyzz,23
为什么有的电池质保终身，有的只是六年或者八年？,2022/1/11,yanblues,21
宋MAX DM-i 1月15号预售,2022/1/12,zyn90,12
Re: 苹果电车跟BBA电车哪个逼格更高？,2022/1/13,原帖已删除,7
视频在此，还有人洗，真无聊,2022/1/12,leoputin,11
特斯拉今年光卖碳汇估计就有200亿,2022/1/11,ble,5
Re: Re: 无良自媒体，除了特斯拉别的车不配有名字？,2022/1/13,原帖已删除,11
Re: 感觉我国的新能源车仍然无法摆脱山寨,2022/1/13,原帖已删除,26
大众id6比途观L重600公斤,2022/1/13,byan89,5
说一个被坑的无比苦逼的经历,2022/1/12,qzhyang518,35
蔚来的ET5可真好看,2022/1/11,orangechen,184
比亚迪为啥起了个海洋系列,2022/1/10,wudixiaomao,30
几何C副驾车门低速行驶中自动打开，无法关紧的故障,2022/1/12,zhaomy,2
特斯拉到底好在哪？,2022/1/11,henrykaka00,53
特斯拉十大高能场面,2022/1/12,litra,8
不买特斯拉的理由,2022/1/12,tbbt2013,58
正常开空调，可是脚很冷,2022/1/12,XinyanPapa,15
北京混动会不会放开上绿牌？,2022/1/12,NeverBelieve,18
21款Model3停产 没提车的21款车主免费升级22款,2022/1/12,ppodxiang,3
冬天才知道，还是要混动或油车好，电池加温技术难道这么难吗,2022/1/11,wangcity,28
日系电车会后来居上吗,2022/1/12,hbwc,28
这种发动机可以用在混动车上吗？,2022/1/12,INSTANTUSER,2
高和汽车和威马汽车的刹车踏板不平，我不习惯，怕容易踩滑了，,2022/1/12,wangcity,0
余大嘴说一年卖30万辆，做梦啊！,2022/1/11,wangcity,48
买车就要买现车，直接去4S店后面看，有啥买啥,2022/1/12,wangcity,9
车头又大又高又方的电动车，风阻系数大，绝对打死不买,2022/1/12,wangcity,16
ZZ 自家游汽车,2022/1/12,googlestyle,2
【乘联会】2021年12月及全年销量排名快报,2022/1/12,LucaToni,2
求推荐一款北京能上电牌的能装一家5口人和野营装备的车,2022/1/10,xiadayu,57
看一个Y真实版的麋鹿测试,2022/1/9,litra,17
四驱Y续航垃圾,2022/1/12,tbbt2013,29
北京两会：推动小米汽车开工、理想汽车建设,2022/1/7,nisus,67
华为准备勾结大众，大家瞧着，土洋结合，局势要变了。,2022/1/12,wangcity,40
作为老司机其实对于新款的车机，新鲜一下就过了，并不追求，大,2022/1/10,wangcity,36
钠电池出货以后，磷酸铁锂电池面临重大挑战,2022/1/12,sunlustre,55
为什么你们聊一二档风力？,2022/1/12,zyzx77,6
如果政策不干预，弱混动更容易赢得市场,2022/1/12,tclj9,4
新能源汽车会像电脑和手机那样更新换代和老款降价吗？,2022/1/12,fishonroad,5
