﻿主题,发帖时间,_ 作者,回复
从大众ID.系列销量连创新高，看新能源汽车市场的分层,2021/12/17,Math2021,11
kaka2w被取消在GreenAuto版的发文权限,2022/1/12,deliver,0
比亚迪e5中控屏黑屏,2021/12/19,kroneck,10
上汽新能源出口5000多辆，都是啥？,2022/1/11,Icanread,19
北京小客车摇号可以切换指标类型，成员信息不用再次审核,2022/1/11,fybfox,17
特斯拉销量没什么可说的,2022/1/11,aragon1115,35
ZZ雪球  新能源汽车全球销售统计,2022/1/12,googlestyle,0
牛创这个电动车，真丑啊,2022/1/12,tclj9,1
今年一月，挪威新能源销量，唐和EHS9都还不错,2022/1/12,he111,6
氢能源小轿车预计本年度能上市吗？,2022/1/11,U8,7
为啥没选特斯拉,2022/1/10,googlestyle,220
大众电车还是很有竞争力的,2022/1/12,tedxyz,15
能不能另开个特斯拉版面,2022/1/12,gokukun,7
今天我的E5趴窝了,2022/1/10,sewreo,35
好猫这次芯片事件真是亏大了,2022/1/10,wrsea,18
dynasty1215被取消在GreenAuto版的发文权限,2022/1/12,deliver,0
比亚迪宋ota升级后记录车辆油门和档位了,2022/1/12,niuhuahua,2
长安uni—v会不会出电车版？！,2022/1/10,Laurasia,8
国人有脸说日韩舔丑国？,2022/1/12,goooooog,6
今天在路上看到活的id4了,2022/1/10,kaka2w,26
有没有都开过的车友说说,2022/1/12,tbbt2013,1
特斯拉的原罪是卖的太便宜,2022/1/12,tbbt2013,7
占号车有推荐吗？,2022/1/11,target123,12
驾驶证增驾，家庭摇号分数重新计算，不能累计加分了吗？？,2022/1/5,wr8416,18
特斯拉容易超速，没有速度表，看iPad不方便，没地方夹手机,2022/1/12,wangcity,0
新能源车容易破坏家庭，大家使用过程要注意。,2022/1/12,wangcity,2
model y国内高速上行驶后悬架轮胎直接掉了,2022/1/11,myspace1939,39
这个数据靠谱吗？,2022/1/12,JEFW,0
大众中国CEO回应与华为合作传闻：确实进行商讨,2022/1/12,nisus,0
帝豪253退休，定了ID6C,2022/1/8,ygxq2580,38
比亚迪海豹今年一季度能出吗？,2022/1/4,Xcore,68
zz提蔚来ES6第三天系统宕机！ (转载),2022/1/10,foreverwithu,19
突破150万公里！全球行驶里程最长的特斯拉诞生,2022/1/11,henrykaka00,6
新款汉唐dmi申报了,2022/1/7,chuanlang,38
堵车都能堵死在车里啊,2022/1/10,ble,44
宁德时代引华盛顿担忧 美国制裁风险激增,2022/1/11,nisus,4
pigverybig被取消在GreenAuto版的发文权限,2022/1/11,deliver,0
咨询新能源汽车指标到期问题,2022/1/9,kikt123,4
说说本韭刚入手的买菜车小鹏p5,2021/12/22,AD007,35
从2023年开始，油电混合是不是只能上蓝牌了？,2022/1/9,chinanirvana,10
5.6s的Y意思不大，还是等6.9,2022/1/10,tbbt2013,20
求推荐10-15万代步车,2022/1/10,radeonHD,11
锂电池低温电量衰减严重的科学本质是什么？,2021/12/28,dasnet,14
极氪是个典型的，验证你注重驾驶质感还是其他体验的车,2022/1/10,piggybankk,32
想了解一下理想one,2022/1/10,zuqiuzhiren,3
Re: 看到有人形容开电车之后的几个变化，是真的么,2022/1/10,原帖已删除,13
特斯拉白送2021年车主好几万啊,2022/1/5,vta,64
期待，东风本田的e:NS1，纯电的suv，外形还可以啊。看价格了。,2022/1/10,wangcity,8
纯电10万以内有什么轿车可以选吗？,2022/1/8,youzailangzi,28
汉小改款真香,2022/1/8,wuxiao,13
"100度灵活升级现在还有,果然没啥用",2022/1/10,qiangsir,7
果然100度租不到了 灵活升级,2022/1/10,xxyy0088,53
[讨论]毛豆3的黑漆,2022/1/10,tc21359746,19
2023年新能源车补贴没了，购置税呢？,2022/1/9,wuxiao,9
mY的缺点太多了！,2022/1/7,tbbt2013,56
私桩比例大概占多少啊？,2022/1/10,census,12
关于蔚来，我有一事不解,2022/1/6,dutchensong,9
欧拉好猫12月卖了1万多辆,2022/1/7,dogmanstar,20
被今天的电耗惊艳到了,2022/1/9,zyzx77,10
唉，看了下，现在油车性价比真高！电车还退坡30%，保险还涨价！,2022/1/5,wangcity,57
哈哈，颤抖吧，百公里油耗1L“星核动力ET-i全擎超混”正式发布,2022/1/10,wangcity,15
懂车帝的内蒙古冬季电动车测试，最后也没有极狐阿尔法S的续航成,2022/1/10,zhishengji,5
吐槽一下瓜子二手车买理想one的坎坷（还没到手）,2022/1/10,beijiaoff,0
比亚迪要涨价了,2022/1/7,dogmanstar,20
semilog被取消在GreenAuto版的发文权限,2022/1/10,deliver,0
车位卖了，充电桩如何处理？,2022/1/10,wwsq001,2
今天开油车,2022/1/10,tedxyz,1
辅助驾驶，特斯拉稳健，蔚来惊喜，小鹏失望,2022/1/6,dutchensong,14
宋plus和ID4 cro怎么选？,2022/1/10,wuxu,3
大众ID BUZZ种草了，想知道怎么样,2022/1/9,zhuangxiujhy,17
建议让家人多适应那种会晕车的电车，多训练，这样免得以后遇到,2022/1/10,wangcity,3
极狐T为啥不主推入门480版本？,2022/1/8,songami22,25
电车春节放地库停半个月到20天，有啥要注意的吗？,2022/1/8,nbsettler,11
特斯拉Model 3涨价1万 Y涨价两万，所以我上次新能源车要涨价了,2021/12/31,zyn90,12
【转载】马斯克今年缴税将超110亿美元，“比任何美国人都多”,2022/1/5,pigverybig,16
跟风晒下周六（昨天）下午的电耗,2022/1/9,wangdass8,12
春节期间高速免费，可以深度测试智能车的辅助驾驶了,2022/1/9,AD007,10
极狐。。。应该减配主打十五万市场,2022/1/9,felixnbgg,7
销售说现在下单，以后降价可以跟着降价，以后涨价不会涨价，是,2022/1/9,tianbang,6
以前不理解，为啥高尔夫在德国卖的好。现在理解了。,2022/1/9,wangcity,8
加电速度堪比加油了,2022/1/1,zthenry,46
晒个六环的能耗,2022/1/9,qiangsir,1
请教下大家，北京新买的车在哪办理ETC，看了下微信和支付宝都收,2022/1/9,jhtss,14
不管有没有钱，电车就应该买10万左右的，多花一块都浪费，太不,2022/1/7,wangcity,69
理想和ES6同等配置算贷款价格没啥差距呀,2022/1/6,wsnsw,35
那极狐的根本问题出在哪里,2021/12/23,chuanlang,187
宋Plus EV500普通和秦Plus EV600顶配,2022/1/8,kobeck,11
用辅助驾驶跑山是什么体验,2022/1/9,qteqpid,1
有4680的消息吗？,2022/1/7,speeper1,17
车道预警偏离和车道保持区别在哪？,2022/1/8,dawei78,10
[电动]晒一下今天跑四环的能耗,2022/1/8,litra,15
因此，日本要造一台宏光MINI EV，基本没戏,2022/1/6,ble,9
ID4能入吗？,2022/1/8,yanblues,19
honestman被取消在GreenAuto版的发文权限,2022/1/9,deliver,0
华为苏州智能驾驶测试场,2022/1/8,nisus,7
准备提model y了,2022/1/6,Kmark,36
IA5车主群已经有车主陆续接到换电池的通知了,2022/1/8,owen1126,5
元plus选哪个配置,2022/1/1,erzz,17
到了冬天特别羡慕三元里的,2022/1/9,wuxiao,0
sony能不能把磁带随身听复产啊。造车就不要参与了吧。该干的不,2022/1/6,wangcity,31
充电口在前面是不是不如在后面,2022/1/8,chuanlang,34
一般上工信部目录后多久能购买啊,2022/1/8,woods,3
CPU指令集效率高和猛加cache提升性能不是一回事。把cache去掉看,2022/1/9,wangcity,4
谁是造车的富士康？,2022/1/7,Cobb,15
一位卖油买电车主的感悟,2022/1/5,waitmap,218
ModelY两周体验有感,2022/1/6,tedxyz,59
特斯拉的疑惑,2022/1/7,zengchenly01,27
看了一个开Y从浙江回沈阳的抖音,2022/1/4,Elman,50
传统车企的将来是诺基亚还是微软,2022/1/6,phanten,47
北京混动有希望给绿牌嘛？,2022/1/8,woods,25
之家冬测结果出炉，分析一些极狐细节,2022/1/7,wangdass8,15
今天9折续航,2022/1/8,niuhuahua,8
纪念我的一次史低,2021/12/28,hmilytt,50
发现版上对大众ID系列的评价是两个极端,2022/1/4,gsyx,93
请问65分今年新能源家庭指标问题大吗？,2022/1/8,henghengxj,6
从1～11月新能源销量看，德国厂商还是跟上了,2022/1/7,he111,113
大家常说的“不开暖风”是指？,2022/1/8,godeyes,1
byd e5启动后屏幕反复重启—自己花200元修理搞定了,2022/1/2,killer0911,22
几何c官降了 (转载),2022/1/7,bangke,8
电动汽车和电动自行车的电池是不是不一样,2022/1/8,beerbomb,1
宣布了：新能源汽车购置补贴将在年底退出！,2022/1/8,henrykaka00,13
老年人上下车是轿车还是suv舒服？,2022/1/6,wsnsw,27
好像电费普涨了1毛,2022/1/8,WebGL,2
体感感觉车放外面和地库差别实在是太大,2022/1/7,SwimingPig,9
公务员用新能源,2022/1/8,woshiydp,5
id4优惠5万是真实假的？是不是水军瞎说的？,2022/1/7,hernij,12
22款MY-M3有座椅制冷功能？,2022/1/7,houming,7
也来说说大众那个车窗逻辑,2022/1/7,ble,17
汉要出旅行版啦,2022/1/6,chelseaLL,5
xiaomagong被取消在GreenAuto版的发文权限,2022/1/8,deliver,0
Re: 家庭唯一油车换电车，特斯拉MY用车小结。,2022/1/7,原帖已删除,8
求推荐车,2022/1/7,ppstay,5
比亚迪元plus 和Id4 规格差不多,2022/1/7,dogmanstar,7
新能源车的市占，还是要看纯电平台销量,2022/1/7,ble,4
【转】电动绑冬季实测aion lx plus,2022/1/7,cropcircle,19
新能源车是否可以给电池加一个保温和加温的系统,2021/12/27,kingdoms,47
wsnsw被取消在GreenAuto版的发文权限,2022/1/7,deliver,0
头条里看到的，是这样吗？新能源车要涨价了？,2022/1/7,sor,5
共享氢动力自行车已经来了，氢动力汽车还会远吗？,2022/1/6,pfan117,11
小鹏自动驾驶的牛皮也破了,2022/1/7,yehorse,50
地婆眼里的特斯拉,2022/1/5,zhang1441,30
有了解大众的ID电动车的吗,2022/1/7,zhaozhao1982,14
[合集] 汽车：中国是没有机械设计的,2022/1/7,wydfz,0
wangphei被取消在GreenAuto版的发文权限,2022/1/7,deliver,0
请问现在油车换电车，都没有置换补贴了吗？,2022/1/7,yanblues,0
我要为广汽正名,2022/1/6,DoubleH,45
今天上午我们公司车库有辆油车自燃,2022/1/7,FlytoU,11
宋PLUS 3000公里小结,2022/1/7,bdt,11
电动车的电机有哪些供应商,2022/1/7,tclj9,13
旧闻：新能源汽车保费较燃油车高21% 核心动力损毁率是燃油车3倍,2022/1/6,redpacman,26
孩子老婆晕车严重，新能源车指标，买什么车好呢,2021/12/30,buptstone,172
一直对byd产品的尺寸存疑惑,2022/1/7,stoneyang,12
特斯拉 ModelY的使用感受,2022/1/6,coopcool,38
小鹏12月16000,2022/1/1,profo,62
ONE公司的电池：让特斯拉Model S续航达1210公里,2022/1/6,census,8
为啥很少见到 电车喷前车减速刹车灯不亮？ (转载),2022/1/7,taotaiji,5
问温度和续航的关系？,2022/1/6,chelseaLL,19
Re: id4 x和cross哪个好？尤其是车机,2022/1/7,原帖已删除,13
最近两年没听说自燃的事件了,2022/1/6,beesan,34
Aion这个名字起的真是不咋地,2022/1/6,piggybankk,14
[求助]怎么把个人申请切换到新能源指标,2021/12/28,lemongreen,12
东风岚图带空气悬挂，升降自如，啊哈哈,2022/1/7,wangcity,2
预算30-50万 最靠谱的新能源到底是哪款,2022/1/1,Ctrl1005,58
美的不造车吗？,2022/1/6,spritesw,6
[原创][电动]长安E-Rock 最新电耗（2022.1.6）,2022/1/6,zhuming717,13
modelY一个半月心得体会,2021/3/23,jeremyannie,113
ex3一个月使用体会,2022/1/4,Gestapo622,35
蔚来如果走BBA路线销量以后相对低才正常吧,2022/1/7,wsnsw,9
[原创] 奔奔E-star 电耗,2022/1/6,lithium79,2
车辆出售、报废后不再要求必须12个月内申请更新指标,2022/1/5,stealyours,3
dmi大电池是一条邪路,2022/1/5,gangshen,79
最便宜的电动车是不是就是长安奔奔estar了,2022/1/6,brokenjohan,5
新能源脱困测试大家看了吗？,2022/1/5,godeyes,19
说说特斯拉的几个感受,2022/1/5,bota,46
鼓吹one pedal都是些什么人？,2022/1/6,kz6681,6
2021年12月家庭积分65分，2022年能一把拿到电车吗？,2022/1/6,bjandi,13
松下造车还靠谱，SONY感觉不灵光,2022/1/6,SmartIC,0
一个卖电车买油车的车主感悟,2022/1/5,veegoo,9
广州第一条无人驾驶公交车线路上线,2022/1/6,mafama,0
45万的144度电池，就是前两年2万的折叠屏手机,2022/1/5,RoadPress,9
油车电车都有，说下观点,2022/1/5,dic,107
宋MAX DMi啥时候会出来啊,2022/1/6,OMDOG,3
争论1. 氢能源才是汽车发展的方向,2019/12/27,netmore,51
20万的电车，开7年，实际总消费是多少呢？,2022/1/6,HLWJSJ,17
百万粉丝车评人因点评问界M5向华为道歉 (转载),2022/1/6,LucaToni,5
特斯拉交付超过10周可以要求赔偿吗,2022/1/6,sanqi,3
超充走高价道路才是正确的吧,2022/1/6,tedxyz,3
30W预算 的 换车推荐,2022/1/5,metall,118
个人摇号的现在是不是没法切到新能源排队,2022/1/6,microblacker,0
5月份预计排到新能源号，之前想买modely，涨价后纠结了,2022/1/5,tianbang,24
实际上要是有油车号没人会买电车吧,2022/1/5,zhaozhao1982,42
摇号网站上有变化，可以单独删除家庭成员了！,2022/1/5,nemo2013,23
今年能买的就买了吧，明年还有免购置税政策和补贴政策到期取消,2022/1/6,junopapaya,22
贡献一个能耗,2022/1/5,tbbt2013,22
手机死机可以重启，汽车趴窝估计命都没了，车还是车，要机械素,2022/1/4,wangcity,44
传统车厂继续牛逼，例如东风，刚刚和本田合作，2024年产能12万,2022/1/6,wangcity,8
电驱动赛车首夺达喀尔赛段冠军,2022/1/6,Fangio,4
汽油车混动的随便带个副油箱3000公里！电动车号称1000公里跑个6,2022/1/6,wangcity,15
新能源车副驾驶大屏幕有极大安全隐患，气囊不好安排，脑袋撞击,2022/1/6,wangcity,3
其实tsl在国内销量好的原因是别的合资电车不争气,2021/10/28,aboveall,91
aion lx plus 千里版 46万,2022/1/5,cropcircle,62
我最后悔的不是当初买电车,2022/1/5,zhaozhao1982,49
mini cooper到现在没有引入电动版到国内说明宝马注定被时代抛弃,2022/1/5,nzqzh,17
[汽车][新能源][电动]比亚迪海豚月销都上一万了啊，挺神奇,2022/1/3,young1234568,80
理想怎么还不出中型尺寸的增程suv？,2022/1/4,wwpty,34
毛豆3乞丐版保险涨了多少？,2021/12/29,chelseaLL,19
电车是不是乘客确实感觉比油车晕,2022/1/5,wolfheader,8
升级以后，充电桩不断电，慢充枪，拔不下来，威马真是越来越垃,2022/1/3,jzh800,19
如果几年后电池大进击，花10W可更新续航1000KM,2022/1/5,Elman,24
各车企的辅助驾驶水平现在怎么排序,2022/1/4,sodayou,15
宝马IX3后下方有两块板，是有特殊作用还是原来的排气孔？,2022/1/4,yxsyr,25
油车如养狗，电车如养猫。,2022/1/5,dist,2
更换驾照,2022/1/5,shuidaodao,2
总体拥有成本和保值率,2022/1/5,census,12
Engelberger被取消在GreenAuto版的发文权限,2022/1/5,deliver,0
144度电的Aion LX今晚上市,2022/1/5,yehorse,57
〈请教〉新车上牌规则。,2022/1/3,Alvis,8
这还得多少年？,2022/1/4,ddle,37
路上遇到EQA,2021/12/3,tinani1,58
汉唐dmi/dmp的一些参数,2022/1/5,WebGL,4
[求助][新能源]真心求助：北京第一辆纯电车到底选哪个？,2021/12/31,lbyybllbyybl,154
[原创][电动]长安E-Rock 最新电耗（2022.1.4）,2022/1/4,zhuming717,3
很奇怪现在的一些车机至上论,2022/1/4,zoraliao,52
大家日常通勤综合平均速度能到多少？,2022/1/5,JEFW,11
赛力斯菊花版已经停产，据说客户闹翻了,2022/1/2,New2000,25
测算了一下，65公斤的电池支持100公里续航,2022/1/5,topking,5
32分今年能排到么？,2022/1/5,partner82,3
新比亚迪汉DM-i和唐DM-i纯电续航里程最高分别为242公里和252公,2022/1/5,bustrain,0
电动车特别适合农村,2022/1/5,dasu,25
新能源的各种看不懂,2022/1/4,wrsea,69
电车高速很节能啊,2022/1/5,tbbt2013,30
怎么才能确定能安私桩,2022/1/4,happynancy,12
今日几何c电耗，大概64折,2022/1/4,bangke,19
Re: 随着电桩变多，续航不那么敏感了,2022/1/5,原帖已删除,6
万达下场搞汽车了。哈哈。。。。。,2022/1/4,wangcity,8
比亚迪秦提车第二天故障送修 (转载),2022/1/5,MICCAI,8
我们现在真的不能过于吹捧比亚迪等国产新能源,2022/1/4,zhaozhao1982,37
预算8-20万，小车求推荐,2022/1/4,aaasssddd,14
像这种情况，下雨天有危险吗？,2022/1/5,gaulee,15
欧拉好猫还会出高通芯片的版本吗？,2022/1/4,wjo,7
永远不要买新品牌的第一款车,2022/1/4,biubiu02,27
tanzhi314被取消在GreenAuto版的发文权限,2022/1/5,deliver,0
等等党是不是又胜利了,2022/1/4,ayayi,16
新能源三年市场变化,2022/1/5,antzzz,1
元plus ev有试驾视频了,2021/12/30,chuanlang,21
几款待发布的新能源车,2022/1/4,ble,8
有点理解东北充电桩高比率坏掉的现状,2022/1/4,zyzx77,2
这开自动驾驶了么？,2022/1/4,CanDo,41
元plus来了,2022/1/1,bjjtcsc,18
宋plus ev现在有优惠吗？,2022/1/2,erl2,8
model x一年内能国产么？,2022/1/4,hyeana,5
Krete被取消在GreenAuto版的发文权限,2022/1/5,deliver,0
6年以上的电车车主换车的占一半的比例么？,2022/1/2,castcasc,42
上海引入特斯拉 是什么长远规划？,2022/1/4,HLWJSJ,3
这种刮伤怎么处理？,2022/1/4,lingyunfei,3
海豚 元 好猫怎么选,2022/1/2,ychubble,52
model 3被追尾需要检查，维修哪些地方,2022/1/4,scorpio801,1
[合集] 比亚迪这些年的发展真是让人失望,2022/1/4,wydfz,0
动力电池企业专利诉讼案件续集:宁德时代起诉瑞浦能源侵权,2022/1/4,FHWYSH,2
请Nioer批判,2022/1/4,Lypher,19
比亚迪股份：12月新能源汽车销量93945辆,2022/1/3,breezing,35
冬天胎压下降了，要补气吗？,2022/1/4,Jumbowang,10
仅看舒适、空间、配置，电车相当于油车的什么档次？,2022/1/4,census,33
现在新能源车自编号牌有啥技巧？,2022/1/4,meidelicheng,0
CATL一个月市值跌了1/3个BYD了,2022/1/4,ble,1
lacrover被取消在GreenAuto版的发文权限,2022/1/4,deliver,0
qtpr被取消在GreenAuto版的发文权限,2022/1/4,deliver,0
chaodide被取消在GreenAuto版的发文权限,2022/1/4,deliver,0
盲定车主欲哭无泪，哈哈。。。看看塞利斯的车主，那个悲催啊,2022/1/4,wangcity,8
极狐12月交付1186辆,2022/1/3,ia,32
昨天开车转了一个多小时才找到充电桩，还是快充，没按私桩的亲,2022/1/4,zhangaiyu09,3
整体看了一下，还是东风的岚图不错。价格，东西都合适。,2022/1/4,wangcity,0
特斯拉2021年及第四季度产销数据,2022/1/3,ia,66
特斯拉两年不到两万公里，要退补贴么？,2022/1/3,chrstl,9
特斯拉的神经网络及仿真训练是噱头吗 哪位大神给科普一下,2021/12/30,lvjk862828,212
电车不是技术更简单么为什么比油车贵呢,2021/12/31,xcty,258
ev受限是比亚迪特有毛病？,2022/1/3,wsnsw,51
大众id系列会不会像之前的电动朗逸高尔夫一样骨折？,2022/1/3,felixnbgg,20
特斯拉销量,2022/1/3,HLWJSJ,14
擦，比亚迪现在送的充电桩真是精简,2021/12/31,wuxiao,29
哪吒12月交付10127辆,2022/1/1,ia,9
特斯拉还可以噢,2022/1/4,mtaoraki,6
领跑T03的辅助驾驶比特斯拉如何？,2022/1/3,brokenjohan,21
中汽研续航测试结果,2022/1/1,wazgwsmj,11
2021新势力年度销量完整排名,2022/1/2,wangkuo111,21
请问固态电池能解决电动车的冬天噩梦吗,2022/1/3,zhaozhao1982,12
在哪看各厂商快要出的车型,2022/1/2,xiuhuwang,4
加入排号大军，请问,2022/1/2,asuc,2
小鹏交付期又延长了,2022/1/3,mafama,19
电车还得5年左右才能成熟,2022/1/1,goodpower,120
理想12月交付14087辆,2022/1/1,ia,10
丹麦这电费，开燃油车更划算吧,2021/12/25,soochowboy,13
vvest被取消在GreenAuto版的发文权限,2022/1/4,deliver,0
看见真车了，极氪001,2022/1/2,wangdass8,85
零跑12月交付7807辆,2022/1/1,ia,8
小鹏：杂牌汽车,2021/12/31,Ceder,6
等补能体系完善后，拼的就是智能化、舒适化体验了,2022/1/3,AD007,5
现在配超充的 新能源汽车有哪些？,2022/1/3,glamerick,16
看到邻居买了保时捷Taycan纯电,2022/1/2,xiaoi,6
"如果都没有产能限制,哪个品牌份额会更大",2022/1/3,tbbt2013,10
10万左右，续航最大的是哪个？,2022/1/1,z204126,11
威马交付5062辆，思皓超7000台，创维汽车“交订”量3409辆,2022/1/2,census,5
装个柴油电暖器不算非法改装吧？,2022/1/2,deu66,3
安阳维权女带证据质疑,2021/12/27,keler,40
现阶段续航都很垃圾,2022/1/2,tbbt2013,15
帝豪EV开进了加油站,2022/1/2,yehorse,20
[电动]秦EV450今天20%电量尿崩到0，如何维权,2021/12/10,sharchin,84
比亚迪12月和全年产量和销量数据,2022/1/3,ia,23
微信群传有人被电车电伤了,2021/12/30,WebGL,31
特斯拉销售真是劝退高手,2022/1/1,oldgeng,35
又烧了一辆,2021/12/27,Ceder,7
电车真的起步快吗？马路上没看到哪个电车嗖的就飞出去，出没见,2022/1/2,beerbomb,47
16年的e5每次车辆启动都是收音机声音很响,2022/1/2,sunny81,2
个人现在开始排新能源，要多少年？,2022/1/3,vake,5
现在油切电，要等多少年啊,2021/12/31,foxmailed,11
Re: Re: 没有中国，就没有老马的今天,2022/1/3,原帖已删除,22
开车的时候，你们都听谁的歌？,2022/1/1,phoenixhills,17
Re: 被骂了两次，晦气。不知道该被骂吗？,2022/1/3,原帖已删除,10
特斯拉三代官桩，第三方充电桩强在哪？,2022/1/3,houming,2
电车经过时的vv刺耳声音是啥回事？,2021/12/31,nation007,18
能比肩特斯拉，法拉第的车的名字,2022/1/2,urock,13
Saturnose宣布计划在2022年实现铝离子电池商业化,2022/1/3,CHH88Y,4
太逗了，绞尽脑汁想了个农家乐慢充场景,2022/1/1,dolphinlang,14
今天北京这种天气大众id系列有能耗分享吗,2021/12/25,davyfl,11
看了下beta 版的智己L7,2022/1/2,triformix,18
想问下版上北汽eu5的车主,2021/12/31,jiangny,34
说特斯拉做工差的，是没有看过Mustang Mach-e,2022/1/2,dakuohao,11
假期来了天津，这边好多dmi,2022/1/2,yehorse,14
提了海豚,2022/1/1,sushou,31
理想湾年度销量城市排行榜,2022/1/2,qtpr,7
特斯拉7万辆包括几个车型呢？,2022/1/2,Findest,9
极狐的供应商,2021/12/23,chuanlang,68
今日路过T家超充站,2022/1/2,AD007,6
奥迪ETRON，50Quattro臻选，提车,2021/10/24,onlyzz,249
Re: TSL事故有一点不明白，主动刹车呢,2022/1/2,原帖已删除,11
埃安Y挺好看啊,2022/1/2,zxdxp8l,10
20年的model3 二手收车卖不到20万,2022/1/2,dogmanstar,9
Model Y涨价后的最大好处,2022/1/2,yehorse,10
抖音看到一个讨论增程的,2022/1/2,WebGL,5
广汽埃安s plus 2022新款上市,2022/1/1,HLWJSJ,7
Re: 小区地库装的充电桩说没有峰谷价,2022/1/2,原帖已删除,0
哪里可以集中看车？,2022/1/2,yaqli,5
体验了一下大功率充电,2022/1/1,aiyawoqu,27
比亚迪就是傻叉,2021/12/14,test321,213
AION  V   0.25折了,2021/12/24,hninbj,51
21年46分，22年56分，可以开始订车了吗？,2022/1/1,wuxu,5
2022年补贴政策发布,2022/1/1,hanb,4
年底怎么没看到蔚来充电站年度大盘点,2022/1/2,wangxieno3,3
为什么特斯拉能在新能源汽车脱颖而出,2022/1/2,henrykaka00,0
我这个编码顺序，是不是2022年肯定能排到了？,2021/12/31,cxjy,8
万特，元旦这几天能上牌啥的吗？车管所上班不。,2022/1/1,qwt,1
一个排新能源的外地车主的一天,2021/12/30,tclj9,18
，我这个新能源排队，今年5月有希望吗，为啥今天4月9日，数据没,2022/1/2,wteast,1
广汽埃安：12月终端销量16675台,2022/1/1,census,4
25万上下哪款车更香一点,2021/12/31,yesandno,36
［原创］一辆纯电动轿车一万公里能耗及费用,2022/1/1,DoubleH,21
回馈版友，分享自己上牌过程,2021/7/5,gensar,5
[求助]求一个新能源充电桩安装指标，吉利帝豪EV450,2021/12/31,ou222333,3
要不要先订个宋plus ev？,2021/12/31,ivici,23
新的一年，大众id还有那么多优惠么？五六万,2022/1/1,felixnbgg,7
蔚来12月交付10489辆,2022/1/1,ia,14
油车换电车后,2021/12/31,gokukun,6
家庭积分42分现在是不是可以下定my了？,2021/12/26,bigbag,46
元plus在你心目中值多少钱？,2022/1/1,zyzx77,3
这几天被雷到了，改装的思域飞度能秒天秒地,2022/1/1,litra,0
奇瑞蚂蚁怎么无声无息的？,2020/10/23,hninbj,50
私桩从无到有再到无。。。有啥区别啊,2021/12/31,qwt,6
岚图汽车：12月交付3330辆岚图FREE,2022/1/1,census,14
大众ID家族：12月累计交付13787辆,2022/1/1,census,0
汉dmi什么时候上市,2022/1/1,sam925,8
年度电耗统计,2022/1/1,ELP,0
今天看了北汽的投诉榜,2022/1/1,newre,1
我这家庭积分到底怎么算？（有点复杂）,2021/12/31,wen1984,7
同价格的电动车保险费比油车高多少,2022/1/1,youcheng,2
秀一下过去一年的用车统计量 (转载),2022/1/1,qtpr,3
唉离婚了，没车开了，要切换到新能源排着么,2022/1/1,moneycome,17
车衣、改色膜、前挡和主附驾玻璃膜,2022/1/1,tbbt2013,3
降价是良心企业,2022/1/1,omin,4
综合补贴退坡+特斯拉先降后涨，23/27的3/y是最爽的了吧,2022/1/1,xiti,0
三元铁锂到底是宁德还是蔚来发明的,2021/12/30,junopapaya,38
大众家族销量咋么样？,2022/1/1,lingfujunhun,0
今年就是电动车元年,2021/12/31,dogmanstar,11
特斯拉涨价了，提车后怎么退钱给特斯拉？,2022/1/1,zhaoyifan222,1
版面积分变更记录,2022/1/1,deliver,0
电车的最大优势是再也不用去加油站了,2022/1/1,ychubble,5
"华为应该从铁锂增程房车入手,内部996职工就能消化不少",2022/1/1,Elric,0
2022新能源汽车补贴上海第1安徽第2,2021/12/3,bmulp,11
标准版model y 信息娱乐系统处理器现在换成AMD芯片呢？,2022/1/1,bfield,2
2022年新能源汽车补贴标准在2021年基础上退坡30%,2022/1/1,nisus,1
