﻿主题,发帖时间,_ 作者,回复
电动汽车首保需要提前一天预约才能去吗,2022/1/1,qbyang2009,2
听说今天开始新能源车险保费暴涨？,2021/12/27,trumpchi,8
特斯拉中心落户新疆,2021/12/31,nisus,15
乔布斯会欣赏特斯拉吗？,2021/12/31,dogmanstar,9
补能方面特斯拉第一,2021/12/31,wangzhengbj,34
独眼龙XC40 纯电有啥硬伤？,2021/12/31,one23,10
充电一次也就跑三百公里,2021/12/31,tbbt2013,16
作为ai从业人员其实现在最难的就是如何做出第六感,2021/12/30,wangcity,61
新年礼物：特斯拉ModelY涨价2万元,2021/12/31,nisus,17
在官网订了Model Y Performance,2021/12/28,H2H,91
3p 会涨价吗,2021/12/31,dogmanstar,1
12月销量预测下,2021/12/31,wsnsw,17
关于车最好的办法就是移民去别的城市，这是目前我觉得一步到位,2021/12/29,wangcity,8
昨天正式安装了充电桩，终于没有里程焦虑了,2021/12/31,wuxiao,7
全年电费计算,2021/12/31,LittleGrava,6
谁编了一个蔚来之歌,2021/12/31,chelseaLL,10
宋PLUS EV什么时候出E3.0版本,2021/12/29,davidlee0408,31
特斯拉国内召回,2021/12/31,nisus,1
蔚来以后是不是都会取消慢充接口,2021/12/31,lecco,31
亲属关系审核要多久啊,2021/12/31,hbqcysj,1
国内购买力太强了，都把特斯拉买到涨价来减少供应压力了,2021/12/31,meirenai,16
该买蔚来suv吗？,2021/12/31,chen882288,15
特斯拉保费翻倍？刚刚做完续保，列下实际数据,2021/12/30,fain,12
新能源车就是不行，没什么可辩解的,2021/12/31,NewRadio,34
【别挖坟了】渣淮开了三年多 本想置换 看板上各种吐槽又动摇了,2019/11/21,Qlala,29
总有电车吹嘘自己说iPhone，其实只是多普达，e人e本,2021/12/31,xccll,11
涨价 标续Model Y 301840 Model 3 265652,2021/12/31,enex,31
蔚来真牛逼,2021/12/31,ryanuibe,2
听说为提升客户冬季服务体验，电动出租车打算后排提供小被子--,2021/12/31,wangcity,2
三元和铁锂充满哪个用时短？,2021/12/30,hyeana,20
model y标准续航和长续航如何选,2021/12/30,echoyuans,20
[原创]分享个地面温度6度的晚高峰回家电耗-极狐阿尔法T单电机,2021/12/29,wangdass8,20
充电中断，显示电压过高,2021/12/31,happieljy,2
4月份北京地区标续tesla，锁定了28000价格，享受补贴,2021/12/31,evermore,6
新能源汽车居然也有电瓶？,2021/12/30,zp0425,16
年前订了model y标续锁价，现在怎么办呢,2021/12/31,evermore,14
Re: 蹭个热度：eu5如何不充满来降低风险…,2021/12/31,原帖已删除,23
说一个AP的局限吧,2021/12/28,PaoloMaldini,44
北京应该再增加一些新能源指标,2021/12/29,mutoubig,16
算是官宣了吧？,2021/12/30,shuai3290,38
如果特斯拉的保费降回去了我看你们又怎么说,2021/12/29,passa,7
初中物理课：家充桩的功耗问题,2021/12/28,andrewhxism,61
多胎老生子女利好指标摇号,2021/12/30,dawei78,2
美：特斯拉召回47万5000辆汽车,2021/12/31,nisus,0
2022年新能源指标配置时间是几月啊,2021/12/30,pkupig,4
[合集] 离婚析产能一人两车吗,2021/12/31,wydfz,0
[合集] 车卖掉保留指标，算名下有车吗,2021/12/31,wydfz,0
这两年很多电池方面的创新都发生在车厂而不是电池厂,2021/12/30,ble,11
目测大批油车家庭标,2021/12/30,DoubleH,22
5万公里没做过保养，有问题没,2021/12/30,james6,2
今年的电耗有点拉胯,2021/12/30,zwjwswjwz2,4
极氪001配件价格，没想到电池这么贵,2021/12/30,nonexist,47
目前市面上哪些车提供电池参数显示？,2021/12/30,stoneyang,5
蔚来75度三元铁锂尿崩了没有？,2021/12/26,hsv,60
冬天电池衰减的问题,2021/12/30,DBRZGZ,11
电池核心问题是能量密度太低，电动车应该单，双座（非五座），,2021/12/30,wangcity,11
当年一片说TSL的Y和3降到28和23万，国产车被屠杀、死的很惨，现,2021/12/27,wazgwsmj,172
Re: 个人新能源有多少人在排号？,2021/12/30,原帖已删除,4
请教特斯拉Model X的优点？,2021/12/29,heropapa,29
不买电池总价低于30万可以享受国家补贴吗？,2021/12/30,wsnsw,12
求推荐女生开的电车,2021/12/6,yanblues,168
【理想汽车，将取消三电/增程系统终身质保】,2021/12/30,chaodide,7
北京2022年新能源车指标额度调增至7万个,2021/12/29,enex,24
高速超速20%以内不扣分了,2021/12/29,sdlk,25
北京现在这个天气续航打折多少？,2021/12/30,zhangaiyu09,7
请教一个车船税的问题,2021/12/30,xygzp,1
[新能源][求助]求指导是应该继续排个人还是转家庭排,2021/12/30,inzaka,4
蔚来的保险涨幅,2021/12/29,moonfish,9
个人新能源排名46000，还用切家庭号吗,2021/12/27,newday123,25
三元和铁理哪个电池衰减快,2021/11/29,tbbt2013,92
有没有4平方线跑七千瓦的兄弟？,2021/12/30,wsnsw,10
全球汽车制造商 市值变化,2021/12/30,HLWJSJ,1
小鹏车怎么样？P5和G3i选哪个好？买新势力车是不是不能砍价？,2021/12/28,yanblues,57
特斯拉这下应该不好卖了,2021/12/29,meirenai,28
个人新能源排号啥时能排上,2021/12/29,figo2008,18
车主应该联合起来发动媒体揭露保险,2021/12/29,e5200,2
有个车位想装个桩出租什么牌子兼容蔚小理特？,2021/12/30,wsnsw,6
中汽研发布特斯拉蔚来比亚迪小鹏宝马等冬季续航测试结果,2021/12/29,skylee,12
小鹏的理想是蔚来有一辆特斯拉？,2021/12/28,shuiwoods,9
油车占位问题还是没人管啊？！,2021/12/29,Laurasia,1
那个疫情不结束就可以指标一直延期的文件哪去了？,2021/12/29,pheiMax,3
plum2000被取消在GreenAuto版的发文权限,2021/12/30,deliver,0
新能源车是不是会涨价,2021/12/28,linid,11
[新能源]10万以内的电车买哪个好？,2021/12/28,Legend2012,12
沃尔沃这招特斯拉也学会了？,2021/12/29,CC2CC,0
是就特斯拉保费大幅上涨还是所有电车？,2021/12/29,content,23
【请教】电车慢速，上坡，有时候抖动厉害，是什么原因？,2021/12/29,chuangzilin,6
就等小米汽车了,2021/12/29,spritesw,27
同是天涯电车人，现在还在外面守着充电的回个贴,2021/12/26,wangcity,148
夫妻带着孩子公婆160+分，这么拆合理吗？,2021/12/28,nemo2013,33
特斯拉保费暴涨,2021/12/28,omin,33
上周末零下10度去古北水镇补能实况,2021/12/29,hulafly,32
冬天续航焦虑,2021/12/28,xiaoxiaomimi,12
有没有人一遍在快充一遍开空调休息睡觉的？,2021/12/28,bmulp,31
eu260五年10万公里小感想,2021/12/28,songami22,37
立响，喂“来特”屎啦！笑喷。,2021/12/29,wsnsw,2
动能回收没了,2021/12/29,Jumbowang,20
特斯拉新系统最棒的更新，扩音器,2021/12/29,zhangxy11,11
保养时4S给我调整胎压到250左右,2021/12/29,niuhuahua,7
要买车赶紧买，有消息很多新能源车都要涨价了,2021/12/29,zyn90,16
油车要是单踏板模式就好了,2021/12/29,yehorse,11
马斯克说要自己卖保险，能在中国卖吗？,2021/12/29,DavidPotter,5
蔚来的服务无忧不知道会不会提价,2021/12/29,kits,5
特斯拉在美国保费也比油车贵很多啊,2021/12/29,dyatpk,1
买特斯拉的人大概率会尝试暴力驾驶和自动驾驶,2021/12/29,tj343,3
理想one的保费涨了没有？,2021/12/29,qtpr,4
【建议】用“能量回收制动”代替“单踏板”的说法,2021/12/21,LucaToni,14
江淮汽车回应与华为合作造车传闻,2021/12/29,nisus,3
Re: 支持保险改革,2021/12/29,原帖已删除,2
ID4，深圳气温20度，电耗20,2021/12/25,jxgw,63
[电池]IX3近期耗电情况,2021/12/27,hzhichao,18
吐槽特斯拉的V11大版本更新，必须差评,2021/12/28,fain,12
Tesla到底是能听见还是看见车内情况？,2021/12/28,bingovy,21
刚抖音刷到一个说特斯拉的轮胎很难补？,2021/12/28,wsnsw,18
夏天和冬天开空调对续航的影响是不是差不多,2021/12/28,peipeiqp,13
电池衰减的不行的时候不小心磕碰一下底盘,2021/12/29,omin,17
据说明年车险大涨？,2021/12/29,kfq,2
那明年厂家的三电终身质保也要取消了吧,2021/12/29,wsnsw,5
元旦比亚迪有活动吗？,2021/12/28,nwf5d,7
子女这代能否高薪就看新能源汽车了,2021/12/29,simonlijw,25
Model Y七座版国外一直在卖，怎么国内就不上呢,2021/12/28,yehorse,10
我觉得是买特斯拉的都是小年轻，开车容易出事,2021/12/29,meirenai,3
听说特斯拉摸得Y价格在美帝跟别骂我X5一样价格？,2021/12/29,G600050,7
北京公司没有号，可以买个车上河北号吗？,2021/12/28,memory1,2
有私桩的嘚瑟150公里，连出个远轨都不行，真郁闷啊！,2021/12/29,wangcity,17
自己安装充电桩的话充电多少钱一度啊,2021/12/28,yanblues,11
特斯拉超充十万公里才不到三万块钱,2021/12/28,hyeana,35
有好用的车用音乐管理app么,2021/12/29,orangechen,2
特斯拉小鹏保费暴涨的原因,2021/12/28,gokukun,14
家庭组合方案可行吗？,2021/12/29,zp2009,8
[原创][电动]长安E-Rock 最新电耗（2021.12.29）,2021/12/29,zhuming717,0
新疆城市充电桩已经全覆盖了,2021/12/29,hondooo,3
特斯拉单踏板影响安全实锤,2021/12/29,kettle,2
没人说说电车保费上涨的事情？,2021/12/28,AD007,23
20万以下比aion v空间大的电车有哪些,2021/12/28,menglongwang,14
model2真的要来了,2021/12/28,zjak47zhuzhu,24
保险公司养了一堆精算师真不是假的呀,2021/12/28,trumpchi,3
电池技术中国是不是已经世界第一了?,2021/12/27,kevinjoseph,60
我在油版说蔚来涉嫌咪咪眼（滑稽），居然被封了30天...,2021/12/28,qian272,16
突然理解纯电用户冬天的窘迫了,2021/12/28,huang10zhi,28
有点想把外地牌油车留着,2021/12/27,huankuib,33
这么冷的天是不是开油车更省,2021/12/27,nanjian,33
贵版有人买红旗E-HS9吗？,2021/12/28,nVidia,15
特斯拉新能源车险保费翻番？,2021/12/28,junopapaya,22
终于出了和蔚来一样6个人服务一个客户的车企了,2021/12/28,baggioest,31
常州特斯拉坠河视频，调查结果还没出来,2021/12/28,flyer81,7
优易充app这几天是不是崩溃了？,2021/12/28,hernij,1
常州特斯拉失控冲进河里，夫妻双亡，这个新闻大家都看过了吗？,2021/12/27,acarpenter,44
ET5的BaaS，换一种理解方式,2021/12/28,zhx119366715,19
家庭摇中号了，请问亲属关系审查需要多久,2021/12/28,sweet321,1
请问家庭摇中号后，去办理牌子的时候，需要什么资料呢？,2021/12/28,sweet321,1
推荐零跑C11，性价比之王,2021/12/27,windforce09,32
现在新能源车10w以内的最优性价比是哪款,2021/12/28,qianliexian,8
零跑也涨价了，明年新能源补贴退坡是不是所有的车企都要涨了？,2021/12/28,zyn90,25
极狐日子不好过啊,2021/12/26,reachstar,68
有买id6的板友吗？,2021/11/27,goldsmith777,14
特来电到处宣传车网互动，完全走偏了，那是一条不归路,2021/12/28,junopapaya,2
新能源排序更新了吗,2021/12/28,tclj9,4
Re: 国内无论怎么黑特斯拉,2021/12/28,原帖已删除,31
可以买展车吗？,2021/12/28,yanblues,8
特斯拉Model 3斩获欧洲11月销冠！成行业畅销榜唯一纯电车型,2021/12/28,henrykaka00,0
电车仪表盘应分开显示行驶耗电量、空调耗电量、电池保温耗电量,2021/12/28,yehorse,10
Re: 冬季地库优势明显,2021/12/28,原帖已删除,7
吹电动的杠精们，现在电动车技术是不成熟不方便的,2021/12/27,plum2000,16
零跑T03涨价了，涨价8100块,2021/12/28,zyn90,2
隐隐有个感觉，等电池，芯片等各种供应链资源充足,2021/12/28,semilog,14
燃料电池太贵 现代汽车暂停Genesis氢能汽车项目,2021/12/28,ble,2
电车能不能用锂电池的发热量取暖？,2021/12/28,vehicle9,14
蔚来充电时必须同时把车两侧的快充和慢充盖板都打开？,2021/12/28,lookatjane,1
新能源保险今年都涨了吗？,2021/12/25,fenghuo,7
新能源汽车专属车险上线！特斯拉车主晚买几天价格翻倍,2021/12/28,redpacman,0
整天BB电车续航打折虚标，有啥意思呢？油车怎么不抱怨油耗虚标,2021/12/26,yehorse,90
3天2000订单又来了,2021/12/28,Nordahl,9
特斯拉客服厉害，警方没定性就说抢方向盘,2021/12/28,dolphinlang,3
采用咸鱼造谣黑了啊,2021/12/28,haiou2020,2
我说一个北汽无可辩驳的黑点,2021/12/27,LordTod,70
tesla露营车来了,2021/12/28,GodOne,25
为何北汽做不起来，因为,2021/12/28,wormvirus,15
今天换了3个桩才充上电,2021/12/28,niuhuahua,2
本班反指最大坑是哪个？,2021/12/28,DoubleH,20
天冷了，5折都打不住,2021/12/28,WebSun,1
狐狸资金链可能真有问题了,2021/12/27,syssky,65
燃油发电机比燃油发动机更环保？,2021/12/28,fakelake,5
周末来广营溜达了好猫 小鹏 埃安 长安 秦,2021/7/10,dahai2999,21
除了丑，威兰达插混版有什么硬伤,2021/12/26,NeoJ,15
【新能源】24款车简评,2021/12/28,gokukun,11
请教一下，已经有电车，油车指标刚中签，怎么处理合适？,2021/12/27,LeoLeo,16
华为造车最大的缺陷将是设计~,2021/12/24,blunyzhu,15
现在还有新能源车试驾试乘给礼物的吗,2021/12/28,LittleGrava,4
傲慢的特斯拉,2021/12/25,crazyswan,50
开了几天MY，真不想开油车了,2021/12/26,jaxwq,75
家庭分积分满两期增加一分，这个两期算当期吗？,2021/12/27,hotbut,4
下一辆车cybertruck,2021/12/28,henrykaka00,8
哀嚎，快充充不进去，怎么办,2021/12/26,hijupiter,19
特斯拉掉水里那个，夫妻双方都抢救无效了。,2021/12/27,MyNameIs007,13
有这两天买车险的吗,2021/12/28,jinAGE863,1
新能源车开多久可以换？,2021/12/27,Redbuilding,7
cherishe被取消在GreenAuto版的发文权限,2021/12/28,deliver,0
shuidaodao被取消在GreenAuto版的发文权限,2021/12/28,deliver,0
CCBaby被取消在GreenAuto版的发文权限,2021/12/28,deliver,0
冬天的快充桩功率好低,2021/12/28,JEFW,2
ponuel被取消在GreenAuto版的发文权限,2021/12/28,deliver,0
吉利帝豪太坑了，四年车坏了了三个暖风加热,2021/11/16,qwt,31
欧拉好猫GT已订,2021/12/27,wwwmumuyx,35
个人87400名左右，大概啥时候中签呢？,2021/12/26,promise1108,16
摇号倍率计算,2021/12/27,dayu29,6
车友分享冬天五折续航，马上就有出来杠的,2021/12/26,punkdrew,20
充电紧张的车位应该提高定价是个好办法,2021/12/26,mdbbsmdbbs,20
电动车的续航真是一言难尽,2021/12/25,kz6681,191
新能源个人和家庭指标是分开的吗,2021/12/27,dawei78,5
下班回家,2021/12/27,bana,2
四驱极狐T北京零下8度五环一圈电耗24.4，64折,2021/12/25,sdlk,115
电池成本还有多大下探空间？,2021/12/27,census,10
给电池加个保温棉 冬天续航会好很多把,2021/12/27,haove,3
后灯一个不亮保修吗？,2021/12/27,tutud,4
你们身边有明确因为政策原因放弃TSL的吗？,2021/12/27,LucaToni,4
汉的刹车异响,2021/12/13,zzxxccvv,15
只要对自己车的特点和性能够熟悉，没那么容易趴窝,2021/12/26,kaka2w,40
蔚来的双电机配置方式和其它厂家很不同,2021/12/27,i925XE,9
各位，华为到底是新手啊，居然要95号油，买它打鬼啊！,2021/12/26,wangcity,7
家庭申请小客车指标，可以从油车改成电车吗？,2021/12/27,hahajing85,2
[原创][电动]长安E-Rock 最新电耗（2021.12.27）创新高了！,2021/12/27,zhuming717,8
新车上牌不用验车了？,2021/12/27,ble,0
一个朋友被ET5种草了,2021/12/26,lacrover,22
特斯拉这个大屏幕很影响视线啊,2021/12/27,pkucannot,19
id4c价格谈不下来,2021/12/27,urlaub,5
怎么AMD处理器突然香起来了，以前宁愿要个赛扬也不买AMD的,2021/12/24,henhenhahi,45
电耗感人，谁可一战,2021/12/27,bana,16
特斯拉model y 长续航已更换amd ryzen,2021/12/27,toward,6
Re: 家庭（1大人1小孩）12分，大神估计下要多久,2021/12/27,原帖已删除,7
丰田新车将采用byd电池，电机，电控。,2021/12/26,wazgwsmj,10
买车刷信用卡 除下一个月的免息还有啥用吗？,2021/12/26,xiti,46
非本人指标能按充电桩吗,2021/9/13,nxlhero,7
有车友安装过：空气暖驻车加热器吗？求安装门店联系方式，车上,2020/12/14,xiaod5285,4
北京这天好像也不是太离谱,2021/12/26,ble,31
冬天短途，电耗谁都顶不住吧,2021/12/27,tedxyz,1
今天订了modely，跟生活低头了。,2021/12/25,quansheng,63
懂行人说说比亚迪的刀片电池技术,2021/12/25,zhaozhao1982,24
新中签的指标有有效期吗？,2021/12/26,cdbdyx,11
版上有蔚来车主吗？想换es8，却总觉得会不会很快换代，,2021/12/19,tcmzxp,15
Re: 更新指标是在哪更新呢？,2021/12/27,原帖已删除,0
今年五月家庭电车号差两分,2021/12/26,hbqcysj,9
高级电车是不是不存在续航问题？？？,2021/12/26,lipefe,15
华为都这样了还不下场自己造车？,2021/12/23,lwq,21
锤子电瓶车北大湖滑雪极寒体验小结,2021/12/25,ttl,21
Re: nio 也要和byd合作了,2021/12/27,原帖已删除,38
华为将在国内首推车载地图服务,2021/12/27,nisus,2
最终还是定了蔚来es8,2021/8/17,cynthia0319,168
“里程焦虑”再现！有车主凌晨四点起床抢充电桩 (转载),2021/12/26,plum2000,7
特斯拉的从苹果风格升级到了安卓风格,2021/12/27,hyeana,0
2021年第2期普通小客车指标申请审核多了10万个家庭,2021/12/25,Svensson,5
国家为毛推CLTC标准，比nedc还虚，纯粹为了数据好看吗,2021/12/23,ranger7,15
好奇版友们买的最贵的电车是哪款？,2021/12/26,nVidia,12
一个坦克300，再搭配一个通勤车，哪款合适呢？,2021/12/24,census,9
北汽EX3有升级版的吗？,2021/12/26,burrma,1
再开老将 16款比亚迪秦300 有感,2021/12/25,wangdass8,55
如果没有充电桩,2021/12/26,vop,2
电机的声音不小啊,2021/12/26,jxgw,18
你们的电车多久不开，小电瓶会亏电？,2021/12/26,AD007,2
永安行的氢能源电动自行车在常州运营了,2021/12/26,sunlustre,3
es8三年保值率,2021/12/25,omin,30
基本没啥续航焦虑了,2021/12/26,aiyawoqu,5
tbbt2013被取消在GreenAuto版的发文权限,2021/12/26,deliver,0
溧阳特斯拉已经拐弯又垂直转弯冲栏杆,2021/12/26,wsnsw,2
不开空调8折，开暖风5折,2021/12/26,Mrsundy,0
真是科技改变生活。。。。。。。。。。。。。。。。。。。 (转,2021/12/26,wakesman,0
柴油加热器安装推荐,2021/12/26,nimoo,0
电车的隐忧,2021/12/26,tbbt2013,3
垃圾电车冬天真是要命,2021/12/26,chinawangxs,11
跑长途，一油一电行不行？ (转载),2021/12/25,bigbreast,6
氢能看来的确是正确方向。直接替代汽油。,2021/12/26,maplab,10
请教转新能源家庭指标之后，原有个人指标号作废吗？,2021/12/26,yangzz,3
厂家的免费桩还真能省点钱,2021/12/26,bill21,0
电车冬天太难了,2021/12/26,chouachou,3
充电桩的电表可以家用吗？,2021/12/25,zhaoyifan222,7
昨天下午北京的能耗,2021/12/26,dolphinlang,9
秦还是海豚,2021/12/26,lililala,3
刚刚搞定车位，求购一个充电桩指标。私信联系，谢谢！,2021/12/26,laiweiting,1
家庭10分啥时候能排上新能源啊？,2021/12/26,wuguibao,1
最近打了3次车，2次都是同一款车：广汽丰田IA5,2021/12/26,wazgwsmj,17
转一个充电桩,2021/12/11,doubledouble,4
奇怪帝都油车牌为啥不能买？其它大城市都能竞价买到,2021/12/25,plum2000,92
半夜充电那个让我联想到,2021/12/26,wsnsw,5
说说电动车加装燃油驻车加热器,2019/12/4,lipingxin,38
建议大家不要盲定车，这必须要看得见摸得着大规模试用后,2021/12/26,wangcity,3
Re: 送蔚来礼品券 扫码领取,2021/12/26,原帖已删除,0
前天出差去了趟东北，威马很多啊,2021/12/17,alwaysfaint,17
汉ev1.7w公里二保花了234元,2021/12/25,ybzhero,13
特斯拉坠河事故1人死亡,2021/12/24,nisus,8
冬天室外充电站怎么办？,2021/12/26,Engelberger,2
北京一年下来的平均电耗,2021/12/22,JEFW,21
现在电车电池衰减厉害吗,2021/12/25,tbbt2013,16
国产车外观是新势力入场后提升的,2021/12/23,tian19520000,68
个人轮候11万出头，是四年后还是五年，六年？,2021/12/17,zhujun,12
北京的冬天根本就不冷,2021/12/26,sunlustre,4
求推荐柴油加热器,2021/12/26,nimoo,0
比亚迪车主来点建议吧,2021/12/25,beijing79,34
低温续航都拉胯，相互嘲讽有意思么？,2021/12/26,reachstar,6
之前有人说测零下20度太极端。现在东北快零下25度了,2021/12/25,Engelberger,5
问界5,2021/12/25,MOONSEA,2
今天北京nedc续航5折了吧,2021/12/24,hyeana,18
今天下班已经三折起了。 。。。,2021/12/24,bufu110,7
电动车的缺点目前看主要是续航和持续高速无法散热的问题。,2021/12/21,wangcity,63
闲鱼卖车靠谱吗？,2021/12/25,sunnysky2000,10
6年老eq今天的情况,2021/12/25,sofa,7
有了解新能源专属车险的吗？据说27号开始,2021/12/25,tianya123456,4
咨询下买车刷信用卡的事,2021/12/26,kevinhan,0
没有座椅通风一票否决,2021/12/25,dawei78,24
放开了用电的话,2021/12/25,T24,6
今天可能改口电动爷爷了……,2021/12/25,HLWJSJ,8
比亚迪：子公司与戴姆勒拟分别对腾势新能源增资10亿元,2021/12/24,chuanlang,12
今天能耗190,2021/12/25,tbbt2013,2
发现起步速度太快，也不是啥好事,2021/12/25,chouachou,7
今天第一次听说一个概念“滑板底盘”,2021/12/25,wanllow,4
有试过只开座椅加热不要空调吗？,2021/12/25,lovel,22
没有人考虑过立体停车位的问题吗,2021/12/25,bigbreast,5
今天看了福特电马和欧拉猫,2021/12/25,wsnsw,4
AITO品牌方依然还是赛力斯,2021/12/25,kettle,16
吉利星越L雷神Hi·X油电混动版发布，跟比亚迪杠上了,2021/12/25,bufu110,8
我觉得现在的造车新势力，都没考虑好手机往哪放的问题,2021/12/24,xtfj,18
唐EV在挪威交付1000辆,2021/12/25,googlestyle,17
总结一下特斯拉Y去崇礼滑雪的感受,2021/12/18,laodq,20
Re: 号外号外 未来三天至27日北京降温14度,2021/12/25,原帖已删除,12
260万个人，60万家庭，明天又要百万大军过独木桥了 (转载),2021/12/25,plum2000,2
开车再冷 能有骑车冷？？,2021/12/24,tubility,5
要被蔚来的桩气死了,2021/12/24,ttl,57
慕名看了下极氪的参数，真的是超高性价比,2021/12/24,joysun2006,32
比较了几个车的配置，和自己想要的配置,2021/12/23,gokukun,76
提车第一天,2021/12/25,tbbt2013,0
【求助】特斯拉充电兼容性问题,2021/12/24,xuhuancys,7
新能源车主最好不要选电动门，多练习一下紧急解掉安全带，万一,2021/12/25,wangcity,2
网上有两个二手baas案例,2021/12/24,chelseaLL,40
买了新能源后油车吃灰,2021/12/25,wsnsw,7
mach-e是不是已经黄了?,2021/12/19,AD007,14
新能源车元旦后补贴少多少？,2021/12/25,pacia,0
比亚迪将持有腾势90%股权 Zz,2021/12/24,googlestyle,9
11月欧洲纯电销量排名 (转载),2021/12/24,tedxyz,11
华为昨天发布的车大家怎么看？,2021/12/24,content,5
华为小康M5走的是杀马特路线？,2021/12/25,sunlustre,1
理想one算不算新能源是个问题,2021/12/24,DoubleH,22
北京现在哪儿有比较集中的小车比如id3海豚的展厅?,2021/12/25,magogogo,0
汇报本周特斯拉model3标续铁锂电池的电耗,2021/12/24,hijupiter,13
今天充电桩又冻住了。这是普遍现象吗？,2021/12/25,higuy,0
一图看懂AITO问界M5,2021/12/23,rasper,94
特斯拉刹车变硬实锤了,2021/12/18,kknd1399,239
常州溧阳-失控坠河-特斯拉,2021/12/24,last2,11
特能吹新事故,2021/12/24,ecoboo,17
修改carrickwang在GreenAuto版的发文权限封禁,2021/12/25,deliver,0
比亚迪宋PLUS EV 将搭载华为多合一电驱动系统,2021/12/24,iGeek,7
顺路试驾了一把model Y,2021/12/24,ddle,16
江苏特斯拉失控冲出护栏坠河,2021/12/24,HLWJSJ,4
ID4车机问题影响很大啊,2021/12/23,jxgw,75
天气对电动车确实影响大,2021/12/24,WebGL,8
hhflyinglm被取消在GreenAuto版的发文权限,2021/12/24,deliver,0
isedai被取消在GreenAuto版的发文权限,2021/12/24,deliver,0
五问蔚来？——触及深处的问题！,2021/12/23,soochowboy,3
这两天打车冻成狗 (转载),2021/12/24,plum2000,3
没尿崩。。近40公里跑回来了,2021/12/24,qwt,1
有热泵空调的能耗，供参考,2021/12/24,AD007,1
你好小狐狸（极狐T），再见大蛤蟆（极氪）,2021/12/24,lycheesang,14
既然冷的杀伤力这么大，为什么不做一个恒温箱把电池保护起来,2021/12/24,evermore,6
哪吒魔小童，打算入手一辆,2021/12/23,yxsyr,6
作为权威，我要说，赛力斯，如果价格再便宜点，还是很不错的。,2021/12/24,wangcity,0
从各种回帖和评论看，知道AITO就是赛力斯的人不超过20%,2021/12/24,census,8
北汽极狐自救的唯一办法是,2021/12/24,content,2
华为激光雷达是不是黄了？亲儿子小康都不用。,2021/12/24,sunlustre,2
刚才一女司机开着蔚来过来,2021/12/24,wsnsw,6
又烧了一辆,2021/12/24,byan89,19
极寒温度简直是电车灾难，差点喊拖车,2021/12/24,erVShb,17
安阳女车主诉特斯拉案今日开庭,2021/12/24,MICCAI,2
叨片的专利绕不过去么？,2021/12/24,Nordahl,20
转：大众ID：十一月优惠8000-14000，要走回燃油车老路？,2021/12/7,zyn90,4
今早掉电体验，前5km掉60里程，后20km掉20里程,2021/12/24,hernij,12
大家都用哪个app充电呢？,2021/12/24,locker06,0
每天通勤120km 往返，增程还是纯电？,2021/12/24,triformix,44
版上特斯拉车主这么多，没人提出这个问题？,2021/12/23,tedxyz,22
我作为一个理工男，为什么pass极狐？,2021/12/24,tedxyz,14
比亚迪海豹,2021/12/23,qianshuibj,22
提车中,2021/12/24,tbbt2013,8
aionvplus询了个价，求问有啥能压的,2021/10/24,AdamGao,28
特斯拉今天充电怎么这么慢？,2021/12/24,brokenjohan,15
极狐阿尔法S华为HI量产版明日交付,2021/12/24,yehorse,14
极氪真是业内良心啊 明年升级8155,2021/12/24,wangkuo111,17
回收为啥不搞成这种,2021/12/24,evermore,14
没有华为，问界M5也就15万的价格吧,2021/12/23,llv,29
从碳排放看什么是新能源,2021/12/24,DoubleH,3
今天把电瓶车开去吉林北大湖滑雪,2021/12/23,ttl,18
华为不是说绝不造车吗,2021/12/23,content,12
终于换车了,2021/12/22,beth,99
车机比较稳定和优秀的是哪几款,2021/12/23,wazgwsmj,25
85米，电线要选6平方还是10平方？,2021/12/24,live4love,18
冬至提毛豆3有感……,2021/12/23,tc21359746,16
等等党郁闷 tesla又出新技术了,2021/12/24,GodOne,10
哪个车最适合跟同事约会？在线等挺急的,2021/12/24,chenghaibo,16
压力最大的是理想one吧？,2021/12/23,sushou,33
三折啦,2021/12/24,DoubleH,6
新能源车是不是比同样价格的燃油车成本低不少？,2021/12/24,breezing,7
AITO M5没戏，因为选错了车型,2021/12/23,yehorse,43
欧拉好猫的车咋样,2021/12/23,wwwmumuyx,66
长续和标续的Y似乎差距不大为啥差七万,2021/12/1,tbbt2013,18
不是说特斯拉季度末疯狂交付国内么 感觉好慢啊,2021/12/24,xiti,0
目前充电速度还是取决于电池，铁锂用v2桩和三元用v3桩都用时45,2021/12/24,hyeana,0
taycan比tesla强很多吧,2021/12/24,tbbt2013,2
看了华为的发布会，我坚信华为一定会下场造车,2021/12/23,Cobb,10
l19被取消在GreenAuto版的发文权限,2021/12/24,deliver,0
为什么这个版没有人讨论宏光宝骏,2021/12/24,gjq,8
懂车帝为了抹黑极狐，空调致热开外循环,2021/12/16,sdlk,170
智能车是用来享受的，不是用来战斗的,2021/12/24,AD007,5
据说全球84%的石墨电极由中国制造,2021/12/23,mafama,3
et5阉割交流充电口是何居心？,2021/12/23,andrewhxism,26
一点简单的常识,2021/12/23,WangXW,4
model y那个单踏板模式可以调回收力度了吗？,2021/12/23,ddle,12
增程跟混动对用户来说有啥区别？,2021/12/23,Peugeot888,12
[转载]12月份续航赛极狐三冠卫冕---这场最后很戏剧,2021/12/21,wangdass8,168
电车能换cpu？,2021/12/24,bfield,0
五年之后,2021/12/24,chenghaibo,1
动力系统我还是看好星越L,2021/12/23,wanllow,9
代替充电桩的神器,2021/12/23,musclefans,17
Re: 极狐5年磨一剑的疑问，哪个大佬给解释解释,2021/12/23,原帖已删除,21
关于蔚来BaaS几个问题,2021/12/21,djkstra,38
