﻿主题,发帖时间,_ 作者,回复
比亚迪F品牌将搭载全新混动系统，售价区间40万-60万元,2023/3/9,Dankeschon,8
Re: 蔚来公司实习生因强奸未遂判刑，女主发帖后咋没消息了？,2023/3/10,原帖已删除,0
汽车工业本应该是一个国家巨大的财政收入！,2023/3/9,goooooog,17
纯粹从驾驶体验角度谈下特斯拉的单踏板,2023/3/8,tribby,62
小鹏G6太丑了,2023/3/9,mchh211,9
蔚来作为车企的盈利模式确定了没有？,2023/3/8,Nijiuchuiba,83
我还以为蔚来会无条件70全升75呢,2023/3/10,zyzx77,9
我有一计，可解决换电纠纷,2023/3/10,lefenbo,9
audi q5 etron这款如何,2023/3/7,HYXMU,11
试驾毛豆y，后排感受比十万多的网约车都差，咋这么多人买。,2023/3/9,sai123456,24
理想宣称上海给不给增程新能源牌照影响不大,2023/3/9,touareg,7
电车本质是1，2线城市对3，4线的掠夺,2023/3/8,covidtest,17
单踏板模式下存在踩油门实现刹车效果的场景，这才是致命之处,2023/3/9,apollo1313,21
比亚迪4S店因不正当竞争被判向特斯拉公开道歉并赔偿5万元,2023/3/10,zengchenly01,2
有人开特斯拉用缓行模式吗？就是和其他车一样的,2023/3/9,fermiyark,22
油电 终于同步降价,2023/3/10,dahai2999,0
江淮iev4就出现过挂前进档往后退的问题,2023/3/10,peakzhou,4
为啥比亚迪这波换电池都快上热搜了,2023/3/9,TimeAndRiver,21
蔚来还是很厉害的,2023/3/9,Janwilliam,5
干脆把刹车去掉吧，就一个踏板，踩下加速，松开急刹。,2023/3/9,zheshimimi,14
粗大，特斯拉国产行货毛豆据说简配了超声波雷达,2023/3/9,AD007,4
宝马跟进价格战了,2023/3/9,Nijiuchuiba,3
小鹏 P7 新款感觉升了个寂寞,2023/3/6,nonexist,25
现在最傻眼的是不是雷布斯,2023/3/9,meirenai,13
你们电车都有收音机吗,2023/3/9,tbbt2013,21
请问新能源还能模拟选号吗？自选是后几位可以任意选吗,2023/3/7,rtrtrt,4
知乎上很多抨击单踏板毛胚房的,2023/3/9,tbbt2013,6
第一次独立开车，MARK一下,2023/3/4,kingstone233,39
腾势n7官图，能打不？,2023/3/6,huankuib,39
奇瑞销量怎么上去的，董事长继李想之后也飘了,2023/3/7,MachuPicchu,10
请问转家庭号是哪天开始，哪天截止啊？,2023/3/9,fcd,0
所谓用贴牌代工消解企业研发投入的无耻谰言,2023/3/7,zhouxxs,31
预测下几年家庭积分的分数线吧,2023/2/24,suoluosi,31
明天的P7i预计多少钱,2023/3/9,ltzh83365468,4
岚图汽车称裁员传闻不实，“追光者”岚图，还能发光吗？,2023/3/9,Dankeschon,0
提车6个月单踏板感受,2023/3/9,shiguang,30
东风要清仓油车后大上电车？,2023/3/8,wsnsw,9
燃油车时代终结？2022年全球电动车销量突破1000万,2023/3/9,xianrena,0
你们的电车最高时速能到多少,2023/3/8,phoenixhills,10
总感觉车头没有散热网的电车没有嘴，是哑巴,2023/3/9,FLYBBS,9
吉利帝豪GSE加热器故障导致高速失去动力,2023/2/28,zhousidun,33
tesla啥时候改款,2023/3/9,tbbt2013,2
特斯拉换了悬挂之后，改进很大吗？,2023/3/7,census,15
小米造车会走超级工厂路线,2023/3/8,seeredsea,9
说到特斯拉单踏板模式,2023/3/9,larker,6
有的byd车主说一两年的车换过2-3次电池了,2023/3/9,touareg,3
雷军可能的成功路径：学理想做细分,2023/3/7,gesheng,3
湖北其他厂家持续跟进刺刀见红，通用7万丰田3.5万猛砍，要的搞,2023/3/8,wangcity,39
小鹏一个新势力，为什么用传统造车思维？,2023/3/9,zyzx77,4
Re: 高速800公里，开车最快需要几个小时？,2023/3/9,原帖已删除,0
以后也可能都是换电而且强制,2023/3/9,wsnsw,2
理想的市值超过了蔚来和小鹏的总和说明了什么？,2023/3/8,touareg,18
问界M7为什么不敌理想？,2023/3/7,wanllow,23
电车的autohold是单纯刹车吗？,2023/3/9,LeonTang,4
wangdass8被取消在GreenAuto版的发文权限,2023/3/9,deliver,0
大家百公里耗电都是多少,2023/3/8,yellowChange,12
特斯拉这个视频有点意思,2023/3/8,huankuib,9
Re: 新势力盈利模式？应该庆幸一年就卖了10几万辆。,2023/3/9,原帖已删除,8
没人看伊朗锂矿新闻吗？,2023/3/9,imchenghaibo,0
此时此刻我的车正在4s换电池,2023/3/8,xiadayu,37
泰国电动车2月销量，比亚迪、哪吒双霸榜,2023/3/9,Dankeschon,1
湖北的补贴会不会让新能源受挫？,2023/3/7,dadadedada,16
关注了“电动车主访谈”的抖音，全是车主访谈,2023/3/8,beerbomb,3
我国的电动车 不敢学特斯拉那样 行车记录仪上传视频吧 ？？？ (,2023/3/8,qsw,2
这是理想L9？,2023/3/8,TimeAndRiver,4
说说从雷RX换理想L9使用两周的感受,2023/3/8,bjnull,20
开始打价格战了,2023/3/8,ralfak,6
特斯拉降价最伤感的还是二手车商,2023/1/6,gangshen,16
零跑C01这种车，打死不能买。CTC电池底盘一体化结构一坏电芯就,2023/3/8,wangcity,11
比特斯拉都可怕,2023/3/6,zyzx77,25
特斯拉2月已经非自主第二了 (转载),2023/3/8,harrycheng,5
比亚迪改改标吧，求求了 (转载),2023/3/8,harrycheng,1
韭菜就这么多了，且很少了。,2023/3/8,Johnnywu1,4
长城要放手一搏了？,2023/3/8,googlestyle,1
五菱缤果给飞度、骐达、雅力士、来福等又插上一刀,2023/3/8,GUAZHA,2
支持华为造车，与特斯拉竞争， (转载),2023/3/8,luoxiaoyi,8
零跑c11，c01这两款是目前性价比最高的新能源车了,2023/3/8,hellokkzhu,13
北汽新能源售后,2023/3/8,margaretpeng,2
看不懂菊厂的骚操作,2023/3/8,AD007,0
比亚迪荣登车质网的撤诉率冠军,2023/3/8,touareg,14
什么样的电车（现在已经上市）的能开二十年？ (转载),2023/3/8,luoxiaoyi,1
蔚来前两年有点像传销,2023/3/8,terminats51,1
菊厂终于下场了 (转载),2023/3/8,LucaToni,3
特斯拉国内最近还降价不？,2023/3/7,FutureCore,5
三个成年人，高速800公里，高铁还是开车？,2023/3/7,phoenixhills,46
特斯拉的刹车失灵已经造成很大影响，为何无解？,2023/3/2,HLWJSJ,18
关于踩错踏板,2023/3/2,GeneralMilk,11
家庭号排上电车了，可以再和父母一起再排号吗？,2023/3/8,deu66,1
这很比亚迪,2023/3/7,risizhe,18
旗帜鲜明的看衰小米汽车,2023/3/6,irance,81
雷军已表决心：一定把车造好,2023/3/5,biubiu02,158
Bz3用比亚迪电池电机,2023/3/7,shunderen,36
汽车用互联网思维搞，要出人命的！,2023/3/7,akls,17
比亚迪不思进取,2023/3/1,xman007,56
感谢国产新能源，进口品牌也绷不住了,2023/3/8,lj93,15
“过期”指标直接打印就能去上牌吧？ (转载),2023/3/8,pangdun,2
[合集] 高速800公里，开车最快需要几个小时？,2023/3/8,oBigeyes,0
看到一个车的广告上面写着搭载Rising自动驾驶系统,2023/3/8,marion,3
比亚迪e2也喷白色粉末,2023/3/8,vastman,0
[电动]主要周末周边省游，后排可睡觉性价比最高的是？,2023/2/28,y97rm,20
奇瑞也差不多快200万辆了，相比吉利不行啊,2023/3/7,MachuPicchu,4
给特斯拉洗地的能否帮忙解释一下温州TSL失控的原因？,2023/3/4,sdlk,19
bz3不用等了，北苑店给的起步价16w,2023/3/7,liberate,7
现在打车简直就是煎熬,2023/3/7,artech81,16
fengwudian被取消在GreenAuto版的发文权限,2023/3/8,deliver,0
3月第一周新能源销量,2023/3/7,gaozhuang,35
不太看好理想发力纯电,2023/3/7,touareg,15
乘联会：今年以来乘用车零售265万辆，同比下降21%,2023/3/8,dahai2999,2
问界在电梯里的广告,2023/3/7,RiverFish,1
4.5出瑞虎3xe400 18年车开了不到5年,2023/3/7,haove,2
秦plus dmi 2023款价格发布了,2023/2/10,zjheric,61
李想的昏招,2023/3/7,touareg,30
东风要死了,2023/3/7,biubiu02,1
过于谨慎了吧？,2023/3/7,dsf008,2
请问，关于唐。,2023/3/7,haonx,27
18万的日产ariya又看着顺眼了,2023/3/7,semilog,9
有出2018的秦ev450的嘛,2023/3/5,aishuishou,19
发现国产车很的地方都超合资了但内饰,2023/3/4,content,12
EU5PLUS第一次充满达到501km。,2022/4/3,ylh1969,116
电车要想获得更多人认可，主流车型续航要1000以上,2023/1/28,huankuib,48
果然产业升级了啊 (转载),2023/3/7,Simu1ink,5
怎么查二手车上京牌的车型目录,2023/3/7,aishuishou,1
高速180公里，帝豪ev300,2023/1/25,qwt,12
每天上下班各开一个小时车，精力和体力消耗大吗？,2023/3/7,phoenixhills,6
极氪也喷粉了,2023/3/7,AZTU,10
理想开始建超充站了,2023/3/7,touareg,6
2月新能源车交付量,2023/3/7,HiAurora,13
极氪001的能耗是不是偏高啊？,2023/3/5,hc0twx,73
五菱又出神车了：缤果ev,2023/3/3,hsv,26
有科普文说说三元锂和磷酸铁锂哪个安全吗,2023/3/5,content,80
蔚来并没有取消充电口，换电为用户多提供了一种补能方式,2023/3/6,bjny99,48
jiang963被取消在GreenAuto版的发文权限,2023/3/7,deliver,0
岚图梦想家：直降四万元,2023/3/6,census,13
小区既不让飞线，也不让自己装充电桩，那自己电表外接个插座怎,2023/3/2,deu66,14
特斯拉买白色漆和黑色漆贴白膜,2023/3/6,smiledi,9
电车还是牛逼了,2023/2/16,HYXMU,25
雷军做电车是因为手机没有新故事可讲了,2023/3/7,knowhowto,0
有投诉特斯拉成功的么？,2023/3/7,smiledi,6
bz3上市了,2023/3/7,socool,4
开了三个月特斯拉了，说一下它的踏板模式,2023/3/3,ziheng89,87
工信部部长：要千方百计想方设法稳住电子汽车钢铁等重点行业,2023/3/5,nisus,4
电车可以开一辈子,2023/3/6,wopengyou,6
哪吒卖那么好都卖哪里去了？,2023/3/7,wyid,8
大家电车断电之后有没有嗡嗡声音,2023/3/7,wasdwasd,3
请大家帮忙推荐一款20万以内的电车，不要特斯拉公司不让进,2023/2/23,teyqiu,46
电车没什么技术含量吧？,2023/3/6,fckmessi,37
从财报看蔚来又要进icu了,2023/3/4,junopapaya,50
canghai被取消在GreenAuto版的发文权限,2023/3/7,deliver,0
周末晚上在回龙观东大街看到一byd元左前轮断轴,2023/3/6,wangdong268,11
xxyy0088被取消在GreenAuto版的发文权限,2023/3/7,deliver,0
[合集] 板面上都说蔚来是说车还是企业,2023/3/7,oBigeyes,0
helloxxx被取消在GreenAuto版的发文权限,2023/3/7,deliver,0
langmanyixia被取消在GreenAuto版的发文权限,2023/3/7,deliver,0
雷克萨斯es200最低配怎么样？和比亚迪海豹怎么选？,2023/3/6,presento,6
高合的车门是摸一下自己弹出来的？,2023/2/23,xiti,1
出租京牌比亚迪秦EV300有意的站内联系哈,2023/3/7,moonracer,1
单电机版的阿维塔在收集订单了,2023/3/3,flybox,14
一年的新能源电费才365块钱,2021/12/31,phoenixhills,26
年内第二次！特斯拉下调美国高端车型价格,2023/3/6,syy2018,2
[合集] 如果女生违法了，就抓她,2023/3/6,oBigeyes,0
[合集] 如果蔚来受害女生是自己的女儿或者亲人，有的人还会这么,2023/3/6,oBigeyes,0
[合集] 希望当事女主早日放出录音捶死蔚来,2023/3/6,oBigeyes,0
[合集] 抛开事实不谈，你蔚来就没有错吗？,2023/3/6,oBigeyes,0
[合集] 蔚来公司的所做所为，归根结底就四个字：助长罪恶！,2023/3/6,oBigeyes,0
[合集] 其实，未来 不录用 被强奸女性,2023/3/6,oBigeyes,0
[合集] 蔚来强奸事件，为何这么多人和政府对着干？,2023/3/6,oBigeyes,0
[合集] 蔚来这个事就一句话——钱没到位。,2023/3/6,oBigeyes,0
[合集] 有一说一，蔚来真的是思想太封建古板落后了,2023/3/6,oBigeyes,0
[合集] 看了下蔚来QJ门全过程，这企业真恶心,2023/3/6,oBigeyes,0
[合集] “团建”，又一个被搞臭的年度热词？,2023/3/6,oBigeyes,0
[合集] 清华女生绝对称得上是女英雄，明知wl强奸盛行毅然留下来,2023/3/6,oBigeyes,0
[合集] 给蔚来洗地的真够nb的,2023/3/6,oBigeyes,0
[合集] 蔚来事件的女主角是优秀女性的完美典范，没有之一,2023/3/6,oBigeyes,0
[合集] 【蔚来这事搞大了，昨天峰哥直播直接对李斌点名了。】,2023/3/6,oBigeyes,0
[合集] 蔚来这把变成强奸代名词了？,2023/3/6,oBigeyes,0
[合集] 未来可不可能反诉清华女诽谤？,2023/3/6,oBigeyes,0
[合集] 我只关心蔚来是不是性骚扰气氛浓厚？,2023/3/6,oBigeyes,0
[合集] 蔚来的瓜还没有清晰的经过吗？,2023/3/6,oBigeyes,0
[合集] 不知这位女生有什么诉求？,2023/3/6,oBigeyes,0
[合集] 蔚来这个事太扯了,2023/3/6,oBigeyes,0
[合集] 蔚来的案子有新进展了，女生放出了新的证据,2023/3/6,oBigeyes,0
[合集] 清华女确实厉害，蔚来被拿捏了,2023/3/6,oBigeyes,0
拿EDR数据证明踩油门本来就是逻辑错误,2023/3/2,hidenfly,114
第一批 纯电车主  都换车了么？,2023/3/3,dahai2999,134
L9山路方向盘失灵怎么回事？,2023/3/6,wsnsw,10
byd的自适应巡航好用吗，昨天试了试理想的不错,2023/3/6,content,9
换电的逻辑从哪来的,2023/3/5,canghai,52
腾势n7明天发布,2023/3/5,content,14
主要依靠公共桩充电，有啥App可以装一个通用不同充电桩？,2023/3/6,bjnull,2
连特斯拉撞车都没有这个热度啊,2023/3/6,tedxyz,1
以后还考虑蔚来的汽车吗？,2023/3/6,struggle,5
零跑杀疯了,2023/3/1,snwofox303,28
零跑c11增程版17万给43度电的电池,2023/3/3,liangges,3
人脸识别需半跪操作？小鹏：已将该第三方应用下架,2023/3/6,xianrena,14
这个图看起来真开心,2023/3/6,Alvis,2
深蓝s7的理味儿很浓,2023/3/6,ok868,8
什么叫“单踏板”模式？,2023/3/6,xiaolu,0
蔚来2022年报亏损了145亿，是理想亏损额的7倍,2023/3/2,pigflying,46
北京插混和增程式，油号必须换成绿牌吗？,2023/3/6,skyfromheart,6
特斯拉SX降价,2023/3/6,Fangio,5
冒烟了,2023/3/5,AZTU,20
请问你们电动焦虑如何缓解,2023/3/3,Analog,35
[原创]求租京牌,2023/3/6,jiang963,0
造车就造车，不要总痴迷超越.....,2023/3/6,HLWJSJ,1
喜讯：弯道超车成功！中国新能源汽车产销量全世界第一 (转载),2023/3/5,harrycheng,1
北京什么时候能出政策支持写字楼按2KW个人充电桩,2023/3/3,haove,12
2023年汽车置换补贴是必须把车卖到外地吗？,2023/3/6,aPearl,0
求新能源指标延期,2023/3/4,troybuaa,6
昨天听到一个段子,2023/3/6,xianrena,2
特斯拉下调 Model S、Model X 电动汽车美国起售价,2023/3/6,xianrena,0
哈哈哈，这啥车啊，撞完还在抽搐,2023/3/5,AD007,2
这个车大家见过没有？,2023/3/6,topking,1
周末在京昆线看见一辆高合，确实威武霸气,2023/3/6,bigmealie,0
未来最好的未来也就是卖个身，寄人篱下,2023/3/6,CyclingLife,0
如果家里只有一个电车，但是感觉不够用的话，可以这样处理,2023/3/6,amo9n,1
用上私桩了，好爽,2023/3/2,evermore,189
电车是不最好二三年就换呢,2023/3/6,Antigone,16
国产纯电长期不用的话会打不着车么；,2023/3/5,kickk,5
问题的症结在于公司方的傲慢,2023/3/5,masterlv,2
徐归航应该是有点能耐的，蔚来不敢惹,2023/3/6,TonyLeung,8
比亚迪清库存压力比较大,2023/3/5,hellokkzhu,14
实际是所有品牌车辆几乎每天都有事故发生,2023/3/5,TimeAndRiver,42
现在有的电车宣扬安全，燃烧发生后有几分钟逃生的时间,2023/3/5,content,6
其实可以思考一下上汽为什么不推广换电模式车型,2023/3/5,flybox,9
汽车之家大骂某博主泄露潮州特斯拉鉴定报告,2023/3/5,LucaToni,21
小鹏成全国政协委员了,2023/3/5,daotiande,4
辅助驾驶哪家强？,2023/3/4,iGeek,8
特斯拉为啥隔段时间就来一次刹车事件？,2023/3/3,mrunmatched,166
蔚来确实路线有问题,2023/3/5,kiky123,39
被鄙视的bz4x,2023/3/2,nisus,16
电车一个附加好处，非常值得肯定,2023/3/5,bigbuffalo,7
今年车企要血拼了吧,2023/3/5,mozat007,0
理想副驾大屏纯属产品经理自己意淫,2020/7/1,gangshen,30
比亚迪DMi优势是综合油耗低，但DMi模式高速并不比增程占优,2023/3/2,lemonbox,79
[合集] 车没问题，车主中少数群体有大问题,2023/3/5,nolonger,0
单踏板模式特别适合喜欢蛇形超车的同学,2023/3/5,huatu992,12
我撤销了家庭摇号申请,2023/3/5,arikchan,13
3月4日特斯拉又又又又又又失控撞了,2023/3/4,sirius0777,25
一锅端。。。。。。。。。。。。。。。。。。。。。。 (转载),2023/3/4,tsa300,19
smart 电车还挺好看,2023/2/28,KickUOff,46
李书福：国产新能源车镍和锂回收率超95%,2023/3/4,Mars102,10
现在电车太多控制电路板和软件控制了，也必然太容易失效,2023/3/5,goooooog,0
有电动的10人座的小客车吗？求 推荐,2023/3/4,sweetboy,6
chatGPT分析对于全家6口人来说，蔚来ES8和理想L9哪个好,2023/2/23,xingbake,14
Re: 秦ev300后面和侧面充电口,2023/3/5,原帖已删除,0
强行用电车跑高速，总时间是增长的，属于行为艺术,2023/2/3,bigbreast,74
海豹的内部做工用料，国产8万油车的水平,2023/3/4,sdlk,15
六座车七座车哪个好,2023/3/4,kiky123,8
蔚来还没掉队,2023/3/4,shunderen,5
2月新能源销量,2023/3/4,wyid,5
看来觉得蔚来换电路线有问题的很多啊,2023/3/5,shunderen,4
小鹏：给爹磕一个:),2023/3/3,yehorse,61
雾行引思 (转载),2023/3/5,zyzx77,0
德国2月:特斯拉7711 蔚来 13 比亚迪 7辆,2023/3/4,nisus,2
[合集] 我就奇了怪了，中国做事的风格就是要怀疑，尤其对方是国,2023/3/5,nolonger,0
[合集] 按照CRH11怀疑国产车的道理，美日的车一样要怀疑不能买,2023/3/5,nolonger,0
[合集] 特斯拉提供的数据要经过代码审查和复现验证,2023/3/5,nolonger,0
next2023被取消在GreenAuto版的发文权限,2023/3/5,deliver,0
[合集] 现有的新能源汽车就说歪门斜路,2023/3/5,nolonger,0
wangdass8被取消在GreenAuto版的发文权限,2023/3/5,deliver,0
GeneralMilk被取消在GreenAuto版的发文权限,2023/3/5,deliver,0
maka123被取消在GreenAuto版的发文权限,2023/3/5,deliver,0
蔚来创上市新低,2023/3/2,dahai2999,7
使用比亚迪刀片电池和电机的丰田bz3即将上市,2023/3/4,shunderen,0
小鹏的名字对高端产品线的负面影响已经开始显现,2022/11/10,lemonbox,101
比亚迪各大畅销车，现在还要等半年吗？,2023/3/4,soochowboy,2
[讨论]蔚来汽车上热搜了,2023/3/4,dataee,9
随着电池价格大减，密度增加,2023/3/3,shunderen,6
丰田验证码，配置奇低质感奇差，续航趴窝测试只有四折，笑死我,2023/3/3,liuluyu,3
娃就相中了副驾座椅可以放平这个功能,2023/3/4,eshaojing,15
上海青浦消保委：威马汽车或经营异常，建议消费者谨慎购买,2023/3/3,plumb,13
说老司机不会拼命踩油门的，不知道搜索功能吗,2023/3/4,CCXM,20
个人求购新能源车一辆，要求电池50度以上。,2023/3/4,bjcheng001,0
特斯拉要改用雷达了？,2023/2/15,wwwlb2002,27
特斯拉降价格促销量，然后一堆失控新闻，销量降，再降价格？,2023/3/4,sai123456,1
特斯拉潮州车主不服要求重新鉴定，保险已完成一名死者理赔,2023/3/2,LucaToni,101
现在买的电车，以后电池升级没配件了咋办？,2023/3/3,bom,17
简单粗暴 土鸡对中国电动车征40%关税,2023/3/4,fonair,2
北汽的销量怎么样,2023/3/3,wuhuadasha,37
更刹不住了,2023/3/4,Fangio,0
北京安装私人充电桩的最大阻力在于,2023/3/3,bjandi,7
蔚来新es6会定在35万以内吗？,2023/3/2,gaozhuang,12
蔚来其实有足够的战略纵深来维持生存,2023/3/2,ariddletome,37
观小鹏汽车的那个人脸识别有感,2023/3/4,dataee,0
[建议]自己的带充电桩的产权车位，租出去多少钱合适,2023/3/3,rysunrise,4
即便把电门当刹车，也是狂踩几下，不可能五秒踩死不懂，连抖脚,2023/3/2,Isoocavo,29
抱怨单踏板的都是自动挡车主，手挡车主都很适应,2023/3/4,virus27,2
TSL单踏板模式下松电门不踩刹车，百公里刹车距离多少？,2023/3/3,zheshimimi,10
与比亚迪斗智斗勇七个月后完败 (转载),2023/3/4,RoadPress,5
"特斯拉的问题不是油门当刹车,是违反常识",2023/3/3,h9527,7
丰田这个车能原地改电池吗？,2023/3/4,imchenghaibo,0
特斯拉事故问题为何不能合理客观分析认门诊一些人就无脑认定特,2023/3/3,next2023,3
理想北京祥云小镇店最新优惠,2023/3/2,ok868,11
乘联会二月新能源批发量,2023/3/3,TrinidadSeal,1
蔚来真良心,2023/3/2,bdjnl58,6
真想告特斯拉的话可参考当年美帝怎么搞丰田的,2022/11/19,District9,22
[新能源]IX3创新低了吧,2023/2/26,frazz,38
现在买海豚，还会遇到喷粉问题吗？,2023/3/3,maosi22,4
yuanhong268被取消在GreenAuto版的发文权限,2023/3/3,deliver,0
单踏板模式很像手动挡车大下坡挂一档.,2023/3/3,howfar,0
转让充电桩权益有什么风险吗？,2023/3/3,kingstone233,2
哪吒U、零跑C11、极狐T外形相似,2023/3/2,ntstar,3
真正在技术积累的企业能把自己的技术优势说清楚【转】,2023/3/3,nonmoon,20
求问：新能源汽车的验车费用是多少,2023/3/3,volman,2
单踏板模式，有极大的安全隐患！！,2023/3/2,mayi,24
6年3个月的北汽EV160还在开,2023/2/1,james6,17
新势力的问题是不接地气，20W左右缺少能打的车,2023/3/1,albatross08,24
[合集] 特斯拉再降价。,2023/3/3,oBigeyes,0
Johnnywu1被取消在GreenAuto版的发文权限,2023/3/3,deliver,0
电动车保持60km/h的速度匀速行驶需要多大功率？,2023/3/2,piyao,3
特斯拉踏板设计就是有缺陷,2023/3/2,xiadayu,10
日住友商事构建不依赖中国的稀土供应链,2023/3/3,nisus,0
感觉比亚迪瞒报销量了,2023/3/2,wuhuadasha,19
转让充电桩安装权益有啥风险吗？,2023/3/3,KEB,3
哪里搞二手充电桩靠谱？,2023/3/2,txq,2
纯电车主是否安装私桩，回帖盖个楼 看看比例,2023/3/3,HLWJSJ,9
没事刷事故视频，各种车踩死油门不松脚的,2023/3/3,zyzx77,5
各位家装充电桩，国网电费有优惠么？,2023/2/22,yuanshanqian,26
持续几分钟的油门当刹车的案例有多少？大家来统计统计,2023/3/2,azhao4161,4
不管怎么样，特斯拉带来的死人量和它销量不成正比,2023/3/3,zhangxy11,10
看了看零跑c01,2023/3/2,googlestyle,14
弱问，电车的动能回收在轮胎打滑的情况下会自动防抱死吗,2023/3/2,qqa,2
"增程这种落后技术,各家千万别用啊",2023/3/3,qwerjkl,5
踏板位置和踩没踩没关系，现在电路控制了,2023/3/3,Isoocavo,6
[原创][讨论]出租个人闲置小客车指标,2023/3/3,jiang963,8
ChatGPT 回复特斯拉刹车失灵,2023/3/2,HLWJSJ,15
关于电车刹车一事咨询,2023/3/1,ysheshang,89
特斯拉2,2023/3/2,dahai2999,18
现在800伏特的充电水平,2023/3/1,stoneyang,30
看了一眼电动皮卡，发现现在EV还是溢价太高。包括比亚迪。,2023/3/3,chocolate001,3
小鹏大概率回天乏术了,2023/2/21,googlestyle,154
特斯拉事故驾驶员苏醒：记不清车辆失控场景，得知妻子去世陷入,2023/3/3,twinstarking,0
北京解除重大突发公共卫生事件响应了么？,2023/3/1,JIMI781021,12
任何车辆都是出行的工具都应该对人的安全负责,2023/3/3,next2023,5
特斯拉my标续北京冬天能开250km吗？,2023/3/1,FutureCore,55
比亚迪唐EV电池更换,2022/11/22,taotaomm,11
Re: 看了汽车，重要的东西几乎全进口。。。咋搞得,2023/3/3,原帖已删除,0
电车的出路就是新势力+电桩厂超级大整合,2023/3/3,lcy362,1
预估 63 分，今年能上岸吗？,2023/3/2,arikchan,16
今年的个人指标又下降了。,2023/2/28,liuyunru,29
上几个特斯拉踩错踏板的视频,2023/3/3,GeneralMilk,3
Model 3/Model Y下阶段产品和价格计划,2021/1/22,Devide,182
有没有这种可能,2023/3/3,ysd,1
modelq多少钱？,2023/3/2,fluthrin,9
电车行业真正的关键是快充,2023/3/1,qinshimingyu,31
那个马丘比丘是有名的公知，居然有人不知道和他辩论,2023/3/3,peibch,1
好消息：去年的汽车置换补贴政策延续,2023/3/1,haove,11
[合集] 看了汽车，重要的东西几乎全进口。。。咋搞得,2023/3/3,oBigeyes,0
[合集] 去他的新能源旧能源，我改骑公路车上班了，来回42公里！,2023/3/3,oBigeyes,0
电动泥头车,2023/3/2,yc2011,4
关于版上有些人经常提到并拿来当论据的道路交通运输安全发展报,2023/3/3,WU1ooxzj,0
为什么BYD销量比上险量多很多？,2023/3/2,strongcat,24
其实最奇怪的是EDR数据居然是韩潮先生全网首发的,2023/3/3,LucaToni,2
我有一个梦想,2023/3/1,qzrk,13
日本在比亚迪公交大巴上检测出了致癌物质“六价铬”,2023/3/2,oRo,38
魏晓丽我看好蔚来,2023/3/1,googlestyle,31
蔚来最大的问题是什么？,2023/2/28,kdd,138
比亚迪要是想国内300w出口100w现在这样不行啊,2023/3/2,Icanread,3
怀疑油门当踏板正常，怀疑油门当踏板5秒以上估计没开过车,2023/3/2,hidenfly,4
看了看蔚来财报，是挺难看,2023/3/2,chelseaLL,0
特斯拉：下一代永磁电机将完全不使用稀土材料,2023/3/2,vvest,19
蔚来挺住！,2023/3/2,AD007,2
蔚来能实现从家自动去换电站换电，再开回来，就nb了,2023/3/1,spinage,9
潮州特斯拉鉴定结果已出，那些说老司机不可能踩住油门的黑子们,2023/3/1,skyfromheart,68
老马又发布什么豪言壮语？,2023/3/2,dahai2999,5
比亚迪销量一直跟上险量差额很大,2023/3/2,o0O0o,7
[合集] 潮州司机想学郑州女车主,2023/3/2,oBigeyes,0
bz4x降6w，感觉挺实惠,2023/2/28,ykai666,32
[合集] 特斯拉潮州事故鉴定结果已出,2023/3/2,nolonger,0
特斯拉发布会有啥劲爆消息?,2023/3/2,SHTower,14
全面改变看法，新势力机会很大,2023/2/28,qinshimingyu,46
比亚迪宋为什么要搞pro和plus两个系列,2023/1/31,wyid,10
看看理想销售朋友圈发的她的业绩,2023/3/1,aboveall,8
北京没有桩到底能不能买理想,2023/2/27,aboveall,61
理想什么时候弄个纯电的,2023/3/2,Jambalaya,4
zeekr从巅峰期的月销过万，到现在的月销5000,2023/3/1,AD007,27
国产车的迭代速度欧美已经跟不上了,2023/2/27,zhiliang,160
bZ4x被召回了,2023/3/1,yueningmeng,11
蔚来的问题是——卖都卖不掉，没人要的。,2023/3/1,silvereyes,11
蔚来第四季度营收160.6亿元 Non-GAAP净亏损50.7亿元,2023/3/2,lOOO,0
比亚迪理想怎么搞着搞着搞成油车了。。。,2023/3/1,MachuPicchu,16
哪位专家能说说“特斯拉说未来全面转向48v”是什么意思？,2023/3/2,dyatpk,11
mkleowsc被取消在GreenAuto版的发文权限,2023/3/2,deliver,0
蔚来上半年销量会很拉胯,2023/3/1,Onepunchman1,12
蔚来四季度卖了四万辆车还亏了60多亿,2023/3/2,fancysky,1
leyouyip被取消在GreenAuto版的发文权限,2023/3/2,deliver,0
touareg被取消在GreenAuto版的发文权限,2023/3/2,deliver,0
soochowboy被取消在GreenAuto版的发文权限,2023/3/2,deliver,0
mondystawsu被取消在GreenAuto版的发文权限,2023/3/2,deliver,0
马一龙是不是江郎才尽了？,2023/3/2,AD007,1
关于踏板行程记录数据求指教,2023/3/2,hokkaidoc,0
要实现全自动驾驶,2023/3/1,googlestyle,12
Tesla Investor Day 2023 要点一览,2023/3/2,LucaToni,14
特斯拉：下一代永磁电机将完全不使用稀土材料,2023/3/2,nisus,7
广汽埃安，2月销量30086辆，同比增长253%，环比增长195%,2023/3/1,yuanshanqian,36
有零跑车主吗,2023/2/9,james6,11
埃安这车牛啊,2023/3/1,leyouyip,16
领跑c01 15万起,2023/3/1,huankuib,6
看到一个2023年1月泰国纯电上牌量排名,2023/3/2,Dankeschon,8
丰田bz3下线了，预期19-22w,2023/3/2,Icanread,3
大伙车的底盘电池加装护板吗？,2023/3/1,NuscaleSMR,2
海豚充电桩安装完毕,2023/3/2,zelatan,0
特斯拉量产成本控制也找的中国人，天生适合代工,2023/3/2,MachuPicchu,4
感觉马斯克和王传福是一类人,2023/3/2,fancysky,3
北京市新能源置换补贴政策,2023/3/1,ltzh83365468,14
wdunwsj被取消在GreenAuto版的发文权限,2023/3/2,deliver,0
理想汽车巨亏超20亿！卖一辆车亏损1.5万,2023/3/1,xianrena,17
正坐在一辆无人驾驶测试车上,2023/3/2,wsnsw,0
比亚迪这个销量已经很恐怖了,2023/3/1,shunderen,9
新能源配套的设备如机床刀头啥的已经井喷了,2023/3/2,MachuPicchu,1
比亚迪新能源占有量都50%了，你们还纠结销量？,2023/3/2,peibch,1
LYRIQ,2023/3/2,nisus,2
比亚迪明年泰国，巴西产能开出，印尼菲律宾他们都在争取,2023/3/2,MachuPicchu,0
我年初预测比亚迪年销量250万，是不是太乐观了？,2023/3/1,soochowboy,8
理想跌下来一定要买点,2023/2/26,nickey,84
按照今年新能源900万辆的预测，比亚迪50%市占就是450万辆，出口,2023/3/2,MachuPicchu,0
新款p7带着诚意满满的科技和配置来了！,2023/3/1,AD007,19
小米汽车大家觉得有机会吗？,2023/2/27,ostar,72
特斯拉宣布了墨西哥新工厂,2023/3/2,TrinidadSeal,0
理想L7实车还挺好看,2023/3/1,rockgirl,7
