﻿主题,发帖时间,_ 作者,回复
华为首款鸿蒙车发布,2021/12/23,nisus,23
还是华为懂消费者,2021/12/23,chuanlang,0
华为在发布新车,2021/12/23,i6v1206,24
车企还是太弱势,2021/12/23,zthenry,0
爱头挺好看的,2021/12/23,stockjack,0
华为的车机确实厉害,2021/12/23,nonexist,10
新能源上牌,2021/12/23,sean818,3
为啥石油公司的股价没有下跌,2021/12/23,lixuan0305,5
铁锂混动是不是就比亚迪一家有?,2021/12/23,Elric,18
还有什么车接近电车的驾驶感受？,2021/12/23,thxgod525,3
请问特斯拉试驾必须预约吗？,2021/12/23,ddle,4
新手开车一年，没有任何违章，什么水平,2021/12/23,grampus,12
长城欧拉宣传8核芯片实际用4核芯片，能退一赔三吗？,2021/12/23,jack1234jack,2
关于新能源汽车报废的可怕数据,2021/12/23,soochowboy,14
提了辆库存车，大虾帮忙看看数据是否正常？？,2021/12/6,Gestapo622,72
特斯拉超充的使用成本和油车差不多吧？,2021/12/23,skyfromheart,5
奔驰说，EQS一个小时订单2万台,2021/12/23,he111,6
新能源充电时(快充)，可以在车里等着吗？玩车机。。,2021/12/14,locker06,14
理想应该推出可以按需装卸发动机的技术,2021/12/23,flyleon,2
无桩的新能源车市内开问题不大,2021/12/22,locker06,7
北京哪里有停车费便宜的慢充站？,2021/12/21,locker06,8
理想的被诟病的噪音是增程器开了才有？,2021/12/19,wsnsw,2
库存2年半的北汽EX3的电池会不会衰减得只剩一半电量啊？,2021/12/2,sshdragon,15
早上看到一辆极星2的试驾车,2021/12/23,ble,1
找一个帖子 (转载),2021/12/23,yyxc819,1
版上有一个车位装两个充电桩的么？,2021/12/23,AD007,7
想买id 4,2021/12/22,shuidaodao,17
冬天电耗25度每百公里,2021/12/22,kz6681,12
【深度试驾对比】小鹏p7 vs 特斯拉my vs 极狐αt vs 大众ID4X,2021/12/19,gokukun,60
极狐这车各种测试全都优秀的一骑绝尘，可是销量增速,2021/12/22,micromote,41
极狐的车机，人机对话,2021/12/22,census,12
id4的车机真的坑,2021/12/22,jxgw,23
续航1008公里，Aion LX Plus将于 1月6 日上市,2021/12/22,census,67
在天朝“导航辅助驾驶”（NOA）真没法用,2021/12/23,Krete,2
Re: 到现在我都认为极狐是个好车，但为什么最后没买它,2021/12/23,原帖已删除,47
都是人的问题,2021/12/23,DoubleH,1
大众电车电池租赁期限七年,2021/12/22,skyfromheart,19
[求助]难受啊，不给装新电表,2021/12/23,thxgod525,8
理想one是比较理想的车型了吧,2021/12/21,zhaozhao1982,39
快充对电池好，还是慢充对电池好？,2021/12/22,jxgw,9
Re: 《关于加强居住区电动汽车充电设施建设和管理的意见》,2021/12/23,原帖已删除,0
毛豆Y跟福克斯什么关系,2021/12/22,nightknight2,5
新车上牌,2021/12/23,kz6681,13
车版讨论金融,2021/12/23,hyeana,16
昨天陪朋友去看宋DMI，然后店里和我说海豚的展车都卖了！,2021/12/21,zyn90,27
一个简单的分析就能认清baas的欺骗性,2021/12/22,tedxyz,18
换车了（极狐T）,2021/12/21,aiyawoqu,81
[原创][电动]长安E-Rock 京加路 电耗还可以（12.22）,2021/12/22,zhuming717,3
原来cltc比nedc还水,2021/12/22,wuxiao,13
理想这图有意思,2021/12/22,AZTU,26
各位高知，讨论问题不能脱离实际啊,2021/12/23,LucaToni,1
一句话总结baas和买断的区别,2021/12/22,hondooo,15
据说国内现在有300家新能源车厂家,2021/12/22,breezing,5
智己汽车挺好看啊,2021/12/22,rockgirl,23
电车的电费差别还挺大，油就无太大差别,2021/12/22,locker06,15
家用电车0-100加速＜7秒没有任何意义,2021/12/21,AD007,39
奥迪发布增程式电动车RS Q e-tron征战2022达喀尔拉力赛,2021/12/22,qtpr,0
博里奇当选智利总统，增加中国新能源汽车行业不确定性,2021/12/22,CHH88Y,8
Re: 有没有像我掉电这末快的,2021/12/22,原帖已删除,6
什么车都来开发布会,2021/12/22,wsnsw,0
新手再问：充电桩必须车主名下吗？,2021/9/15,ztfly,7
有没有利用外放电功能接高压水泵给自己洗车的？,2021/12/22,oRo,25
请教IX3车主，目前天气北京能耗能到多少,2021/12/19,yinet,28
用电车整三年了,2021/12/22,drinksprite,17
问比亚迪汉车主个问题，这车后期保养花费大吗？,2021/12/21,zswheart,21
电动车最大的普及障碍可能是锂矿不足,2021/12/22,artech51,26
小康汽车的股价是北汽蓝谷的2倍,2021/12/22,sunlustre,19
迪庆们，,2021/12/22,DoubleH,1
iA5显示续航150却趴了，发不出来上图,2021/12/19,flyrabbit87,32
为什么总有人造谣特斯拉单踏板,2021/12/21,musclefans,40
为啥大众要八折卖展车？,2021/12/19,felixnbgg,15
ET5底盘高度是真低啊，怕是很多地库都进不去,2021/12/21,junopapaya,30
大众中国CEO曾怒批增程式 李想最新回应：感谢鞭策、继续努力,2021/12/22,jzh800,0
电车时代就是bbj的天下了吧,2021/12/22,erlin,6
特斯拉自动驾驶立功：女子在车上诞下婴儿,2021/12/21,xtfj,26
大家等红灯的时候是挂P档还是一直踩着刹车啊?,2021/12/21,kevinjoseph,141
国网充电桩涨价了,2021/12/21,dongnanfeng,20
飞线也挺方便的,2021/12/22,sunlustre,18
手机蓝牙近场自动解锁真香，隐藏把手还能自动弹出,2021/12/22,AD007,21
baas的月租和电池价格会降吗?,2021/12/22,qiangsir,10
id 4明年会出新款吗？,2021/12/20,Laurasia,21
怎么有车厂会阉割掉慢充？,2021/12/21,sunlustre,43
比亚迪的车怎么样？,2021/12/20,waitmap,68
2021年品牌单车均价【转载】,2021/12/22,trumpchi,4
朋友刚买的tesla刹车就硬,2021/12/22,bingovy,1
车主一怒炸掉自己的特斯拉 直播吸引20多万人观看,2021/12/21,Math2021,4
急问秦ev防冻液,2021/12/22,dawei78,1
799修车更新小记,2021/11/20,danmishell,5
哪些车能显示车内温度并且远程能看这个温度？,2021/12/21,oRo,12
Re: 今天差点撞毁了保时捷。,2021/12/22,原帖已删除,15
现在id6所有4s点优惠都一样？,2021/12/18,shuguohui,6
不做等等党了modely提车,2021/11/13,lecco,28
请教Tesla车主：官方充电桩还是第三方？,2021/12/21,houming,23
看起来特斯拉真的没买水军,2021/12/21,tedxyz,46
计划下周四把破电瓶车开到吉林北大湖滑雪场,2021/12/18,ttl,10
不要充电桩能省钱的电车有吗？,2021/12/21,nophy,6
发现安装充电桩是个很头疼的事情，油车省了这个麻烦,2021/12/20,wingofray,21
极星2遭6折甩卖：不到20万可提车,2021/12/21,zyn90,22
万新凹：问个价,2021/12/21,BICC,8
baas跟电池损耗有什么关系？,2021/12/21,tedxyz,5
[讨论]版上有新买小鹏G3i的小鹏友吗？,2021/12/21,wangcen123,4
极氪的机械素质到底指的是什么？,2021/12/21,nightknight2,5
油混不算新能源？,2021/12/21,DoubleH,0
2.5年了，延保上不上？,2021/12/21,haixian02,0
北京：积极推广“智能有序慢充为主、应急快充为辅”的居住区充,2021/12/21,yjs,2
芬兰特斯拉车主炸车,2021/12/21,nisus,12
2015年的北汽ev160，开了六年多了，还没换,2021/11/16,jueshihaowa,123
电量不足时，从车上伸出个机械手抓住前车，让他给我充电,2021/12/21,sunlustre,9
为啥特斯拉超充充电头电缆那么细，国电充电桩充电头电缆那么粗,2021/12/21,skyfromheart,2
回答李斌的疑问,2021/12/21,sidneykun,15
岚图到底怎么样？除了空间问题被诟病外，是不是别都的还可以？,2021/12/21,yoursdennis,5
唐dm使用一年报告,2021/12/18,zhfhq,34
贴个改色膜得多少钱？,2021/12/21,Apple4S,3
wangcity被取消在GreenAuto版的发文权限,2021/12/21,deliver,0
lihaile被取消在GreenAuto版的发文权限,2021/12/21,deliver,0
请教加装柴油驻车靠谱么,2021/12/21,irance,11
请问单踏板模式是不是就不能踩出ABS了？,2021/12/21,PeterCDMA,10
同事的电车上竟然有这东西 (转载),2021/12/20,nisus,39
国内厂家会把合资车厂玩脱了，哈哈。。电车手机化已经实现了,2021/12/20,wangcity,18
买蔚来头上长包,2021/12/20,qinshimingyu,32
说到电动车，大家都一定会加限制条件，别忘了汽车是用来干啥的,2021/12/20,plum2000,12
统计了近一年的蔚来换电的平均时间，给版友参考,2021/12/20,fsnow123,84
谁抄谁？现在电车设计师太好糊弄了,2021/12/20,keeliu67,21
et5和model3p怎么选？,2021/12/18,hijupiter,105
看了几个试驾贴，发现小鹏还有点东西的,2021/12/20,sodayou,15
超充和换电不应该只统计平均耗时,2021/12/21,Krete,22
十万左右的电车都板车悬挂,2021/12/20,citihome,10
现在收入都这么高了？,2021/12/20,socool,29
比亚迪的多媒体屏黑屏问题,2021/7/8,iamleo83,20
新能源车的底盘都高吗？,2021/12/20,gdff,4
油车敢上车就开空调,2021/12/18,dawei78,169
电车续航打五折亟待技术突破，少吹牛,2021/12/20,lordliu,36
bass这么明显的智商税为什么还有那么多人觉得是好事?,2021/12/19,zoraliao,24
感觉特斯拉还有很多技术储备,2021/12/18,tbbt2013,12
夏天电车开空调不要太爽，也就冬天北方开热空调费电,2021/12/20,zhangzhijie,9
eqs真好笑，推送的视频广告,2021/12/19,ZLLF,8
比亚迪4s店送的全车太阳膜是什么牌子的？能用吗,2021/12/21,locker06,0
换电没有宣传的快，不等待一般也要10分钟,2021/12/20,junopapaya,15
蔚来就是车身卖特斯拉的价，电池卖加油的价，拆开来卖,2021/12/20,hyeana,33
换电为什么要等充满呢,2021/12/20,xglchong,15
求推荐个隔热膜,2021/12/20,bfield,5
宝马535le,2021/12/17,LionKing1628,3
蔚来换电实际速度太慢了，这是车友的实际数据,2021/12/20,soboat,8
是不是通过“代客充电服务”就可以估算出换电的价值？,2021/12/20,census,6
换电!=baas,2021/12/20,DoubleH,6
北汽新能源售后太差了,2021/12/16,zhuangxiujhy,22
ID4车到店了，怎么验车呀,2021/12/20,jxgw,8
懂车帝冬测极狐阿尔法T视频评论区被封锁,2021/12/20,wangdass8,46
极氪001是吉林家的车？蔚来是江淮的车？,2021/12/20,qwt,4
请教大家现在ex3优惠多少钱？,2021/12/3,jinfeng618,10
电车还幻想取代油车，做梦吧,2021/12/20,zhaozhao1982,39
有人参加过陶琳说的“特斯拉车主需要教育”的那种官方教育吗？,2021/12/20,dyatpk,5
请问现在赤峰充电桩情况怎么样？,2021/9/24,ppllppll,25
自建充电设施的品牌有哪些？,2021/12/20,LucaToni,2
Et5的两个问题,2021/12/20,nightknight2,12
电车试驾后，归纳总结,2021/12/20,wangcity,9
理想的上门试驾不错,2021/12/20,qtpr,0
不懂就问，各车企设置首任车主权益，是为了什么？,2021/12/20,census,8
新势力的优势,2021/12/20,tbbt2013,5
Re: 如果把BaaS类比成按揭贷款，最像哪一种？本息/本金？,2021/12/20,原帖已删除,40
et5挺好，但是,2021/12/20,Heisenber,7
西铁营万达特来电充电冲到别人车上了,2021/12/18,Jumbowang,23
蔚来玩儿的是金融,2021/12/20,chelseaLL,13
特真的不买车评人不买水军吗,2021/12/18,tbbt2013,9
实际续航完全没法和燃油车比,2021/12/17,tbbt2013,23
以后电费会不会一直涨下去？,2021/12/18,songbing638,9
Re: 美国租新车付租金，两年后半价卖车，只有智商低的黑人爱干,2021/12/20,原帖已删除,2
懂车帝的冬季测试,2021/12/20,niu2,2
我现在也不想再买油车了,2021/12/20,zhangzhijie,3
租电池其实也可以对标油车就优势很大,2021/12/20,wsnsw,20
特斯拉品牌溢价还是太高了,2021/12/19,biubiu02,18
刷信用卡，要收千6的手续费，合理吗？,2021/12/20,jxgw,31
京承高速出京方向收费站抢行事故 (转载),2021/12/19,nisus,7
原来零跑就是那个给媒体车上假临牌的公司,2021/12/19,Svensson,9
为什么大众I’d6标的百公里电耗特别高耗，,2021/12/18,tcmzxp,24
话术,2021/12/20,tbbt2013,7
胎压对能耗的影响微乎其微,2021/12/18,senyu2,16
有单位给报销充电费么？,2021/12/19,zhangxy11,8
25万的ET5确实性价比无敌，但,2021/12/19,AD007,13
Et5能不能出单电机然后降个几万？,2021/12/18,nightknight2,17
刚安了充电桩电表，客服说电表电压是380v，合同容量18kva,2021/12/19,nbsettler,3
不是说新能源保值率低？,2021/12/20,shuguohui,2
路遇零跑C11，竟然会溜车。。,2021/12/20,piggybankk,2
当38万真香直降10万、同价位无敌全面升级时，有人说“溢价”,2021/12/19,zhouxxs,12
油车再开5年换电车,2021/12/20,hongtashan19,3
明年电车涨价可能性大不？销售说明年就没国家补贴了。另外想问,2021/12/19,deu66,4
突发，遇到小狐狸的一个问题。,2021/12/19,MacDull,5
为什么8年后换电模式的车比非换电模式的值钱？,2021/12/19,content,4
有个猜想国家可能统一管理电动车电价,2021/12/17,wangsibo,38
今晚8点东北四环北向南趴窝一辆比亚迪秦,2021/12/19,profo,3
et5顶上那三个鼓包看着真难受啊,2021/12/19,wuxiao,28
chaodide被取消在GreenAuto版的发文权限,2021/12/20,deliver,0
qoros被取消在GreenAuto版的发文权限,2021/12/20,deliver,0
上汽飞凡咋样,2021/12/19,xceman,8
蔚来开几年就换车适合baas，是基于什么考虑？,2021/12/20,guest007,1
es6标和model y长续航怎么选？,2021/12/19,evermore,12
奇瑞是不是完了,2021/12/18,tbbt2013,10
特斯拉的刹车确实需要改进！,2021/12/19,houming,31
吃瓜群众能不能别跟着别人节奏走，他们自已high不行么？,2021/12/19,hyeana,0
人防地库装电桩有说法吗,2021/12/19,smartvessel,8
冬天车里喝热水有什么好方案？,2021/12/17,icesoso,15
此地无银王垠把特斯拉打得满地找牙,2021/12/19,tbbt2013,8
关注极狐、极氪、et5,2021/12/19,ahmi,6
150度电池明年交付？,2021/12/19,zthenry,5
极狐阿尔法t试驾后排有风？,2021/12/18,lycheesang,32
以家庭摇号的家庭成员条件,2021/12/19,rahappy,8
特斯拉开一年后卖亏多少,2021/12/18,tbbt2013,9
特斯拉粉丝确实牛逼,2021/12/18,zhangxy11,80
实际浪费完全没法和燃油车比,2021/12/17,wangdass8,54
明年补贴退坡车价会涨吗？,2021/12/19,gsyx,4
l2级辅助驾驶系统实用吗,2021/12/17,wait08,31
特斯拉的续航优势没有了。,2021/12/17,hyeana,45
Eqs这定价疯了吧,2021/12/17,legacy,65
微博看的，极氪销售买了et5，就周末一乐,2021/12/19,tinani1,5
极狐卖不出去是有道理的,2021/12/18,imbjer,21
奔奔EV能卖多少钱？,2021/12/4,tobeworker,9
别说-20了，看看今天北京-7的能耗,2021/12/17,fantesy,270
为什么电动车一定要扭住续航这个牛鼻子不放松,2021/12/18,wangcity,6
Re: 看了电池数据，刀片的,2021/12/19,原帖已删除,9
我国电车一线厂有哪些？,2021/12/18,tbbt2013,10
特斯拉比江淮代工的这些互联网品牌强多了吧,2021/12/18,tbbt2013,16
比亚迪秦EV还是Id4,2021/12/17,ayayi,28
油车15万左右竞争是最激烈的吧？为啥电车直接拉高这麽多,2021/12/19,qwt,3
ET5出场了,2021/12/18,wsnsw,12
极星2 ，19w,2021/12/19,HLWJSJ,3
蔚来 轿跑NIO ET5，起售价32.8万元,2021/12/19,HLWJSJ,0
特斯拉定时充电设置有问题,2021/12/19,hyeana,0
美国《消费者报告》调查报告,2021/12/18,JEFW,2
重注押自动驾驶研发的天朝车企会吃大亏,2021/12/18,Krete,17
y标续现在看尿崩吗，有没有真实车主说说,2021/12/18,musclefans,27
桩已安好，枪线想3米换成5米的,2021/12/18,shichina,8
打算唯一油牌换电车！,2021/12/17,ormax,163
长期内循环有风险，二氧化碳中毒，小鹏P7,2021/12/18,jzh800,16
50-80万的高合汽车谁入手了,2021/12/18,privatetag,0
是贫穷限制了我的想象吗？奔驰EQS卖100多万,2021/12/17,zyn90,47
标续3上周能耗,2021/12/18,skylee,5
Model Y的冬测，大部分数据都比极狐好,2021/12/15,nonexist,76
1200km续航的梅-奔Vision EQXX即将亮相2022一月的CES,2021/12/18,census,3
安电桩，物业要求架空用桥架,2021/12/18,wuxiao,3
从能量守恒来看，冷天电池里的电去哪了？,2021/12/17,datou618,18
白色标续Model Y可本月提车，有意站内联系,2021/12/8,andyhua12345,7
极限续航大赛 电动车确实不行,2021/12/18,dawei78,4
打死也不买电车了,2021/12/17,zhaozhao1982,45
网传比亚迪12月14日闭门会议,2021/12/16,kaka2w,43
看了下动车帝的极狐T测试,2021/12/18,topking,2
昨晚四海桥辅路一辆威马在最里道打双闪,2021/12/18,unixfan,0
11月纯电动车上险量，极狐αS是362，αT是302,2021/12/17,census,25
众狐法们，能不能给北汽带个话,2021/12/17,topking,21
【感慨好文。李一男：起起伏伏的人生，不是我愿意的】,2021/12/18,chaodide,4
到咸鱼一搜ID,2021/12/18,tedxyz,0
相对于model y model 3是不价格贵了啊？,2021/12/18,tubility,3
三元锂会不会不如铁锂好开？,2021/12/18,tbbt2013,6
汉城航展上推出的双座电动教练机，塞满电池,2021/12/18,marion,0
问个关于电池的问题,2021/12/18,l19,12
Re: 新能源车解决冬天电池致命问题，再来谈其他优点,2021/12/18,原帖已删除,3
保险,2021/12/18,tbbt2013,0
保险比较,2021/12/17,newhaitian,4
几何 和 极狐 所遭受的市场反应很像,2021/12/16,jaz2,67
山东为啥不产家用车？,2021/12/18,tbbt2013,0
买车一定要相信国标,2021/12/17,test321,16
特斯拉最慢的车型比eqs加速能力如何,2021/12/18,tbbt2013,9
电池成本占整车成本大概多少,2021/12/18,newmoon,0
是不是老司机又误踩了,2021/12/17,JEFW,7
帝都电车主有私桩的比例多少？50%？,2021/12/18,plum2000,3
今天理想销售小姐姐很漂亮,2021/12/14,wsnsw,34
充电站来看目前开迈斯是最好的站了,2021/12/17,srang,29
电车在冬天比油车舒服多了,2021/12/17,dolphinlang,23
小鹏是不是要挂了，连续巨额亏损,2021/12/13,tbbt2013,16
这个分析靠谱吗？,2021/12/18,JEFW,2
【讨论，电动车续航如果普及700公里，蔚来换电站就成垃圾了吧】,2021/12/17,chaodide,24
寒冷果然还是电车的大敌啊,2021/12/15,dogmanstar,65
有地库有私桩冬天根本不算事,2021/12/17,LittleGrava,32
有没有发现，今年自然事件突然少了,2021/12/17,guest007,3
今天model y铁锂能耗快到20了,2021/12/17,hyeana,3
[讨论]懂车帝续航表现直接看表吧，我传图了,2021/12/16,zyn90,35
比亚迪海豹的一些信息,2021/12/17,chuanlang,24
看来-20只有董明珠的钛酸锂才行啊,2021/12/17,hitero,5
这次冬测，一些缺点挺有意思的,2021/12/15,census,39
充电出问题了,2021/12/17,Jumbowang,0
寒冷是电车的大敌，那油车不害怕么？,2021/12/17,zhuming717,68
可升降的屏，有什么好处呢？,2021/12/17,census,3
刚才在路上开着突发奇想切换成了外循环,2021/12/16,wangdass8,97
Lotus武汉工厂已经完工，预计2022年底量产,2021/12/17,census,3
用了下极氪的app，立刻拔草了,2021/11/1,txq,13
珠三角是不是很适合买电车？,2021/12/17,GABA,10
锂电池不断涨价，新能源车很难普及了,2021/12/17,tbbt2013,5
"国家重点研发计划""十四五-新能源汽车""重点专项第一批项目公示",2021/12/17,FHWYSH,7
新出行的冬测结果公布,2021/12/17,tinani1,104
新出行测试，model y到底跑到零了没有？,2021/12/17,dolphinlang,24
电车中的S级来了,2021/12/17,he111,2
懂车帝测试说明：电车冬季在零下20度以下，电耗超过30是正常现,2021/12/17,Engelberger,12
E5空调耗电情况,2021/12/17,SwimingPig,0
原来这次海豚的沈阳测试还专门准备了ID.3做对比测试,2021/12/11,chuanlang,23
提了理想one,2021/12/15,superpuma,27
新出行的冬季测试中铁锂版的特斯拉y表现并不差,2021/12/17,zhouxxs,30
现在改排新能源汽车还合适么？,2021/12/17,rahappy,1
Huifeideyu86被取消在GreenAuto版的发文权限,2021/12/17,deliver,0
几款新的增程车，有的可能很快上市,2021/12/17,Krete,4
汽油质量还是有差别啊。感觉得出来，电车这点好，电都一样的。,2021/12/17,wangcity,10
有几个问题请教下各位大佬,2021/12/17,jiaoxm01,4
反对比亚迪海洋系列外观长的像特斯拉,2021/12/17,hyeana,0
好奇东北冬天零下三十多度的时候，续航打几折？,2021/12/17,Engelberger,16
电车4S店应该要免费送羽绒服或军大衣,2021/12/17,xxspt,0
蔚来打造超充站也很积极,2021/12/16,qoros,44
有去看过高合的吗？,2021/12/16,wsnsw,17
不测EQC和iX3,2021/12/16,keler,20
既然理想卖的这么好。。。,2021/12/17,bom,8
试驾，高合HiPhi,2021/12/17,wangcity,6
[充电][新能源]请问下，自家的店铺能安装充电桩吗,2021/12/17,thxgod525,2
说句不好听的，油车冬季高速从来都是暖风+外循环，几乎不影响续,2021/12/17,Engelberger,21
从昨天和今天零下5度 就知道电动车的冬天到了。。。,2021/12/17,bustrain,0
这新闻黑新能源黑的高级,2021/12/17,Jimmy3770,3
特斯拉自动变道出过事故吗,2021/12/15,dawei78,10
应该把空调设计成可拆卸的,2021/12/17,dadadedada,0
比亚迪将发布起价50万的高端品牌,2021/12/16,niuhuahua,28
毛豆3后排也可以放到躺平  睡（）觉？,2021/12/17,xiti,0
市区道路AP用起来很吓人啊,2021/12/15,skyfromheart,15
七点经过一辆蔚来在无人运行,2021/12/17,wsnsw,4
触发aeb时刹车踩不动,2021/12/16,cococap,24
Re: 比亚迪的电池，整车质保期内67%电量也是合格的,2021/12/17,原帖已删除,22
渣淮能卖多少钱？,2021/12/15,wangfugege1,15
开了2个月吐槽一下宋plus ev,2021/12/16,niuhuahua,12
关于懂车帝冬季续航的几个猫腻,2021/12/16,guanshuit,10
特斯拉倒车为何没有360全景影像？,2021/12/14,yehorse,23
[求助]在农村安装充电桩,2021/12/14,bowlegs,17
Re: 近期有打算买ID6C的吗？,2021/12/17,原帖已删除,1
单踏板导致以后不能再用这种操作了,2021/12/15,keler,26
问下板油们哪个品牌的充电桩好用,2021/12/16,s200602152,3
北京到内蒙高速线路打通了,2021/12/16,zthenry,19
转车托之家，上海早高峰一欧拉好猫车子失灵，车主称方向盘被锁,2021/12/16,zyn90,10
比亚迪磷酸铁锂衰减,2021/12/16,dawei78,4
懂车帝冬季续航出来后 版上各方表现,2021/12/16,VVVVVictor,35
大众ID4年底有什么优惠吗,2021/12/10,Edward1990,6
车扎胎了，拆下来发现还有隔音棉,2021/12/16,A07,11
指标刚过期，怎么办？,2021/12/7,rbear,25
【转】断开前电机、最大增加续航145公里：麦格纳将发布全新电动,2021/12/16,cropcircle,18
nkwfisher被取消在GreenAuto版的发文权限,2021/12/16,deliver,0
作为特斯拉现车主以及比亚迪潜在车主，说一下感受,2021/12/15,sundayhx,87
可以设置一个道路繁忙指数超过就呼唤驾驶员,2021/12/16,wsnsw,0
特斯拉倒车影像,2021/12/15,musclefans,26
比亚迪海豚空调,2021/12/15,dogmanstar,17
特斯拉，2021.12.5，重庆,2021/12/14,ylh1969,103
被电车的空调逻辑震惊了,2021/12/16,feelsgood,18
蔚来EC6还是特斯拉3？,2021/12/15,hanaclover,21
Re: 想买个北汽ec5库存车，据说19年下半年出厂的,2021/12/16,原帖已删除,19
懂车帝冬季测试蔚来充值最明显吧,2021/12/16,junopapaya,23
看了理想，想买理想了,2021/12/14,wsnsw,72
冬季测试最大赢家,2021/12/16,DoubleH,0
Re: 懂车帝冬季测试数据来了,2021/12/16,原帖已删除,90
懂车帝冬测数据汇总,2021/12/15,nonexist,32
穿大衣的冬季续航才准吧,2021/12/16,nolonger,2
想就几何c质量问题将厂家和经销商诉至法院,2021/12/15,qbyang2009,16
别的不知道，但是作为汉ev四驱车主，懂车帝测得很准,2021/12/16,wuxiao,10
2022年，会有哪些新车出来 大神们,2021/12/16,HLWJSJ,13
特斯拉可以不在店里买保险吗？,2021/12/15,icecat,3
奥迪e-tron GT国内什么时候上市？,2021/12/16,djkstra,0
id6C 600公里说说感受,2021/12/9,Mfunction,17
汉ev和赛力斯华为智选sf5买车记,2021/12/15,woshiydp,15
我就不信，60小短腿能比93度大电池强，再说正面碰撞也是完败啊,2021/12/16,hernij,5
单踏板的隐患,2021/12/15,LeonTang,17
就理想这烂底盘竟然有人说还行？,2021/12/8,semilog,123
今日寨都事故,2021/12/15,djkstra,8
懂车帝冬季实测，海豚脱颖而出,2021/12/15,googlestyle,20
特斯拉的高端型号拼不过国产,2021/12/15,he111,32
[原创][电动]长安E-Rock 京加路上下行电耗比较（温度很重要）,2021/12/15,zhuming717,21
打算买理想了,2021/12/15,LionKing1628,4
丰田15款全新电动车正式发布 涵盖轿车、SUV、皮卡、超跑,2021/12/14,xiaoou8848,10
目前30万电动车，极氪应该是首选？,2021/12/14,herofeng2000,18
有没有人关注奥迪q5etron的,2021/12/15,LeonTang,11
牛逼，懂车帝在呼伦比尔搞了个41款新能源车冬季全面测试,2021/12/15,junopapaya,87
懂车帝冬季测试结果还没公布呢,2021/12/15,qiangsir,6
丰田系，一口气发布15款电动汽车,2021/12/15,census,5
崇礼现在的国网桩速度相当快呀,2021/12/14,ttl,5
15万以内磷酸铁锂电池的车都有哪些,2021/12/15,wh0068,8
我发现说特斯拉技术领先的都说些虚头巴脑的。,2021/12/15,ICanFlying,23
M3降价实锤了吗？,2021/12/15,erl2,3
直驱的效率优势油多大，看懂这张图就可以了 (转载),2021/12/15,Krete,4
老外没见过市面，要是美国股民看到国内这么多电车，特斯拉雪崩,2021/12/14,wangcity,145
新能源车低速行驶特别费电，这点是不是可以想法避免,2021/12/15,icesoso,9
朋克猫不错好看,2021/12/15,zyn90,0
唐dmi有啥毛病么,2021/11/15,DreamDreams,36
单踏板在需要长刹车的场景下偶尔需要两个逻辑，这是小白司机最,2021/12/15,keler,2
shenhuxi01被取消在GreenAuto版的发文权限,2021/12/15,deliver,0
feixuan85被取消在GreenAuto版的发文权限,2021/12/15,deliver,0
比亚迪10月80000辆,2021/11/3,i6v1206,145
让时间证明极狐拿的这奖有没有意义,2021/12/11,wangdass8,92
电动车自燃爆炸走三者的话，下一年保费要涨多少呀,2021/12/15,jjxmm,8
特斯拉不看重工业设计和用户体验？,2021/12/15,wanllow,12
Re: 紧急求救，谁有今年特斯拉全球销量数据,2021/12/15,原帖已删除,12
广汽丰田IA5出险，保险公司一直要事故调查,2021/12/15,fochi,6
为什么特斯拉优势不再明显！12大点分析。,2021/12/13,wangcity,39
试驾极氪,2021/12/14,hsv,50
Re: 20万出头的价位，ID4，汉，埃安V选哪款呢,2021/12/15,原帖已删除,26
一张人脸价值两毛钱,2021/12/15,socool,4
特斯拉Model 3发生重大事故致7人重伤，欧洲最大出租车平台暂停,2021/12/15,xxxss,12
Re: 十年前马斯克被问到比亚迪，数次哈哈大笑,2021/12/15,原帖已删除,37
电磁炉微波炉发明很多年了，也没能淘汰燃气灶,2021/12/12,bjlccl,45
16年的比亚迪秦300是不是该更新换代了？,2021/12/13,hfxtfxj,22
大家多久换轮胎？,2021/12/14,Laurasia,6
极狐阿尔法T和极氪001选哪个,2021/12/13,lycheesang,57
都说开电动车比燃油车省钱，到底能省多少？,2021/12/13,chouachou,53
牛创的自由家来了,2021/12/15,tclj9,0
汇报下三年多的秦ev450 二手出手的情况,2021/12/14,lietolee,16
电机汽车电动车的牌子,2021/12/11,privatetag,13
寨都早晨车祸 (转载),2021/12/15,nisus,0
版上有零跑车主吗,2021/12/15,james6,1
停车挂n档,2021/12/15,DoubleH,4
牛创今天会发布新车吗,2021/12/15,tclj9,0
特斯拉依然是技术最领先的电动汽车吗？,2021/12/13,wanllow,58
中石化这类央企为什么不涉足电池？,2021/12/14,gjq,10
o0O0o被取消在GreenAuto版的发文权限,2021/12/15,deliver,0
法拉第看起来希望有点渺茫,2021/12/15,tcwyzhf,2
元plus ev 价格啥时候出,2021/12/11,erl2,12
今天早上北五环入口处停着一辆 打双闪的EX3,2021/12/13,unixfan,4
【来了，来了，小鹏汽车违法采集43万张人脸照片被罚。】,2021/12/14,chaodide,17
刚才和极狐销售聊天，说11月销量已经超1400了,2021/12/13,census,93
都说电车不保值，那是不是买二手次新电车最划算？,2021/2/18,speeper,22
车机到底是个啥？,2021/12/14,wangmao775,19
来认领了,2021/12/14,dsf008,0
新能源堵车路段频繁启停，是不是也更费电？,2021/12/14,locker06,4
