﻿主题,发帖时间,_ 作者,回复
懂车帝有个新能源冬测,2021/12/14,hellodx,0
[求助]本周提毛豆3，求建议,2021/12/14,tc21359746,13
Re: 出一台广州上牌闲置半年没开过的全新es8七座签名版,2021/12/14,原帖已删除,6
请教星星充电哪些场站是地库？谢谢,2021/12/13,firstmj,1
ev160在路边停了三年,2021/12/14,biubiu02,4
标Y铁锂北京今天能耗,2021/12/14,hyeana,1
et5会卖多少钱？,2021/12/14,lecco,8
周末试驾极氪001，零跑C11，谈感受。,2021/12/13,wangcity,31
恒大汽车把腾势和极狐这俩电动车收了怎么样？,2021/12/14,OkBaby,6
刹车失灵！！！,2021/12/14,vta,6
请教一下版友，磷酸铁锂的特斯拉现在冬季续航下降厉害吗,2021/12/14,xcla,19
特斯拉5月开始建国内数据中心，为啥到现在还封禁？,2021/12/12,sunlustre,31
各位，看看特斯拉是不是大跌了，差不多5%，哇哈哈哈,2021/12/14,wangcity,5
比亚迪汉EV选购过程简记,2021/12/14,cyzhang999,15
特斯拉在美国卖的好,2021/12/14,DoubleH,10
为啥dmi会比纯电便宜？,2021/12/13,bom,15
大家都打算几年换车？开到报废有可能吗？,2021/12/14,chouachou,6
特斯拉如果出个两厢车,2021/12/12,shunderen,14
华为新出的那个SF5怎么样,2021/12/13,arouz,9
前三季度各公司插电和纯电全球销量top5,2021/12/14,ia,4
在美国，买特斯拉model Y或3的钱，可以买到什么车？,2021/12/14,census,22
贸易战最激烈时，通用和特斯拉国内工厂被放在报复政策储备名单,2021/12/14,junopapaya,20
早零下3晚零上3，今天逼近6折  极狐aT,2021/12/13,wangdass8,51
版友们，摩卡phev有了解的吗？,2021/12/14,gylwj,3
15万国产车堆料能赶上25万的特斯拉吗,2021/12/10,dawei78,131
Dmi限行吗？,2021/1/15,daw,7
为什么公众号都在说极狐的车机？,2021/12/14,wefifa2011,14
宋plus dmi提车,2021/10/27,chenquan205,25
二手占号车买哪个好呢？,2021/12/13,tobeworker,2
DMI宋的电池底盘低么,2021/3/30,GMCEXT,1
[原创][电动]长安E-Rock 最新电耗（2021.12.13）四折了！,2021/12/13,zhuming717,41
中国保险行业协会发布《新能源汽车商业保险专属条款（试行）》,2021/12/14,Zenkie,1
车有预约充电功能，充电桩不支持，这种情况可以预约充电么,2021/12/13,zhangaiyu09,4
增程式跑高速是不是油耗远高于插混？,2021/12/14,wsnsw,3
特斯拉市值超过全球其他所有车企之和,2021/12/13,tbbt2013,18
Re: 从什么时候起，表达对一款产品的好感也是“罪”了？,2021/12/14,原帖已删除,35
贵妇开车,2021/12/14,DoubleH,2
Re: 从北京到济南，model3充电怎么安排比较合理？,2021/12/14,原帖已删除,19
dynasty1215被取消在GreenAuto版的发文权限,2021/12/14,deliver,0
【理想在极限亏电情况下，0-100加速居然20秒】,2021/12/13,chaodide,11
刚看了极狐αT最大感触就是乱七八糟,2021/12/13,wsnsw,25
预算15-20之间求推荐,2021/12/12,nwf5d,6
北汽成为戴姆勒第一大股东 反超吉利最大股东易主,2021/12/14,zowave,1
Re: 电车动能回收时刹车灯不亮会有危险么？,2021/12/14,原帖已删除,8
新能源补贴赶紧取消吧,2021/12/5,sunlustre,16
订了几何C 16.28万那个次顶配，优惠了3.5万。,2021/5/30,xp512,27
ix3能入手吗？,2021/12/2,Dayee,39
试驾了特斯拉m3的感受,2021/12/12,shunderen,55
4680电池哪辈子才可以量产啊？,2021/12/13,census,27
电动车相对于油车，就好比电单车相对于摩托,2021/12/13,test321,2
怎么样才能延缓别人买电车的步伐？,2021/12/13,sunlustre,11
国产新能源有个任重而道远的任务,2021/12/13,huankuib,9
DiZhuo被取消在GreenAuto版的发文权限,2021/12/13,deliver,0
shunderen被取消在GreenAuto版的发文权限,2021/12/13,deliver,0
我又想到了一个极狐营销题材,2021/12/12,topking,24
15万左右的电车，哪家的最环保？,2021/12/13,bluepoint,6
加速5s以内的车有没有清单,2021/12/10,xiti,34
Euro NCAP --- 雷诺 ZoE 欧洲碰撞测试 0 星 (转载),2021/12/13,tsa300,3
前几天开始打六折了,2021/12/13,maxplux,5
Re: 今天车外壳的缝里，居然别塞了写了福的粉红小袋子,2021/12/13,原帖已删除,3
蔚来ES6一年多2万5千公里使用报告：电车中的京东,2021/12/12,yxsyr,24
大众id 优惠3-6W,2021/11/27,HLWJSJ,68
Re: 谨慎，看我这ex3电池数据,2021/12/13,原帖已删除,0
官网显示指标失效…,2021/12/13,urlaub,7
Re: 多车转移，有同学办过吗,2021/12/13,原帖已删除,11
11月份部分品牌销量明细,2021/12/13,antzzz,1
Re: 换了个库存EX3，加了个保险费+验车费+少量手续费。。北汽的,2021/12/13,原帖已删除,8
宋pro dmi价格出来咯,2021/11/30,zjheric,20
特斯拉modelY排队好久了,2021/12/13,nather,18
"比亚迪要是出个混动房车底盘,应该是王炸吧",2021/12/10,Elric,52
byd续保保费好贵啊，md,2021/12/12,jackwang,15
高合 e-hs9 极狐销量发帖对比看高知社区,2021/12/12,nophy,9
从给普通工人开的工资来看，比亚迪还真干不过宁德时代,2021/12/12,dygood198816,10
15万公里前要不要检测一把电池？,2021/12/13,lhg1983,3
19年欧拉黑猫车主真实用车感受，这车减震不行，后排颠簸,2021/12/13,zyn90,7
大家知道aion s plus优惠力度怎么样吗？,2021/12/13,gsyx,6
这几天model Y提车很快啊，不到一周,2021/12/13,bfield,3
请教低速行驶的时候车身抖动明显是咋回事？,2021/12/13,bigmealie,1
北京可以无脑入tesla吧,2021/11/28,tbbt2013,75
比亚迪冬天续航三折能做到吗,2021/12/12,grampus,23
Re: 北汽ex3开两天，报告一下,2021/12/13,原帖已删除,7
这个对比测试有点意思,2021/12/12,kaka2w,3
理想20款免费换刹车片,2021/12/13,AZTU,0
奥运专用道，电车能走吗？,2021/12/12,chouachou,10
高合交付创新高 763台,2021/12/12,googlestyle,12
同样的死忠粉，国产粉就是无脑粉，特粉就是高端人士表达喜爱,2021/12/13,zhangxy11,2
大家说续航都是按nedc标准吗,2021/12/12,gokukun,18
【在造车这件事上，华为真的不如小米，战略上已经败了。】,2021/12/9,chaodide,99
请教，蓝牌电车置换必须先变成绿牌吗？,2021/12/9,tthappy,28
充电枪没拔,2021/12/11,s200602152,17
慕名看了一下极狐实车,2021/12/11,topking,50
Re: 特斯拉是宗教吗,2021/12/13,原帖已删除,9
感觉id3价格快摒不住了,2021/12/12,dogmanstar,6
特蔚小理的车主们，还能接受得了同价位段的BBA不,2021/12/12,piggybankk,6
这玩意当服务区充电桩储能系统简直完美呀,2021/12/12,CC2CC,0
分享一个id4x电耗,2021/12/10,gokukun,31
百思不得其解,2021/12/8,yw15,110
客观说狐狸比埃安强，这点没疑问吧,2021/12/11,MacDull,16
NIO day 2021这个月18号，据说ES7/9要发布了,2021/12/12,playmobil,25
小牛也要造车了,2021/12/9,census,12
Model y电池还是三元里电池？,2021/12/11,bfield,14
同求大神看库存车电池数据,2021/12/12,Ebla,3
今天静态感受几辆车,2021/12/12,alou,5
理想友商的骚操作 (转载),2021/12/12,qtpr,3
id4c能给华为手机无线充电吗,2021/12/11,zzxxccvv,6
蓝港、朝阳大悦城，哪个能看的车多啊？,2021/12/10,census,15
电车前五名,2021/12/11,qinshimingyu,27
有了解英菲尼迪qx60的吗？,2021/12/9,aqaqw,2
目前车内声控功能哪家强？,2021/12/11,wsnsw,32
懂的人来看看极氪底盘怎么样,2021/11/4,cosun,72
中国的电动车,2021/12/12,Math2021,0
做个调查，家庭只有一辆油车的已经或者愿意换纯电动的有吗,2021/12/10,lshu,30
退坡车企都给补吗,2021/12/11,tbbt2013,6
请教毛豆新车大家都买哪些保险啊,2021/12/11,bfield,3
油车换购第二辆纯电车，候选车辆名单增加ing~~ 欢迎讨论,2021/12/10,CMaverick,13
极狐阿尔法T近一年销量走势图,2021/12/8,antzzz,64
Re: 太卷了，开始拼芯片了。吉利要量产7nm车规SOC,2021/12/12,原帖已删除,10
小鹏P7 5000km用车感受,2021/12/10,yzt356,33
标准制定者一定是脑抽了，要求新能源车低速人为发出噪音,2021/12/10,sunlustre,13
现在都是以交期来判定车子是否牛掰,2021/12/11,AD007,4
一般保质期内修车超过五天，会要交通补偿吗,2021/12/11,test321,1
求购一个充电桩指标,2021/12/11,ppstay,4
Re: 新提北汽ex3,2021/12/11,原帖已删除,28
现在就等苹果的车了,2021/12/10,spritesw,14
请问：哪个品牌慢充桩满了可以继续充？,2021/12/10,nowait,8
我预测华为的车会在苹果的车出来之后两年才问世,2021/12/10,urock,6
求推荐大致对标蔚来功能参数的车准备去看,2021/12/10,wsnsw,94
极狐是怎么做到连续几年月销几百辆既不停产也不降价的？,2021/12/11,sunlustre,23
各大新老势力谁在解决低温环境下的用车体验,2021/12/11,zthenry,6
岚图到底怎么样,2021/12/10,tigehao,2
之前下订单的，特斯拉良心啊把退坡的钱给降了,2021/12/10,Kmark,14
特斯拉神器TeslaMate一键安装，来了!,2021/12/8,jijiegg,13
颜值比拼：特斯拉 VS 比亚迪,2021/12/9,iGeek,52
埃安不是虚标王，广汽埃安s plus夏季续航515公里，续航兑现率85,2021/12/10,zyn90,15
五菱宏光miniev敞篷版,2021/12/10,dogmanstar,15
长城欧拉好猫换芯问题，追加1万块的充电费， 车辆终身质保,2021/12/9,zyn90,37
比亚迪出来的都是爆款啊，海豚都销量第六了。,2021/12/9,wazgwsmj,69
电车保值率新观察,2021/12/10,amo9n,8
好像没听过别的车尿崩,2021/12/11,yaqli,1
王垠测的汉ev,2021/12/10,mtaoraki,6
比亚迪汉后备箱关不上是故障么？,2021/12/11,valah,0
大家注意特斯拉的车身是一体成型压的，铝制，不好修！做不了一,2021/12/7,wangcity,29
跑了一段顺风车，总结分享一下,2021/12/9,chouachou,38
现在看2017年新能源销量，似梦似幻,2021/12/10,piggybankk,9
电动车到底应该怎么充电？快？慢？,2021/12/9,locker06,61
model y后驱估计就换了个电机,2021/11/13,hyeana,9
北京有那种投币式插座的停车场吗？ (转载),2021/12/10,taotaiji,3
小鹏？真事假事,2021/12/7,glf,25
电动飞机(飞行器）才是未来主流吧~~~,2021/12/10,breezing,13
Re: 高性能刹车盘都会啸叫异响吗，看好几个极氪评测都说响,2021/12/10,原帖已删除,6
论驾驶体验，毛豆3和s的差别跟百万和20万油车差别,2021/12/10,bfield,3
路透社：马斯克考虑辞职，当CEO不如当意见领袖,2021/12/10,nisus,2
单踏板派和备刹车派的矛盾,2021/12/8,hyeana,96
零跑C11和小鹏P5选哪个？,2021/12/5,wubikuaile,27
电动车主要部件纳入退换范围，新三包政策明年1月起实施！,2021/12/10,liuluyu,1
11月新能源车销量排行,2021/12/10,xfqewfy,0
共享电桩一个多月,2021/12/7,chouachou,99
车牌借给朋友在用，我1月份提车，但他5月份指标才能下来,2021/12/10,xiaoheihei,8
还是给老婆订了model3,2021/12/7,nbsettler,18
特斯拉中国11月份销量再破5万辆,2021/12/8,adam0459,16
看了下ID3，这车卖得出去？,2021/12/9,topking,32
下班路上看到一辆活的ID3,2021/12/9,loli,6
id4新车保险多少钱？7000？,2021/12/9,jxgw,25
20万左右电车求推荐,2021/12/9,happinessfor,52
不懂就问，全球高端纯电扛把子是奥迪etron么？,2021/12/9,zhangxy11,12
有理想车主收到noa升级了吗？效果怎样,2021/12/10,yzjjhk,1
特斯拉为什么要强制单踏板,2021/12/8,jiuo,93
看到一个蓝牌进口特斯拉是什么鬼,2021/12/9,xiti,14
铝电池？印度人的研发靠谱过吗？,2021/12/9,txgx,11
一汽大众的大客户名单有点奇葩,2021/12/9,jxgw,9
11月最终排名，蔚来小鹏普涨，大众微跌，比亚迪霸榜,2021/12/9,wazgwsmj,6
有没有买model 3不买y的？,2021/12/4,bigbreast,34
机械车位充电降下来时把充电线压了一下,2021/12/5,zhaomy,7
Re: Evos怎么样？,2021/12/9,原帖已删除,0
小鹏销售编成岚图的了,2021/12/9,dadou,1
好猫11月卖了8000多辆,2021/12/8,dogmanstar,20
版上众筹把蓝谷麦格纳买下来如何？,2021/12/9,sunlustre,8
试驾了一下理想one,2021/12/8,wrsea,36
欧拉闪电猫,2021/12/5,dogmanstar,11
"充电请慎用""快电""APP，并注意核对缴费单价和标价是否一致",2021/12/8,last2,8
指标延期问题,2021/9/14,qiuyuhongx,14
Y，640续航通知办贷款,2021/12/9,shy2137,5
有人移过桩吗？,2021/12/8,zai,28
宝马iX3电池质量问题严重 中国汽车质量网发布消费提示,2021/12/9,aiyawoqu,3
【真土豪车来了，奔驰EQS续航784km，12月17日上市】,2021/12/7,chaodide,85
理想申报,2021/12/9,AZTU,0
小鹏回应是管理失误，没说清楚政策,2021/12/8,tsa300,20
为什么二手电车没人买卖？,2021/12/9,dahai2999,6
【新款理想电池容量降低，纯电续航都快不如唐DMP了。】,2021/12/9,chaodide,3
蔚来EP9五年前就有了？,2021/12/8,wsnsw,5
请问买特斯拉的新车保险和充电桩可以自己在外面买吗？,2021/12/9,nbsettler,1
单踏板就是有autohold的油车开上坡路,2021/12/8,hyeana,36
多久打一次蜡,2021/12/5,KK32073307,18
tmsmyy1被取消在GreenAuto版的发文权限,2021/12/9,deliver,0
秦plusEV600上午的大雨天窗漏水了！,2021/9/4,oRo,51
12月6日，马斯克自剪发型，接受《华尔街日报》CEO峰会访谈,2021/12/9,CC2CC,0
北京新能源指标遭“疯抢” 消费者更偏爱“占号----车”,2017/6/15,l3501017488,3
qb20072008被取消在GreenAuto版的发文权限,2021/12/9,deliver,0
isedai被取消在GreenAuto版的发文权限,2021/12/9,deliver,0
下定极狐阿尔法S薄荷银,2021/8/1,dahuamao,106
前脸两种风格 奕炫新能源新造型申报图,2019/10/17,marong,1
ID3目前优惠政策,2021/12/6,jxgw,47
几何A430三千公里总结,2021/12/7,hanb,9
开电车的注意不要去飙车！什么3.9秒意义不大，一撞大概率现场火,2021/12/6,wangcity,10
给车友们分享一个手机控制开车门的突发情况应对办法,2021/12/3,q287688098,54
共享桩的不同品牌的能共享吗,2021/12/8,dadou,4
这牛吹大了啊！上汽推出首个L4级自动驾驶运营平台,2021/12/8,bfield,5
Re: 多车转移给老人，接收人可以不去吗,2021/12/8,原帖已删除,3
还是许皮带玩的溜：两款恒大汽车在工信部第350批公告中消失,2021/12/8,ble,0
理想湾ota导航辅助驾驶noa了,2021/12/8,qtpr,10
单踏板模式容易造成右脚累且不记得脚到底是在油门还是刹车上,2021/12/7,wangcity,153
本田那么强大，为什么不兼并蔚来和比亚迪？,2021/12/8,icesoso,10
宝马iX3电池质量问题严重 中国汽车质量网发布消费提示,2021/12/8,CyberTruck,4
整车厂和供应商互相甩锅？,2021/12/5,youlongxixia,14
颠斯拉电机坏了-颠斯拉电机和续航的两个弥天大谎,2021/12/8,sirius0777,12
占比近95% 挪威公布11月新能源汽车销量：有望于2025年实现纯电,2021/12/8,Cairoooo,12
ID这是变相租车吗,2021/12/8,air88,5
电车新人问一下大家用什么app找充电桩,2021/12/7,wode2016,12
想买电车，试驾有优惠的都有哪些牌子的求分享啊,2021/12/8,swt977988,0
大众的优惠又收紧了,2021/12/7,lecco,4
小鹏那个新闻明显被黑了,2021/12/8,shunderen,7
10w以下新能源汽车求推荐,2021/12/8,lililala,5
特斯拉不能识别限速？,2021/12/6,dawei78,15
大众的id6x和比亚迪的唐EV相比,2021/12/7,kaka2w,7
江淮IEV6S 六万公里衰减20%,2021/12/8,aney921,5
[原创][电动]长安E-Rock 最新电耗（2021.12.8）,2021/12/8,zhuming717,2
Model3试驾,2021/12/6,hsv,42
买什么电动车会让人觉得有品味？,2021/12/6,quansheng,57
不解决锂矿和电池回收，电车永远不会是主流,2021/12/6,qian272,18
今天那个铝离子固态电池靠谱不？,2021/12/7,GoogleGlass,8
大众电车还有人质疑？,2021/12/6,qinshimingyu,124
新能源就是不停降价需要适应吧,2021/12/6,dogmanstar,4
车停好了以后，记得拍照,2021/12/7,stoneyq,1
Re: 没找到谈司马的地方，奇怪,2021/12/7,原帖已删除,0
抖音关注了一个买车的号，然后说能低价买车,2021/12/7,jxgw,8
回收率有多少？,2021/12/6,bigbreast,17
大众的电车还真有人买啊,2021/12/6,kaka2w,71
冬季续航500+，30万以内的车，2025年之前能有吗？,2021/12/6,weboo,24
电动汽车应该降价走农村包围城市的路,2021/12/7,hyeana,6
单踏板也没啥吧，就是油门有一段也发挥了啥车作用而已,2021/12/6,CQJN,9
几何c今日电耗,2021/12/5,bangke,8
特斯拉什么时候能解禁？数据中心什么时候通过验收？,2021/11/18,sunlustre,37
什么续航1000+，冬季续航500+，一看就是不了解电动车的需求,2021/12/6,kochpy,41
极狐这款车咋背后还有麦格纳几个字,2021/12/5,googlestyle,51
极客001可以深度试驾吗？,2021/12/7,census,4
[讨论]北汽EU5的车机流量要自己买了,2021/3/28,fendou388,39
奇瑞大蚂蚁看着还不错啊,2021/10/21,tclj9,34
2021年补贴调整，是从1月1日开始计算的吗？,2021/12/7,jxgw,6
Re: 还真有人高速敢用L2做自动驾驶。。。,2021/12/7,原帖已删除,35
有特斯拉ap驾驶员精力不集中出事故的案例么？,2021/12/6,bigbreast,12
今年还有人统计自燃车辆吗？自燃+1,2021/11/25,jlstmac,48
苹果手机支持换电啊,2021/12/5,omin,42
当时有没有人不适应触摸屏呢,2021/12/6,Qid,11
新能源车的年检费用跟油车一样吗？,2021/12/7,LeonTang,5
有说法毛豆Y的后排噪音/耳鸣比3的严重是么？,2021/12/6,xiti,26
单踏板能不能减少油门当刹车的事故？,2021/12/6,wjhtingerx,24
最该造车的应该是大疆,2021/12/6,census,8
去广汽体验中心看车，不登记姓名电话不让进，真牛逼,2021/12/4,GClef,48
新能源车有个问题就是一升级容易出幺蛾子，还不能不升级，糟心,2021/12/7,wangcity,0
请问大家的车开了几年了？,2021/12/2,zpfzhang,61
安装充电桩需要破小区里的沥青路面才能到车位,2021/12/1,wingofray,14
多久不开电瓶会有影响,2021/12/6,KK32073307,2
ID4真是不行,2021/6/13,sm8822,41
明年特斯拉4月起特斯拉一个月造100万辆车,2021/12/6,zyn90,7
电动新能源汽车,2021/12/6,aqaqw,3
北汽eu5 bms不满足国标被工信部挂网上了,2020/11/21,zzvc,146
是不是钠离子电池量产后，东北也可以开电车了？,2021/12/6,census,6
eu5没人讨论了吗，和ia5有可比性不,2020/8/18,TomasLee,70
能不能强制禁止单踏板模式？,2021/12/6,luoxiaoding,18
现在提车，可以等到22年1月再上正式牌么？有什么影响没有？,2021/12/6,zhangaiyu09,7
辅助驾驶要求手不脱方向盘，怎么不要求脚不脱踏板？,2021/12/6,yehorse,3
辅助驾驶水平对比测试,2021/12/6,dawei78,9
关于2022年补贴退坡的生效时间,2021/12/5,jxgw,25
大众IDx ：14167辆,2021/12/1,nisus,13
GL8啥时候能出纯电的,2021/12/5,unlocked,17
今年提车，元旦过后再上牌照，国家补贴,2021/11/27,lewislee,12
搞清ID4降价的“套路”了，中国式卖车好累,2021/12/5,wazgwsmj,29
ID3在北京有必要加热泵么,2021/11/7,yeludaoge,56
汉开下来觉得怎么样,2021/12/3,stocklotus,31
丰田的TSS2和Tesla的自动辅助驾驶差距有多大,2021/12/4,wfunny,31
[原创][电动]长安E-Rock 最新电耗（2021.12.6）,2021/12/6,zhuming717,7
小区看到一辆毛豆X 看着确实大,2021/12/6,xiti,2
单踏板的感觉类似于油车用L档,2021/12/6,gjq,3
2022年应该是真正的电车元年,2021/12/6,goodpower,1
广汽埃安说LX对标的是宾利，车主说对标的是宾利的销量哈哈哈,2021/12/5,zyn90,7
国产电车最高水平是高合了吧,2021/12/2,googlestyle,30
2022 电车开始进入白热化  油车大佬们都进场了....,2021/11/21,dahai2999,133
Re: Re: 为什么电动自行车不弄单踏板模式？,2021/12/6,原帖已删除,1
理想one一个月的用车成本 (转载),2021/12/3,qtpr,12
id3 、id4怎么选,2021/12/5,jxgw,20
工信部组织召开电动汽车低温应对工作座谈会,2021/12/5,nisus,7
美国电动车取代燃油车的势头好像被逆转了,2021/12/2,Engelberger,110
Re: 代友问：id4 23.59降到了18.5×，可以入了吗？？？,2021/12/6,原帖已删除,32
2022年新能源补贴要变么？,2021/12/5,dahai2999,2
有id6车主吗，咨询下有什么大的缺点吗？,2021/11/14,TonyWare,46
为什么路面上特斯拉这么多？,2021/12/5,chinanirvana,11
今天crv插混亏电开出最低油耗,2021/9/23,e5200,9
极客001的越野模式，可以达到等级4吗？,2021/12/5,census,3
滴滴司机真不容易,2021/12/5,dsf008,4
Re: 比亚迪e6 6万公里  能卖多少钱？,2021/12/5,原帖已删除,17
蔚来已经在全部城市开通了灵活升级,2021/12/3,omin,21
家庭第二辆车，准备整个插混RAV4/威兰达，这货有靠谱的竞品吗,2021/12/4,Svensson,26
想入手北汽ex3,2021/11/6,babala,51
id6 可以入手了吗？,2021/12/5,jxgw,8
ex3真实续航能开多远？,2020/3/28,guichen,22
深度试驾极狐阿尔法T,2021/12/5,songami22,25
极虎的销量还没出？,2021/12/5,shunderen,5
试驾了好猫gt 和Id3,2021/12/5,dogmanstar,0
满版极狐现实中好像没人听说过,2021/12/4,tbbt2013,6
宝马为何挫得连纯电也做不好？,2021/12/3,qtpr,18
极氪是今年口碑反差最大的车企吧,2021/12/5,baggioest,8
求助，停车场车被碰到,2021/12/5,Michaelss,1
001的车机翻身了？,2021/12/5,chelseaLL,10
极狐电池热失控测试视频，单开一帖，仔细分析一下,2021/7/29,slide,74
原来腾势是大奔的车啊？？太山寨的感觉了吧,2021/12/4,xiti,19
22款ix3继续暴雷,2021/12/3,tinani1,23
北京铁锂一点事都没有，早上零度续航1：1,2021/12/3,hyeana,46
[原创][电动]长安E-Rock 最新电耗（2021.12.1）,2021/12/1,zhuming717,7
ID4这么烂？,2021/12/3,sanford66,34
Re: 员工内部价，有坑么？,2021/12/5,原帖已删除,6
新能源企业还有一个增长点没抓住……,2021/12/4,catherineyun,9
铝离子电池，续航1200公里,2021/12/4,census,10
丰田装不下去了，让比亚迪代工新能源汽车,2021/12/4,stillwell,16
TSL国内的采购吃了宁波供应商的回扣了吧,2021/12/4,KQJ,11
最牛逼的还是理想，就一款车,2021/12/1,shunderen,19
太帅了,2021/12/4,DiQing007,8
新势力最大的问题,2021/12/4,nightknight2,17
1-9月全球新能源汽车销量排名,2021/12/4,winsen,14
吉利gse慢充充不进去电，有遇到的吗,2021/12/3,superjiayi,7
今天好像是提车以来最低能耗,2021/12/4,niuhuahua,6
30万开着有点意思的车有什么可选的？,2021/12/2,biubiu02,67
2022年第一季度特斯拉会不会出20万以下的特供车？,2021/12/4,Kmark,16
北汽不到十万的ex3，7万里程，这天依然可以开500公里,2021/12/3,accumarray,38
特斯拉不同店预定有啥不同的优惠吗？,2021/12/4,erl2,6
model y 提车、装充电桩、上牌流水账,2021/9/15,ivy9905,21
新车标称400公里，实际跑70掉200，正常么,2021/11/23,ag0,14
请问最佳续航速度和电动机功率的关系？,2021/12/4,tthappy,12
外地买的二手新能源能迁入北京嘛,2021/12/4,tobeworker,1
版上MY标续跑1:1都是什么脚法？,2021/12/3,Wahaha,28
蔚来11月新车交付近11000台,2021/12/4,stocklotus,1
目前看来电动车没必要买高价的电动车，超过16万都不值得！,2021/11/30,wangcity,53
感觉电车的声音也不小呀,2021/12/3,ruoxu,31
特斯拉完成了德州工厂生产审批,2021/12/1,AFP,1
请问一下，其他品牌车子的OTA更新是咋样的？,2021/12/2,nonexist,22
越来越觉得Model X好看,2021/12/2,modelx8808,57
电车好,2021/12/2,testlll,5
雪球网友做的神图，太拉仇恨了,2021/12/3,chuanlang,18
这是个什么车,2021/12/4,prettyshelia,5
预约了检查，结果这周满了排下周了。,2021/12/4,dalezzz,0
奇瑞3XE能卖多少钱？,2021/12/4,tobeworker,2
小鹏汽车11月销量突破15000,2021/12/4,stocklotus,0
比亚迪新能源大巴出口德国,2021/12/4,stocklotus,0
咨询一个装充电桩的问题,2021/12/4,ppstay,3
做两个个预测,2021/12/1,lookatjane,47
modelY 1000公里驾驶体验,2021/12/1,lecco,71
My断轴实锤了 (转载),2021/12/3,Tesla2000,48
比亚迪汉ev、model 3四万公里耐久对比测试，故障惊人,2021/12/4,junopapaya,17
比亚迪11月全系销量,2021/12/3,zjheric,10
一个打十个的梗，最早出现在《叶问》还是《陈真》里？,2021/12/4,chaodide,1
冬季续航测试毫无意义,2021/12/2,yuandao888,45
其实省油的油车，比电车还是具有优势的。尤其是北方。,2021/12/2,wangcity,5
为啥我的车充电几乎没损耗,2021/11/29,DoubleH,28
搞四个电机是不是就可以解决越野问题？,2021/12/3,henhenhahi,7
中保研最新碰撞成绩,2021/12/3,sanford66,5
比亚迪新能源车11月91000多辆,2021/12/3,i6v1206,24
哪吒零跑主要卖去二三线城市了？,2021/12/3,firexuyan,1
问一下电动车是不是必须有自己的车库？,2021/12/3,guluda,12
版上很多理想粉、蔚来粉，如何看待小鹏销量比理想蔚来都高这个,2021/12/2,Engelberger,20
2022唐DM/DMI啥时候能出啊？,2021/11/27,dreamingboy,5
从公布销量的时间来看，byd的管理能力还是很差,2021/12/3,jack1234jack,6
东风马赫动力MHD拆解,2021/12/3,zjheric,0
汉底盘散,2021/11/30,zzxxccvv,88
说油车不行的，都是搞不到油牌只能开电车的。说电车不行的，都,2021/12/1,chouachou,20
埃安Y2021款80科技版这款车怎么样？,2021/12/2,sshdragon,10
这个冒烟的是什么情况？,2021/12/3,Jephen,10
岚图纯电,2021/9/14,windows2oo1,42
特斯拉地库装充电桩，二手二代桩4500左右，官方三代8000选哪个,2021/12/2,liruia,23
车管所人真少啊,2021/12/3,biubiu02,3
没地库的冬季续航测试（一）11月底的极狐是NEDC7折,2021/12/1,wangdass8,35
特斯拉 召回中国区 21599辆 毛豆娃,2021/12/3,HLWJSJ,3
丰田和比亚迪合作的电动车明年亮相,2021/12/3,Icanread,16
特斯拉：召回21599辆国产Model Y电动汽车,2021/12/3,vvest,2
公共充电桩价格好像变了,2021/12/3,Cobb,9
其实综合来看  插电混动才是现在最优选择,2021/12/2,bustrain,70
丰田混动把镍氢电池换成三元锂电,2021/12/3,ehu,9
试驾了这么多车，真要我掏钱买，肯定买岚图,2021/11/17,wangcity,39
10w元以内长续航电动车求推荐,2021/11/30,Gestapo622,58
Re: 开了11个月，算了下电费和里程数，花费很惊喜！！,2021/12/3,原帖已删除,12
关于电车两个没想到,2021/12/1,shunderen,26
南京爆燃的XC90用的LG电池,2021/12/1,LordTod,14
理想湾主要是切走了汉兰达的蛋糕,2021/12/1,qtpr,32
11月新势力排行，小鹏15613，理想13485，蔚来10878，哪吒10013,2021/12/1,jzh800,40
新势力和传统厂真的还是要跟特斯拉好好学学,2021/12/2,lOOO,38
电动汽车如果在超级快充技术上突破就厉害了。充电五分钟，续航,2021/12/2,www1366,17
极氪001最大缺憾,2021/12/2,yuandao888,37
理想大卖，正说明油车是真的不行,2021/12/2,sodayou,30
52000km电费7300元,2021/12/2,thwolf,20
五菱汽车：同意将五菱新能源转为外商投资企业,2021/12/2,nisus,17
请教无私桩的车主,2021/12/2,smallyoung,4
现在的电动车能够实时定位车辆吗,2021/12/1,ruoxu,17
赛力斯正式发布高端新能源汽车品牌「AITO」,2021/12/2,AZTU,8
比一比哪家新势力的累计柱状图最好看,2021/12/1,dsf008,11
大家多长久实际开多少公里充一次电？,2021/12/2,hyeana,4
零跑11月交付5628辆,2021/12/1,nonexist,13
小鹏和理想，出一款30万出头的中大型纯电SUV，肯定大卖,2021/12/1,AD007,16
广汽埃安终端销量11月达到14566台,2021/12/1,census,25
为啥小鹏已经有了自己的工厂，但是蔚来却没有,2021/9/8,AD007,16
众泰重组了，还要发布中高端车型,2021/12/2,zyn90,0
为啥好多公司/单位充电都免费，真大气啊,2021/12/1,xiti,14
看完id 3的电耗测试这电车没法用啊,2021/12/2,dogmanstar,7
蔚来11月交付量,2021/12/1,leosp,55
特斯拉推出卡车造型哨子，售价每只50美元zzz (转载),2021/12/1,oBigeyes,2
有没有极狐车友群,2021/12/1,warmsmile,15
