﻿主题,发帖时间,_ 作者,回复
新能源11月排行榜,2021/12/1,HLWJSJ,8
小鹏11月 15613,2021/12/1,hxlin,19
现在车机和智能驾驶最好的有哪些,2021/12/2,nolonger,0
开心的一天,2021/12/1,uuau,8
说真的，最被低估的是小鹏,2021/11/30,mafama,39
求助，小汽车摇号要怎么切换成新能源指标啊,2021/12/1,xiayouqiaomu,10
感觉小鹏和理想都是踏踏实实造车,2021/9/22,zuigao,37
极狐那个车有什么特别?路上少是产量跟不上订单吗？,2021/11/30,wefifa2011,39
为什么电车主不讨论电机？,2021/11/30,topking,77
特斯拉颠得跟拖拉机似的,2021/11/28,hyeana,24
小鹏这是要上天了，11月15613台,2021/12/1,zyn90,5
电动车的电池应该走标准化的路子,2021/11/30,guest007,15
今天在岳各庄上牌，新能源大致统计,2021/12/1,lewislee,11
极氪11月交付2012辆,2021/12/1,nonexist,20
电池烧/爆炸跟年限有关系吗？以后是不是跟轮胎一样 到时间就要,2021/12/1,xiti,16
岚图11月交付1139辆,2021/12/1,ia,14
理想11月13485,2021/12/1,zyn90,16
蔚来真是烧钱，疯狂基建,2021/11/30,qoros,117
比亚迪唐ev在挪威11月交付374辆，排14名，厉害啊。,2021/12/1,chaodide,24
11月大众ID家族交付量14167辆,2021/12/1,winsen,17
创维汽车11月交付量达到1220台，哈哈,2021/12/1,census,3
就等小鹏了，加油啊,2021/12/1,hxlin,6
特斯拉掉螺丝？,2021/12/1,dawei78,17
明年4月的北京车展，如何搞到门票？,2021/12/1,guanlansszz,11
有在等蔚来ET7的吗,2021/11/30,playmobil,48
听说这个车中保研成绩不错,2021/12/1,googlestyle,0
哪吒11月交付10013辆,2021/12/1,ia,34
新能源汽车和自动驾驶不是刚需,2021/11/30,zmren,11
电车焦虑和手机焦虑有三不可比,2021/11/30,xiti,52
大冷天早上开车，就觉着还是要买油车,2021/11/30,FrankM,16
BBA连油改电车都做不好,2021/11/30,shunderen,9
音响不错的新能源车有哪些？,2021/11/30,taolme,36
特斯拉推出卡车造型哨子，售价每只50美元zz,2021/12/1,stryker,0
威马11月交付5027辆,2021/12/1,ia,0
请问把电车牌zu出去有什么要注意的事项吗,2021/11/30,ddcat0719,9
请教，现在新能源个人摇号排序排到多少万了？,2021/10/3,jijiqiqi,6
国网充电桩价格明天开始调整？,2021/11/30,erlin,6
为什么极狐S四驱比前驱贵那么多？,2021/12/1,sunlustre,1
以前的车在急刹前如果能轻点刹车据说刹车油能快速上来，单踏板,2021/12/1,xiti,4
单踏板模式体验真是妙啊,2021/11/30,kochpy,50
model YP交付,2021/11/26,DiQing007,74
求靠谱移电动桩师傅的联系方式,2021/12/1,perfectmm,1
各大车企都在着手自建电池厂了，很多老板也开始投资电池了,2021/12/1,wormvirus,6
群里有狠人把汉ev开到0,2021/11/30,WebGL,16
友提，22款ix3 低配已经跌破30了,2021/11/30,semilog,26
我买车只看销量  毕竟傻子没那么多,2021/11/28,Ctrl1005,145
蔚来换电的前景,2021/11/30,shunderen,10
据说tesla全系更换速度快十倍的amd芯片了,2021/11/28,tbbt2013,26
[新能源]趁热打铁，把这两天试驾过的几个车做个小结,2021/11/29,gokukun,55
特斯拉对传统车厂就是降维打击啊,2021/10/21,tedxyz,68
请问北汽ex3整车延保需要买吗,2021/11/30,Ebla,8
ix3高低配都是后驱？,2021/11/30,xiaoheihei,3
看股价，11月新势力排名应该是小理蔚,2021/11/30,AD007,0
购车求推荐，谢谢！ (转载),2021/11/30,nbsettler,5
Re: 有要换车的吗,2021/11/30,原帖已删除,2
10月1日以后都是CLTC标准了吗？,2021/11/30,tthappy,5
充电桩怎么选,2021/11/29,s200602152,17
几何c，cs55怎么选,2021/11/23,Ebla,35
大家有没有 电池电量焦虑啊，类似手机20%就觉得没电了。。。,2021/11/30,guo8050,33
赛力斯SF5为啥关注度那么低呢,2021/11/27,wrsea,47
明天就出销量了，猜猜前五都是谁,2021/11/30,mafama,8
蔚来ec6续航怎么样啊,2021/11/30,foxmailed,22
明天是不是卖的好的就会发布新能源11月销量,2021/11/30,jack1234jack,6
有MY车主吗？为啥这个车子我越开越觉得不舒服,2021/11/26,yoofooyoo,65
极狐阿尔法T哪个版本卖的最好呢？,2021/11/30,acneacne,6
Re: 蔚来ES8车祸致死事件不了了之了？,2021/11/30,原帖已删除,1
蔚来的子品牌低端车也能换电,2021/11/29,suffix,38
说是壹号地库充电爆的,2021/11/23,yaqli,96
[合集] 不看好蔚来了，发个帖子留个纪念,2021/11/30,wydfz,0
南京窝窝新能源疑似燃爆,2021/11/30,zwjwswjwz2,3
请教个小白问题：汽车在地库自然，引燃旁边的车辆怎么办？,2021/11/30,houming,7
破案了，是车内炉子爆炸，最安全汽车实至名归 (转载),2021/11/30,DiQing007,5
华为不做自己品牌电车是个大错误吧,2021/11/28,Tony2013,67
ix3低配32了，高配36,2021/11/30,xiaoheihei,9
周末逛商场路过下小鹏汽车咨询了一下,2021/11/30,ylgao1987,8
北汽EU5这车咋样？目前搞活动96800,2021/11/29,sndyzhang,27
南京一豪宅地库沃尔沃充电炸了,2021/11/30,NakedSnake,11
比亚迪DM-i超级混动拆机,2021/11/29,zjheric,10
从猎鹰9的思路和水平看特斯拉的各项技术,2021/11/30,keler,0
有买id6的板友吗？,2021/11/27,goldsmith777,5
慢充速率,2021/11/29,DoubleH,19
全球最安全汽车 (转载),2021/11/30,DiQing007,3
有关于热泵性能的测评吗？,2021/11/29,wangdanting,20
[新能源]窝窝爆了,2021/11/30,irmb,0
明年的电车大概会在芯片上竞争,2021/11/28,shunderen,10
现在哪些车有油换电置换补贴？,2021/11/30,Twolfgod,0
今天一路俩趴窝,2021/11/30,DoubleH,6
nedc800的车，充90%冬季跑高速，实际可以达到多少？,2021/11/29,census,30
现在新能源厂家连算力都不敢说，就去鼓励销售大胆试用自动驾驶,2021/11/18,wangcity,76
目前全球的锂资源远远不能支撑这么车企量产新能源车,2021/11/28,lucaoliang,29
比亚迪元Pro啥东西这么吃电？,2021/11/29,niuya,18
转的：1099位好猫车主的诉求和愤怒：长城欧拉，中国人不骗中国,2021/11/29,zyn90,14
[原创][电动]长安E-Rock 最新电耗（2021.11.29）,2021/11/29,zhuming717,9
一年一次小保养，400多。感觉被坑啊,2021/11/28,qwt,9
北京纯电车夫妻更名还能继续保留现在的蓝牌吗？,2021/11/28,weizhaokang,13
比亚迪车机卡死了,2021/11/29,guidobin,8
黑色MY订单可立刻匹配提车，站内联系,2021/11/26,FLYCN,17
model3一年4万公里能耗,2021/11/27,wushuangba,72
一油一电才是家庭绝配,2021/11/25,Dayee,109
华为不做电动汽车的原因，是老任从开始就不看好这个市场,2021/11/28,wormvirus,11
特斯拉充电时间曲线,2021/11/29,hyeana,4
"aion y, 宋plus，g3i怎么选？",2021/11/28,lcy362,22
几个纯电两厢代步小车试驾体验……,2021/11/23,catherineyun,73
今天遇到的怪事，求解释,2021/11/28,mildred,12
电动车会改变世界格局吧,2021/11/28,hussar029,15
七八年后电动汽车续航能达到800--1000公里吗,2021/11/29,piyao,26
Model Y的一大优点,2021/11/29,RollBack,4
今年特斯拉在美国是狂涨价啊,2021/11/28,Vas,13
东风新车百公里28块钱，价格便宜可以搞啊。,2021/11/19,wangcity,2
今天去试驾了一下极狐阿尔法S,2021/11/28,sdlk,13
电车最大的支出就是停车费,2021/11/28,locker06,10
电车开放大电流外放直流充电有啥难度？,2021/11/26,henhenhahi,23
特斯拉整车黑化后才发现以前的车窗镀铬条好难看 好刺眼。。,2021/11/29,xiti,2
请教版友一个专业问题：当前磷酸铁锂电池的单价大约多少？,2021/11/24,wanllow,21
我天天给电驴充电感觉也挺烦的,2021/11/27,elly8123,10
小鹏十月份交付10138辆,2021/11/1,ia,27
插电混动太贵了,2021/11/28,lllll,14
蔚来的二代站也开始疯狂排队了,2021/11/23,profo,76
极狐阿尔法T一年使用小结,2021/11/25,Jephen,134
黄金右脚高速测试极氪001,2021/11/27,nonexist,23
不懂就问 哪个新势力可以边开车边语音刷微信,2021/11/29,xiti,2
过一两天就会出来一批11月销量了,2021/11/28,census,8
华为汽车的决策肯定是错误的，没有充分利用已有品牌效应,2021/11/28,wormvirus,6
汉dmi这种大杀器为啥还不放出来,2021/11/25,chuanlang,13
谁能从小米财报上分析出用哪里的钱搞汽车？,2021/11/28,Tony2013,1
Re: 最近不顺，求安慰,2021/11/28,原帖已删除,20
驾驶员疲劳检测,2021/11/27,zthenry,10
分享下标Y能耗,2021/11/27,hyeana,9
ix3 2022款全面解决2021款的问题了吗？,2021/11/28,tinani1,4
小鸟汽车营销话术培训,2021/11/27,aragon1115,12
请问Lyriq到底比其他车好在何处？,2021/11/19,wanllow,20
今日试驾小结,2021/11/27,zzxxccvv,23
特斯拉能显示路线，及在哪里停留了多长时间吗,2021/11/27,PCtop,24
Model Y 性能版 搭载跟 Model S Plaid 一样的GPU,2021/11/28,MICCAI,2
极氪001的车机是怎么回事,2021/11/27,dsf008,14
看见特斯拉车主两件事就很好笑,2021/11/25,xiaoben,28
一篇披露极氪001车身材料结构和刚度的文章,2021/11/25,cosun,22
11月是没有新能源积分得号了吗？,2021/11/26,cowgir1,2
换电池太low，应该直接挂个充电宝拖车，一挂就行,2021/11/28,wangcity,3
广州车展有感,2021/11/20,AD007,36
电车的问题是还没有一款有逼格的宽敞商务车,2021/11/27,holynoah123,11
电车与其玩花活不如提升耐用性！毕竟车不是快消品！,2021/11/28,wangcity,4
v3超充的几个疑问,2021/11/27,tbbt2013,9
求推荐新能源车，诉求内详,2021/11/17,LeonTang,47
lyriq售价43.97,2021/11/17,dsl,63
博格华纳的tod适时四驱如何？,2021/11/27,qtpr,0
隔壁关于x3和ix3的讨论,2021/11/21,shunderen,6
百度地图车机版怎样？,2021/11/26,trumpchi,37
现在这天气宋plus ev续航有多少？,2021/11/27,im9527too,1
比亚迪宋plus ev初体验报告,2021/11/22,locker06,40
Lyriq的团队竟有这么多女士,2021/11/26,tcwyzhf,8
老车换新型电池可以吗？,2021/11/26,sanford66,19
技术问题，蔚来车主请进,2021/11/25,donnie125,21
Re: 埃安S准新车，底盘里面的线断了，帮忙分析下什么原因？,2021/11/27,原帖已删除,10
疫情会影响tesla交车进度吗,2021/11/27,tbbt2013,10
特斯拉经常需要补气吗？胎压高 经常气不足,2021/11/27,xiti,10
北京比亚迪或者几何哪个4s店比较靠谱？,2021/11/26,lcy362,5
请教大家，20万左右SUV哪家好？,2021/11/26,tthappy,17
未来应该是氢能源的天下,2021/11/25,bjlccl,17
长城欧拉涉嫌销售欺诈，700位好猫车主震怒了,2021/11/24,zyn90,24
请问一下，这是啥充电软件？,2021/11/27,nonexist,2
北京：新能源汽车跑不到宣称的续航里程，为何不构成欺诈？法官,2021/11/26,HLWJSJ,7
极狐α或T，什么时候能有新的改款,2021/11/26,maximovic,43
欧拉黑猫和小蚂蚁,2021/11/26,nanfengfeng,8
Re: 新能源车的电池问题什么时候可以解决,2021/11/27,原帖已删除,13
小姐姐喜提特斯拉Model Y 结果没出交付中心大门就上墙,2021/11/26,Cairoooo,24
电车还是两轮电驴好,2021/11/26,hoekey,2
电车快充也会比慢充更毁电池吗,2021/11/26,xiti,2
毛豆y算suv吗？底盘就比3高几公分,2021/11/25,xiti,36
[原创][电动]长安E-Rock 最新电耗（2021.11.24）,2021/11/24,zhuming717,17
请问找充电桩那个APP最好用呢,2021/11/24,Zion1,11
这是要干啥？,2021/11/26,shichina,1
女司机的技术还是有点怕啊，这特斯拉y够倒霉的，全铝还不好修,2021/11/26,wangcity,2
36氪独家｜斥资约5亿元，小米、华为同台投资蔚来电池供应商卫蓝,2021/11/26,laopeng,0
除了长楹天街，还有哪看车比较集中的区域吗？,2021/11/26,lcy362,7
小鹏P7怎么样？,2021/11/24,rockgirl,37
北京 汽车陪练 找哪个驾校？,2021/8/27,kcc0626,40
广汽aion SP最近有优惠么？,2021/11/25,zhejiushij5,5
摇到号之后，有效期之前得做到哪一步？,2021/11/26,lcy362,5
MY设计太丑了,2021/11/26,ahmi,11
宋PLUS dmi四个月仍未提车,2021/11/25,Hoverage,3
10万以下的电动车有推荐的吗？,2021/11/25,zp2009,25
[电池]新能源车的几大痛点的最终根源就是电池,2021/11/26,churchilllee,12
没有充电桩的，有没有人买电动车的？(只有一个车),2021/11/22,plum2000,31
日式K-car改电为何没有出现,2021/11/24,takeitez,16
小鹏P7 3000km使用体会,2021/11/25,larryshen,14
隔壁版已经急了啊,2021/11/24,ble,111
微型房车是电车的未来,2021/11/25,sanford66,16
es8这车怎么样 落地多少,2021/11/26,Ctrl1005,13
为挽回收入损失 挪威计划向电动车征收四种税,2021/11/24,nisus,11
家庭积分50分，明年电车号有戏吗？,2021/11/25,zp2009,11
毛豆y比3重800kg，电池重还是啥,2021/11/25,xiti,15
电车无线充都是斜放，开车震动就会点亮屏幕尝试解锁 开一会儿后,2021/11/26,xiti,2
现在下定蔚来et7，预计啥时能提车啊,2021/11/24,foxmailed,12
除了特斯拉，二三十万最值得买的电车是哪款,2021/11/25,arouz,19
极氪车机这么卡？,2021/11/24,piggybankk,12
gsyx被取消在GreenAuto版的发文权限,2021/11/26,deliver,0
国产特斯拉也即将阉割毫米波雷达,2021/11/24,AD007,18
21款modle3会升级方向盘和后排座椅加热么？,2021/11/25,liruia,2
定了宋plus dmi 要改pro吗,2021/11/25,ChangKaishek,8
比亚迪还真有高科技，据说都爆炸了，但是就是不烧一点零距离的,2021/11/24,tj343,15
真想打12345建议路边停车位多设充电站，这样好多低峰随时用电,2021/11/25,nanjian,9
2022补贴退坡，电池涨价,2021/11/25,gangshen,3
小鹏汽车明年开始探索无人出租车服务,2021/11/23,hondooo,1
小鹏G9实拍图,2021/11/19,reachstar,38
还有开帝豪253的吗,2021/11/25,maxplux,5
【李书福：发布财富榜是误导财富观，我自己年薪是39万元】,2021/11/25,chaodide,2
油车已死！强烈呼吁放开绿牌购油车！,2021/11/24,garfieldking,2
非国标电动自行车已经严厉管控了，为啥老头乐还不管呢？,2021/11/25,aihongxia,4
有没有电动自行车可以用电动汽车的充电桩充电？,2021/11/25,smezsc,7
没开空调等红灯为啥功率有3、4千瓦,2021/11/25,niuhuahua,20
隔壁版咋突然讨论电车优缺点了,2021/11/25,zthenry,6
现在还有带牌卖车的品牌吗。。。,2021/11/24,Svensson,1
弱弱问一句：现在的电动车快充都能充满了吗,2021/11/24,Gestapo622,9
北汽ex3有必要加1w买次顶配吗？,2021/11/24,Ebla,29
广汽的1000km新能源车上市了吗？,2021/11/22,chinanirvana,7
电池界的鄙视链到底是怎么样的？ (转载),2021/11/25,Engelberger,2
为何不迅速解决model y唯一的问题—,2021/11/24,erVShb,24
Model Y的11月续航水平，不理解电量使用逻辑,2021/11/24,BMW520Li,56
Re: Re: Re: 一油一电在两个版摇摆，我该怎么站位？,2021/11/25,原帖已删除,3
未来2年内传统车企有什么值得期待的电动轿车吗？,2021/11/24,skyandearth,20
求问：把车变更给子女，以夫妻名义还能申请家庭指标吗？,2021/11/25,wabd123,2
这是什么牌子的车？,2021/11/24,bigmealie,10
[合集] 你们这些人啊 ，千万不要忽悠油车转过来,2021/11/25,wydfz,0
看完虎嗅的电池回收,2021/11/25,GoSox,2
电车延保有必要买么？,2021/11/24,meniaike,6
咋选？,2021/11/24,forevers,29
秦plus最近市内电耗得17了,2021/11/25,yeswayne,2
Svensson被取消在GreenAuto版的发文权限,2021/11/24,deliver,0
唐dmi开了1000km,2021/11/4,huang10zhi,72
年初预测已实现。,2021/11/22,zyzx77,21
爆炸个蛋蛋，墙柱上的漆连色都没变一点,2021/11/24,tj343,5
看目前评测，极氪算是比较完美的新能源车啊,2021/11/23,wrsea,125
问问 北汽最近狂推置换EX3的活动 有谁真正换了的吗,2021/11/12,blackben,26
看了半天，极狐的优点看来是,2021/11/16,west,46
多车转移平台通过了。哪位办过。有啥注意事项？,2021/11/24,xygzp,17
媒体报道日本研发出更安全的锂电池,2021/11/24,AZTU,4
交车时候会让4s把车吊起开看底盘吗,2021/11/24,TonyWare,6
刚刚问特斯拉了，今天的涨价就是明年一月补贴减少的部分,2021/11/24,bfield,0
夫妻一方有车，另一方今天切了新能源排队，孙子出生前能排上么,2021/8/3,xin2003520,10
有没有看到11月22日晚的某车的新闻？,2021/11/24,MrBright,3
一哥们，三年电动车卖了,2021/11/15,charkor,38
新能源排队多少了,2021/11/24,zixingche,4
换电模式下，二手车咋卖？感觉会被玩儿坏,2021/11/24,rehug,39
DMI未交付订单超过20万,2021/11/20,sirius0777,23
没搞懂特斯拉补贴退坡的逻辑，是不是说今天以前下定的年底都能,2021/11/24,xiti,5
分享上周末大兴到白河湾的行程,2021/11/24,Apandi,2
求分享：有个蔚来换电站规划图,2021/11/23,shengy,30
"忘了哪个up主评测的了, 说长城dht phev的nvh还hev还差一些...",2021/11/24,chuanlang,0
定名为E300 新宝骏纯电动车申报图曝光,2019/12/16,marong,3
特斯拉涨价了,2021/11/24,tbbt2013,11
终于想明白了以加速为卖点之一的新能源为啥路上都是肉肉的,2021/11/21,xiti,31
“4·16”北京大红门储能电站起火爆炸事故调查结果公布！,2021/11/23,niuhuahua,11
蔚来停止回购了？,2021/11/24,punkdrew,16
特斯拉的app可以装在两台手机上吗？这样两个人都可以随时去开,2021/11/24,xiti,9
那些电车有高级感？,2021/11/23,tbbt2013,29
为啥电车的电池随年限/充放次数衰减慢，而手机2 3年就不行了？,2021/11/17,xiti,58
开到0km才充上电，小短腿真优秀,2021/11/23,leemba,22
不充电不怕冷；特斯拉的对手来了,2021/11/22,yubing,145
全球大宕机：特斯拉500名车主被锁门外5小时！马斯克发推道歉 (,2021/11/24,ylh1969,0
Model3/Y再次涨价,2021/11/24,enex,13
早上送娃看到辆岚图,2021/11/24,idiotwsh,2
"Re: 开了下朋友的极氪,体验挺差的",2021/11/24,原帖已删除,43
请问蔚来车在蔚来超充充电有优先权么,2021/11/23,EyesFront,19
丰田bz4x纯电有D级后排空间？,2021/11/24,LeonTang,0
理财产品TSL,2021/11/24,KQJ,3
特斯拉来一辆两座smart大小的电车，卖毛豆3半价的话会扫遍东南,2021/11/24,xiti,10
今天是个好日子，极氪001提车。,2021/11/18,nonexist,77
现在的新能源车为啥不能躺着开？,2021/11/23,GodOne,7
哪种电池最好？,2021/11/23,forevers,2
小鹏研发牛啊，每年上一款新车,2021/11/19,AD007,6
新能源皮卡会有市场吗？,2021/11/22,s8232642,15
蔚来ET7都谁看到实车了？,2021/11/23,wsnsw,3
Model S Plaid三月中国上市,2021/11/23,hyeana,14
想周末一天，把汉，ID4/6，TSL都试驾一下，去哪里比较合适？,2021/11/22,zzxxccvv,15
解决废电真不必强推氢能汽车,2021/11/23,ble,24
特斯拉的贷款划不划算,2021/11/23,houming,7
家用充电桩为什么就不能智能一些呢,2021/11/23,lifewasgood,17
眼下北京有多少人持牌自愿买电动车？,2021/11/23,zhejiushij5,18
纯电动汽车预期平均寿命有多长？,2021/11/23,wanllow,9
不懂，电车凭什么叫新能源车,2021/11/22,bydd,18
有没有和tsl m3旗鼓相当的车,2021/11/20,bluehades,34
电动车普及后私家车位价钱会越来越贵吧,2021/11/23,bfield,3
北京中关村壹号疑似电动汽车起火,2021/11/22,salsalover,13
特斯拉没网就开不了车么？,2021/11/23,timonium,30
为什么现在电车都做中控的大屏？,2021/11/22,bigmealie,77
高知论坛不知道新能源车是高利润率行业吗,2021/11/22,feiyiyi,5
Re: 询问电动自行车的事情可以发在本版吗？,2021/11/23,原帖已删除,0
[新能源]小鹏P7已经1100KM,2021/11/17,waitforgirl,24
今年鲜见趴窝报道,2021/11/22,zaoan,20
看看比亚迪老秦的尿崩状态,2021/11/20,wydfz,25
金属空气电池能商用，续航万里不是梦,2021/11/22,subdog,2
国家果然要逐步推广换电模式了,2021/11/22,damolaike1,29
电车前三甲都是谁？,2021/11/22,HLWJSJ,23
想换个电车,2021/11/22,isk,33
海外大众ID.3一年2万公里衰减8%,2021/11/23,hondooo,4
吉利ota升级 号称 2750块，这个怎么看,2021/11/22,tclj9,16
电动车开多少年就该换了？,2021/11/21,whzjwhzj1980,43
mustung mach-e续航619,2021/11/22,yss509,9
平时市区用40度电，旅游的时候租个增程器，这样的方案可行吗？,2021/11/22,census,15
carplay 为何不支持奔驰全系？,2021/11/22,isk,6
我也试驾了极狐阿尔法S,2021/11/21,zhishengji,84
家用充电桩现在都是7kw？,2021/11/22,meirenai,37
加热器终于坏了,2021/11/19,mutinux,8
长城这事怎么想的,2021/11/22,chuanlang,8
我理想中的各种电车配电池度数,2021/11/22,SwimingPig,19
Model y也太颠了,2021/11/20,filpFlap,23
闪电猫最近咋没消息了,2021/11/22,Sparta,0
看抖音，声控很不安全,2021/11/22,elly8123,17
2021年新能源中的2万左右电车号已经从排队序列中减掉了嘛？,2021/11/21,sqsl,4
jiuo被取消在GreenAuto版的发文权限,2021/11/22,deliver,0
jzh800被取消在GreenAuto版的发文权限,2021/11/22,deliver,0
曾几何时以为车这个东西只有老外才会造，现在像炒个新菜这么简,2021/11/19,wangcity,67
宏光nano上市了怎么没反应,2021/11/22,content,1
今天北京电耗能做到1:3吗？,2021/11/22,e5200,13
日本车会不会成了诺基亚？,2021/11/20,winsen,7
广州车展某新势力被维权为啥没看本版讨论啊,2021/11/22,wangmao775,26
国内车企应该好好开发国际市场,2021/11/20,mafama,17
[求助][建议]有兄弟们申请过小鹏汽车融资租赁购车吗,2021/11/22,wangcen123,0
充入电量变少，磷酸铁锂冬季容量的锅？,2021/11/21,fanku1990,19
ID6和IX3大家怎么选,2021/11/18,wwwhehe,53
比亚迪汉真的挺不错,2021/11/20,zswheart,109
id.6c提车贴,2021/11/19,iamheat,37
家用电车破一千公里续航也就眼前的事,2021/11/22,shuimus,3
蔚来平均单车营销费用还是超过5万啊,2021/11/22,zuigao,4
现在不流行氙气灯了？都是led了,2021/11/21,xiti,19
特斯拉干脆改名颠斯拉得了,2021/11/21,erlin,23
娃哈哈哈，丰田快被电动车搞熄火了销售大减，乱拳打死啊,2021/11/19,wangcity,51
P5预定车主，你们提车需要多久？,2021/11/3,AD007,9
[讨论]看来续航打折多少跟晚上把车停在哪关系还挺大的,2021/11/22,rysunrise,0
你们开车都听什么,2021/11/20,wazgwsmj,19
dmi车型高温环境测试,2021/11/21,zjheric,10
冬天了，大家都给胎压弄多少？,2021/11/20,redka,9
元PLUS看着不错,2021/11/21,tobeworker,7
电用锅这个量词是哪里的说法？,2021/11/20,xiti,11
现在那家有试驾几天的活动啊？,2021/11/22,lbj6,0
Lyriq展车如果有90%落实到量产车上,2021/11/21,tcwyzhf,5
有没有安装380v充电桩的车友？,2021/11/17,svipanning,36
这个中文名应该叫什么？,2021/11/20,omin,13
高合定位不够清晰,2021/11/21,djshaofei,11
进口毛豆3比国产的好吗？S之类的呢,2021/11/14,xiti,41
modely乞丐版提车,2021/11/18,lecco,55
没买车的我觉得还是可以等明年买一千公里续航的,2021/11/19,wangcity,20
三元锂电523安全性怎么样？,2021/11/21,elly8123,8
Re: 沃尔沃纯电C40 46w,2021/11/21,原帖已删除,4
电车为啥不能多设几个充电口……,2021/11/20,shuaigege,8
之前买国产长续m3的算韭菜么,2021/11/19,chrome2000,12
L2辅助驾驶的正确使用姿势是,2021/11/19,yehorse,5
【宝马IX3】发生大规模召回,2021/11/19,xin2003520,27
奥迪咋想的 q5 etron用鼓式刹车,2021/11/20,xiuhuwang,18
哪些车，过了几年，衰减很快？本版有结论吗？,2021/11/21,gloria114,3
小白问购买特斯拉具体路径,2021/11/20,cainiMEI,2
两个ev的话，配个什么汽油车比较好,2021/11/20,PCtop,5
国内电动车是真卷啊,2021/11/19,subdog,136
Re: 刚刚在大山子附近看到一辆车在燃烧,2021/11/21,原帖已删除,0
试驾极狐阿尔法t,2021/11/20,zdland,13
Re: 比亚迪的4s店说验车上牌要1500,2021/11/21,原帖已删除,28
我反思，我开车习惯太差了,2021/11/19,ygs,17
长城又出一个新车，这回是电的，还是轿跑，卖48.8万 (转载),2021/11/19,ylh1969,12
新能源汽车这个大趋势下，个人创业者有什么介入的方式吗？ (转,2021/11/20,savara,3
美国《消费者报告》车辆可靠性排名：雷克萨斯第一，特斯拉倒数,2021/11/20,Math2021,5
充电口在前面，车主也没素质,2021/11/20,piggybankk,36
预定特斯拉model Y遇到点问题请问有没有什么合适的解决方法,2021/11/19,bfield,26
前一阵是不是等等党的最巅峰，开始下滑了,2021/11/20,wazgwsmj,1
理想ONE高速公路撞上施工作业车辆，A柱断裂，疑似有伤亡,2021/11/16,Krete,20
理想的座位也太难受了吧,2021/11/20,lonelycat,4
Model 3是不是升级了？,2021/11/20,cainiMEI,6
长续航的国产Model 3什么时候能出来？,2021/11/19,CharlesRiver,12
有最近提ix3的嘛？,2021/11/12,xiaoheihei,17
Model 3涨价了，250900,2021/11/19,ttl,45
明年新能源补贴不一样了吗？,2021/11/20,cainiMEI,0
路上几乎从来没见到开的浪的m3,2021/11/19,maxplux,18
只有轮毂和轮胎伤了，保险不能报吗,2021/11/19,fenghuo,5
宝马ix，预售价84.69万,2021/11/19,CyberTruck,15
不懂就问，引擎盖空的，为什么就特斯拉做到了？,2021/11/5,lmxiehou,57
荣威imax8纯电mpv明年有戏啊,2021/11/20,run9,0
小白咨询新能源车补贴问题,2021/11/19,xiaofangnu,2
赞比亚迪客服,2020/4/14,violation,8
比亚迪市值全球第四，超过奔驰宝马，福特，通用，法拉利,2021/11/19,jzh800,5
特斯拉牛逼,2021/11/19,djkstra,14
“不用刹车，直接撞！”4S店带客户体验助刹车,2021/11/17,xianrena,23
宋plus ev新款有消息吗？,2021/11/18,hhhsh,11
[新能源]考虑下续航，30万这个价位，似乎也没几辆车可以选,2021/11/16,Ereozot,76
四驱极狐T冬季电耗，开暖风，21.5,2021/11/7,sdlk,27
现在出新车，都跟卖房差不多了，预售期1年起步,2021/11/19,tclj9,7
特斯拉确实领先其他厂商很多,2021/11/18,shunderen,25
警车也来换电了,2021/11/18,wangkuo111,22
我想买一辆单位价钱续航最远的电车，求推荐,2021/11/19,deusomax,17
今天亮相的长城沙龙不好看啊,2021/11/19,twinstarking,13
smart精灵#1概念车很不错，但有巨大遗憾。,2021/11/18,FLYBBS,24
元plus过几天会有店里的实车吗？,2021/11/16,bigmealie,28
美帝毛豆3 加速变6.1了， 估计国内是不是也要跟进了,2021/11/15,xiti,1
电动车加太阳能，老外哭昏在厕所啊，石油美元内燃机的终结，哈,2021/11/19,wangcity,9
上汽大通maxus mifa mpv也快了,2021/11/17,run9,2
[讨论]大家快充一小时能充多少度电？,2021/11/18,wangdass8,26
如果插混基本都是按纯电行驶，能用几年,2021/11/17,e5200,13
哪吒S，可以啊，看参数不错啊。还有激光雷达,2021/11/18,wangcity,39
"等等党已经看花眼了,明年的SUV",2021/11/19,profo,7
拉一客那个定价的事儿,2021/11/19,DoubleH,0
id3   是一点水花都没有啊,2021/10/29,tclj9,78
燃油牌换电车牌的问题,2021/11/18,srang,3
汽车芯片荒已经缓解了吧,2021/11/19,test321,7
宋plus行驶时发出了几声嘟嘟,2021/11/19,niuhuahua,0
tsxx15526被取消在GreenAuto版的发文权限,2021/11/19,deliver,0
wash被取消在GreenAuto版的发文权限,2021/11/19,deliver,0
长城沙龙来了,2021/11/19,LiYingReBa,11
id4中配动力还是有点肉啊,2021/11/18,wrsea,38
特斯拉一月会涨价么,2021/11/5,wangzhengbj,12
现在新款车出的比手机还快还多。应接不暇，选择困难,2021/11/19,wangcity,2
毛豆三有12V输出接口吗？,2021/11/19,xiti,4
为啥immd先发，反而是 dmi出尽风头？,2021/11/18,Nordahl,29
今晚看沐浴之王的~,2021/11/17,RollBack,43
刚路过一个第三方充电站，里面满了,2021/11/18,mengba,2
华为塞力斯有没有买的啊，怎么样啊,2021/11/19,tianzong,2
再问北京路口掉头看灯的问题,2021/11/14,locker06,8
秦pro ev 车损3780，这个正常么？,2021/11/18,lwang01160,7
lmxiehou被取消在GreenAuto版的发文权限,2021/11/18,deliver,0
比亚迪dmi领先长城至少一年半,2021/11/18,willExp,15
求推荐6座或7座的新能源车,2021/11/15,tinalee,37
今天东边雾真大，很多车不开雾灯，附双闪雾灯对照,2021/11/18,hsv,13
