﻿主题,发帖时间,_ 作者,回复
Re: 又是特斯拉,2021/5/8,原帖已删除,5
事故又来了,2021/5/7,joysun2006,48
最高检：认定“维权型”敲诈勒索须坚持主客观相统一,2021/5/6,MICCAI,11
laoxinzhe被取消在GreenAuto版的发文权限,2021/5/8,deliver,0
jasonkuhn28被取消在GreenAuto版的发文权限,2021/5/8,deliver,0
维权车主丈夫回应起诉特斯拉副总：之后再起诉刹车失灵，整个连,2021/5/7,Sunyata,15
连陶琳的混帐话都要去跪舔,2021/5/8,shunderen,0
多款微型车已无法上牌，上海或将调整新能源汽车管理办法,2021/5/7,bmulp,0
中国造老头乐啥时候出口，等很久了了,2021/5/7,ballard,3
谁说model Y有共振?,2021/5/7,babymoon,6
拿一个发售才1年多的车的投诉比例跟发售3-5年的车比,2021/5/7,Bragi,0
上海：10万元以下或车长不足4.6米不送牌照了,2021/5/7,MICCAI,26
汉豪华型现在能优惠多少？,2021/5/6,zz626,5
babymoon被取消在GreenAuto版的发文权限,2021/5/7,deliver,0
五一高速堵车，深刻体会到电车单踏板模式的好处,2021/5/7,skyworm,0
我早就说过特斯拉对司机要求高,2021/5/7,shunderen,8
二手切割汽车案三次检测，特斯拉均不认可,2021/5/7,sirius0777,18
还能说啥？继续攒钱吧,2021/5/7,googlestyle,5
荣威ei5有什么缺点吗？为什么版上讨论那么少,2021/5/7,hrbeuwujin,4
赶着特斯拉维权的火热，说一个自己车的问题，广汽LX,2021/5/7,realzhyuwei,6
5.1北京-济宁，650公里，新能源电动车行程汇报,2021/5/6,youyouwxy,71
比亚迪出息了,2021/5/7,zhpx,6
零下10度，跑高速，100时速，续航700,2021/5/7,zixingche,12
eqc低配34.98万了,2021/5/6,quna,16
北京比亚迪汉的车友群能推荐下吗,2021/5/7,nehzoug,0
想买极氪001，但车牌期限是9月底 求支招,2021/5/7,naughtystone,2
想问下上海哪家比亚迪4S店口碑比较好？,2021/5/7,piyao,5
五一在高速上跑了3天，行程1000多公里，只看到1辆绿牌车,2021/5/5,jiangyounan,22
秦Pro 顶配 落地13w+,2021/5/7,HLWJSJ,5
汉和m3空气质量比较,2021/5/5,Icanread,7
求推荐全下来在13万左右的新能源,2021/5/7,XinyanPapa,12
车被砸了,2021/5/7,muhua,10
开特斯拉差点追尾,2021/5/7,bj798,27
比亚迪卖电车,2021/5/6,googlestyle,38
定了广汽GE3，求车主群,2019/3/17,dujgang,63
我开着挺好 Model3P,2021/5/7,jessekyypig,20
simazl被取消在GreenAuto版的发文权限,2021/5/7,deliver,0
换电模式很本不可能全面推广,2021/5/7,legacy,12
关于华为的自动驾驶，你只需要明白一个问题,2021/4/16,reachstar,76
q1w2e3r4t5y6被取消在GreenAuto版的发文权限,2021/5/7,deliver,0
华为售卖的首款车交付或,2021/5/7,Sunyata,1
Re: 蔚来的选配音箱咋样？,2021/5/7,原帖已删除,4
比亚迪元的微动开关不好使了,2021/5/7,sodagreen5,2
现在的电车相当于2010年左右的智能手机吧,2021/5/6,gwyxg,6
Re: 刚路遇电动二轮选择性侮辱了,2021/5/7,原帖已删除,5
现在各厂的主动刹车，基本只识别车的前脸和屁股,2021/5/7,arouz,0
刷B站居然刷出来了极狐华为夜间自动驾驶,2021/5/6,flukeox,8
有一种感觉:特斯拉事件视频警方肯定有,2021/5/7,Qid,2
2400公里东北往返体验,2021/5/5,yakov2018,28
纯电动五一南太行2000公里行程流水账 (转载),2021/5/7,fangl,2
10万以内的长续航的电车，求推荐,2021/5/6,anrichten,21
试驾p7感觉有点飘,2021/5/6,hulibuhutu,8
阿尔法T回京高速续航记录,2021/5/5,Jephen,8
感觉ID4没什么人讨论了，是不是凉了？,2021/4/30,mooners,76
闲着没事，五一电车往返2600公里 (转载),2021/5/7,wydfz,0
model 3 voc 这事儿的一点想法,2021/5/6,skylee,3
关于一名特斯拉粉丝对 空气质量测试原始数据 的 二次误导加工,2021/5/6,FHWYSH,23
懂行的来评价一下蔚来的挪威战略呗，蔚来步子迈的有点大呀,2021/5/6,myd,27
高速公路上自动急刹，接待客户复读机，这事儿很特斯拉,2021/5/7,yjs,0
新车空气质量排名,2021/5/6,west,47
再过5年，电车会发展成什么样子？,2021/5/6,chinanirvana,1
Aion V 20款值得下手吗,2021/4/18,Tasiun,21
Re: [转载]国产化进度过慢！大众新能源汽车销量超越特斯拉，只,2021/5/7,原帖已删除,1
Re: [转载]华为：我不造车，我只是新能源汽车的搬运工,2021/5/7,原帖已删除,0
高速返程汇报,2021/5/5,tianya123456,18
比亚迪宋pro 充电疑问,2021/5/6,kiwis,7
"新能源汽车中suv和轿车NEDC同是500公里,哪个续航更靠谱？",2021/5/6,nemo2013,8
特斯拉vs护栏 坐标北四环健翔桥,2021/5/5,totwind,23
兰州一小区禁止特斯拉入内,2021/5/6,nisus,2
粗大，特斯拉年内或将上线数据平台，车主可自由查看,2021/5/6,jinAGE863,11
特斯拉二季度需求持续火爆,2021/5/6,duanyu22,4
请问，现在京AA的绿牌能被停车场正确识别了么？,2021/5/5,human,11
特斯拉车主夏天怎么防晒,2021/5/5,blockstream,57
高速120时速续航能7折就顶天了,2021/5/5,shunderen,35
特斯拉两个月两人两次刹车失灵,2021/4/30,vvest,50
说2次电车车主的冲了一点点电就拔了的事情,2021/5/6,bj798,7
宋pro ev跟宋plus ev性能几乎一样，为什么贵3万？,2021/5/5,piyao,14
高速充电报错停止,2021/5/6,quna,1
单电机和双电机有什么区别？,2021/5/6,WanKe,11
Re: 说说我的model 3诡异的事,2021/5/6,原帖已删除,17
此地无垠，双车空气质量对比测试,2021/5/4,cyclonev,95
yulaos9r被取消在GreenAuto版的发文权限,2021/5/6,deliver,0
极氪001的一点信息,2021/4/21,zzzhhh123666,52
北京插混新能源怎么上蓝牌？,2021/5/6,hanfeidexin,10
比亚迪家名字好乱,2021/5/6,ychubble,2
这次五一，遇到很多路人主动聊特斯拉,2021/5/4,lakaka,55
去了趟崇礼，来回电耗感人,2021/5/4,dreamingboy,8
百度地图太傻了,2021/5/5,muhua,10
五一看车总结（ID4 XC60 理想One 航海家 Q5L 冠道 NX300 ）,2021/5/6,estop,20
宋plus dmi和ev，除了动力以外，其他配置都一样吗？,2021/5/6,piyao,0
发现五一没有堵在路上的新闻,2021/5/6,chuangzilin,7
特斯拉有一点设计非常不人性化,2021/5/6,yatobiaf,11
今天去看了极氪001,2021/5/2,mutinux,49
五一回乡见闻,2021/5/5,Mrsundy,5
强买强卖的见的多了，BYD汉强退是什么骚操作？？？,2021/5/5,factisdark,15
北京到大同高速充电,2021/4/30,damengbj,7
假如让绿牌可以买,2021/5/6,chenghaibo,3
你们五一跑长途，车上都带了什么吃的？,2021/5/4,ann1122,12
目前的增程式汽车发动机还是太大了,2021/5/5,wanllow,9
id6有参数配置表了吗,2021/5/5,AD007,2
ID6啥时候出？看起来不错,2021/5/5,OxFFFFF,8
高功率外放电有什么门槛吗，为什么很多主流电车都没有这功能,2021/5/5,henhenhahi,21
小鹏p7的悬挂是不是比较散？,2021/5/5,raymondz,2
今年的分哪天出来？,2021/5/5,chenghaibo,1
信息安全标委会：#网联汽车采集相关数据不得出境#,2021/5/5,nisus,0
汉突然掉电 被扔在路上了 本来还有23%的电,2021/5/4,factisdark,68
汉ev605续航去北戴河黄金海岸在哪充电合适？,2021/4/29,ybzhero,27
有个默默无闻的电车，差不多该降价了,2021/5/5,factisdark,2
说起复现，特斯拉工作人员复现过一次低速刹不住,2021/4/29,vvest,40
换电池感觉比高速充电有前景,2021/5/2,thickearth,63
电车版有个悖论［转载］,2021/5/3,shunderen,7
高速续航要说下速度,2021/5/4,shunderen,11
pkuguy被取消在GreenAuto版的发文权限,2021/5/5,deliver,0
看了下id4真不错,2021/5/4,Laurasia,12
Re: 一辆大客车就能造成幽灵堵车也真是服了,2021/5/5,原帖已删除,6
id6 30万以内，可以预定了,2021/5/5,felixnbgg,11
看到ix3那个油车中控就没买的欲望,2021/5/4,shunderen,20
Re: MY两千公里了 今天第一次去外面充电,2021/5/5,原帖已删除,8
Re: BMW iX3驾驶感受,2021/5/5,原帖已删除,22
中国制造Model 3入选中国汽研“健康指数年度推荐车型”,2021/5/5,duanyu22,0
ES6的高速续航,2021/5/3,zthenry,59
特斯拉空气质量测试,2021/5/4,Mars102,10
蔚来的喇叭真操蛋，个别车主更恶心,2021/5/5,ceb,4
去试驾了宋dmi，知道了比亚迪的车贵在哪了,2021/4/4,hallelujahxn,51
高速上为什么电车开的都慢？ (转载),2021/5/4,shunderen,22
你们的小电瓶几天不开会亏电？,2021/5/5,AD007,5
极氪001的问题是外形太绚了,2021/5/4,lakaka,22
其实特斯拉可以照常买，但开车速度要降低，车距要增大,2021/5/4,ann1122,10
紧急：求推荐天津能边充电边去吃个饭的地方,2021/5/4,tradeYao,7
请教事故责任划分问题,2021/5/4,smsq666,75
空气质量最差车型 特斯拉model3,2021/5/4,mjun512,14
看到特斯拉就绕远着走,2021/5/2,fairytales,14
5月1日广州一特斯拉疑似刹车失灵撞柱，特斯拉：车辆制动无故障,2021/5/3,moonzhangp,12
四驱汉ev长途高速表现,2021/5/5,memory166,4
据说理想one的改款确定了,2021/5/1,qtpr,17
请教:大广高速和京沪高速,2021/5/3,hzygsz,10
几何c可以两年七折回购,2021/5/4,havesomecolo,8
特斯拉车主为何不想鉴定ZZ,2021/5/3,sirius0777,20
日媒：NTT等日本公司将停止使用中国造无人机 (转载),2021/5/4,qsw,3
求推荐20万左右纯电SUV,2021/5/4,piyao,32
下午定了广汽丰田ia5,2021/4/2,vividboy,61
Re: 创始版es8自驾五台山,2021/5/4,原帖已删除,36
再来一个综合路况下model y的能耗,2021/5/4,CanDo,11
李斌：是合肥，让蔚来走出了ICU,2021/5/2,bmulp,3
你们的刹车可好？,2021/5/4,CQJN,1
es6满电高速续航多少？听朋友说才270？,2021/5/4,myd,23
这次就Tesla刹住了,2021/5/2,redor,83
连县城都能看到model3了,2021/5/3,shunderen,3
Re: 试驾了IX3，除了品牌，没有任何优点,2021/5/4,原帖已删除,6
今天开了开东风岚图,2021/5/4,DAUNTLESS,0
日媒：中国产纯电动汽车对日本出口急增，主要为特斯拉,2021/5/4,Sunyata,3
纠结三元锂电池的宋EV Pro、AionV和刀片电池的宋Ev plus,2021/5/3,dearboys,8
自动驾驶如果出了责任事故，是车主的责任，还是生产商的责任？,2021/5/4,cozyboy,9
汉ev左右两侧强度不同应试车,2021/5/4,hondooo,0
对比北汽360和秦pro/plus,2021/5/4,Gallery,9
21款唐DM低速拖拉机？这么差劲吗？,2021/5/1,Lypher,67
IX3电耗有那么低么,2021/5/3,shunderen,37
唐DM21款全国保有量16000辆,2021/5/3,sushou,8
习惯单踏板后首开油车不能忍,2021/5/1,cbank8,163
四线小城市的万达广场 电动三傻都有,2021/5/4,wangkuo111,5
Model3原配米其林轮胎缺货，有其他轮胎推荐吗？,2021/5/4,tmsi,2
请教追尾责任,2021/5/4,smsq666,6
最近有要买别克微蓝电动车的吗？,2021/5/3,wedo9602,1
懂车帝的aeb测试，电车天天吹牛逼结果被燃油车吊打,2021/4/30,Valkyrie,64
请问安装家用充电桩总共多少钱？,2021/5/3,shightemplar,7
请问比亚迪宋plus ev和蔚来es6有可比性吗？,2021/5/3,piyao,32
看了懂车帝上宋plus ev和唐ev的对比,2021/5/3,piyao,4
极狐阿尔法T有没有什么大坑？准备下定了,2021/4/25,segfault,63
特斯拉这半年没啥动作,2021/5/2,shunderen,4
ec6确实比es6好看不少,2021/5/3,shunderen,9
cs55五一长途(去程+返程),2021/5/2,xiaoxinna1,24
model3的大改款应该是4680电池上线,2021/5/3,shunderen,7
p1en被取消在GreenAuto版的发文权限,2021/5/4,deliver,0
今儿天气下高速超过nedc了,2021/5/3,jaz2,6
特斯拉为什么不正面回答车主问题,2021/4/30,meitu1982,50
阿尔法T首跑长途,2021/4/30,Jephen,53
这两天测试model y的高速能耗,2021/5/3,CanDo,16
Re: 这次特斯拉刹住了,2021/5/3,原帖已删除,7
特斯拉龙飞船载四名宇航员成功返回,2021/5/2,duanyu22,13
基本明白了,2021/5/2,wakesman,20
要加强对消费者的教育,2021/5/2,b99,6
大噶好，我是虚标王,2021/5/3,DoubleH,9
特斯拉水军出动ZZ,2021/5/3,sirius0777,4
Re: 总结一下特斯拉水军的洗白套路zz,2021/5/3,原帖已删除,16
高速服务区充电桩的意义主要在哪里？,2021/5/1,hallelujahxn,14
希望反对者都去尝试下单踏板板再评价,2021/5/2,inso,17
单踏板的感觉和手动挡的感觉一样吗？,2021/5/3,roi,0
特斯拉：318川藏段建成11座超级充电站,2021/5/3,NaNiMnO2,3
买不到票，1200公里5.1只能开电车回老家了。需要提前做哪些准备,2021/4/21,XJTUMEC,78
[建议][求助]有从北京开电车开回山东泰安过的吗？,2021/4/21,hollyshit,43
五一开车回老家靠谱吗？,2021/4/29,Mrsundy,11
特斯拉刹车失灵适用举证责任倒置，需要特斯拉举证,2021/5/3,sirius0777,0
Re: 英姿飒爽的车顶维权女车主 (转载),2021/5/3,原帖已删除,1
请问如果小区不让安装充电桩，纯电车怎么上牌？,2021/5/2,piyao,14
求助:京台高速去山东德州，路上哪里充电,2021/5/1,Pameda,5
有趣的特斯拉视频,2021/5/2,hellogg,3
arcfox极狐这价格合不合理？,2021/4/17,yubing,37
model y和极狐怎么选？,2021/3/20,hijupiter,37
电车开盘山路太有优势了,2021/5/2,violation,13
入手arcfox t ，求喷求拍醒,2021/4/19,jjxmm,37
试驾了极狐S（非华为版）,2021/4/28,godeyes,32
特斯拉连AEB都做不好。凭什么说自己自动驾驶技术好,2021/4/29,Valkyrie,29
电池尿崩是铁锂的天然缺陷吗？,2021/4/28,hhhhhh,22
比亚迪唐ev比宋plus/pro ev多了智能驾驶辅助系统？,2021/4/30,piyao,3
转发某电车起火召回。,2021/4/30,bj798,6
马斯克连火箭都能发射，还能造不好车？,2021/5/2,Valkyrie,6
今天从北京干到了青岛,2021/4/29,zthenry,89
新车上运营车牌有什么坑,2021/5/1,o0gxx0o,5
宝马iX3续航测试,2021/5/1,keeliu67,11
第一次电车小长途,2021/5/2,a397731257,4
连传统踏板模式都不能理解的人开着电车就是拿着大规模杀伤性武,2021/5/2,lingxiaohua,0
TSL驾驶员下车后，怎么能保持车机视频播放？,2021/5/2,wangstone,4
请教～哪位熟悉遵化清东陵附近有充电桩吗？,2021/5/2,alittlebaby,0
新势力4月份成绩单,2021/5/2,p1en,24
喜提埃安V,2021/2/2,bpfhit,43
e5召回的原因是什么？,2021/5/2,p1en,3
3月全球新能源车市：意大利销量涨幅达四位数，中国总量独立风骚,2021/4/30,HLWJSJ,5
插电混动为什么不流行,2021/5/2,midwest,35
今天在高速遇到两次幽灵刹车,2021/5/2,wangstone,1
油车双踏板的逻辑也很清楚,2021/5/2,dukenuke,10
新能源车第一次长途高速120开了一段时间后有异味？,2021/5/1,spacen,11
这是怎么回事，王垠他们复现了刹车变硬的情形,2021/4/29,stockjack,306
五一北京至五台山自驾游续航400公里注意点什么,2021/4/17,entepino,28
版上的id4车主使用体验如何？,2021/5/2,hbworld,3
请问宋Plus ev比唐ev 2021版本质上差在哪些方面？,2021/5/2,piyao,2
今天差点model3 自动泊车差点撞了,2021/5/1,stevenwyy,12
model y vs ix3 咋选呢？,2021/4/29,tmn,21
好家伙，牛顿第一定律,2021/5/2,sidneykun,2
欧拉为何没有坏猫？,2021/4/30,bmulp,16
日了鬼了，蓝牌电车在河北被拍了个闯限行违章,2021/5/1,qwt,13
实际上纯视觉方案天然就差于激光雷达方案,2021/4/30,Valkyrie,48
五菱mini都没刹车失灵，为啥tsl这点都做不好,2021/5/2,pany,6
沃尔沃的纯电车怎么样？,2021/5/2,piyao,2
蔚来es6提车,2021/4/30,thhb,34
四月份各厂家报销量不积极啊,2021/5/2,weixiao9,1
解读国标--质疑 @此地无垠王垠 对国标的恶意曲解 (转载),2021/4/30,last2,51
蓝牌电车被歧视了,2021/5/2,didawang,3
两起连环追尾！特斯拉亮了,2021/5/1,MICCAI,7
看来很多人误解，以为单踏板就是只有一个踏板,2021/5/2,inso,1
唐ev和蔚来es6长度只差2cm，怎么一个五座一个七座？,2021/5/1,piyao,7
华为造车大起底：布局3年、设9大部门，目标5000人团队,2021/5/2,PlayerUnkwn,0
又一例刹车失灵,2021/5/1,west,4
领克的外观很猥琐,2021/4/29,quna,11
充电宝来了,2021/5/1,hondooo,0
现在所有的电车把手都是一样的,2021/5/1,slimeminem,2
高速充电桩肯定是赔钱的，跟高速公路一样！,2021/5/1,factisdark,7
宋proEV和宋PlusEV选那个好,2021/4/20,avp,53
关于刹车的笑话。,2021/5/1,oldgeng,4
Re: 求教经验！5.1北京->山东的高速会不会充电桩被挤爆？,2021/5/1,原帖已删除,12
唐ev2021款和宋plus ev除了座位数还有哪些区别？,2021/5/1,piyao,2
特斯拉刹车事故只针对M3？,2021/5/1,ruhetou,7
P7鹏翼门狭窄车位进出,2021/5/1,uuau,2
特斯拉无法用高速国网桩,2021/5/1,stefseek,10
郑州充电站打价格战打疯了，夜间一毛五一度！,2021/4/29,NaNiMnO2,13
新作了一首诗：增程赞,2021/4/30,qtpr,12
特斯拉五一期间超冲免费,2021/4/30,jinAGE863,4
[新闻]特斯拉陶琳回应车展维权事件：特斯拉不可能妥协,2021/4/19,xsw23,54
从马斯克近期访谈来看：亮点L5、氢,2021/5/1,SmartIC,18
"特斯拉刹车事故(2):王垠.YYP测试发现了什么隐患,国标为何无能为",2021/4/30,FHWYSH,5
新势力的进入感觉让国产车突然就高级了,2021/4/30,bluecome,11
罗新宇分析特斯拉事件,2021/4/29,lucisferre,16
去年的家庭指标是否适用疫情延期,2021/5/1,yuhuili,1
特黑断章取义到了极点，看看懂车帝到底怎么说,2021/5/1,zhouxxs,1
Re: 用数据回溯特斯拉车祸历程，看看谁在说谎（转载）,2021/5/1,原帖已删除,4
比亚迪汉的续航,2021/5/1,zylthinking2,1
版面积分变更记录,2021/5/1,deliver,0
120kw快充桩双枪同时充，咋分配？谢谢,2021/4/30,firstmj,2
五菱宏光敞篷车！敞篷车！敞篷车！！！,2021/4/20,shuaigege,33
车位对面停了一辆marvel R,2021/4/30,wsnsw,5
25万买个鼓刹，用811电池的大众ID.4才是最勇敢的新势力,2021/4/30,hefengsuiyue,11
假如AION Y变成图片这个样子，你愿意加多少钱？,2021/4/30,factisdark,1
"蔚来es8, 唐ev，ID 6怎么选？",2021/4/30,lxm999,35
车牌问题咨询,2021/4/30,harmonyyyyy,3
求推荐5座纯电SUV,2021/4/30,piyao,10
[充电]怎么才能知道高速服务区的大小呢,2021/4/30,lvqicong,14
"特斯拉刹不住撞上自家的雷克萨斯,保险公司是否会拒赔维修费用？",2021/4/30,FHWYSH,14
昨天看见一个malong妹开红色的model 3，特显气质,2021/4/30,bj798,24
蔚来 es6的性能版 或者 基准版 怎么选？  空气悬挂有那么香吗？,2020/6/7,jiangbao,54
转眼之间我们的手机汽车这么多吗，大家看好哪个手机汽车,2021/4/29,wangcity,5
Re: 特斯拉想找正规第三方鉴定走法律程序，安阳女不同意，是这,2021/4/30,原帖已删除,10
特斯拉发声明描述了进展,2021/4/28,shiguang,379
Ix3裸车什么价格,2021/4/21,monu,12
TaixueLee被取消在GreenAuto版的发文权限,2021/4/30,deliver,0
广汽造车实实在在，aion v、aion y两款车都不错,2021/4/29,CQJN,40
OPPO也要下场造车，新玩家的根在哪里？ 责任编辑：周昊 来源：,2021/4/29,Sunyata,1
五一假期高速服务区充电排队,2021/4/28,qinghua168,10
北汽EX360召回！车主发声：召回升级后被坑惨,2021/4/28,factisdark,5
电动车越来越智能是不是车震越来越少了？,2021/4/30,hulibuhutu,8
国产当红炸子鸡都是5米车长，两米宽,2021/4/29,AD007,6
比亚迪唐ev 2021版和蔚来es6/es8综合比较哪个好？,2021/4/30,piyao,9
咨询：北京混动的牌照是油车指标？,2021/4/29,mmtmmt,20
转自头条【特斯拉事件我看了很多资料终于有我可以采信的结论了,2021/4/28,meitu1982,21
电动车的续航虚标大家是怎么忍的？,2021/4/28,shiaokang,28
model3欧洲销量2021年3月份,2021/4/30,GXN,6
关于天津车主韩潮先生二手车纠纷案的情况说明,2021/4/28,NaNiMnO2,95
安阳女车主最新回复来了---有新瓜可吃了,2021/4/26,niuhuahua,257
全球首例“特斯拉自动驾驶”致驾驶人死亡案原告律师发声：维权,2021/4/30,Sunyata,2
宝马的360影像有什么特别的优势吗,2021/4/30,lucky00,0
宝马的倒车辅助PLUS,2021/4/29,lucky00,6
Re: 广汽埃安换标了！,2021/4/30,原帖已删除,1
yyp这个视频给特斯拉海南事故正名了,2021/4/29,skylee,17
特斯拉取消公关部门是场失败的实验,2021/4/29,west,24
腾讯高层谈“造车”：过，我不跟,2021/4/29,PlayerUnkwn,5
这帮洋卖办根本没有诚意,2021/4/29,access,2
特斯拉的奇葩事故,2021/4/29,stochasys,44
那些说特斯拉改不了edr的来看看这条新闻，打脸时刻到了,2021/4/29,Valkyrie,74
ix3的扭转刚度也超过50000了,2021/4/27,hosion,15
比亚迪一季报，卖车不赚钱,2021/4/29,Mars102,4
Re: 王垠的测试和安阳女有啥关系吗？,2021/4/29,原帖已删除,29
极氪001这个车机看着不大行啊,2021/4/29,arouz,9
Re: Re: Re:特斯拉刹车这事儿很简单,2021/4/29,原帖已删除,28
华为闪充,2021/4/29,Mars102,1
特斯拉的事情不复杂啊,2021/4/28,strongcat,211
大家分析一下，是车主误解还是比亚迪耍流氓？,2021/4/29,factisdark,1
中间大屏优于小仪表盘的又一例证,2021/4/29,dutchensong,40
说EDR不联网我笑了，不联网数据怎么传到美国的,2021/4/28,Valkyrie,81
YYP复现特斯拉刹车变硬、距离变长,2021/4/29,dolphinlang,31
对现在所谓的造车新势力能解决车身异响不？,2021/3/18,fthust,22
新能源排号结果什么时候出来？,2021/4/29,MrNight,1
汉ev 50%以后掉电太快了,2021/4/29,wuxiao,21
特斯拉model3的轮毂显得特别廉价,2021/4/29,cupcosl,29
不懂就问 此地无垠特斯拉测试车出现的问题能和河南车主的划等号,2021/4/29,dutw,16
Re: 北京新能源车的车牌终于有了，要买车了，拜托大家推荐,2021/4/29,原帖已删除,75
厂家悄悄推送新固件问题是不是就复现不出来了？,2021/4/29,pfan117,3
[合集] 老马仍然死性不该,2021/4/29,wydfz,0
Re: 求建议：比亚迪汉EV or 特斯拉model3?,2021/4/29,原帖已删除,141
一种磷酸铁锂SOC估算方法的专利,2021/4/29,dolphinlang,3
电动车开的太爽了,2021/2/22,asing,264
蔚来营销能力还是高，把投资人的心里琢磨的透透的,2021/4/29,myd,5
[转载]“解锁EDR”特斯拉Model 3意外加速事故调查,2021/4/29,Valkyrie,1
特斯拉现在推出新品，可以破困境,2021/4/29,shunderen,3
2020年Jdpower US quality study 排名 ，特斯拉一枝独秀,2021/4/29,qingwa6225,1
有人模拟了一下，供参考,2021/4/29,hitevan,1
特斯拉匝道溜车？,2021/4/29,shinsy,13
occupiersx被取消在GreenAuto版的发文权限,2021/4/29,deliver,0
tjzw被取消在GreenAuto版的发文权限,2021/4/29,deliver,0
我有一个小小的问题,2021/4/28,aKong,16
韩潮说特斯拉刹车失灵，还继续敢开特斯拉？,2021/4/29,estop,2
id6的外形参数，不知多少钱？腾势x可一战否,2021/4/28,chuangzilin,24
新能源车电动化、智能化论坛，5.15日相约苏州高铁新城,2021/4/23,dxz,4
怎么储能站爆炸 魔都也受影响了？,2021/4/20,xxyy0088,8
快充的综合成本比加油贵,2021/4/27,qtpr,13
请问像tsl，汉这种电车有碰撞实验吗？,2021/4/29,larryshen,11
仅仅从两件事就可以看出特斯拉绝对不靠谱,2021/4/28,lolocat,39
Re: 特斯拉这个事故很清楚了,2021/4/29,原帖已删除,0
Re: 十万以内新能源二手车有啥可选？,2021/4/29,原帖已删除,5
看天津特斯拉二事故车欺诈案。,2021/4/28,qingwa6225,46
刹车失灵说法不对，如果说是“刹车效果下降”会更好一些,2021/4/29,newssmth,7
百车全说里说的“特斯拉就不是一个从善的企业”,2021/4/29,lakaka,0
特斯拉太傻了,2021/4/29,qbb,0
特斯拉使用欺诈手段销售事故车 被判赔偿113.9万,2021/4/27,midwest,59
为啥车企不去法院告车主诽谤,2021/4/28,bluecome,25
宁德时代还是牛！,2021/4/28,Devide,7
特斯拉最新说明延续了西方资本政治攻讦,2021/4/28,sirius0777,6
求推荐带防偷电功能的充电桩,2021/4/28,kirbyzhou,6
特斯拉把行车记录数据传到美国？,2021/4/29,kkkk3,1
特斯拉的死亡率还是很高的,2021/4/28,aitech17,79
特斯拉销售事故车那个本来就是二手车业务不是当新车卖,2021/4/28,wsnsw,4
北汽这召回真坑啊,2021/4/28,Lypher,4
随便搜下造车新势力的事故的新闻,2021/4/27,yise,1
小鹏P5啥情况，还不公布价格,2021/4/28,xin2003520,6
[合集] Re:谁传的谣言说特斯拉没有公关的？,2021/4/28,wydfz,0
[合集] 蔚来也开始了，盲猜下一个比亚迪上新闻,2021/4/28,wydfz,0
股价仅为10年前的五分之一！张朝阳：搜狐不打算造车，没这资源,2021/4/28,PlayerUnkwn,2
Model Y提车啦,2021/4/6,nancy101900,58
这个说特斯拉的有道理没,2021/4/26,migrant,40
特斯拉已完全偿还6.14亿美元贷款,2021/4/28,alchemistDF,1
OPPO筹备汽车业务，短中期不造整车,2021/4/28,PlayerUnkwn,0
网传手机厂商OPPO正筹备造车：成立汽车事业部，多项汽车专利曝,2021/4/28,PlayerUnkwn,0
中午看到一辆极狐αT，这车外观有点像尼桑的风格,2021/4/28,estop,2
为什么不给个完整数据？？？,2021/4/28,hulu0604,11
今天比亚迪推送了多媒体系统更新，新增千里眼功能,2021/4/28,sodagreen5,14
忍了好多天不敢说，还是忍不住了——试驾IX3真解毒,2021/4/27,factisdark,37
特斯拉EDR数据硬核分析ZZ,2021/4/28,sirius0777,3
opppo1212被取消在GreenAuto版的发文权限,2021/4/28,deliver,0
5年后的电动车，是苹果oppo华为的天下,2021/4/28,aitech17,4
北京新能源车牌有京AI的吗？,2021/4/28,xueyandy,7
华为、小米、OPPO先后布局汽车领域，线下实体店成“核心”竞争,2021/4/28,PlayerUnkwn,0
清华教授：特斯拉事故切割车比原厂的更安全 (转载),2021/4/28,qsw,6
有理有据？ 用刹车数据还原事故前的惊魂五秒,2021/4/28,ballpen,9
渣土车与特斯拉,2021/4/28,ppccbb,14
开了一年吐槽ei5的操作菜单,2021/4/28,Hudson57,6
Re: zeek001、ix3、id4、mach-e最近新选择真多,2021/4/28,原帖已删除,5
请问新能源领导者的行车数据里，有踏板行程这个数据吗,2021/4/28,windforce09,1
建议TSL公布相关的整车测试规范,2021/4/28,db16122,4
七姐亲自出来辟谣了,2021/4/28,p1en,6
看这新闻，宁波车友刹车踩不动，维修是更换iBooster,2021/4/27,ble,45
来看看Tesla车上导出的EDR都包含哪些信息,2021/4/28,LucaToni,14
其实几何A PRO也不错啊,2021/4/13,norainbow,4
OPPO正筹备造车，陈明永带队调研,2021/4/28,Billow,2
今天听到一个特斯拉问题新的说法,2021/4/27,l70l,9
特斯拉不相信车主，相信自己的电脑？zz,2021/4/28,zjl,14
Re: 怼完小卖店、怼完馒头铺、特斯拉再怼电线杆,2021/4/28,原帖已删除,0
oppo也造车,2021/4/28,meirenai,0
汽车安全事件数据记录器（EDR）,2021/4/28,wydfz,7
[讨论]大众ID.4的后鼓刹有多少影响。,2021/4/28,s060872,3
jhgabriel被取消在GreenAuto版的发文权限,2021/4/28,deliver,0
贾新光：“虽然有些国家不是很服气，但确实是中国拉动起来的” ,2021/4/28,Sunyata,0
特斯拉：请车友们放心，我们会尽全力处理和解决好现存的问题,2021/4/26,NaNiMnO2,106
各路诸侯纷纷表示要造车，看来电动车门槛不高啊,2021/4/28,Billow,2
“在电车里，特斯拉毋庸置疑是技术和品控当下最佳”,2021/4/26,midwest,8
不要再管特斯拉要数据了，自己动手,2021/4/27,west,9
贴一个美国的新model y刹车变硬,2021/4/28,GeneralMilk,7
为啥蔚来、埃安、小鹏、比亚迪、几何的刹车不失灵,2021/4/27,CQJN,17
重磅！车主在事故前1分钟内仍在多次加速减速,2021/4/26,LucaToni,106
上海的特斯拉保有量恐怕能有河南十倍都不止,2021/4/27,eth9,17
这篇讲特斯拉毛豆3突然加速的文章怎么看,2021/4/28,anaiw2,2
特斯拉的这个bug比刹车失灵还危险啊,2021/4/28,arouz,0
作为特斯拉车主，想起关于刹车体验的一个问题,2021/4/27,hmtttank,67
有没有特斯拉刹车问题汇总,2021/4/28,bile,0
特斯拉江苏进包子铺了,2021/4/27,stockjack,10
Re: 秦plus ev首提,2021/4/28,原帖已删除,41
tsl刹车解决了,2021/4/28,wakesman,2
宝马还有新款电车么？,2021/4/27,zhanghg,11
