﻿主题,发帖时间,_ 作者,回复
专业人士讲解特斯拉刹车油及刹车逻辑,2021/4/26,sirius0777,8
有没有统计特斯拉刚上市时发生事故的数据呢？,2021/4/27,sssspig,0
维权女主说欲加之罪,2021/4/27,thermochem,2
汽车媒体人也遇到特斯拉刹车问题了,2021/4/27,immortalxu,1
有那么多视频数据么，那得花多少冤枉钱,2021/4/27,lushan5436,6
可以贴一个比家的疑似刹车问题吗？,2021/4/27,qtpr,5
上海都开始用沪AG了吗？,2021/4/27,vake,2
自媒体测出问题光传播、不举报，就等于变相索要封口费,2021/4/26,yehorse,8
特斯拉的刹车横向对比一下，问题不就清楚了,2021/4/27,CQJN,2
看来所有电动车都不能买,2021/4/27,aitech17,20
40bar就是极限了？实测Model 3一脚刹车能到多少bar (转载),2021/4/25,LucaToni,32
关于自动驾驶的算力发展，你萌感受一下,2021/4/22,hondooo,19
要不是在这混过两年，还以为特斯拉要倒闭了呢,2021/4/27,sooofun,7
创维的车来了,2021/4/27,niuhuahua,13
五菱宏光mini的拆解测试,2021/4/26,tclj9,26
新鲜出炉的另一起西安特斯拉事故,2021/4/26,LucaToni,41
蔚来声明与特斯拉女车主维权无关 受到大量有组织网络谣言攻击 ,2021/4/27,Sunyata,2
是时候再贴一下nhtsa的报告了,2021/4/27,skylee,1
车主手里有另一份数据,2021/4/27,simonvic,21
mapleking被取消在GreenAuto版的发文权限,2021/4/27,deliver,0
Rodimus被取消在GreenAuto版的发文权限,2021/4/27,deliver,0
电四驱真爽,2021/4/27,zhkyg,8
截止目前特斯拉的表现是：遮遮掩掩,2021/4/26,sirius0777,12
2021年，这可能是后排地台中央高度最突出的电动车？,2021/4/27,FHWYSH,20
虽然交了Y定金，我支持对tsl坚决维权，帮忙顶帖哦～,2021/4/25,keler,50
其实增城这件事，发生事故后电池起火爆燃这事更可怕吧？,2021/4/27,Spruance,12
26日，独家对话上海维权女车主：请特斯拉到事发路段实地测速,2021/4/26,HLWJSJ,46
现在国内特斯拉保有量大概多少？,2021/4/27,estop,4
抖音说比亚迪也有过颠簸路面刹车变硬的情况,2021/4/27,aitech17,23
特斯拉不光喝了奶茶，还把店给人家撞了…… (转载),2021/4/27,tjjtds,3
看样子真没有冤枉特斯拉,2021/4/27,zhaozhao1982,3
蔚来躺枪了，太惨,2021/4/27,baggioest,23
特斯拉维权的驾驶员驾驶技术还是可以的,2021/4/27,greenvaley,17
安阳特斯拉车主应该没撒谎，也没超速,2021/4/27,kunseng,27
特斯拉在国外有没有大规模的刹车失灵质疑？,2021/4/27,zerg0414,6
由一些民航事故想到新能源车上,2021/4/27,niuhuahua,12
Re: Re:快10天了 为啥不拿出过硬证据 而是不停起底车主,2021/4/27,原帖已删除,19
暂时不考虑买车的话，北京电车指标最多能保留多久？,2021/4/27,cassiopeia,3
太仓包子铺是女司机,2021/4/27,jhgabriel,2
特斯拉又出事了，苏州 (转载),2021/4/27,pigtail,5
特斯拉的问题绝不是车有问题而是开车的司机有问题,2021/4/27,zhaozhao1982,9
马斯克并非特斯拉创始人，而是投资后驱逐创始人后把自己包装成Z,2021/4/26,sirius0777,19
今年改款汉据说98度电池包起步，四驱113度电池包3s破百,2021/3/16,yueselangman,91
2020年下来的指标刚上牌了,2021/4/27,ustcsnst,1
悍马电动suv不错啊,2021/4/27,tclj9,1
此地无垠复现特斯拉刹车故障？,2021/4/26,aitech17,49
yehorse被取消在GreenAuto版的发文权限,2021/4/27,deliver,0
Tsl的轮胎,2021/4/27,chenchf,0
特斯拉维权女车主父亲首次发声：说我踩得轻，我不要命了吗？,2021/4/25,leonidas777,449
为什么其它品牌汽车现在没有持续爆出刹车失灵事件,2021/4/26,yehorse,73
想走就能走，想停就能停，就是好车,2021/4/27,jocusperrin,3
继前两天常州、无锡两个小弟后，苏州不甘落后,2021/4/27,LucaToni,7
女车主也是特斯拉粉，要不当年怎么会买呢，又不是专门买来为了,2021/4/27,hhtitanium,5
窄路出车，怎么避免右前角碰到路边别的车？,2021/4/27,CQJN,7
600续航是不出去旅游基本也够了,2021/4/27,yaqli,14
特斯拉车主开车冲到馒头店,2021/4/27,sirius0777,7
北汽的销量与股价完全不匹配啊,2021/4/16,AD007,5
特斯拉看来是可靠性不高,2021/4/27,jocusperrin,17
大家评价车辆是否安全,2021/4/26,yise,24
为啥特斯拉不要求调查那个老司机以往的驾驶习惯呢,2021/4/27,CQJN,7
特斯拉真是活在人民群众的手机摄像头之中了,2021/4/27,dsf008,6
感觉特斯拉和车主各怀鬼胎似的,2021/4/27,ivybill,0
咨询下换车换牌的问题,2021/4/27,buptwinner,1
智己轿车最大的特点...,2021/4/27,hsv,3
360正式进军造车，战略领投“哪吒汽车”D轮融资,2021/4/27,AZTU,2
秦皇岛充电情况如何？,2019/9/27,PGR,8
关于刹车变硬的感受,2021/4/27,littleccccc,9
特斯拉有全部数据，为啥不自己公布分析报告,2021/4/27,flyyan,26
关键就是没有录像，变成了死无对证,2021/4/26,knwl,3
chaodide被取消在GreenAuto版的发文权限,2021/4/27,deliver,0
开一个关于特斯拉和马斯克的脑洞吧，大家随便看看~,2021/4/26,babypig,34
看来特斯拉光靠卖车真的不挣钱,2021/4/27,duanyu22,3
昨天下午特斯拉销售给我打电话,2021/4/27,tclj9,1
赛力斯SF5两天卖了3000台,2021/4/26,FxxkingGod,8
[合集] 感觉带节奏了,2021/4/27,wydfz,0
特斯拉有全部数据，为什么不告女车主诽谤,2021/4/26,midwest,21
变道一定要打灯，现在大家重视了吧,2021/4/24,quany,29
特斯拉降价导致用户群下沉,2021/4/26,shunderen,7
【更新】刚提了ID4，下午3点从北五环开回单位，续航是比较实在,2021/4/14,wangdanting,36
特斯拉最早创始人不是马斯克,2021/4/26,x97,4
特斯拉刹车变硬是普遍问题吧？,2021/4/27,Denzelw,0
360领投哪咤汽车,2021/4/27,userinfo,2
paypal的创始人也不是马斯克,2021/4/26,aitech17,3
虎扑上看到说宋plus dmi漏油,2021/4/25,niuhuahua,16
特斯拉的人工智能比其他车高一个档次,2021/4/27,gjq,4
特斯拉刹车的bug,2021/4/26,Icanread,41
可以回到谈论新能源车各品牌优劣吗？,2021/4/26,wsnsw,17
特斯拉这下五一不能降价了！,2021/4/26,hearun,1
全社会免费给特斯拉debug，试问还有哪个市场会有这种优惠条件？,2021/4/26,GoogleGlass,21
"会不会中了特朗普的道了,变着法的逼TSL这些外资退出",2021/4/26,goodhabits,10
请问Model 3倒车是怎么个逻辑？,2021/4/26,legacy,3
Re: 韩潮到底是个什么身份？,2021/4/26,原帖已删除,3
已经没必要关注安阳女了，反正刹车失灵已经实锤了,2021/4/26,arouz,23
车辆所有人写家里人的名字有什么问题没有? (转载),2021/4/26,Madoc,2
抢方向盘这个，车道保持系统都有,2021/4/26,shunderen,3
恒大的设计为啥都这么土？,2021/4/26,tclj9,2
报！26日男子特斯拉展台拉横幅调查结果已出,2021/4/26,wodive,5
120kw桩30分钟快充，你们充入几度电？,2021/4/24,firstmj,9
我也遇到过特斯拉ap抢方向盘好几次,2021/4/25,virus27,24
华为和北汽合作，有戏吗,2021/4/26,shunderen,3
丰田当年闹得沸沸扬扬的刹车门，其实也不算丰田的问题,2021/4/26,qtpr,8
Re: 嚓，鸿蒙车机挺屌的啊……,2021/4/26,原帖已删除,66
其实特斯拉这事很简单,2021/4/26,yise,4
特斯拉刹车不靠谱在哪里？科学解析,2021/4/26,Valkyrie,1
特斯拉刹车失灵已经被复现了，没必要争论了,2021/4/26,aitech17,19
可不可以找找欧美机构的特斯拉测评 有关刹车助力减弱,2021/4/26,aimertele,3
特斯拉公布的数据即使没做假也无法说明问题,2021/4/26,bd95,2
安全与否不重要，重要的是立场,2021/4/26,yehorse,0
求推荐新能源,2021/4/26,zhanghg,2
这个时候应该坚定的支持国产特斯拉不倒闭！,2021/4/26,AD007,4
美国打压中国企业，反过来可以么？,2021/4/26,HLWJSJ,7
fish9955被取消在GreenAuto版的发文权限,2021/4/26,deliver,0
新车的座舱似乎有弱化视频播放的趋势,2021/4/26,hondooo,6
Re: 重发官媒声音：特斯拉或暂停销售,2021/4/26,原帖已删除,0
你们都没看过这个文章么？里面有很多安阳事故有用的信息,2021/4/26,netmore,13
北汽集团 8款新能源车不同系列可享1.6万元-5万元不等消费券,2021/4/26,niuhuahua,1
提示一个容易忽略的关键信息,2021/4/26,haoxuexi,13
ix3选配配件哪个值得要？,2021/4/25,riche,12
再无赖还能比特斯拉甩锅电网更无赖？,2021/4/26,qingwa6225,6
主题:不管最后谁对谁错，特斯拉其实已经输了,2021/4/25,lakaka,51
什么时候物业才能不卡充电桩？,2021/4/26,mjx,5
从这个角度分析，特斯拉是不是一定有问题？,2021/4/26,sdx05,37
目测新款汉和极客001会抢走毛豆3很多订单,2021/4/26,AD007,15
车主被逼成这样，大家多少都有些责任,2021/4/26,chiren0,8
[合集] 碰撞视频公布，0车速逆向车道被撞击，西安女车主恐涉,2021/4/26,wydfz,0
还能聊点别的么,2021/4/26,lakaka,0
安阳车主收到的特斯拉48页数据内容：仍然缺失刹车系统关键数据,2021/4/26,FHWYSH,27
我作为一个试驾过3p 的人说一下，特斯拉在急刹的时候刹车会很硬,2021/4/26,hearun,21
据说是某来供应商给的媒体证,2021/4/26,mengba,1
[合集] ZZ张女士是【蔚来】提供代步，入场证来自蔚来供应商【韦,2021/4/26,wydfz,0
我身边的人没有无脑质疑tsl车主的,2021/4/26,aboveall,16
特斯拉维权车主一审胜诉 退一赔三,2021/4/26,xianrena,14
#特斯拉展台再维权# 男子手持红色“维权横幅” 被带离,2021/4/26,sirius0777,4
西安车主的事故现场视频是什么时候公布的？,2021/4/26,LucaToni,7
我们小区充电桩每天只营业半天，因为有人投诉,2021/4/26,niuhuahua,4
[转】清华大学汽车专业博导：特斯拉的数据坐实了“刹车失灵”,2021/4/26,hanru,7
华为要卖汉了,2021/4/25,FxxkingGod,33
广州特斯拉事故,2021/4/26,legacy,6
主题:如果abs的存在是为了刹不住，请问还要abs干嘛？,2021/4/24,lakaka,117
根据老司机事故前操作,2021/4/26,wakesman,2
理性探讨：恒大算不是典型的中国式新能源骗子？一辆车没造出来,2021/4/26,cicio,2
mingongjia被取消在GreenAuto版的发文权限,2021/4/26,deliver,0
问下现在摇号都是哪几个月有？,2021/4/26,ip5,4
美国工程师论文：tsl电动机速度传感器中的热感应泄漏电流可能导,2021/4/26,keler,11
特斯拉的行车记录视频呢,2021/4/26,siyu,0
俺是高度怀疑特斯拉的控制系统有bug的,2021/4/26,AmethystZh,7
有些人非常搞笑,2021/4/26,yuandao888,10
吹自动驾驶的都不见了？,2021/4/26,bjlccl,18
比亚迪有清吗,2021/4/25,ziwangyu,12
你们说车主带着孙子不会狠踩刹车，难道车主带着孙子敢超速？,2021/4/26,leonidas777,19
"NEDC600的SUV,5.1假期去青岛，求推荐高速充电策略~",2021/4/25,tankeVIP,13
特斯拉只有一个踏板？不踩才是刹车？,2021/4/25,stockjack,25
又有一个特斯拉车主自称刹车失控导致事故的。,2021/4/25,wyrainer,57
MODEL Y提车1500公里小结,2021/3/31,fain,45
特斯拉事件里的行车记录仪呢？,2021/4/25,fish9955,35
为啥比亚迪自带的行车记录仪，没有声音？,2021/4/25,smheng,32
不懂ABS原理的文科生和伪理科生真多,2021/4/26,gjq,0
蔚来披露的用户数据表格里也没有刹车踏板行程这一项,2021/4/26,west,2
为什么华为选择了赛利斯？,2021/4/26,AD007,5
百度地图，高德地图也能查一下当时事故路段的路况啊,2021/4/26,spinage,0
安阳女车主：说我背后有人是人身攻击和恶意揣测！,2021/4/26,MICCAI,18
特斯拉和官方谁也输不起,2021/4/22,fish9955,36
bluekakaxi被取消在GreenAuto版的发文权限,2021/4/26,deliver,0
关于特斯拉大家分析一下是否合理,2021/4/26,zzzhhh123666,7
今年有没有去年本田大众那种骨折价活动？,2021/4/26,wodive,0
xiaomanyao被取消在GreenAuto版的发文权限,2021/4/26,deliver,0
极狐这个价格大家怎么看？,2021/4/25,swxtx,22
马一龙造星箭和造车应该用的是一种理念,2021/4/26,AD007,2
特斯拉就是有问题，为什么有些特粉还在洗呢？奇葩啊,2021/4/26,casif,2
五一去大同？沿途有充电桩吗？求介绍？,2021/4/25,dahailantian,4
忽然想起一个问题，激光雷达什么的能探测到地面上的坑吗？,2021/4/24,shuaigege,15
今天去试驾hiphi X，果断下定了,2021/4/24,ToDaMoon,70
Re: 上海车展归来,2021/4/26,原帖已删除,11
model3的缺点,2021/4/24,shunderen,18
特斯拉工厂是不是要被收回了,2021/4/26,cdbdyx,0
EV-ELECTRA RISE：第一辆100%黎巴嫩产汽车2月份发布,2021/4/26,Sunyata,0
广州增城又来活了～,2021/4/23,dolphinlang,164
智能汽车举证在哪方？,2021/4/26,pingshtu,1
速度时间积分不就可以算出距离吗？,2021/4/26,pklmsthree,0
想买宋plus-dmi,2021/4/24,wsnsw,17
特斯拉女车主其实早就立于不败之地了。,2021/4/22,alchemistDF,53
特斯拉公布广州增城事故进展，系超车碰撞所致,2021/4/25,niuhuahua,80
估计会推出电车黑匣子，所有电车都要装。,2021/4/25,mingongjia,7
特斯拉又要拿数据去鉴定？,2021/4/25,fish9955,7
基于图像识别的自动驾驶技术，是不靠谱的,2021/4/24,eeer,15
看懂车帝评测，特斯拉的视觉方案连防碰撞都做不好。,2021/4/25,Bragi,18
蔚来汽车的固态电池怎么没声音了？,2021/4/25,myd,10
谁能说下为什么到现在什么视频都没有?,2021/4/25,morok,3
特斯拉abs介入了多久？,2021/4/25,fybdgj,0
一个亲身经历证明特斯拉车主中不靠谱的确实不少,2021/4/25,LucaToni,7
去了极狐三里屯店,2021/4/24,godeyes,47
呼吁强制安装刹车压力传感器,2021/4/25,fish9955,2
特斯拉高速死机，转向灯无声音zz,2021/4/25,zjl,8
有人最近下定极狐么？,2021/4/25,AD007,1
增城那个车主声明真鸡贼,2021/4/25,ctww,1
现在跑长途还要备一张电卡吗？,2021/4/24,XJTUMEC,11
特斯拉车主为什么选择成本最高的维权方式？,2021/4/19,arthurwl,453
华为进来做电车，到底是好事吧,2021/4/21,asm2004,21
为何电车厂会错过10到20w档？,2021/4/25,dryfish118,9
没人关注sf5？,2021/4/22,charlie88,12
疑似刹车失灵就完了吗？还有倒档往前走,2021/4/25,stefseek,6
其实就是所谓的单踏板的锅,2021/4/25,tj343,2
浅谈特斯拉刹车事故(1):数据补全公开后才能对刹车系统有效分析,2021/4/23,FHWYSH,29
为什么不用一键加电呢？,2021/4/25,xxyy0088,9
硬件制动工程师硬核分析特斯拉数据ZZ,2021/4/25,sirius0777,18
[转载]互联网企业“新能源造车热”的逻辑,2021/4/25,xiaoxiong33,0
车速这个问题，很容易验证,2021/4/25,wgg1981,1
除去发动机，终端生产是不是就看生产设备原材料投入好坏？,2021/4/25,wsnsw,1
特斯拉model 3四十次加速制动的体验视频来了,2021/4/25,sirius0777,9
尼古拉-特斯拉这么好的名声被马斯克毁了,2021/4/25,jocusperrin,10
微博:特斯拉“刹车不停”撞护栏，售后人员现场模拟尴尬了,2021/4/24,nisus,12
说急刹车会飞娃的,2021/4/23,flyyan,20
充电桩安装指标,2021/4/25,limitup,0
特斯拉认了软件问题 存在BUG导致刹车失灵 (转载),2021/4/24,FxxkingGod,55
明明车主早就在微博公布了数据,2021/4/24,wodive,10
北京哪里有卖充电桩的保护箱的呢？,2021/4/25,kahuka,2
本地认为分析的最好的一篇：特斯拉说谎了么？ZZ (转载),2021/4/25,yunong,10
特斯拉这种不在小城市卖就行了,2021/4/25,jhgabriel,0
如果指责特斯拉女车主诚信有问题的话,2021/4/25,youlongxixia,6
关于ABS与制动距离，搜了一些资料和试验结果,2021/4/25,ble,15
去年七月份卖掉的电车有更新车牌的最后期限么？,2021/4/25,Icanread,3
有自动驾驶的车辆应该配黑匣子,2021/4/25,kkkk3,3
一锅电往返的范围内，有什么值得去的地方？,2021/4/25,CQJN,8
比亚迪汉付费升级,2021/4/23,googlestyle,56
电车真应该加强安全教育,2021/4/25,ble,0
是不是所有新能源车都会遇到死机情况,2021/4/25,arouz,27
问一下，买车一般带快充、慢充线吗？还是需要自己买？,2021/4/24,human,4
西安转弯被撞的车主在车展上接受采访,2021/4/24,LucaToni,5
实地探访特斯拉维权女车主出事路线：正常驾驶不会超过80km/h,2021/4/24,sirius0777,4
高铁地铁是单踏板模式吧,2021/4/25,niuhuahua,5
特斯拉还是有先天优势,2021/4/24,west,9
比亚迪秦ev300,2021/4/25,dawei78,1
所谓抢方向盘,2021/4/24,zai,21
像特斯拉一样刹车是电控的车多吗？,2021/4/25,JoseM,4
谣传分分钟弄死车主的老总要撤换了,2021/4/24,ble,22
特斯拉扫描不到的地方不就是敏感地带？,2021/4/25,gallons,4
两次被撞车门，结果截然不同。,2021/4/25,factisdark,0
收手吧！车托们！汽车制动工程师硬核解析特斯拉数据,2021/4/25,sirius0777,0
这个设计真的假的？ (转载),2021/4/25,qsw,4
你们的车慢充过吗？,2021/4/25,ann1122,7
Re: eu5快充补丁测试中,2021/4/25,原帖已删除,8
Re: 求问这个是排到了吗？是不是已经过期了？,2021/4/25,原帖已删除,0
30-40的SUV？,2021/4/24,sharonyue,11
P5预定破万了,2021/4/21,uuau,18
Re: Re:和郑州车主一起车展维权的孕妇，清空微博了,2021/4/25,原帖已删除,31
特斯拉数据分析,2021/4/25,skylee,2
所谓的销售服务，和整车利润率，销售提成成正比,2021/4/25,tj343,0
《特斯拉刹车系统详解》解释了特斯拉海南事件、长沙事件、助力,2021/4/23,estop,12
为什么我喜欢特斯拉的服务,2021/4/24,catsource,55
特斯拉这次至少是公关和宣传有问题,2021/4/23,nktiexue,28
擦 为啥买个国产，就会被认为是拖，这是啥风气,2021/4/24,ToDaMoon,20
Re: 屌丝呼唤小米电动汽车,2021/4/25,原帖已删除,4
恒大还是不错,2021/4/24,driftering,2
B站上特斯拉刹车失灵复现了,2021/4/25,aitech17,6
昨天和今天充了2次江淮的快充,2021/4/24,Phaistos,5
销量和服务都是幌子，美国资本是最看重钱的,2021/4/24,sirius0777,12
hello3world被取消在GreenAuto版的发文权限,2021/4/25,deliver,0
隐身汽车,2021/4/25,wwj,2
5年规划出台，京沪氢能之争硝烟起,2021/4/25,txgx,1
"w,y ,i 等几个id，这个人最后两分钟的话也是我想说的",2021/4/25,flyyan,5
说刹车距离有问题的基本上都是没踩出过abs的,2021/4/23,cclhyw,157
tsl也是屌丝车,2021/4/24,soke82,3
建议加速6秒内的车辆增加驾驶课程培训,2021/4/24,catherineyun,9
全寿命下，同配置纯油，混动和电动，哪个成本最低,2021/4/24,wuhuadasha,10
特斯拉质量最差啊,2021/4/24,babypig,6
有人开始攻击孕妇车主了,2021/4/24,Rodimus,11
Re: [建议][新能源]预定了高合hiphi，是不是有点冲动了,2021/4/24,原帖已删除,45
Re: 40到100的预算，买哪个？,2021/4/24,原帖已删除,3
Re: 转一个群友的特斯拉（关键字）从北京到杭州的自动驾驶,2021/4/24,原帖已删除,2
关于特斯拉的车,2021/4/24,jiaoxm01,1
请教下，极客001大概什么时候交付,2021/4/24,wazgwsmj,5
请教特斯拉车主一个问题。,2021/4/24,hulu0604,35
特斯拉的操作系统是分时系统还是实时系统？,2021/4/24,nustee,1
特斯拉：事故前30分钟，时速多次超过100和多次刹停,2021/4/22,MICCAI,162
一份专业人士的分析,2021/4/24,wwwlb2002,14
我发现tsl的坑基本上都是AI自动驾驶的坑？？？,2021/4/24,shuaigege,2
啥时候劳斯莱斯也用自动驾驶就说明系统差不多安全了吧,2021/4/24,lonelycat,1
居然有人认为ABS启动后再踩刹车就没用了,2021/4/24,west,13
美智库预言特斯拉十年内退出中国：已踩红线，谷歌就是前车之鉴,2021/4/24,sirius0777,1
我觉得我已经破译了特斯拉刹车的bug了,2021/4/24,Valkyrie,4
电车实际刹车长度可能远大于油车,2021/4/23,Engelberger,27
再问一个问题：tsla目前有承认过自己的问题吗,2021/4/24,meirenai,4
特斯拉这事最关键的数据没有 为啥那么多人着急下结论呢,2021/4/24,injustice,26
预感ibooster可能会召回,2021/4/23,dolphinlang,4
简单明了的说一下，踩出abs意味着已经到到当时,2021/4/24,Valkyrie,6
Re: 作为开发制动电控的 过来科普一下,2021/4/24,原帖已删除,31
不要拿比亚迪的刹车失灵事件BB,2021/4/24,aitech17,1
答案呼之欲出!,2021/4/24,hulu0604,15
4S店的设置就像保镖来帮厂商处理碰瓷的,2021/4/24,blockstream,1
此地无垠开始测特斯拉model3和汉ev了,2021/4/24,WebGL,5
女车主表示118.5时速是数据造假,2021/4/23,arouz,82
Re: 新华社：特斯拉“维权门”应在法治框架内解决,2021/4/24,原帖已删除,13
刹车必须用最简单的动作实现,2021/4/24,b99,3
就一个问题啊，tsla每月3w销量，就这么几个刹车失灵，至于吗,2021/4/24,meirenai,16
传统燃油车的制动压力实验,2021/4/24,WebGL,1
特斯拉真是驾驶经验检测仪,2021/4/24,factisdark,11
老旧小区的充电桩,2021/4/20,xuhenglei,131
给车换了个名字,2021/4/24,rainmanxxx,1
由tsl联想到曾经的byd刹车门,2021/4/24,wodive,20
经分析本青认为特斯拉的刹车问题跟737max如出一辙 (转载),2021/4/24,kettle,2
毛豆3新手提车应该默认轻松模式,2021/4/24,fatcat,0
海南特斯拉失控案内幕：保密协议为真，车主贴1.1万“原价退车”,2021/4/24,liangcaowei,8
能问一下为啥威马w6讨论这么少么？,2021/4/24,wazgwsmj,9
P5拼色以后比较好看,2021/4/24,uuau,6
几个小疑问,2021/4/24,niuba,1
特斯拉为什么不公布视频数据,2021/4/24,topking,7
heidongstar被取消在GreenAuto版的发文权限,2021/4/24,deliver,0
刹车做不到单调怎么开车,2021/4/24,ziwangyu,1
moemo被取消在GreenAuto版的发文权限,2021/4/24,deliver,0
kkxkkx被取消在GreenAuto版的发文权限,2021/4/24,deliver,0
清华大学汽车专业博导：特斯拉的数据坐实了“刹车失灵”,2021/4/23,twinstarking,34
我来还原一下事发当时情况吧,2021/4/23,west,32
上海维权女车主丈夫深夜再发声：特斯拉已侵犯个人隐私权，要求,2021/4/23,reachstar,117
特斯拉犯的错误其实菜鸟职场经常遇到的问题,2021/4/24,lakaka,2
这路开到118很容易吧,2021/4/24,windforce09,7
海南那个车主成功维权，最终的结果大家知道吗？,2021/4/24,pany,1
特斯拉这事儿闹到现在就是交管不作为,2021/4/24,skylee,7
Re: 本版首提Model 3P车主来说两句,2021/4/24,原帖已删除,33
其实特斯拉公布的数据最大的猫腻是缺了一列,2021/4/23,babypig,12
30分钟内多次时速超过100公里。,2021/4/23,JEFW,6
我叫孙火旺：进去的办法有很多，我首选刹车失灵！,2021/4/24,sirius0777,4
tsl应该效仿苹果，把数据中心建在中国，以便监管,2021/4/23,leonidas777,5
特斯拉不是有记录仪和摄像头吗？,2021/4/23,sdx05,4
特斯拉会成为手机里的苹果吗？,2021/4/24,spinage,1
如果特斯拉发布model3 100度长航版,2021/4/23,shunderen,9
特斯拉被黑这么惨一点都不冤枉,2021/4/24,p1en,0
监管部门拿到数据下一步是干啥？,2021/4/24,GoSox,0
"出事的都是model3,没有model s/x的报道",2021/4/23,shunderen,12
铁塔公司公布两个批次磷酸铁锂不合格供应商，涉及比亚迪、南都,2021/4/24,bluekakaxi,2
cs55 605、aion y 600，选哪个？,2021/4/23,sunyouxin,10
互联网是有记忆的 安阳二月份天气,2021/4/23,flyyan,2
eryemajia被取消在GreenAuto版的发文权限,2021/4/24,deliver,0
exiuluo0被取消在GreenAuto版的发文权限,2021/4/24,deliver,0
bobofly被取消在GreenAuto版的发文权限,2021/4/24,deliver,0
Re: 作为tsl车主，我现在只关心这2件事,2021/4/24,原帖已删除,0
那个70米刹不住的，有人帮你做实验了啊,2021/4/23,flyyan,100
Re: 特斯拉在本版雇佣水军啦？,2021/4/24,原帖已删除,26
安装的充电桩有办法取消那个刷卡嘛？,2021/4/23,greenxiayi,3
有宋ev的车主吗,2021/4/22,Monodyy,16
看了各种特斯拉数据分析，还是YYP分析的客观,2021/4/23,arouz,4
据说这是事故现场照片？是真的吗？,2021/4/23,mafama,0
特斯拉刹不住是不是这么个逻辑,2021/4/23,booklove,0
如果abs启动路面打滑车速是怎么记录到,2021/4/23,hosion,2
早说了很大概率就是特斯拉测速不准导致错误的程序制动,2021/4/23,goooooog,2
特斯拉是不是故意只公布部分数据,2021/4/23,nolonger,6
如果你车辆60 和120 abs会采取不同的制动距离的,2021/4/23,goooooog,4
车载充气床，有啥安全隐患？,2021/4/23,boomltd,5
踩刹车后车辆的表现给驾驶员的感觉就是刹车有问题,2021/4/23,fybdgj,7
Re: 以后买车一定要买特斯拉，看完车展维权有感,2021/4/23,原帖已删除,4
会不会特斯拉把公里当成英里读了？,2021/4/23,aitech17,5
关于上海车展现场“维权”西安车主的情况说明,2021/4/23,wydfz,3
汽车品控人士评特斯拉刹车zz,2021/4/23,abitorPKU,7
45bar的踩刹车力度到底多大？专业人士解释一下,2021/4/23,dashuihu,22
tsl不得向任何第三方泄露数据，除非,2021/4/23,MICCAI,45
抖音上说的特斯拉刹不住的一个可能解释,2021/4/23,aitech17,2
刚看到的这个刹车分析不偏颇,2021/4/23,wsnsw,9
Re: 主题:出事的时候女方在车上嘛？,2021/4/23,原帖已删除,1
Re: Re:期待事情的真相，不要和稀泥,2021/4/23,原帖已删除,18
被特斯拉撞的车主怎么不出来说说,2021/4/23,China500w,0
chenlei148被取消在GreenAuto版的发文权限,2021/4/23,deliver,0
特斯拉这件事已经炒的这么火了，事发时没有别的车在他后面么,2021/4/23,duanyu22,6
特斯拉的逻辑,2021/4/23,TraderJerry,61
特斯拉关于车展现场“维权”西安车主的说明,2021/4/23,niuhuahua,6
请问：河南特斯拉ABS是短暂出现还是持续到碰撞？,2021/4/23,ddaa,1
女车主家人：不接受政府指定的鉴定机构,2021/4/22,MICCAI,231
mach-e为什么要用比亚迪的811？,2021/4/14,hig,37
美国人命不值钱，特斯拉中美文化冲突,2021/4/23,jocusperrin,22
特斯拉数据的三种可能解读,2021/4/23,sushou,36
以后买特斯拉最好装个脚部摄像头 还得常开闪光灯,2021/4/23,davyfl,8
4.17 广州MODEL3 失控致1人死亡,2021/4/23,dididong,1
特斯拉问题的终极答案。,2021/4/23,hulu0604,6
极氪001交了意向金，两天没人联系,2021/4/23,segfault,16
某新能源汽车失控撞上水泥围栏燃烧,2021/4/20,WebGL,46
刹车被踩烦了,2021/4/23,tiaokong,2
有大V说刹车最大可以到200bar,2021/4/23,LucaToni,1
想到一个关键问题,2021/4/23,Spruance,7
小鹏P5即将成为20万以内的爆款,2021/4/21,p1en,10
特斯拉也很奇怪，那根筋抽抽了不公布数据,2021/4/23,ann1122,12
我感觉强动能回收的减速作用都挺明显,2021/4/23,goldenbug,0
Re: 带着孙子辈，国道还敢120迈，属于正常人类吗？,2021/4/23,原帖已删除,3
蓝牌电动车辆外迁去承德接收吗,2021/4/22,provia,9
shanzei被取消在GreenAuto版的发文权限,2021/4/23,deliver,0
没见到48页6697条原始数据之前，不要随意下结论,2021/4/23,yehorse,7
波音公司当时也是嘴硬 看来非得再出几次事故才行,2021/4/23,passmeds,7
女车主老公“侵犯隐私“这个说法是昏招。,2021/4/23,alchemistDF,34
Re: 狼来了才是问题的根源吧,2021/4/23,原帖已删除,1
车辆的刹停距离,2021/4/23,ssava,1
那天下雨了吗？,2021/4/23,jumbonb,6
一松一紧地踩油门是电车的常见操作么？,2021/4/23,dukenuke,3
如果公布的是假信息，那还叫隐私吗？ (转载),2021/4/23,rabbitice,10
左脚刹车的车主，开车时身体不就是歪的吗？,2021/4/23,China500w,5
国道超速118，和刹车是否正常，这是两码事吧,2021/4/23,arouz,10
作为消费者我们应该支持特斯拉车主女车主,2021/4/23,Poorintel,2
特斯拉失控又不是第一次了,2021/4/23,legacy,9
Re: 又看了一遍好贱和老太太的小品,2021/4/23,原帖已删除,0
Re: 哈哈，好像开始攻击公布隐私了，真是开了眼了,2021/4/23,原帖已删除,42
特斯拉的对手们，抓住机会搞啊！！！还记得三星手机事件吗？,2021/4/23,spinage,5
计算了一下维权女车主特斯拉事故刹车距离,2021/4/20,flyyan,40
车主VS特斯拉，孰胜？,2021/4/23,HLWJSJ,17
看蔚来公布的数据,2021/4/23,sushou,10
来看看女车主最开始的说法,2021/4/22,LucaToni,104
我去年在青藏线上遇到刹车失灵,2021/4/22,qtpr,17
红旗的主动刹车,2021/4/23,nolonger,1
tsl会不会成为三星？,2021/4/22,leonidas777,20
版主不管管吗，本版有明显的水军倾向，严重干扰正常讨论了,2021/4/23,cclhyw,11
只要国家肯出手，肯定能查出真相。,2021/4/23,simonvic,1
被有些特粉的无耻震惊了,2021/4/23,JAJ,11
个人信息安全规范2020版关于个人信息公开披露,2021/4/23,sirius0777,38
家庭号排名啥时候出来？,2021/4/22,Jumbowang,6
单踏板那么好为啥电车还是有两个踏板？,2021/4/23,icytear,14
单踏板车主遇到突发状况需要减速,2021/4/23,rabbitice,4
此役过后特斯拉车闹质量会提高,2021/4/23,modelx8808,4
只有特斯拉是单踏板还是所有电车都是,2021/4/23,zdx1314,14
女车主3月份已经闹过一次了,2021/4/23,pkuandy,1
[充电][求助]农村怎么弄个快速充电桩？,2020/2/28,silaya,8
追尾货车的特斯拉车主发声了，piapia打脸各路车神,2021/4/22,junopapaya,25
其实绝大多数普通人踩不到刹车极限,2021/4/23,dutchensong,10
车架号公布了，以后车修好也没人会买了,2021/4/23,MICCAI,6
请教新能源指标申请的轮候时间,2021/4/23,liucixin,2
特斯拉女车主如何自证当时没有超速？,2021/4/23,sushou,14
