﻿主题,发帖时间,_ 作者,回复
Arial被取消在GreenAuto版的发文权限,2021/1/13,deliver,0
智己汽车下午发布会咯,2021/1/13,w441983213,11
今天第一天开车上班，感觉比摩托舒服多了,2021/1/13,grampus,5
越来越喜欢3/Y的大横屏了,2021/1/13,dutchensong,50
你们说特斯拉降价了，我怎么感觉涨价了？,2021/1/13,factisdark,14
蔚来新车简评,2021/1/9,fuzzytail,50
关于期货，说两个例子,2021/1/12,diamonddust,23
关闭自动驾驶可以避免幽灵刹车和失控吧？,2021/1/13,googleask,2
宝马一口气给我发了五条一样的短信,2021/1/11,qqa,7
今年最期待的国产纯电车型应该是领克的zero,2021/1/12,AD007,19
为什么特斯拉发布新车，但交付都要好几年后？,2021/1/11,soboat,6
新能源车有必要买延保么？,2021/1/13,lwang01160,3
Model Y有交付的了吗？,2021/1/11,wangstone,12
[新能源]2020年新能源汽车累计销量,2021/1/13,candy04502,0
北汽新能源设计缺陷，为啥不召回,2021/1/12,Mrsundy,17
就不应该给dmi牌照,2021/1/13,hig,31
说汽车屏幕用来看片效果好的都是什么思路？？？,2021/1/13,shuaigege,2
百度自动驾驶技术水平如何呢？,2021/1/12,xiwangwww,32
马上智己汽车要发布了,2021/1/13,bilander,4
我给比亚迪的dmi泼点儿冷水,2021/1/12,qtpr,51
电动车越卖越多，难道大家不担心充电问题吗？,2021/1/12,jlstmac,31
精装修的Y估计列入计划了,2021/1/12,hsv,20
我就看重汉的内饰和跑不快,2021/1/12,happy420,5
【业内专家：固态电池5年内不可能商用】,2021/1/12,ppccbb,6
家里一油一电的，哪怕在北京的凛冬也不愿意开油车了,2021/1/8,CQJN,72
【方向盘】请教一个关于转向的问题,2021/1/2,codingmylife,6
去家乐福等超市购物免停车费不,2021/1/12,CQJN,1
谁用过华为hicar？,2021/1/12,grampus,2
蔚来造豪华品牌就是笑话,2021/1/12,redor,2
尬吹的固态电池，不尊重产业，浓浓的山寨气息,2021/1/11,sirius0777,20
号称最智能的电动车，竟然夜间司机没开大灯都不提醒,2021/1/12,yehorse,14
未来两年，竞争力不强的造车新势力或将倒闭。,2021/1/12,mingongjia,5
各位，请问出借指标会有什么风险吗？大家的电车指标都是多少钱,2021/1/12,nemo2013,6
请教关于在京购买新能源车时机的问题,2021/1/12,wuzhiqiu1,13
京AA路边收费停车位摄像头能识别出来吗？,2021/1/11,DiZhuo,5
怎么换电池,2021/1/12,maxwellgood,1
今天看见辆上了牌的合创,2021/1/12,DoubleH,2
到目前为止还没有哪家新势力,2021/1/12,gen9,26
Re: 2020年 中国市场新能源汽车品牌 年度总销量排行,2021/1/12,原帖已删除,6
第二轮造车热开始了吗,2021/1/12,Haversack,2
辟谣：特斯拉中国否认将推 16 万元新车,2021/1/12,moemo,9
引导消费者正确使用电动车,2021/1/11,strangyoung,11
45万的model s和et7，选哪个？,2021/1/10,HappenRoc,26
你最喜欢自己电车上的什么功能？,2021/1/12,grampus,38
公司申请新能源的话当年能不能下来,2020/12/27,easternsun,12
既然说ppt造车，就不要搞双重标准！,2021/1/11,fzf,48
你们要的自燃案例又有了,2021/1/11,dsf008,7
各个新能源车企眼中的对方,2021/1/12,Arial,7
主题:阿尔法GT这前后脸对称的？,2021/1/12,jaz2,0
说是正品的布雷博刹车片冷车时有特别刺耳的摩擦声，是吗？,2021/1/12,beijinhe,5
第一次看见活的蔚来EC6，外观有点意思,2021/1/12,liuluyu,15
Re: eu5-r500压差降5mV喜迎新年…,2021/1/12,原帖已删除,68
20年后，观众在场边为运动员助威的口号是这样的：,2021/1/12,shuaigege,3
各位用什么罩充电桩,2021/1/10,smthman,17
尾灯为啥都搞一字啊，宾利尾灯圆圆的太帅了,2021/1/12,hsv,9
比亚迪成高出险车型了？今年人保车险好贵啊,2021/1/11,mouseking007,9
（多图比较）真有人认为汉（ES6）内饰比特斯拉好看？,2021/1/11,erVShb,41
据说这是国内modelY首撞？,2021/1/11,dsf008,9
求推荐12W以内落地电动车,2021/1/12,jonys,6
买车就是买内饰和服务,2021/1/12,glamerick,3
吉利的混动方案是在双离合的一根轴上加电动机的动力,2021/1/12,nowan,1
什么叫垃圾充电桩,2021/1/11,jseanj,6
首都之窗对指标延期政策的回复,2021/1/11,nbeleven,9
为啥喷子们觉得特斯拉ppt发布新车可以  蔚来就不行了？,2021/1/11,fzf,22
毛歪比汉好在哪儿啊,2021/1/11,grampus,59
Re: 12月份新能源汽车销量过万的有5家：五菱.比亚迪.特斯拉.上,2021/1/12,原帖已删除,15
电动车需要换小电瓶么,2021/1/11,Dingshuding,8
150度电应该完全能替代油车了吧,2021/1/10,legacy,54
帆船能超风速 气动汽车为啥不行,2021/1/11,dawei78,4
贾布斯的FF91有望在美股上市了。,2021/1/11,mingongjia,3
服了我的荣威 居然只能刷卡充电,2021/1/11,tayler,12
这是不是在给价格打预防针呢？,2021/1/11,godeyes,9
怎么跟供电局申请在地库接个“派接室”,2021/1/11,dadou,7
吐槽小鹏这个名字的怎么看欧拉好猫？,2020/11/25,bmulp,42
冬天快充真的会变慢？,2021/1/11,godeyes,9
未来和特斯拉的价值取向完全不同，没啥好争的,2021/1/10,AD007,13
固态电池的到来才是,2021/1/11,gen9,11
ET7的空间和品质不错啊，为什么那么多人喷？,2021/1/11,xingyiding,34
那么问题来了，为什么特斯拉车主更容易踩错踏板，把油门当刹车,2021/1/11,sirius0777,10
Re: 理想one12月销量6621辆,2021/1/11,原帖已删除,0
未来10年国产电车与手机的对比,2021/1/11,apterousfly,1
早期没有电池加热系统的电车很吃亏啊，赶紧换车吧,2021/1/7,AD007,1
广汽GE3 530电机系统异常，行驶中失去动力,2021/1/11,sqer,10
假如我夏天充满电100度，一直不用，到了冬天，会变少吗,2021/1/11,ziwangyu,14
byd tsl 北汽是推动油车向电动车转变的功臣,2021/1/11,userinfo,9
工信部副部长辛国斌主持召开电动汽车低温使用问题研讨会,2021/1/11,sirius0777,5
百度吉利一起造车了。,2021/1/11,jlstmac,37
贾跃亭要回来了,2021/1/11,hondooo,8
车载娱乐系统,2021/1/11,xulongshm,2
蔚来et7到2022年才交付,2021/1/9,CanDo,14
不懂就问，关于充电桩指标,2021/1/11,rainliony,9
[讨论]电车的设计越来越简洁，以后会越来越复杂吗？,2021/1/11,processing,5
特斯拉“无故加速”，无一例外都是操作失误,2021/1/9,dutchensong,46
汉EV12月销量9007！！！！！！！,2021/1/7,gds,14
秦力洪：蔚来不做特别便宜的车这不是我们的定位，ET7订单达预期,2021/1/10,myd,17
不用上牌，不用驾照的低速新能源电动车那个哪个品牌牛,2021/1/11,ok9969996,3
谁再说蔚来割新用户韭菜,2021/1/9,ywsxyy,13
合肥市政府参与了零跑的B轮融资,2021/1/11,apterousfly,5
磷酸铁锂的特斯拉,2021/1/7,tradeYao,14
比亚迪汉的刹车和提速，拯救了一车人,2021/1/8,tj343,59
华为百度才是特斯拉和苹果的真正对手吧,2021/1/11,apterousfly,16
没人讨论蔚来et7取消交流慢充口么,2021/1/11,junopapaya,44
model Y进京都受到疫情阻碍了,2021/1/11,axljohn,2
长续航Model y Nedc594，实际充满电显示续航480km，跑出了299.9,2021/1/10,liyichen,48
[求助][新能源]咨询一下，20年8月份那次家庭新能源，还能查到排,2021/1/11,hldyxh,0
model Y和新款3有提到车的了么,2021/1/10,parabola,11
激光雷达加1000t算力，这不吊打特斯拉吗？,2021/1/9,aames,8
日产宣布停止氢燃料汽车开发,2021/1/9,larryxin,108
冬天地面安装充电桩,2021/1/11,whs861120,3
半固态电池有人说是同城国轩高科的,2021/1/10,zaoan,4
有能打通12328的么？,2021/1/11,killer1327,2
有人觉得model y全景天窗不安全吗？,2021/1/10,pglaoli,14
证据来了,2021/1/11,cococap,1
磷酸铁锂电池充到百分百好还是不好？,2021/1/10,justthinking,2
现在买byd还来得及吗,2021/1/10,hitero,4
电车比油车哪儿都好,2021/1/11,CQJN,0
过几年电池技术进步了,2021/1/11,redor,0
50万买两个特斯拉换着开,2021/1/10,woaiwoer,15
百度宣布组建智能汽车公司 吉利为战略合作伙伴,2021/1/11,twinstarking,0
订了model y，才发现model y performance才是性价比最高的呀,2021/1/10,whyso,15
150度电池能研发成功吗,2021/1/11,modelx8808,4
Et7地台那么高，车这么矮，能行吗,2021/1/11,henhenhahi,0
Re: 这种是自燃吗？,2021/1/11,原帖已删除,10
对于车主来说，新能源车的吸引力在哪？,2021/1/10,iidev9,14
充电5分钟，续航1000快实现了,2021/1/10,hig,50
昨天提的model 3是1月4日新鲜生产的...,2021/1/10,liii,14
特斯拉的颜值,2021/1/10,iGeek,7
转载,2021/1/11,mengjuzi,0
angel12被取消在GreenAuto版的发文权限,2021/1/11,deliver,0
ET7概念版量产版对比图,2021/1/10,suffix,25
把续航表设计成这样，会不会更直观一些？,2021/1/10,factisdark,3
Model Y 7座国内什么时候上市？,2021/1/10,tsinghuaee,1
蔚来已经有150°电了，特斯拉明年底能做到多少续航？,2021/1/10,lidazuo001,11
小鹏下一辆什么车,2021/1/10,xiaomeng,1
逸动高配，秦pro低配哪个更适合保号,2021/1/10,imbjer,0
还有半小时，有没有去砸场子的,2021/1/10,pkuguy,7
都是期货，广汽的石墨烯靠谱还是蔚来的150度固态电池靠谱？,2021/1/10,dsf008,13
固态电池技术还很不成熟，不要拿用户做小白鼠。,2021/1/10,mingongjia,2
激光雷达真的很贵吗？,2021/1/9,Rumba,18
Model S还有什么可更新的？,2021/1/10,hig,2
蔚来为什么不基于100度电池做个轿车？,2021/1/10,amada,2
不和特斯拉对标，又处处秒杀特斯拉,2021/1/10,dryfish118,0
et7交钱下个月能提车吗？过年着急用车。,2021/1/10,myd,2
安装充电桩一般多少钱？,2021/1/10,overhoulo,2
小鹏P5来了,2021/1/7,readerblue,67
早上一个视频（爱车的锋哥）评理想ONE,2021/1/7,modelx8808,12
逻辑很简单，那么好的电池人家干嘛只卖蔚来你一家？,2021/1/10,wormvirus,7
这是蔚来给媒体的新闻通稿么？,2021/1/10,googlestyle,11
"大众ID4, 一手好牌打得稀巴烂",2021/1/8,sdlk,51
蔚来换电站区分不同容量的电池吗,2021/1/10,scaling,1
这样的企业不值得尊重？ZZ,2021/1/7,googlestyle,185
ET7的最大续航可能是1100+,2021/1/10,hig,30
Re: es8召回的教训还不惨痛吗？,2021/1/10,原帖已删除,2
昨晚10点注册登录了蔚来小程序,2021/1/10,PQP,0
蔚来app趣闻,2021/1/8,fuzzytail,78
不看好蔚*这种拼多多造车模式。,2021/1/10,mingongjia,0
极狐αT  VS  特斯拉 modelY,2021/1/4,liyichen,54
"有没有人来点评下红旗ehs9,很口水外形",2021/1/10,rliw,3
Re: 北汽顶着锅盖他来了：EU5-R500今天过6万公里了,2021/1/10,原帖已删除,53
电池成本3年内将再降30%，电车价格将一溃千里。,2021/1/10,mingongjia,15
关于model y后排座垫长度,2021/1/7,langxingxl,16
半固体和全固态还是差别很大吧,2021/1/10,shawn2020,2
比亚迪开始限制功率吗？,2021/1/10,occupiersx,11
汉很牛B啊,2021/1/6,somebody,66
犹记得大约去年这个时候,2021/1/10,Lypher,14
必须感谢特斯拉,2021/1/9,stoneyq,8
家庭慢充150度电得一天吧,2021/1/9,Laurasia,22
换了4000毫安时的的iphone4， 体验能好吗？,2021/1/10,windforce09,1
云快充在中关村上地哪有？谢谢版上牛牛,2021/1/10,firstmj,0
评价一下蔚来理想特斯拉这三个公司,2021/1/9,qtpr,18
劲爆！美帝交通监管机构NHTSA关于特斯拉自动驾驶/刹车问题投诉,2021/1/9,leoputin,6
特斯拉是为啥放弃激光雷达路线？,2021/1/9,wuxiao,20
蔚来150度电池有规格说明么,2021/1/10,shunderen,5
电车刹停距离测试的条件,2021/1/10,hosion,8
如果将来不得不买电车…,2021/1/9,stoneyq,20
一汽大众ID4.CROZZ将于1月19日举行预售发布会,2021/1/9,w441983213,11
前两天有人贴图es6后排坐垫长度370mm，真是张嘴就黑,2021/1/8,hulafly,13
请教埃安V怎么样？有啥短板么？,2020/12/26,saneric,27
为啥都说新轿车和150度电池 没人说二代站,2021/1/9,xxyy0088,22
蔚来发布150度固态电池,2021/1/9,mengjuzi,15
自动驾驶如此重要吗？,2021/1/9,elfstone,22
标准续航model Y来了，等等党永不为奴啊！,2021/1/9,erVShb,13
通用租电池方案会出现吗,2021/1/9,dawei78,14
看见et7顶上三个鼓包。。。不舒服,2021/1/9,wuxiao,3
16万的特斯拉要来了,2021/1/8,HappenRoc,118
清陶固态动力锂电池--无责任转 各位自己分析看看前景如何,2021/1/10,GMCEXT,4
新势力下一代车大体在相同的硬件水平，2022可期,2021/1/9,hondooo,1
智能汽车和发动机变速箱不可兼得,2021/1/10,shunderen,0
ET7的算力1016TOPS,2021/1/9,dolphinlang,4
有些大型电车的发动机舱为什么会塞得特别满？,2021/1/9,Rumba,2
蔚来这犄角设计是怎么想的,2021/1/9,tcwyzhf,0
目前没有任何一家电池大厂能够或计划量产固态电池,2021/1/9,rioz,2
其实ET7有一点倒退了,2021/1/9,dolphinlang,2
蔚来膨胀了,2021/1/9,wuxiao,1
清陶能源16年就研发出来了1000公里续航的固态电池 18年已运营,2021/1/9,fzf,13
公交车一锅电能跑多远？,2021/1/9,AD007,0
大众在电车受挫是对分分钟做电车的回答,2021/1/9,shunderen,19
看完et7的发布会，感觉车越来越像手机了。。。,2021/1/9,noocoo,8
150度电！,2021/1/9,safari,9
新款model3没收音机了！！！,2021/1/8,liruia,23
标续Y续航太少了吧,2021/1/9,Moondancer,16
蔚来是铁了心做豪车了,2021/1/9,wuxiao,16
新能源汽车对应手机市场的未来,2021/1/8,lakaka,22
是我共把马斯克扶上了全球首富？,2021/1/8,szhan46,16
选新能源汽车，一定要安全第一,2021/1/9,peppa1,3
老马观点精选,2021/1/9,hondooo,10
海南省要推氢燃料电池？,2021/1/9,qtpr,9
也有人说这个150kwh就是宁德的半固态电池  真假难分啊,2021/1/9,fzf,1
150度电池巡航1000,2021/1/9,dawei78,8
[讨论]自家电池保养soc在20-80%最佳,2021/1/9,roffy,1
150度电池来了,2021/1/9,Arial,17
开始攒钱，明年底上150度电的et7,2021/1/9,wuxiao,2
我现在在看蔚来现场直播,2021/1/9,xiaoweiwang,3
蔚来发布旗下首款豪华轿车et7，参数惊人,2021/1/9,AFP,21
蔚来ET 7卖多少钱,2021/1/8,smallstones5,31
又有8位行业顶级精英同时成为好汉车主！,2021/1/9,sirius0777,11
很烦蔚*这种崇洋媚外的公司。,2021/1/9,mingongjia,17
创造营2021蔚来会场,2021/1/9,fuzzytail,9
不懂就问——为什么外国联合起来干中国？,2021/1/9,factisdark,6
Y有真皮配置吗？,2021/1/9,chinanirvana,2
但是比亚迪四儿子的后台老板和前台的销售实在是太操蛋了啊,2021/1/8,beijinhe,8
求助，家里一层拉线，如何接线。,2021/1/9,dahailantian,10
电车必须有全景天窗，而且必须有遮阳帘儿！,2021/1/9,AD007,3
美国国家公路交通安全管理局对特斯拉失控加速的调查报告出了,2021/1/9,junopapaya,3
气温低真的对充电有影响,2021/1/9,llvm,7
现在汉什么优惠，知道的来说说呗,2021/1/8,whiteater,6
Model Y不太像SUV啊,2021/1/9,suoluosi,1
特斯拉这么热，售后跟的上吗,2021/1/9,googleask,13
小鹏WLTP续航38折,2021/1/8,heavenFeel,20
叫小鹏跟美国人姓福特有什么本质区别,2020/11/26,keler,29
y的前背箱也太大了！,2021/1/8,Rumba,26
特斯拉没备胎,2021/1/6,aloneever,80
十多万的那个性价比高？,2021/1/9,musclefans,8
威马最符合本版价值观,2021/1/8,hig,42
上午去试驾了一下,2021/1/9,asing,0
在新能源赛道电动一哥又走在了时代的前列,2021/1/9,yubing,1
蔚来的车都太大了,2021/1/8,shunderen,22
传蔚来轿车内饰吊打7和S（by蔚来车主）,2021/1/8,WanKe,5
特斯拉model 2要来了？,2021/1/8,Arial,22
就马斯克这觉悟，特斯拉又要大卖,2021/1/8,reachstar,28
版上有没有提好猫的车主,2021/1/9,imbjer,1
国家电网热衷于搞换电，没准就是未来的归宿,2021/1/9,salsalover,3
modely的后排太差了,2021/1/5,c1022189,63
谈电动车的革命，早了点,2021/1/8,tclj9,19
马斯克：六年前传统汽车行业高管们对特斯拉态度傲慢，不屑一顾 ,2021/1/9,AFP,0
不买model-3和model-Y的理由：没有仪表盘,2021/1/8,DavidKING516,48
冻透了的车，如何提高充电效率。,2021/1/9,yakov2018,3
7座Y最后一排堪称史上最孤独的汽车座位了吧？,2021/1/8,bmulp,9
Re: 指标快到期了，是不是找人过下户倒一下也可以？,2021/1/9,原帖已删除,5
求推荐落地15万以内续航长的车,2021/1/1,Dingshuding,22
必须开满三年，车牌号才能永久保留吗？,2021/1/8,waitingc,8
国内长续四驱Model Y贵了？,2021/1/8,xiaomeng,19
成功地第一个吃螃蟹的都是值得尊敬的,2021/1/8,hulafly,31
试乘和试驾了aionV,2021/1/6,dsf008,17
新上牌的车主，新能源号牌排到什么开头了？,2021/1/9,zanyman,3
Model y的测评来了 对比车型q5 蔚来ec6,2021/1/8,wangkuo111,34
求助咨询是否切换为家庭排队摇号！感谢指点迷津！,2021/1/8,edmcbain,3
据说蔚来的150度电池是固态电池？,2021/1/8,spinage,5
Model Y 7座新谍照,2021/1/8,chou,16
NioDay都会发布啥？,2021/1/8,yakov2018,21
入手了分期5年的NP,2021/1/8,yakov2018,2
允许提前开机热车，却不允许不熄火锁车？,2021/1/8,djshaofei,3
插卡的私桩，可以买车电包用电打八折吗,2021/1/8,icesoso,1
zz某车评人的言论,2021/1/8,stoneyq,0
特斯拉和蔚来的争论本质上车企发展战略之争,2021/1/8,taibai888,77
宁德时代旗下工厂爆炸，现场蘑菇云啊,2021/1/8,tclj9,10
Re: 剩余续航107km,2021/1/8,原帖已删除,3
汉去年一些优惠措施取消了？,2021/1/8,chinanirvana,5
长安的，出来冒个泡，咨询,2021/1/7,loveorange,30
Y的单电机、双电机区别在哪里？,2021/1/8,smallbeatle,14
蔚来的卖服务策略是必然失败的,2021/1/7,qtpr,39
有地库有私桩长续航短里程的电车使用环境等于作弊,2021/1/8,xiaoweiwang,0
苹果与韩国现代汽车集团正在就开展汽车合作进行谈判 (转载),2021/1/8,Vinney,1
红旗E111发布，轴距2990，售价18万起,2021/1/7,ble,9
比亚迪秦ev三万公里损耗25%被告知正常,2020/11/1,dawei78,137
请问京东上买的充电桩 能支持老款EI5吗？,2021/1/8,sinQ,1
为什么特斯拉的新车降价被说割韭菜？,2021/1/8,Heero,16
请教各位，本人在海南，买纯电车在冬天续航会衰减吗？,2021/1/8,luxun123,10
海南放开新能源汽车限购,2021/1/8,zongzili,7
长安，自己做了满放满冲测试,2021/1/8,loveorange,1
要是国产车的外形也长成这样，是不是会被喷死,2021/1/7,djkstra,26
新时代的齐人之福，就是家里有一油一电,2021/1/8,CQJN,0
特斯拉Model Y新增标准续航版 售价仅22.14万,2021/1/8,AZTU,17
美国已上架后驱标续增强版Model Y，中国也不会太久了,2021/1/8,antzzz,48
荣威为啥新款比老款配置还低了,2021/1/8,niuhuahua,5
想了一招让顽固不化思维僵化的老司机们瞬间适应单踏板操作,2021/1/8,knut,3
北京最冷的这两天model3实际电耗体验分享,2021/1/7,gjsyd,24
蔚来此刻准车主和老车主要造反吗？,2021/1/6,Pinkiller,86
指标能不能延长首都之窗给回复了,2021/1/7,sushenxiaoyu,17
太真实了，眼睁睁看着变韭菜啊。。,2021/1/8,touyuan,8
Re: -21度也没啥,2021/1/8,原帖已删除,31
[讨论]新能源车真的贵，如果有企业抓住机会做15万的新能源。可,2021/1/5,ok9969996,13
增加3000美元选装的model y 7座版增加了以下东西,2021/1/8,AFP,0
夏天电车的空调费电吗？,2021/1/7,icesoso,9
Aions，25折续航，虚标王,2021/1/6,liuyaozong,17
今天车停地面1小时，不关空调,2021/1/7,xiaoweiwang,10
[求助]有没有必要假离婚来搞两个电车号？,2021/1/4,ming1228,17
热泵空调的车主们，你们还好吗？,2021/1/7,sirius0777,14
18年e5充电多充好多,2021/1/8,leemark,3
特斯拉超级充电站收费标准,2021/1/8,cnppc,6
毛豆歪要第二季度才能发货了,2021/1/8,parabola,1
基本上没人买北汽了吧,2021/1/7,im9527too,45
国产特斯拉Model Y或降至26万 券商研报显示当前毛利率30%,2021/1/8,cnppc,1
早上出门耗电9%，晚上回家耗电4%。。。。,2021/1/7,Svensson,13
现在买车合适么…,2021/1/7,urxx,8
国产特斯拉Model Y或降至26万 券商研报显示当前毛利率30%,2021/1/7,taibai888,21
特斯拉Model Y长续航版起售价为4.8万美元,2021/1/8,fatcat,1
比亚迪 “明”,2021/1/8,chou,4
去年十一定的3，现在切Y，三月前提不到车，订金是不是作废了？,2021/1/8,bazz1982,0
关于2021年小客车指标总量和配置比例的通告-家庭摇号新政,2021/1/7,bitele,4
8小时，13度电竟然没充满。。,2021/1/8,Phaistos,0
tesla一年50W辆 为什么只在中国失控,2021/1/6,Qlala,10
展厅体验了Y感觉不错有点遗憾,2021/1/7,Moondancer,12
差点定了2.98万的奔奔，幸亏仔细看了下配置。,2021/1/4,factisdark,18
今天特斯拉放库存了,2021/1/7,dell2009,10
脚法区别真的挺大的。,2021/1/6,googlestyle,37
为什么特斯拉总能找到借口?,2021/1/7,ble,34
byd终于同意换电池了,2021/1/3,zwjwswjwz2,34
经过这次寒冬，你觉得多大电池够用？,2021/1/6,yubing,61
刚才帮一个同事打人保救援电话,2021/1/7,stoneyq,9
汉的后排空间也一般啊,2021/1/7,noocoo,3
主题:明天走京哈去趟宝坻，走个来回会有问题吗？ (转载),2021/1/7,wujizhang,3
那位不用空调，冬天续航只打九折的哥们呢,2021/1/7,west,35
五万以内预算买辆小车选择只有宏光mini？,2021/1/5,content,23
Model Y的7座版,2021/1/7,chou,16
发现五菱mini ev相当高啊,2021/1/7,unknownzerx,2
ES6这后排长度是真的吗？37cm,2021/1/6,ywsxyy,26
大家对洋人的容忍度太高了,2021/1/6,tclj9,125
比亚迪e5今天续航尿崩了，1.8km用了3%的电量！ (转载),2021/1/6,newssmth,10
model3 开不开ac感觉没差别啊,2021/1/7,iRonaldo,4
Re: 搞自动驾驶的一般识别前车的车速吗？,2021/1/7,原帖已删除,0
2021款Model 3零下26度热泵表现。,2021/1/7,ttl,33
比亚迪元这两天续航,2021/1/7,fengwudian,3
EC6用车感受,2021/1/6,JAJ,69
作为比亚迪汉的车主，墙裂建议选model Y,2021/1/4,playmobil,41
再来次啪啪啪测试吗？,2021/1/7,taokongle,1
有开上比亚迪汉ev的吗,2020/12/14,djiabei,48
蔚来李斌：蔚来不降价是因为卖得太好了 (转载),2021/1/7,AFP,18
喏，看看啥叫服务贴心,2021/1/7,hulafly,94
早上一辆蓝牌e6在二环主路趴窝了,2021/1/7,donnie125,9
2.5折，表显100km实际行驶25KM,2021/1/6,wuxiao,13
带母上大人看了Y真车 母上大人不满意！,2021/1/7,parabola,24
liuzhe2017被取消在GreenAuto版的发文权限,2021/1/7,deliver,0
威马汽车12月的销量为2588辆,2021/1/7,tclj9,4
家庭唯一新能源车辆卖掉之后指标能保留多久,2021/1/7,house2004,2
【区长点评】：割老韭菜的特斯拉和割新韭菜的蔚来,2021/1/7,lecco,17
老款荣威EI5电池太弱了,2021/1/7,hxlin,7
1.1 下午一点半订的model Y 蓝色大概什么时候能提车？,2021/1/6,asdaasda,8
谁能系统解释一下特斯拉FSD和AP分别有啥功能啊？,2021/1/6,tangcu123,20
Y到底多大,2021/1/4,sodayou,73
真没有空调么,2021/1/7,consw,1
新能源车 私人间过户 需要二手车交易发票吗,2021/1/3,wangcnk,25
三元锂电池自燃如何逃生。,2021/1/7,mingongjia,0
小狐狸涨停了，日了狗，没买,2021/1/7,qian272,2
蔚来要出铁力版了？,2021/1/7,Rodimus,2
Re: 谁提的全球气候变暖,2021/1/7,原帖已删除,0
现在网约车王者是什么车型,2021/1/7,davidta,7
做技术朋友对某新势力断网的分析，很有道理，分享给大家。,2021/1/6,chaodide,30
中关村这停车场,2021/1/7,xulongshm,1
比亚迪秦EV450，开车空调7-8分钟才制热是通病还是要去修了？谢,2020/12/30,fengwork,9
这天户外充电影响大吗,2021/1/7,googleask,7
"放眼望去，排队上牌大多是m3,而且黑色",2021/1/7,bj798,19
国产老车极寒条件续航汇报！,2021/1/6,erVShb,7
昨天开到9%，电车弊端和人性本质啊，无奈,2021/1/7,echobin27,1
电车在这天气是否最好关掉能量回收？,2021/1/7,coldflame,10
犹豫model y和刀片唐 安全比较,2021/1/5,nowait,81
宿命，这就是宿命,2021/1/7,xiaoweiwang,1
别急买model y，年底的4680无极耳电池绝对值得等,2021/1/7,aoliao,25
油车冻得快打不着火了,2021/1/7,wakesman,6
电池工艺必须要改进了,2021/1/7,xiaoweiwang,2
这才是真爱啊,2021/1/7,dreambovey,22
决战电耗光明顶，200电耗，还有谁？,2021/1/7,Simply6,3
汉低温续航,2021/1/6,wuxiao,6
有经验的说一下，家庭积分54，今年申请家庭新能源有戏吗？谢谢,2021/1/5,jyswpp,7
随机编号选到了尾8的号,2021/1/5,bj798,12
电车和手机市场一样很快经历大量倒闭潮。,2021/1/6,mingongjia,2
新能源AA的号，不满一年换车，号能保留吗,2021/1/7,NEX5,2
买造车新势力的车，首要风险,2019/4/14,Devide,8
今天电车都没出来？,2021/1/7,zhangjunx,4
请教下蔚来退订单损失大吗,2021/1/6,Rodimus,29
零下18度，有电耗低于30的嘛？,2021/1/6,keler,27
Re: 买汉的还是多,2021/1/7,原帖已删除,0
冬天续航折扣还是太大,2021/1/7,djzero,0
问一下本版有没有开威马电动车的。,2021/1/7,superbalic,0
在北京，买插电混动（PHEV）的车要购置税么？,2021/1/5,adiaa,12
两头没地库，好烦,2021/1/7,beijinhe,2
这天气怎么没有平台搞个电动车续航大比拼,2021/1/7,choupixiong,7
蔚来到底算什么档次？,2021/1/4,fuzzytail,68
model y的ncma电池会不会是小白鼠,2021/1/7,zhpx,1
有老司机今天早上挑战一下不开空调吗？,2021/1/7,MyNameIs007,10
天太冷，充电还是比较愁人,2021/1/7,human,1
EC6定位是有问题,2021/1/6,smallbeatle,37
听说宁德时代镍55电芯只冒烟不着火？,2021/1/7,gen9,2
记零下18度，颐堤港m3充电,2021/1/6,bj798,22
今早看到6-7辆电车趴窝了,2021/1/7,xiaoweiwang,1
麻烦大手子帮忙算下家庭分,2021/1/6,Daddypigge,3
昨天aions真实用电量达到百公里30度！,2021/1/6,MacDull,5
特斯拉根本抢不了BBA的市场,2021/1/6,hig,42
Re: 无脑下单订了model y，准备当韭菜,2021/1/7,原帖已删除,3
最新汉ev电耗,2021/1/7,WangXW,1
通勤单程50公里，两面都有桩，是不是买电车合适？,2021/1/7,urxx,8
Re: 京牌model3标续全新车出租,2021/1/7,原帖已删除,13
电车油车纠结咨询,2021/1/3,tokyopgb,21
纯个人观点，不求苟同,2021/1/5,stoneyq,107
轿车高度超过1460mm，比例就不协调了,2021/1/6,GXN,5
这两天低温，室外停放的车怎么样？,2021/1/7,russain,1
北京是不是应该冬季给电车发点充电补贴呢,2021/1/7,icesoso,3
今晚零下20，露天的车如何是好？电池撑得住吗，需要盖个被子吗,2021/1/6,Charity22,10
重磅！比亚迪推出新车“夏”,2021/1/6,jinAGE863,50
JD Power质量排名 PP100,2020/6/25,dolphinlang,12
夫妻更名,2020/12/23,linyx99,15
我靠，我的北汽充不了电了，是因为太冷吗,2021/1/6,adds12345,1
汉12月销量12089台，唐4699，唐还需加电,2021/1/6,YSharp,38
地库里停车状态，开半小时空调和座椅加热，掉了10公里,2021/1/6,goalgoalgoal,0
晚上十点半，零下18度，开8公里，续航下去20公里,2021/1/6,kroneck,2
说说小鹏G3的用车感受,2021/1/6,wypj,8
万泉河路上趴窝了一辆公交,2021/1/6,orsay,0
已经零下21℃了,2021/1/6,fengwudian,1
"这暴雪,爽",2021/1/6,leoputin,12
BYD外形设计：邯郸学步、东施效颦、快成四不像了。。。,2021/1/6,DavidKING516,19
今天这个温度也没问题无压力,2021/1/6,leonidas777,2
本群全是特斯拉的水军！！！！！！！！,2021/1/6,gds,4
今晚-20，没人去跑5环做极端低温续航实测了？,2021/1/6,motog,0
不到四折了今天,2021/1/6,JINKLA,14
特斯拉可能停止采购宁德时代磷酸铁锂电池,2021/1/6,sunlustre,19
蔚来承包宁德时代一条磷酸铁锂产线？回应：不予评论,2021/1/6,glamerick,3
惨惨惨,2021/1/6,pipr,1
订了腾势X phev经典,2020/12/30,phoenix0425,74
今天零下18度，开着空调，电耗已经到50.6度/百公里了，缩水2/3,2021/1/6,fengwork,6
买了改款model3，春节前提车,2021/1/4,Michelle06,120
Re: 好悬,2021/1/6,原帖已删除,1
半天才搞明白怎么登记e-star预售,2021/1/6,Grandpa,0
零下17度，颤抖吗？,2021/1/5,keler,30
零下18度，毫不畏惧！,2021/1/6,xiaoweiwang,3
媒体天天瞎咋呼，今天低温没那么邪乎,2021/1/6,reachstar,14
汉咋样，有尿崩的吗,2021/1/6,orsay,20
最低气温开始倒计时了，各位挺住，挺住,2021/1/6,xiaoweiwang,0
今天有多少电车趴窝了？,2021/1/6,stoneyq,13
Re: 小鹏P7续航被暴击,2021/1/6,原帖已删除,7
夏天开空调冬天开暖风动能回收都会减弱,2021/1/6,fowler6325,0
国信证券：Model Y 当前毛利率 30%，有望下探至 26 万,2021/1/6,AZTU,2
长城汽车大力发展的混动汽车，有没有前途？,2021/1/6,hang,3
据说唐要出增程款,2021/1/5,qtpr,44
零下17℃的电耗也就这样了,2021/1/6,dolphinlang,0
北京应该大力发展氢能源，上海已经行动了,2021/1/5,bjlccl,39
特斯拉冬天动能回收无效了,2021/1/6,modelx8808,16
今年是有2.1万个号？,2021/1/6,zixingche,0
特斯拉蔚来谁在割韭菜？,2021/1/6,stoneyq,29
国网快充桩，byd的电流怎么才20，旁边的吉利是50,2021/1/6,shellmeng123,11
新能源绿牌在任何城市都不限行,2021/1/6,LeonTang,5
国信证券：国产Model Y毛利率30％，有望降至26万,2021/1/6,wq07,3
为什么会有企业把后期服务作为汽车的卖点,2021/1/6,lakaka,36
电动车取代不了汽油车,2021/1/6,victorzf,11
电动车的底盘做工之类的什么时候能赶上来,2021/1/6,monu,26
个人42万排名，按照新规则要排多少年呢？,2021/1/6,Rabbit5D,5
请教一下家庭指标审核,2021/1/6,Daddypigge,6
特斯拉回应车辆失控冲进商场厕所：事发路面积水ABS功能正常启动,2021/1/6,qq840024698,1
为啥要买特斯拉和合资品牌,2021/1/6,CRH11,9
model y的生化武器防御模式挺有意思的,2021/1/6,Rodimus,3
明天去验车上牌，今天抱抱佛脚,2021/1/6,CQJN,2
唐ev与宋pro plus,2021/1/6,lvvvvv,4
买特斯拉还是慎重，同价位舒适性最差,2021/1/6,AD007,9
100万以下的车,2021/1/6,CanDo,0
慢充桩的实际效率,2021/1/5,zwjwswjwz2,5
蔚来最大的问题是研发投入太少,2021/1/5,asing,30
油车和电车全生命周期谁费用高,2021/1/5,BA43B09F0725,15
地库才是真正的爸爸,2021/1/6,Svensson,10
五彩城有Y展车吗？,2021/1/6,biubiu02,1
欧拉好猫怎么样,2021/1/6,Charryniu,6
哎，比亚迪又限快充功率了,2021/1/3,jlstmac,165
天寒地冻，诸位今日电耗如何？,2021/1/6,garfieldking,4
特斯拉FSD完成了从旧金山到洛杉矶的全程无人工干预自动驾驶,2021/1/6,catherineyun,3
[汽车][混动][电动][新能源]伤害性不大，侮辱性极强，600元实现,2021/1/6,Frank666,2
22年5月排到电车号，y可以到30吗,2021/1/6,ztbit,1
长安蔚来已经启动招聘，高端定位对标江淮蔚来。,2021/1/6,mingongjia,3
去哪里投诉蔚来最有效果？,2021/1/5,chshch,103
Re: Re: 蔚来李斌：特斯拉想做下一个大众，蔚来想做的是BBA,2021/1/6,原帖已删除,16
电动四驱和后驱区别,2021/1/5,iamdady,7
能不能不要再提刀片了？刀片仍是磷酸铁锂,2021/1/6,slippercc,7
安装一个汽油加热器啊,2021/1/6,zuigao,7
从大众电车贴说起,2021/1/5,shunderen,1
买电车不考虑残值吗,2021/1/6,joshhartnett,18
特斯拉还有多大的降价空间？,2021/1/6,arouz,6
应该装哪种充电桩好？,2021/1/6,driftering,5
刹车失灵的特斯拉车主 是自己保险处理的 还是厂家私下有沟通,2021/1/6,davyfl,1
市交通部门6月份公开征集意见的政策优化方案,2021/1/6,thisisshuimu,1
Re: es8也在测华为的激光雷达,2021/1/6,原帖已删除,10
新能源股价,2021/1/6,zxy1314,0
忽然想到新能源赚钱的新方式,2021/1/6,speeper,10
今天这种温度，热泵也白搭,2021/1/6,wuxiao,1
[电动]从长安逸动过度到长安奔奔的心路历程,2020/12/28,KBKATE,55
又一起 特斯拉疑失控撞向洗手间,2021/1/5,DriftKing,8
大家来说说市面上的11kw充电桩吧,2021/1/5,Coziness,19
家庭积分如何计算？大佬们,2021/1/6,thisisshuimu,0
刚刚看了一个model Y车主的评测,2021/1/6,tcwyzhf,1
年底更热闹，苹果、华为、恒大的电车都出来了,2021/1/6,AD007,1
特斯拉是三体文明，苹果车是歌者？,2021/1/6,Castrol,2
家和单位都有地库的话，北方冬天续航打几折？,2021/1/5,tjzw,4
"周末试驾了威马ex5-z, 不知道其后续的服务如何？",2021/1/4,yihang0217,42
tesla续航达到3000公里时，是不是就没油车什么事了,2021/1/6,wordsword,5
﻿有牌照，选油车还是电车？,2021/1/5,BA43B09F0725,2
新能源汽车大战成都街头,2021/1/6,googlestyle,0
比亚迪12月销量出来了,2021/1/5,spare,9
特斯拉Model Y的续航可信吗,2021/1/5,iGeek,5
如果现在全国电动汽车占比达到60%,2020/12/29,peppa1,8
看了下特斯拉官网，已经说自己是完全自动驾驶了？,2021/1/6,mafama,1
tdzceshi12被取消在GreenAuto版的发文权限,2021/1/6,deliver,0
咨询21年中标的指标有效期,2021/1/4,totelcn,7
小娴入职理想了,2020/12/24,hig,32
蔚来为啥2年了还搞不定一个网络问题。这公司有技术吗？,2021/1/5,chaodide,15
大功率直流快充的充电枪电缆太沉了,2021/1/5,ntstar,1
Re: 大众电动车为啥那么落后呢？,2021/1/5,原帖已删除,36
北京地区2021款唐EV已经交付了,2021/1/5,sirius0777,6
请教北京新政后，电车和油车可以同时排吗？ (转载),2021/1/5,zrm,4
明天要不要穿秋裤,2021/1/5,bati9527,6
北京新能源排队，新组的家庭排队会插队么？,2021/1/5,remix0828,5
电车的使用成本会越来越贵的,2021/1/5,tclj9,8
一家三口无车家庭排号十年积分114求建议,2021/1/5,house2004,12
[讨论][汽车][电动]特斯拉软件投屏APP TeslaMirror同时支持安卓,2021/1/5,Aladin2021,0
现在8w档还有真香系列吗？,2021/1/5,yeguo,3
极狐这名字取得有点妖,2021/1/4,modelx8808,12
配偶外地户籍有居住证社保不满五年，不能添加为其他申请人吗,2021/1/5,miaolianhua,2
填错信息了，可以取消申请重新填写提交吗,2021/1/4,hbqcysj,4
断网属于质量问题可以退车了吧，正好买model y。,2021/1/5,chaodide,0
model y这种大天窗且无遮阳帘的车夏天怎么办？,2021/1/5,DeamonHunter,4
woow被取消在GreenAuto版的发文权限,2021/1/5,deliver,0
新人求助，都通过哪些软件找充电桩？,2021/1/5,lwang01160,3
有必要等两驱Model Y吗？,2021/1/3,xiao777,17
预约充电应对明天极寒天气,2021/1/5,xiaoweiwang,5
Re: aion v现在优惠多少？有车友群吗？,2021/1/5,原帖已删除,3
求教一个新能源排号的问题（可能只有我遇到了）,2021/1/4,vforvictory,3
近年新出的特斯拉跟国网充电桩兼容性如何？,2021/1/5,driftering,10
modelY四驱版和model3性能版怎么选？,2021/1/5,sunlustre,20
家庭积分的计算，之前是普通摇号，19年转新能源,2021/1/5,smallpig2000,2
电车技术更新太快，心理如何平衡？,2021/1/4,aoliao,40
请问自编号,2021/1/5,hzygsz,0
问下15年买的日产聆风现在能值多少钱,2021/1/5,joshhartnett,10
用一年工资买辆Model Y可以么？,2021/1/3,timonium,35
特斯拉的通稿，瞄准的是燃油车市场,2021/1/1,Arial,19
BBA的电动车哪些值得买的,2021/1/5,jiuo,12
如果今天3改y销售说预计要排到3月提车了,2021/1/5,liii,6
元旦提了蔚来es8,2021/1/5,rubicsr,50
关于2021年小客车指标总量和配置比例的通告，4万多再等2年？,2021/1/5,smsqwater,9
这句话到底怎么理解呢？,2021/1/5,xiaojili,3
3的订单取消了 钱转到Y单了,2021/1/5,parabola,8
现在插电混动的选择非常的少？,2021/1/4,tedxyz,5
model y会用LG和宁德时代两家的电池？,2021/1/5,Arial,15
电动车的高频噪声感觉明显比汽油车多啊,2021/1/4,GMCEXT,19
电车不装电桩可以直接充么？,2021/1/5,pauljan,5
新能源车过户，坐标北京，哪儿办比较好？,2020/10/21,camcorner,5
为啥model Y 美帝售价明显高于天朝,2021/1/4,dreamr,36
摇号家庭积分156分,2021/1/5,CASTRaul,5
小白问，电车一般多久保养？,2021/1/5,Findest,3
咨询个夫妻过户,2019/8/30,yaoqiyuan,10
选择model Y还是国产新势力的逻辑很简单呀,2021/1/4,dreambovey,26
三年过渡期，为什么2023年个人指标就是20%了,2021/1/5,bugrpsor,2
快提车了，求助全面的选号经验,2020/12/12,bonushunter,14
今年指标准确数量出来了，竟然有出处,2021/1/4,zhaijianxi,13
帝都就不能对产地或制造基地在北京的电车补贴吗,2021/1/5,fengwudian,7
m Y还会再降价吗？,2021/1/4,Rumba,21
谁去看了Y的实车，给说说做工和3比如何？,2021/1/4,AD007,10
有指标过期还可以继续使用的成功案例吗？,2021/1/1,FunnyLife,12
求教新能源排队的问题,2021/1/5,metalic,3
组家庭摇号后，指标落在主申请人身上吗？,2021/1/5,chrissy1019,1
[讨论]突然想到......油车以后会有收藏价值吗？,2021/1/4,ok9969996,11
小鹏销量造假,2021/1/4,HappenRoc,13
饿,2021/1/5,henhenhahi,0
锂电池电芯的价格真是已经相当便宜了,2021/1/4,fatcat,7
新能源车冬季续航打七折怎么了,2021/1/5,poshboy,5
Re: Re:特斯拉再失控，这次脚踏板都拍视频了，还怎么抵赖,2021/1/5,原帖已删除,92
新能源每年都是6万吗？,2021/1/4,meisme,6
谁知道保时捷的市值是多少吗？,2021/1/5,googlestyle,7
如果不加“智能包”，蔚来连ACC都没有,2021/1/4,moemo,41
什么时候才能知道自己家庭积分是多少,2021/1/4,meirenai,3
电化毛玻璃技术为啥不用在全景天窗,2021/1/5,bluecome,2
个人轮候次序不再保留,2021/1/4,cjzhao,8
刚跑去摸了摸model Y,2021/1/4,Suporbb,20
关于蔚来智能化的疑问,2021/1/4,Shelchin,124
这个版没人说说taycan的使用感受么,2021/1/4,bilander,12
Model Y后驱短续航才是真正的杀手,2021/1/4,yehorse,17
增程式电动车实际应用,2021/1/4,googlestyle,0
这个Model Y测评有意思，智能召唤、自动辅助驾驶、红绿灯自动停,2021/1/4,iPhone6L,0
占电车成本接近一半的电池，平均每年降价20%。,2021/1/4,mingongjia,0
特斯拉质量也没有特别差嘛,2021/1/4,dolphinlang,9
新的摇号系统切换指标类型的入口在哪？,2021/1/4,lututulu,2
特斯拉在看不到的地方很厚道，消费者果然不是傻子,2021/1/4,windforce09,8
发几张汉充电的图，新鲜出炉,2021/1/4,lanseme,4
关于特斯拉做工,2021/1/4,marlene194,17
零下20度电动车会抛锚么？,2021/1/4,zhizhizz,1
特斯拉推送：干得漂亮,2021/1/4,modelx8808,4
要不要退定金去买model Y,2021/1/4,justdoit777,29
Re: 我帮李斌想了一个比较好的回答,2021/1/4,原帖已删除,3
请教个关于指标保留的事,2021/1/2,abbc,4
汉提车了，在南方绝对是好车,2020/12/28,playmobil,8
指标24430，今年是不是没戏了,2021/1/4,alphones,6
新能源轮候积分疑问？,2021/1/4,xiaojili,11
Y太丑了，怎么看怎么丑,2021/1/4,googleask,11
毛豆y把21款唐ev搞尴尬了吧,2021/1/1,stoneyq,34
订了Model Y,2021/1/3,fain,7
guanshuit被取消在GreenAuto版的发文权限,2021/1/4,deliver,0
jlstmac被取消在GreenAuto版的发文权限,2021/1/4,deliver,0
汽车行业今后跟手机一模一样的。,2021/1/4,Wuxinzhe,15
贴膜是应该验车上牌之前还是之后呢？,2021/1/4,justthinking,5
Y用的那家电池,2021/1/4,googleask,3
比亚迪的车是不是都这么佛系,2020/12/7,guancs,15
目测五月份汉ev优惠4w，重现秦pro，唐ev，宋pro的老路,2021/1/4,GXN,9
没人关注NCMA四元锂电池吗？下半年又是一场大革命,2021/1/4,aoliao,19
求推荐紧凑型七座新能源，预算20,2021/1/4,bigpigg,10
蔚来宣布将在1月9日发布旗下轿车新品,2021/1/4,AFP,35
特斯拉最大的优势是独资,2021/1/4,TDK1,1
毛豆Y 1.1中午提交的，晚上才付订金,2021/1/4,redor,0
北京提车和验车上牌能一天搞定么？,2021/1/4,lwang01160,1
新能源小车是不是下一个增长点？,2021/1/4,ntstar,11
新能源厂家能否借鉴小米的快速充电技术？,2021/1/4,bmulp,0
[求助][混动][新能源]唐大妈问题请教,2020/12/30,bennettma,11
Y和汉选谁？,2021/1/1,chinanirvana,70
Re: 汉 EV功能受限 什么情况？才开3天，里程300KM.....直播修车,2021/1/4,原帖已删除,48
Model S何时降价？,2021/1/4,twinstarking,4
上次填完新能源申请这次还要从头填写吗,2021/1/2,xiongmeimei,10
商场看到了理想湾展车,2021/1/4,Moondancer,9
特斯拉的suv就不能设计成正常的,2021/1/4,tclj9,11
77kw电池的model Y如何能做到594km的necd续航？？,2021/1/4,hulafly,26
Model Y是SUV？,2021/1/4,syr,4
虽然1号就跟交付确认提车了，但model 3改款这个内饰,2021/1/4,liii,1
在这爆单的时候，tesla销售打电话问我要不要提之前定的3,2021/1/4,justthinking,4
10个小时10万辆订单就崩了的车企,2021/1/4,bravapple,15
新能源补贴下降趋势？,2021/1/4,zhaijianxi,1
如果对比国轩高科的市盈率，宁德时代还能涨一倍,2021/1/4,wormvirus,1
侧气帘有必要吗？中配和低配区别。,2021/1/4,dahailantian,4
说实话，model y 34w国产完全是预期的价格啊,2021/1/4,somebody,26
model y 和x都有那些区别,2021/1/4,piloot,0
特斯拉Model Y 七座第三排有点窄,2020/2/23,yaodavid,51
Y的尺寸,2021/1/4,twinstarking,8
卖车后更新指标需要多久通过审核？,2021/1/4,CanDo,4
Re: 十倍谢谢蔚蓝黑，越骂越涨,2021/1/4,原帖已删除,2
byd的保险费太贵了，能否出门就退了,2021/1/2,longxiahao,8
特斯拉怕成为HTC，8848钛金汽车只是被附带伤害,2021/1/4,Castrol,0
最近纯电有什么推荐的SUV,2020/12/25,Lazy250,29
特斯拉已经从“功能机”升级为“智能机”？？,2021/1/4,twinstarking,3
小鹏还要造飞行汽车？牛皮越吹越大了，先把电池突破了吧,2021/1/4,nikezhang,0
一个特斯拉销售发的关于model Y,2021/1/4,bmulp,5
Re: 家庭积分46分今年有戏吗？,2021/1/4,原帖已删除,5
毛豆Y的门缝比毛豆3大了两三倍,2021/1/4,cyberphoto,6
油车最担心的事是不是这样？,2021/1/4,johanson991,1
特斯拉：降价一点都不过瘾，老子直接下场开干,2021/1/3,tj343,13
汽车之家蔚来论坛满屏转订单,2021/1/4,yuandao888,6
model Y的第三排,2021/1/2,chou,13
蔚来的终身免费换电,2021/1/3,hig,41
看了一下韩国网站 上了Y 没改3 平衡了,2021/1/4,parabola,1
新能源个人排名16000多，明年肯定没戏吧~~,2020/9/14,wangln843,11
小鹏12月销量出来了,2021/1/4,zthenry,18
FSD新版什么时候推送啊,2021/1/4,wangstone,4
求问大家几何C++都在哪里验车的啊，现在实在不敢去顺义那啊！！,2021/1/4,bitwang,0
特斯拉最厉害的地方不是自动驾驶，而是,2021/1/3,yehorse,117
国产Model Y今年没能上市？,2020/12/31,flybox,3
特斯拉大降价只是说明它不行了,2021/1/3,ember,10
这个Y后备箱有点夸张,2021/1/4,gen9,1
等100度电的Y,2021/1/4,yeludaoge,5
小鹏汽车ceo何小鹏：特斯拉价格战是把双刃剑，对小鹏没影响 (转,2021/1/3,AFP,20
arcfox总裁发言谈论model Y,2021/1/3,hondooo,74
充电桩好像冻坏了！！不亮了,2020/12/29,higuy,9
有人提了欧拉好猫吗？香不香？,2021/1/3,cashrock,2
作为快三年的电车车主，当初10w买国产油改电唯一原因就是,2021/1/4,erVShb,3
所有电车都可以吃火锅，千元内解决。,2021/1/3,factisdark,15
hanmama4321被取消在GreenAuto版的发文权限,2021/1/4,deliver,0
某宝上有卖特斯拉仪表盘的,2021/1/3,cdbdyx,1
昂希诺全程暖风大概只有400续航了,2020/11/22,thwolf,45
啪啪啪大赛排名最后两名的占据了板面,2021/1/3,asing,6
model s何时国产,2021/1/3,hellodx,6
下周三晚上零下18度，没有地库，我的渣5会冻坏吗？,2021/1/3,beijinhe,5
特斯拉真是国产电动车的悲剧啊！,2021/1/3,GoogleGlass,11
下单modely,2021/1/3,isolation,7
国内这么多新能源厂商怎么就没一家走特斯拉路线的？,2021/1/3,seha,10
微信广告推送零跑C11,2021/1/2,ViniciusJR,6
蔚来汽车12月交付量突破7000，全年累计交付43728台,2021/1/3,bmulp,6
理想one跑长途一般是啥模式？,2021/1/3,godeyes,3
为啥没人讨论model Y对理想 One的影响,2021/1/3,sre,11
Model Y 是红外雷达还是升级激光雷达了？,2021/1/3,x97,7
北汽的极狐还卖的动吗？,2021/1/3,xiaoben,17
下周三有-18度极温,2021/1/3,qtpr,7
蔚来下午的发布会说明年上海至少45座换电站，春节前长三角地区,2021/1/3,xxyy0088,0
无法接受隐藏把手和穹幕全景天窗,2021/1/3,AD007,10
特斯拉的安全性到底好不好，懂的来说一说,2021/1/2,Rumba,24
特斯拉陶琳：Model 3增加前排双玻璃热泵等功能,2021/1/2,HappyTian222,11
毛豆三黑化后好看吗？我怎么感觉不如以前镀铬的呀,2021/1/3,xiaoweiwang,0
sport模式和eco模式续航差距很大,2021/1/3,HDDXSQN,0
M3还降不降呀，犹豫,2021/1/3,zmf,5
现在好像没人说马斯克是马跃亭了.......,2021/1/3,alextanguay,9
家庭积分54分，今年能排上吗？,2021/1/2,nemo2013,26
为啥一定要讨论y和ec6呢？,2021/1/3,xiaoweiwang,4
假如Model 3不降价...,2021/1/3,hig,1
对国内某电动汽车的印象,2021/1/3,Biowas,18
大家都在讨论特斯拉和蔚来。请问，这个特斯拉Y，会对小鹏有影响,2021/1/3,shellmeng123,0
Y能凭一己之力将帝都的家庭排电标比例提高？,2021/1/3,nemo2013,2
蔚来的问题不是价格，是续航,2021/1/3,shunderen,28
买这买那，黑这吹那。给了你们多少钱？,2021/1/3,wr8416,2
ec6提车第一天,2021/1/3,shengy,10
特斯拉中间大屏的一个疑问,2021/1/3,wwwlb2002,19
压力最大的不是ARCFOX吗？,2021/1/1,ble,25
下单model y，盲定白色（补上展车实拍）,2021/1/1,woow,22
特斯拉有计划增加外放电功能吗？,2021/1/3,magogogo,3
异地驾照，北京换照后驾照归属咨询,2021/1/3,Coolwind816,2
汉EV 605 零下10度的小长途,2020/11/30,lanseme,39
汉，一直往西开拉去跑山，体感太差了，为啥？,2021/1/2,beijinhe,13
等等党应该咋办？,2021/1/3,Rumba,9
特斯拉 Model Y 实车蓝色，想要白的,2021/1/2,cjjwxyza,2
ARCFOX于立国说的环网架构指的是啥？,2021/1/3,dahuamao,5
理想汽车12月交付6126辆，全年交付32624辆,2021/1/2,chinahuman,9
Re: 想置换m3p了,2021/1/3,原帖已删除,5
34万的国产model Y是磷酸铁锂还是三元锂？,2021/1/3,JoseM,15
y的离地间隙和m3一样吧？,2021/1/3,whyso,2
duf被取消在GreenAuto版的发文权限,2021/1/3,deliver,0
Model3啥时候15万？,2021/1/3,ottll,4
特斯拉就是电动车领域的苹果，迟早会被我们全面超过,2021/1/3,hichess,14
特斯拉的屏幕用起来和苹果itunes一个吊样啊,2021/1/3,woaipinr,3
北汽最不智是做了出租车/网页车,2021/1/3,windforce09,5
新建一个水木毛豆Y群,2021/1/2,pen360,7
魔都据说新能源一车难求？,2021/1/2,ZhangJiang,5
Model 3的销量会不会大跌？,2021/1/3,xingyiding,35
北汽啊，基本上是战略错误,2021/1/2,anotherstone,22
别争了，汽车不是理财产品，是消费品，而且一直在数码化加速迭,2021/1/3,windforce09,2
作为EC6车主也来说两句。,2021/1/1,dongsha,56
一个拉皮m3，一众ds就高潮了,2021/1/2,wuxiao,30
踏实做产品吧,2021/1/3,donnie125,0
新政策下，做完夫妻更名还能继续参加要号吗?,2021/1/3,lianghk2008,0
新能源排号26206，2021年能排到吗？,2021/1/2,guod08thu,6
Model 3把谁干死了？,2021/1/3,hig,2
[讨论]未来的新能源车品牌应该从低价走向高价还是从高价走向低,2021/1/3,ok9969996,0
马应龙很厚道啊,2021/1/3,littlelulu,1
有一个问题,2021/1/3,ok9969996,1
Model 3 长续航版什么时候发布,2021/1/3,googleask,1
刚买3的是不是要骂娘了,2021/1/2,windforce09,9
小鹏还活得下去吗？,2021/1/3,tpeng,7
特斯拉降价那么多次，国产电车反而越卖越多,2021/1/1,shunderen,56
现在订购Y要等多久？,2021/1/2,chinanirvana,2
国企的车怎么可能做得过私企？从供应商那买的料就贵一大截,2021/1/3,wormvirus,1
哪里有modelY真车试驾？,2021/1/2,wuxiao,7
tesmanian：特斯拉model Y降价十小时内订单数超过10万辆,2021/1/2,AFP,16
Re: 2021年新能源指标给营运和单位配额1万,2021/1/3,原帖已删除,11
特斯拉销售人员第一次乘坐到店model Y的反应 (转载),2021/1/2,AFP,10
关于颜色、关于空间,2021/1/2,lii32789,12
特斯拉如果不怎么赚钱，倾销也就倾销吧,2021/1/2,djshaofei,19
特斯拉不是一家汽车企业，而是一家科技公司,2021/1/3,taibai888,0
modle y哪个颜色最好,2021/1/2,zhouxxs,18
买车和买手机不一样吧,2021/1/3,blockstream,4
特斯拉正式公布2020年产量与交付量成绩 (转载),2021/1/2,AFP,3
Re: 挖个坑吧：大家来预测一下Model Y前三个月的销量,2021/1/3,原帖已删除,15
毛车暴降，对所有车品牌都有影响,2021/1/3,grampus,0
现在订y交车预计多久？,2021/1/2,ztfly,7
特斯拉成为街车,2021/1/2,wuxiao,25
bobofly被取消在GreenAuto版的发文权限,2021/1/3,deliver,0
chenmoggg被取消在GreenAuto版的发文权限,2021/1/3,deliver,0
特斯拉model y出世之我见,2021/1/2,sirius0777,35
配偶是外地户籍社保不满五年，需要添加进去吗,2021/1/2,miaolianhua,1
一个有趣的现象,2021/1/2,antzzz,6
卖车外迁，指标什么时候回来？,2021/1/2,bj798,1
今天认识一个开taycan的妹子,2021/1/2,xiaoweiwang,8
byd提车发合格证照片，不给原件，咋整,2021/1/2,longxiahao,9
无私桩，不电车,2021/1/2,dadadidada,5
y感觉像期货，吊人胃口的,2021/1/2,AD007,4
刚降价到34万的model Y是进口的还是上海产的？,2021/1/2,JoseM,2
你们敢呆在电车里面睡觉吗？,2021/1/2,grampus,61
坐等毛豆X,2021/1/2,qiangsir,4
小孩是外地户口，但是父母有工作居住证，小孩可以参加积分吗？,2021/1/2,jumper158,3
比亚迪进步还是很明显的,2021/1/2,shunderen,10
新能源指标2月到期，如果不买车是否需要保个号？,2021/1/2,KevinJuly,1
上海毛豆群有吗,2021/1/2,mmmmwwww,1
害怕811电池吗？更高配比的超高镍电池即将登场,2021/1/2,hondooo,0
啧啧，党让你们拉动内需，结果你们全便宜了马一龙,2021/1/2,wuxiao,6
丰田的纯电动阿尔法有消息没,2021/1/2,semilog,0
Model Y官网价格已更新,2021/1/1,antzzz,138
拧车牌螺丝的时候，要不要蘸一点502，防止螺丝脱落,2021/1/2,icesoso,2
Re:一段关于ModelY的故事,2021/1/2,原帖已删除,1
毛歪肯定还会降，不要着急买,2021/1/2,icesoso,1
转载：Model Y，穹顶天窗爱了…,2021/1/2,hsv,33
我觉得李想的商业眼光还是很准的,2021/1/2,qtpr,5
彻底迷糊了，Y比3好在哪啊？？？？？,2021/1/1,wazgwsmj,17
汉会降价吗？,2021/1/2,chinanirvana,3
btb被取消在GreenAuto版的发文权限,2021/1/2,deliver,0
tony8365被取消在GreenAuto版的发文权限,2021/1/2,deliver,0
littlpig被取消在GreenAuto版的发文权限,2021/1/2,deliver,0
kendrick被取消在GreenAuto版的发文权限,2021/1/2,deliver,0
liudonggmyz被取消在GreenAuto版的发文权限,2021/1/2,deliver,0
hellomars被取消在GreenAuto版的发文权限,2021/1/2,deliver,0
augusterodin被取消在GreenAuto版的发文权限,2021/1/2,deliver,0
caterL被取消在GreenAuto版的发文权限,2021/1/2,deliver,0
Abron被取消在GreenAuto版的发文权限,2021/1/2,deliver,0
wxxt被取消在GreenAuto版的发文权限,2021/1/2,deliver,0
fzf被取消在GreenAuto版的发文权限,2021/1/2,deliver,0
Uraninite被取消在GreenAuto版的发文权限,2021/1/2,deliver,0
gybjcn被取消在GreenAuto版的发文权限,2021/1/2,deliver,0
特斯拉的车标就搞得很犀利，北汽的车标就是猪鼻子,2021/1/2,grampus,8
毛多外，五座改七座,2021/1/2,boomltd,2
定了model y,2021/1/2,jinAGE863,7
手机12123上预选了号码，在正式上牌之前会被抢注吗,2021/1/2,icesoso,0
有退了汉订model Y的么？,2021/1/2,zs016517,11
算了一下，家庭积分70，是选家庭还是等明年，明年个人肯定能轮,2021/1/2,asuslhj,3
国务院办公厅关于印发新能源汽车产业发展规划（2021—2035 年,2021/1/2,stoneyq,0
地下车库安装电桩是不是国家电网同意就可以了,2021/1/2,FourierZy,1
Y有展车了吗,2021/1/2,monkey80,4
枫叶汽车,2021/1/2,chou,0
特斯拉交付顺序是按照下单时间还是付款时间排序？,2021/1/2,davidta,0
这几天哪个牌子帖子多就是哪个牌子心虚了,2021/1/2,cosun,4
3和y的变化,2021/1/1,mengjuzi,9
粗大: 昂希诺和菲斯塔召回,2021/1/2,smth2bbs,5
咱们搞了这么多合资厂，可到底学到核心技术了吗？,2021/1/2,grampus,4
Y出来了，唐ev有降价的可能吗？,2021/1/2,bandmm,9
乘联会秘书长：model Y相比bba等豪华油车销售会有更好表现 (转,2021/1/2,AFP,0
Model3改款改了啥？,2021/1/2,rockgirl,1
据传: Model Y降价后10小时10万辆订单,2021/1/2,HappyTian222,4
苹果比特斯拉还要可怕，油车完了,2021/1/2,Wuxinzhe,0
特斯拉一分钱不给，很多人反而自发踊跃帮助宣传,2021/1/2,grampus,3
2月指标到期,2021/1/2,partner82,3
问下，明年2月指标到期可延期4个月,2020/12/11,ambiva,2
gangshen被取消在GreenAuto版的发文权限,2021/1/2,deliver,0
EC6确实质感更好，但是贵了快9万啊,2021/1/1,mchh211,13
理想湾12月交付破六千,2021/1/2,qtpr,7
电车打架，油车受伤,2021/1/2,shunderen,0
我们这种家庭排新能源要多久,2021/1/2,lovelypigfly,3
毛豆3果断改毛豆Y,2021/1/1,parabola,21
国产Model Y续航疑问,2021/1/2,pcbear,2
Y有购置税吗？,2021/1/2,mbl64281368,5
Y是不是七座SUV?,2021/1/2,twinstarking,4
急了急了,2021/1/2,bdbd,2
前窗除雾会关闭制冷是什么鬼,2021/1/1,zylthinking2,5
蔚来不搞可换是不是能多塞电池降低毛重成本？,2021/1/2,seha,16
es8如果能降到25w左右，还是比较有竞争力的。,2021/1/2,mingongjia,0
搬家后，特斯拉的充电桩要再买一个?,2021/1/2,TransAir,0
为啥说一“锅”电,2020/12/31,sushou,34
毛豆外就是街车了,2021/1/2,trabalhar,4
河南郑州：的哥的姐聚集信访局，抵制更新纯电动出租车，结果如,2021/1/2,niuhuahua,0
做完夫妻更名 ，还能再申请摇号吗，怎么进入系统看不到去哪申请,2021/1/2,lianghk2008,0
去年获得的家庭新能源指标找不到确认书了呢？,2021/1/2,xiaomao2014,2
震惊了，原来y跟汉一样宽,2021/1/2,wuxiao,0
传统车企最傻的就是不了解现在人没精力跟4s斗法了。,2021/1/2,Wuxinzhe,4
如果比亚迪和特斯拉联手玩价格战,2021/1/2,AD007,1
model3什么时候能降到15w？,2021/1/2,lwang01160,0
Re: 订Y的你们都试驾了吗,2021/1/2,原帖已删除,1
蔚来有多大降价空间，能有50%吗？,2021/1/2,mingongjia,1
马斯克：特斯拉的最大竞争对手将产生在中国 (转载),2021/1/2,Shigeru,8
Re: 国产特斯拉Model Y正式登陆中国 消息人士称十小时内订购10,2021/1/2,原帖已删除,0
今年开始大乱斗了，好激动。,2021/1/2,jlstmac,7
特斯拉能打的牌实在太多了,2021/1/2,henrykaka00,4
国产Model Y订单挤爆官网，蔚来ES 6惨遭大量退订,2021/1/1,henrykaka00,4
EC6 vs Model Y,2021/1/2,cassiopeia,0
战狼电影高票房后，很多公司销售都受到了启发。,2021/1/2,sdrug,0
什么时候可以买到30万之内的model y？,2021/1/1,yzy47,14
五菱ev的成功说明价格是决定性因素,2021/1/2,qtpr,1
哪些国产电车不需要做保养？,2021/1/2,apterousfly,0
2020年电动汽车平均售价榜单,2021/1/1,wangkuo111,6
问题来了，modelY会不会继续降？,2021/1/2,iamdady,5
为啥韩国车，韩国人那么爱？,2021/1/1,Shigeru,5
【转发】安装合法的充电桩，遇到一楼阻挠，如何解决？,2017/6/25,canidy,14
有购买宏光miniEV低配2.88万车的吗？,2020/12/12,nickelllq,77
为啥本版这么迷信特斯拉和比亚迪？,2021/1/2,CQJN,4
特斯拉和新势力打架，结果BBA死了,2021/1/2,speeper,3
来猜一下毛豆y销量,2021/1/1,mmmmwwww,3
y这么怂？,2021/1/2,isedai,1
想换车，能卖多少钱？,2021/1/1,renhe6400,8
一天暴跌300亿！被中国人捧起的超级网红，终于跌下神坛,2021/1/1,PlayerUnkwn,2
用特斯拉引荐码订车得1500超冲,2021/1/2,liudonggmyz,0
modelY啥时候有7座？,2021/1/1,rioz,7
大众ID.4让毛豆Y不得不降价,2021/1/1,kettle,27
下单model y，真香,2021/1/1,asuslhj,5
安装充电桩一楼可以反对吗,2020/12/22,ruth923923,79
es6理想one就是精装修的豆腐渣工程，底盘悬挂太烂,2021/1/1,GXN,9
又不是人人都买35万的车,2021/1/1,Haversack,0
特斯拉官方置换也更新了,2021/1/1,parabola,1
电车续航重要性应该排第一位,2021/1/1,henrykaka00,6
毛豆3改款的硬件升级 毛豆歪都有么,2021/1/1,parabola,2
蔚来除了大幅降价，没有其他选择了。,2021/1/1,mingongjia,3
特斯拉家用充电桩也升级了,2021/1/1,parabola,0
盲定modely白色。,2021/1/1,jeremyannie,13
m3白色黑边感觉很别扭,2021/1/1,justthinking,0
小客车指标网站 网络中断异常,2021/1/1,xiaoshu,2
model y会不会出低配标准续航版？,2021/1/1,Arial,6
新能源现在竞争对手还是燃油车，还是增量市场,2021/1/1,spinage,0
补足五菱宏光MINI EV短板，奔奔E-star国民版预售2.98万起,2020/12/30,jacksky,38
一次性增发的家庭新能源指标大家还能查到么,2021/1/1,ggll,0
电车电池老化了怎么办,2021/1/1,mmmmwwww,2
今天是国电申请有序充电桩的最后一天,2020/12/31,CQJN,8
毛豆3和其他品牌的慢充桩兼容性如何？,2021/1/1,AD007,3
y这次不算降价，国产工厂开始交付而已,2021/1/1,windforce09,0
Model Y为什么要降价呢？,2021/1/1,spinage,6
毛豆3改Y,2021/1/1,a397731257,0
Re: model Y哪能看见实车？,2021/1/1,原帖已删除,4
y后下一波该用新电池割韭菜了吧？,2021/1/1,xiechuanhust,8
蔚来应该急了 会出单电机版本的6了吧,2021/1/1,xxyy0088,3
model 3什么时候能降到17万？,2021/1/1,wwwhang,4
你们都太有钱了,2021/1/1,beautying,3
比亚迪要换标了,2021/1/1,sirius0777,15
只有最忠诚的蔚来粉会在ES6和Model Y之间坚持蔚来了吧？,2021/1/1,safari,5
苹果和特斯拉10年内能把德国，日本汽车工业毁掉90％。,2021/1/1,Wuxinzhe,1
我的毛豆三长续居然绝版了,2021/1/1,xiaoweiwang,8
Model Y还有后驱版没出来,2021/1/1,hig,8
郁闷了，M3长续取消了,2021/1/1,joycehoo2012,9
Re:Re: 有没有老破小成功让国电安装电表的？,2021/1/1,原帖已删除,8
有人订零跑c11吗？比毛豆外不香吗,2021/1/1,cdbdyx,4
新能源编码序号9万多，什么时候能排到？,2021/1/1,s911w,3
model y新年第一降,2021/1/1,donnie125,7
