﻿主题,发帖时间,_ 作者,回复
孩子上幼儿园了，马上读小学，学区房怎么办,2019/9/24,gangshen,26
30万以下新能源品牌哪家售后最好？,2019/9/24,BaroqueBach,2
求推荐免押金的共享电动汽车APP,2019/9/24,xueyandy,1
一般model x下定后多久提车？求问,2019/9/20,leoputin,1
毛豆3啥时候能20万啊，,2019/9/22,bxdx,7
Ge3 530 大家都谁装广汽的充电桩了?,2019/9/24,zhanghenry98,5
有没有十一自驾去天路的？,2019/9/23,chonglaiba,11
蔚来地库充电，汽车自燃，情况紧急,2019/9/23,ZLLF,24
[合集] 蔚来财报看来形势不妙,2019/9/24,wydfz,0
Rollins被取消在GreenAuto版的发文权限,2019/9/24,deliver,0
发个能耗支持下版面,2017/6/19,Sweetshow,12
ES6性能版 提车作业，购车到使用过程全分享,2019/9/24,diamonddust,0
15万的真香ERX5已经卖完了，好像漫威也不错？,2019/9/22,Svensson,31
Q2L纯电版，如何,2019/9/23,maniac1983,8
为啥大家都觉得电车使用成本低啊,2019/9/22,azhao416,60
小蚂蚁提车半个月,2019/9/15,gztrlhy,35
蔚来上科创板多好,2019/9/24,zuigao,8
有个桩，没地方装，怎么找个地方装上啊？,2019/9/24,Aricky,3
Re: 荣威mx和比亚迪宋pro  选哪个？,2019/9/24,原帖已删除,42
蔚来今天什么时候公布财报？,2019/9/24,klaus0,1
小区地库有辆奔奔ev每天都插着电,2019/9/24,hops,6
北京市小客车新能源指标有望增加，实施时间未定,2019/9/20,ilovedodo,25
蔚来明天要发上半年财报了,2019/9/23,dubreath,7
ES8大电池84度出来了,2019/9/23,gangshen,55
广汽ge3上次天津着火的事，网上搜不到一点报道,2019/9/23,a11,2
有人故意放火烧比亚迪，还好被视频完整记录！,2019/9/23,yyff,91
来吃瓜：8大热门车型续航实测汇总,2019/9/23,hsv,33
威玛也着火了啊,2019/9/23,ZLLF,17
aion s随意开能到400km吗,2019/9/23,Haversack,6
[新能源]北汽 ex5和EU550哪款好,2019/7/25,nunululu,10
草原天路入口八个充电桩,2019/9/22,xiaocaihua,28
Model3怎么买保险合适？,2019/9/23,times,8
电车能停车开空调确实很爽,2019/9/22,dutchensong,41
广汽GE3 也烧了一辆,2019/9/20,a11,10
"求一个望京附近的公共慢充桩推荐, 顺便问新车是最好前几次慢充",2019/9/19,mick119,35
普通油车和电车总的用车成本大概都是3000每个月吧？,2019/9/22,tobeworker,7
我可以拿宋dm当油车用吗？,2019/9/22,S030909,12
前途汽车好像黄了,2019/9/21,aames,11
ES6 天津到上海开15个小时，这成绩不错啊,2019/9/20,woshi9shen,30
深圳规定新注册网约车必须为纯电动汽车 (转载),2019/9/17,diamonddust,4
Re: 请问 北汽新能源eu550哪家店优惠比较大？,2019/9/23,原帖已删除,0
欧拉r1怎么样？,2019/9/21,danewzhao,4
ggyypeng被取消在GreenAuto版的发文权限,2019/9/22,deliver,0
ridenting被取消在GreenAuto版的发文权限,2019/9/22,deliver,0
请教一下是没牌无奈还是真喜欢电车,2019/9/17,wolfheader,55
[合集] 在 元535、元360、秦Pro北京版之间犹豫,2019/9/22,wydfz,0
收出库费是不是不合理,2019/4/18,happymaomao,10
环耀真不行,2019/9/21,phdoctor,16
为啥不大力整顿一下充电桩停油车？！？！,2019/9/17,Laurasia,26
看样子毛豆3一年50w辆无压力,2019/9/22,bladder,7
说电车好的车友是有私桩的吧，没有私桩幸福感立马趋向零,2019/9/18,inkwater25,84
tjuiou被取消在GreenAuto版的发文权限,2019/9/22,deliver,0
xxyy0088被取消在GreenAuto版的发文权限,2019/9/22,deliver,0
比亚迪在六里桥银河大厦的新能源展厅是正规4s吗,2018/8/13,yuyu1234,8
单踏板们，你们踩错刹车了没有，快来自首,2019/9/19,hsv,44
比亚迪秦置换的话，能抵多少钱呢？,2019/9/21,holland1,3
关于应对电车在车位上自燃的一个想法，欢迎大家拍砖。,2019/9/21,zbhchzd,6
[讨论]帝都无桩，单程30公里，买续航300的老E5是不是站错了队,2019/9/18,roffy,23
真双标,2019/9/1,pfan117,12
随时充电，对电池有损害吗？比如有没有充电总次数一说,2019/9/15,Sincereman,5
老破小无固定车位怎么充电,2019/9/19,franklei,13
mlgb，有些车主就是素质差，国家电网冲完电，随手扔地上,2019/9/17,Laurasia,28
es8是不是已经歇菜了。,2019/9/21,mingongjia,9
Re: 有最近需要上绿牌的吗？,2019/9/22,原帖已删除,25
[合集] 大佬夸比亚迪了,2019/9/22,wydfz,0
zuoka被取消在GreenAuto版的发文权限,2019/9/21,deliver,0
比亚迪秦EV E5保养须知,2018/5/21,wydfz,23
比亚迪新出的秦ev，13.98万起有了解么,2019/9/15,kkklxb,14
东风雷诺怎么样,2019/9/20,HAREU,6
求问有没有价格好的新能源车险,2019/9/21,balic2000,0
关于电动车，这篇的观点比较理性 (转载),2019/9/21,reachstar,7
e5托底了,2018/8/13,zjl26545479,38
Re: 12306北京新能源互联网随机选号池有个好号码,2019/9/21,原帖已删除,0
比想象中更安全，北汽新能源EX3三车双重碰撞获满分评价,2019/9/20,micromote,15
其实14万的大众朗逸纯电也不错？跟油车没什么差价,2019/9/18,kevin110,55
孚能科技正式申报科创板IPO,2019/9/16,Arial,4
电动车在高速上突然熄火咋办……,2019/9/17,Portal,16
荣威是要放弃新能源吗？,2019/9/18,sadianye,80
请问有什么地方可以把广汽和吉利的新能源一次性都体验了？,2019/9/21,starsailor69,4
达11312辆 威马1-8月累计交付量破万,2019/9/20,marong,5
特斯拉要是出一个低电量版本，售价22左右就好了,2019/9/19,henhenhahi,9
EU7售价公布了……,2019/9/19,w441983213,45
现在买电动车 是不是都等国产特斯拉出来？,2019/9/20,laimu8,14
es6的电磁辐射测试,2019/9/20,plen,5
贡献一下去坝上——天路高速充电桩站点信息,2019/8/6,hsv,63
[心得]怀念北汽ev160,2019/9/18,Asunleaf,20
蔚来开始提供84度电池了,2019/9/17,sgice,41
续航251km 开瑞海豚EV将于今日正式上市,2019/9/19,marong,2
吉利起诉威马，要求赔偿21亿,2019/9/18,mengba,21
补贴后售15.99万起 北汽新能源EU7上市,2019/9/19,marong,3
北汽EX3有倒车影像和雷达吗？另外感觉后备箱,2019/9/19,wormvirus,8
牵手辉能科技 爱驰汽车布局固态电池,2019/9/21,marong,1
有了解天津新能源牌照政策的么？,2019/9/20,mengba,2
戴姆勒宣布停止开发下一代内燃机，全力以赴电动车开发 (转载),2019/9/20,diamonddust,20
戴姆勒官方辟谣：没有停止燃油引擎的研发 (转载),2019/9/20,reachstar,4
为EQC车型供货 奔驰中国电池工厂底投产,2019/9/16,marong,2
我有使电池成本降低一半的技术方案，但原创不受保护,2019/9/15,chinatongue,35
天津计划到2022年初步打造氢能全产业链,2019/9/17,marong,3
电车有一点好，虽然加电比加油慢，但……,2019/9/18,yehorse,20
[求助]有i3车主吗？求问驾驶体验如何？,2019/5/27,tymtdsxd,89
Re: 新能源车年检去哪？,2019/9/20,原帖已删除,13
Re: 新能源汽车就是个三四年的玩具啊,2019/9/20,原帖已删除,65
[讨论][电动]4s店要求只能在店里上保险~,2019/9/19,spring0713,19
ec180八折加钱换ec5,2019/9/18,apollolee,24
请教如何检查电池是否托底？,2019/9/20,sdrug,3
外地牌照每年12次进京证，如果车不开，需要开的时候再办可以吗,2019/9/19,Doramo,24
去喇叭沟门，沿途京加路哪儿有充电桩？,2019/9/14,nanjian,13
Model3有人通知月底提车的吗？,2019/9/18,times,7
现在eu5和ex3最低价分别是多少？打算入手了,2019/9/19,wormvirus,4
电车越来越多，高速充电是个大问题,2019/9/16,reachstar,76
工行etc是用交通卡好还是虚拟卡号好,2019/9/20,l66l11,1
求问，以下两种方式哪种更好？,2019/9/19,TJUyoung,45
Tesla的瑕疵车值得考虑吗？,2019/9/19,times,13
有没有谁把低速提示音喇叭给拆了？,2019/9/17,sunlustre,16
成都街头es8很常见,2019/9/20,wongs,2
隔热防晒的贴膜大家有推荐吗?,2019/9/20,mick119,8
[求助]发现刚提的新车电池包中部有伤该如何处理啊？,2019/9/19,daqey,16
能不能加装一个发动机声音的喇叭,2019/9/18,kfq,20
融资/上市/交付 FF公布全新战略规划,2019/9/20,marong,1
交管123app抽风了,2019/9/20,omnia7,5
懂车帝上新出了es6 q5l 和雷车的对比评测,2019/9/17,legacy,81
Re:核心成本不是换电池，而是技术进步和折旧,2019/9/20,原帖已删除,43
补贴后售12.48-12.88万 开瑞海豚EV上市,2019/9/20,marong,0
eu5光电没啥事,2019/7/17,hsv,26
补贴后售11.58万元起 江铃易至EX5上市,2019/9/19,marong,3
选股时无意间发现了个新能源汽车概念股麦格米特,2019/9/19,zzvc,11
[合集] EU7售价公布了……,2019/9/19,wydfz,0
6环约起来？,2019/9/7,hsv,44
EU7采用宁德时代的电池，EU5用的孚能的？,2019/9/19,Arial,2
Re: 2019年8月新势力销量排行榜：威马第一小鹏暴跌，ES8销量仅,2019/9/19,原帖已删除,16
R550都没有新车了，是不是停产了？,2019/9/17,hebii,6
[求助]车险有十天犹豫期吧？,2019/9/17,gaodatou1107,4
调查一下对新能源车和燃油车的意见,2019/9/18,yuxiboh,0
ex3现在有多少优惠？,2019/8/17,wulala1985,15
[讨论]请教大神们，都用什么软件找桩,2019/9/18,roffy,4
各位蔚来车主问个问题哈……,2019/9/18,catherineyun,17
保时捷颜面尽失啊，纽北瓜汇总,2019/9/18,ttl,24
准备买520版本秦pro了,2019/8/27,DYHOME,27
Ei5 小电瓶亏电,2019/4/10,vanesta,27
看了荣威Ei5，不想选择BYD了,2019/8/6,cr7vip,85
下午试驾了eu500,2019/9/17,davyfl,18
版里有多少人是油车指标买的电车？,2019/9/18,xueyandy,4
北汽ex，后轴直接掉了,2019/9/16,klaus0,26
有望2021年亮相 曝奔驰EQB路试谍照,2019/9/18,marong,2
比亚迪元与北汽EU550 PK,2019/9/15,hongyakui565,20
新势力8月销量榜,2019/9/17,guest007,4
【自用】计算10年用车成本（试算），享受生活真不便宜啊,2019/9/16,chuangzilin,138
唐EV 设成【较大回馈】电耗降到12.8啦,2019/9/16,psycho,37
Re: 比亚迪秦pro ev600和广汽aions,2019/9/18,原帖已删除,17
我觉得国家有必要规范一下电动汽车和自行车称呼了,2019/9/17,MyNameIs007,7
采用新前脸设计 新款长安奔奔EV申报图,2019/9/17,marong,1
[合集] 主题:宋max安全问题,2019/9/17,wydfz,0
各品牌车在高速国网直流电桩充电实际对比,2019/9/17,hulafly,37
2019中秋三天 清西陵+白石山+保定 行程小结,2019/9/16,debiao,5
chouachou被取消在GreenAuto版的发文权限,2019/9/17,deliver,0
电动SUV 速度上100以上的时候，耗电会大很多？,2019/9/17,badhabit,3
宋max安全问题,2019/9/17,wddpx,23
[电池]2018秦EV450 动力电池更换小记,2019/9/17,waterspinach,22
作为新手小白，咨询下哪些配置有用哪些是鸡肋呢？,2019/9/17,Foreverjack,6
同是电池故障 8月27日送修 到现在没消息~~EU5 R550,2019/9/17,bigseagate,43
请问大家有到电动车换车的阶段了么，残值怎么样？下一辆车还要,2019/9/17,ticker333,2
转：提车一年，3万公里，15个省份，41个城市,2019/9/16,diamonddust,19
请问现在EI5优惠可以谈到多少了？,2019/9/1,Zion1,14
牌子得用了求问版上大佬,2019/9/17,gg89tcl,0
"99.6的""一呼百应帮帮忙""对EU5-R500减速带爆气囊的评论",2019/9/17,hsv,6
[合集] 一起猜猜北京后面可能放开的限牌政策~,2019/9/17,wydfz,0
比亚迪e2怎么样？,2019/9/17,sold,11
海南或开展新能源汽车换电模式试点,2019/9/17,marong,0
快充锁枪了怎么办……国庆超远程必备,2019/9/15,hsv,12
上周试驾了一下ES6，说一下主观感受,2019/9/16,doyb,56
最近出手买车可以了吗,2019/9/17,Haversack,1
蔚来ES6今年8月上险1812台。,2019/9/11,mingongjia,11
提升电动车产能 戴姆勒向孚能采购电池,2019/9/16,Arial,8
[合集] 一切都不是我所想的那样 -- 蔚来ES6首发纪念版提车报告,2019/9/16,wydfz,0
都要买电车了,2019/9/16,muhua,4
油车电车，开啥车都一样，唯一的担心就是别坏在路上就行,2019/9/16,liweizxc,2
eu7马上上市了，eu5会不会降价啊,2019/9/12,jilla1,8
还有3天 北汽新能源EU7将于9月19日上市,2019/9/16,marong,5
model3的行车记录仪，大家怎么解决？,2019/9/15,unilove,14
成都车展：广汽丰田iA5补贴后16.98万起,2019/9/5,marong,15
[合集] 蔚来车主自发捐赠价值50w的户外广告牌位置,2019/9/16,wydfz,0
噪音示警 特斯拉Model 3推行人预警系统,2019/9/16,marong,2
北京电牌20万选宋pro ev,2019/9/15,hchsh1023,27
[电池][新能源]求教个问题关于aion LX的,2019/9/15,zhumango,10
昨天房山百花山,2019/9/8,xiaocaihua,34
开到2300公里外。,2019/9/15,mjun512,18
求拍醒，计划国庆节自驾1400公里回趟老家，京港澳高速到岳阳,2019/9/14,microblacker,75
kingsberg被取消在GreenAuto版的发文权限,2019/9/16,deliver,0
只有真正平等地与油车竞争，电车才有未来！,2019/9/14,virus27,73
氢燃料车咋样 北京有买的吗 好加氢吗,2019/9/13,icoding,16
17款e5车险，第三年，前两年无事故，折扣多少？,2019/9/16,bierhoff714,1
混合动力BMW5,2019/9/14,tutub,5
大家都用什么app充电？,2019/9/15,VSE,5
[合集] 油车对新能源汽车赤裸裸的恨啊,2019/9/15,wydfz,0
[合集] 今天开了721.2公里~~~,2019/9/15,wydfz,0
新能源汽车卖那么贵，车企责任很大，逸动比油车贵了6万,2019/9/15,wormvirus,3
修改mjun512在GreenAuto版的发文权限封禁,2019/9/15,deliver,0
修改intis在GreenAuto版的发文权限封禁,2019/9/15,deliver,0
修改andydmx在GreenAuto版的发文权限封禁,2019/9/15,deliver,0
mjun512被取消在GreenAuto版的发文权限,2019/9/15,deliver,0
intis被取消在GreenAuto版的发文权限,2019/9/15,deliver,0
小白换轮胎求教,2019/9/15,ppangzi,2
15-20万求推荐，2月份到期，感觉该开始看车了,2019/9/15,zfengzheng,1
六人mpv,2019/9/14,dawei78,3
EU5R550自驾2300公里自由行(北京-平遥-蓬,2019/8/23,phooenix,40
新能源车的价格太憋屈了,2019/9/14,dandinga,40
中秋去北戴河路上高速所有充电桩都排队,2019/9/13,highlight106,42
路上看到北汽ex3,2019/6/24,nanjian,17
大家的耗电好低啊,2019/9/14,fightforlife,4
看看蔚来的全铝车身工厂,2019/9/11,wydfz,29
8月新能源汽车销量,2019/9/14,hmb,15
sunnykies被取消在GreenAuto版的发文权限,2019/9/14,deliver,0
成寿寺广汽展厅的Aion LX居然撤了,2019/9/7,Svensson,50
电动新能源汽车，是不是只有中国在研发推广,2019/9/6,littelShrimp,51
很多人说蔚来服务好，具体是表现在哪？,2019/9/14,yuanzcbbs,14
kanuki被取消在GreenAuto版的发文权限,2019/9/14,deliver,0
现在没法用自己的桩了，大部分时间快充。请教,2019/9/11,nongmeige,42
二手爹真的那么便宜吗？,2019/9/14,binghe1988,3
Re: 威马又要出新款了吧？,2019/9/14,原帖已删除,1
老司机夏季续航测试,2019/9/14,gaolilaike,3
lOOO被取消在GreenAuto版的发文权限,2019/9/14,deliver,0
ming1358被取消在GreenAuto版的发文权限,2019/9/14,deliver,0
p1en被取消在GreenAuto版的发文权限,2019/9/14,deliver,0
[合集] model3上海量产后,2019/9/14,wydfz,0
[合集] 唐EV为什么叫好不叫座？,2019/9/14,wydfz,0
截至8月全国充电桩保有量达到,2019/9/14,marong,0
累计百公里电耗不断上涨,2019/9/14,JINKLA,6
昨晚g6 到张家口的连环车祸,2019/9/13,lanseme,5
EU5真有成为神车的潜质,2019/9/11,djiabei,51
入秋了，一天比一天冷了～,2019/9/12,liweizxc,14
换电站高峰期排队情况,2019/9/6,hig,10
唐EV昨晚无意中开出低电耗13.5,2019/9/11,psycho,29
高速上如果遇到：电机故障、动力电池故障、刹车故障、电子手刹,2019/9/11,hsv,22
北汽EU7大概多少钱,2019/9/12,whtysh,17
电动邦趴趴大赛的数据分析,2019/9/9,legacy,32
再访三哥：我与ES8的这一年，10000字又赞又骂,2019/9/12,diamonddust,9
汽车之家出卖用户手机号你们都知道吗,2019/9/12,igentoo,15
比亚迪E5残值,2019/9/10,luckyzhu2008,29
看大飙车拆威马 说相当雷人啊,2019/9/11,aames,41
发现一个大秘密,2019/9/13,micromote,11
秦pro 几何A 最后都输给了Aion S？,2019/9/12,zhangxy11,15
北汽eu5  行车途中刹车失灵,2019/9/10,Bigluckapple,80
乘联会：8月新能源乘用车销量7.2万辆,2019/9/13,marong,0
Re: 北汽EC5 怎么样,2019/9/13,原帖已删除,0
8月完整销售数据,2019/9/11,hondooo,29
[充电][新能源]华商三优为挣钱不择手段，如此垃圾的公司，怎么,2019/9/8,antoniohawk,28
model3，高速充电桩太慢了,2019/9/12,willkyo,9
e5后备箱洒了大半瓶洗车液咋办？,2019/9/11,yuemijindu,5
纯电动suv  1-8月销量,2019/9/11,klaus0,22
质量最好，八万以下的是哪款车？,2019/9/7,liweizxc,5
成都车展：比亚迪新秦EV预售13.98万起,2019/9/5,marong,5
蔚来官方开放更换原ES8的中控屏,2019/9/11,diamonddust,39
es6的服务无忧要买吗？,2019/9/12,muhua,32
Re: 1,2019/9/12,原帖已删除,2
明年2月拿号，想定lx,2019/9/11,youzailangzi,12
有人买ec5吗？,2019/9/12,apollolee,0
[电动]分享比亚迪秦周末北戴河行,2019/9/10,timo07,32
探秘系列Vol.5丨终身免费换电？换电站大揭秘,2019/9/10,wydfz,7
求问，怎么看北京新能源的排多少号？,2019/9/12,zpcflsy,0
秦EV450第二年保险你们都多少钱？,2019/8/21,MyNameIs007,4
比亚迪E5的品质太出人意料了,2019/9/11,ModernDuke,18
拜腾年底量产 95度电 NEDC550km！,2019/9/11,yaodavid,36
贡献个秦ev的里程数据吧,2019/9/10,matchcaseone,8
更新：model3和蔚来ES6试驾感受,2019/9/10,yuanzcbbs,26
[合集] 再次呼吁一下电车尽量别跑长途,2019/9/12,wydfz,0
或命名ID.4 大众首款电动SUV伪装车亮相,2019/9/11,marong,4
model3实际续航能有多少？,2019/9/10,xfh533,42
从雷克萨斯混动到蔚来纯电：首发纪念版es6提车记,2019/9/11,diamonddust,14
小鹏官方充电桩为啥没人用？,2019/9/11,starsailor69,6
有谁办了第二年比亚迪秦450的保险了，按补贴钱的价格吗,2019/4/11,ssming,19
bravapple被取消在GreenAuto版的发文权限,2019/9/11,deliver,0
ppluxx被取消在GreenAuto版的发文权限,2019/9/11,deliver,0
[合集] 北汽EU5也出问题了，刹车手刹一起失灵。,2019/9/11,wydfz,0
准备锁单理想one,2019/9/9,TravelSky,89
hig被取消在GreenAuto版的发文权限,2019/9/11,deliver,0
[合集] 蔚来本来的模式是想靠服务挣钱,2019/9/11,wydfz,0
[合集] 对蔚来的打击，源于骨子里的自卑,2019/9/11,wydfz,0
秋天和夏天续航差不多,2019/9/10,Rollins,10
北汽EU5也出问题了，刹车手刹一起失灵。,2019/3/3,ylh1969,101
蔚来es6 八月销量2336,2019/9/9,sgice,37
吉利开始推这款了,2019/9/10,dongdong121,14
新能源试驾要注意什么？,2019/9/10,franklei,5
长安这车续航居然有600，感觉值得等一等,2019/9/10,landhuan,22
北汽ev200 ev160 ev150们，你们还好吗,2019/6/27,echobin27,42
[新能源] 该买什么车啊？15W预算,2019/9/9,xiaoer,23
新能源汽车续航实测  2019-2018,2019/9/9,trainbus,9
最近有秦EV450续保的吗,2019/9/10,gaodatou1107,0
红旗S系列电动超跑,2019/9/10,hondooo,12
北京特斯拉充电桩安桩费用,2019/9/8,nibao,13
2019法兰克福车展：新款大众e-up!发布,2019/9/10,marong,0
2019法兰克福车展：大众ID.3量产版首发,2019/9/10,marong,0
哪家etc好，大家都用哪家的啊,2019/9/9,l66l11,22
将于10月上市 北汽新能源EU7正式下线,2019/9/9,marong,7
2019法兰克福车展：MINI ELECTRIC发布,2019/9/10,marong,1
北京奔驰纯电动EQC NEDC450km 11月交付！,2019/9/7,yaodavid,17
第一辆车不想买好的，电车，10-20万之间，6-7座车，有经典的车,2019/9/10,locker06,3
求比较元535，gse，奇瑞瑞虎e,2019/9/10,XOlf,11
8月新能源汽车销量,2019/9/9,klaus0,40
2019法兰克福车展：大众ID.3静态体验,2019/9/10,intotherains,1
今天又到杭州出差,2019/9/9,wangkuo111,6
目前15w以内最推荐的是哪个车？,2019/9/6,ssay,13
预算15万买哪个好,2019/9/8,KimHoTaek,7
广汽广丰的B级两兄弟，怎么选？,2019/9/9,starsailor69,5
同比增26% 北汽新能源前8月售8.8万辆,2019/9/10,marong,0
传特斯拉正研发全新电池产品，寿命可达160万公里,2019/9/10,Arial,2
比亚迪DM4.0要来了,2019/9/9,ZhangJiang,9
包个nappa的座椅才两千多,2019/9/9,lecco,10
本青今天又走了一次京藏检查站,2019/9/9,MyNameIs007,3
新能源车第二年续保按补贴前还是补贴后？,2019/9/9,brush,3
充电桩安装费五百贵不贵？,2019/9/7,liweizxc,5
电车加速太快是不是浪费,2019/9/9,renrenren,7
model3 后驱长续航版120时速续航多少？,2019/9/9,igentoo,53
有了解瑞虎e的吗,2019/9/9,woaifwh,13
今天过进京检查站托底了，问题大吗？,2019/9/8,MyNameIs007,35
"Re: 需要一辆车小好停的新能源车，i3和欧拉r1, 选哪个性价比高",2019/9/9,原帖已删除,14
毛豆3 后驱长续航和四驱怎么选？,2019/9/9,Zion1,32
充电桩电线一米60块合理吗？,2019/8/18,GQ1984,15
版上有人买特来电的plus会员吗？,2019/9/9,truepearl,2
北汽送的充电桩不支持自选品牌吗？,2019/8/30,smthwdz,8
电动汽车用时速120公里的工况来标注续航吧,2019/9/8,wildwood,30
Model 3后驱长续航888度电统计数据,2019/9/8,aames,21
个人能测车辆的NEDC吗,2019/9/6,Wooble,48
帝豪GSE尊尚型和威马ex5 400创新版求比较,2019/3/12,zhan7ng,16
北汽ev160快速掉电后趴窝，手动均衡效果怎么样？有知情的吗？,2019/7/23,lovepeipei,34
订车了,2019/9/9,mjun512,13
今天nio pilote开到的北戴河,2019/9/7,ZLLF,10
你磕过几次底了,2019/9/7,hsv,13
2019款EU5全系标配后悬架独立悬架、ESP、皮质座椅了？,2019/9/9,knoway,1
今早GE3续航,2019/9/9,tph,7
新势力造车，哪家最终能活下来,2019/9/8,guest007,10
寿命达160万公里 特斯拉或将推出新电池,2019/9/9,marong,0
为什么aionS会那么虚啊,2019/9/6,zhangxy11,14
比亚迪秦pro或宋pro，有一起去看车的吗？,2019/9/6,yufeng12,10
Re: 新车碰了放在4s店修车，会不会偷换成旧电池？,2019/9/9,原帖已删除,13
[合集] 买蔚来风险大吗？,2019/9/8,wydfz,0
各位老司机，充电桩用的是几平方的线？,2019/9/8,wongs,2
买车就像理财,2019/9/8,hig,5
买车位是不是要买靠墙或靠柱子的才好按充电桩？,2019/9/8,hellocq2012,12
汽车媒体圈缺少方舟子一样的打假斗士,2019/9/7,hig,7
新势力的优点,2019/9/8,hig,5
电动邦趴窝大赛结果——AionS好虚,2019/8/31,Apheen,86
有准备买e2的吗？,2019/9/7,yehorse,4
这个季节真是电车的天堂,2019/9/7,compaqn800c,2
便宜就没逼格,2019/8/30,munich12,27
求问现在北京国四的车能外迁到哪里？,2019/9/8,sdjdjy,0
广汽充电桩安装挺快的,2019/9/6,yaqli,10
老司机那个榜单，测试者说拿生命担保,2019/9/7,gaolilaike,14
老司机纯电续航测试结果,2019/9/7,cnvsus,49
欧拉r1几个月用电统计,2019/9/7,immortalxu,5
现在安装充电桩好贵啊，居然施工费就5000多,2019/9/7,arouz,8
老司机的新能源页面,2019/9/7,hig,0
新能源车的置换补贴,2019/9/7,mythepic,2
发现一个重要问题啊,2019/9/5,Octavius,19
Re: 叫了个model3的快车，有点失望(15),2019/9/7,原帖已删除,95
model3基础辅助自动驾驶 和其他油车的辅助驾驶有啥区别？,2019/9/7,yuanzcbbs,2
9月10日亮相 新款大众e-up!参数公布,2019/9/7,marong,0
电车进步太慢了,2019/9/6,maxwellgood,17
本版口碑最好的新能源是啥车,2019/9/7,xks,10
未来国内这些电池企业肯定竞争不过日韩、欧洲。,2019/9/7,ICanFlying,6
Re: TESLA_MODEL S试驾感受之一,2019/9/7,原帖已删除,4
丰田吹牛皮2020年固态电池车上市,2019/9/7,gen9,0
产业链前移 特斯拉被曝自建电池生产线,2019/9/6,marong,5
蔚来这个营销策略不错，蔚来汽车悦享会员服务上线,2019/9/6,gangshen,18
Re: 主题:坐标南三环，哪里4s店比较集中？,2019/9/7,原帖已删除,2
aragon1115被取消在GreenAuto版的发文权限,2019/9/7,deliver,0
sz116301被取消在GreenAuto版的发文权限,2019/9/7,deliver,0
特种车辆大面积用上电车，电车就一统了,2019/9/6,Vinicius,29
明年二月能拿到指标，有推荐的吗,2019/9/5,chenshiheng,15
明天去看aion s，求建议。,2019/9/6,mjun512,2
e充电app内支付宝充值，咋不能用信用卡？谢谢,2019/9/6,firstmj,6
Re: 新版gse有62度电，密度182,2019/9/6,原帖已删除,10
【分享】16帝豪自驾百花山,2019/9/6,wq07,16
谁能推荐我一个家用电动的，只在北京市区活动，性价比要高。,2019/8/30,locker06,17
电动车指标区别,2019/9/1,jinjinjin3,2
电动车上市前国内有做碰撞测试吗？,2019/9/5,happy0ending,6
“叫板”特斯拉 前仆后继 蔚来汽车“变身”理想汽车,2019/9/5,mingongjia,14
秦Pro和广汽AionS选哪个,2019/9/5,yufeng12,14
新秦ev比老款电量少7度，续航却多了20？,2019/9/5,socool,23
蔚来车主请帮个忙,2019/9/4,Kevinforever,17
唐ev北京现在优惠幅度有多大？,2019/6/8,coordinate27,19
成都车展：iEVA50新车型补贴后13.95万,2019/9/6,marong,1
理想这种增程式车连续跑上山路续航能有多少？,2019/9/6,gaolilaike,2
宁德时代为博世48V电池系统提供电芯,2019/9/6,marong,0
看不明白前途的定位,2019/9/5,plen,5
chaodide被取消在GreenAuto版的发文权限,2019/9/6,deliver,0
Re: [新能源] 奔奔EV 底盘是源自奥拓底盘吗?,2019/9/6,原帖已删除,11
新势力纷纷自研自动辅助驾驶是有原因的,2019/9/5,yehorse,99
[合集] 李斌再向蔚来投资1亿美元(2),2019/9/6,wydfz,0
plen被取消在GreenAuto版的发文权限,2019/9/6,deliver,0
北汽新能源EV160趴窝了,2019/9/3,cumthyj,20
es6取车了,2019/9/4,ZLLF,23
预测北汽新能源EU7价格~~,2019/9/5,minchaoyue,7
比亚迪秦proev免费升级后座内饰灯,2019/9/5,Julius123456,9
国产新能源有用怀档的么？,2019/9/4,tbahc,35
30-40万买啥车好呢，电动的好像也就特斯拉了吧?,2019/9/4,wangcity,31
唐ev现在有优惠吗？力度如何,2019/9/5,alienzy,1
有啥精品小车推荐么？,2019/9/4,laputa2013,13
成都车展：新款北汽新能源EU5 R500上市,2019/9/5,marong,4
2019成都车展：北汽新能源EU5 R600上市,2019/9/5,marong,4
既然大家对于出行媒体的续航都这么怀疑，为啥不众筹找几辆车共,2019/9/1,bufu123456,21
电动车的电机功率对应油车的发动机排量和功率吧,2019/9/5,TravelSky,1
恭喜e2重现了比亚迪的经典丑,2019/9/3,hondooo,27
zzNTSB：特斯拉驾驶者对Autopilot的过度依赖系2018年车祸主因,2019/9/5,hsv,2
2019成都车展：北汽新能源EU7正式亮相,2019/9/5,marong,1
[合集] 蔚来半年报难产,2019/9/5,wydfz,0
广汽aion s怎么样,2019/9/4,mjun512,9
[合集] 像38号美系性能控这样客观的、第三方的自媒体越多越好啊,2019/9/5,wydfz,0
2019成都车展:雷诺e诺补贴后售6.18万起,2019/9/5,marong,0
2019成都车展:爱驰U5预售19.79-30.21万,2019/9/5,marong,0
北京市人大常委会关于向社会公开征集2020年监督议题建议的公告,2019/9/5,daqingwa,0
最近新势力的节奏都慢下来了,2019/9/5,tclj9,6
成都车展：新款风神E70补贴后13.58万起,2019/9/5,marong,0
成都车展：捷途X70S EV补贴前17.79万起,2019/9/5,marong,0
感觉电车(eu5)最近降幅挺大的，国庆还会更优惠吗？,2019/9/3,gerrynj,17
这么多年电池没自燃过的车也就是日产了吧？,2019/8/31,catherineyun,31
[合集] 保时捷发布会，那些否定新能源汽车国产技术是不是露个脸,2019/9/5,wydfz,0
保时捷taycan的前脸抄的欧拉iQ？？？,2019/9/4,shuaigege,0
凉凉,2019/9/3,hsv,94
为啥街上会有大量无标tesla呢,2019/9/2,hulafly,19
有了解大众E-GOLF的么？,2019/9/4,zcman,8
如果磷酸铁锂的五座车续航350，售价7万，肯定是首选,2019/8/31,wormvirus,16
文科生问个问题,2019/9/4,squr,13
特斯拉与上海市约定每年纳税22.3亿元,2019/8/1,eve,11
[合集] 现在国产电车的发展方向是错误的,2019/9/4,wydfz,0
[合集] 明年进入100度电池时代，蔚来100度，奥迪118度,2019/9/4,wydfz,0
[合集] 销售是傻吗？,2019/9/4,wydfz,0
北汽EX3（476版）雄安之行,2019/9/1,mlhwx123,15
感觉21年能买到续航800公里的车了,2019/8/30,lecco,49
电动汽车是不是有先天优势，可以做的很重？,2019/9/4,wongs,0
离开艾康尼克 毕福康加盟FF并担任CEO,2019/9/4,marong,7
BYD E2这么牛逼，35度电NEDC301KM,2019/9/3,Nordahl,14
新能源车保养太费劲了,2019/9/1,bloodlust,63
Aion S续航争霸赛,2019/9/3,ilovedodo,10
续航350，国庆开到阿尔山有可能么,2019/9/2,fangl,17
北汽新能源这么改革，eu5真有可能是历史巅峰,2019/9/3,tianwaifei86,4
比亚迪的产能建设支出和研发投入,2019/8/31,gaolilaike,57
比亚迪e2上市，补贴后售价8.98万-11.98万元,2019/9/2,cnvsus,19
都是车主太傻，长安街之后还不吸取教训,2019/8/30,ggyypeng,254
大家看不看好北汽EU7啊,2019/9/1,zhangxy11,8
北京-北戴河充电桩,2019/9/2,Geraint,13
补贴后售12.48万 欧拉iQ智尊型正式上市,2019/9/3,marong,2
aionlx一SUV,2019/9/1,muhua,13
刚去了广汽展厅,2019/9/1,legacy,23
[合集] 每周一次的免费换电进行中,2019/9/3,wydfz,0
上班路上，顺便换个电,2019/8/30,diamonddust,27
[新能源]吉利帝豪4S黑店坑害十几位车主，维权求助！,2018/11/21,yanzhicaomim,177
6分05秒，最新出炉的深圳比亚迪出租车暴冲事件,2019/9/2,liangcaowei,16
产能1万辆 江苏发布2025氢燃料汽车规划,2019/9/3,marong,0
恒驰或将提前面世 恒大获3.0底盘技术,2019/9/3,marong,0
补贴后售8.98-11.98万元 比亚迪e2上市,2019/9/3,marong,1
标准续航版model3,2019/9/2,D40s,18
补贴后13.78万元起 东风启辰D60EV上市,2019/9/3,marong,0
赶在E2发布的时候，发一个周末集中看车的流水账，广汽@BYD,2019/9/2,luckyzhu2008,26
将于2020年亮相 威马发布新产品计划,2019/9/2,marong,7
补贴后售12.98万元起 2020款祺智EV上市,2019/9/2,marong,4
续航里程481km 东风启辰D60EV今日上市,2019/9/2,marong,7
补贴后5.48万元起 2019款宝骏E200上市,2019/9/2,marong,1
奇瑞QQ车怎么样？,2019/8/28,xctv,5
9月份特斯拉国产版免购置税了,2019/8/30,raymonda,20
[合集] 想买元535，现在价格优惠多少,2019/9/2,wydfz,0
请问交完定金后面啥程序呀？,2019/9/2,daisylove001,5
奇瑞小蚂蚁新车前脸盖子取下里面有一只知了一样大的虫子,2019/9/2,xctv,3
想问一个关于充电桩显示电费的问题,2019/8/31,lovepapa,33
为什么电池不设计成可拆卸的？,2019/8/31,everpower,23
预售价10-13万元 比亚迪e2今晚上市,2019/9/2,marong,4
今年形势真的很差吗？ (转载),2019/9/1,travelerjack,5
国产“特斯拉”新款！,2019/8/30,Nordahl,19
提车小蚂蚁,2019/9/1,gztrlhy,3
delicksylau被取消在GreenAuto版的发文权限,2019/9/2,deliver,0
bournez被取消在GreenAuto版的发文权限,2019/9/2,deliver,0
克制鸡贼厂家虚标的办法,2019/9/1,zhangxy11,8
如何去买特斯拉？,2019/9/1,osirisurf,5
求推荐通勤代步车，10万左右，家庭二车,2019/9/1,Flash,16
几何A有啥短板？,2019/8/31,toblerone,17
求解瑞虎e如何？,2019/9/1,Lxiaofei,1
‘’威马7系轿车’‘’，续航700+公里 2021上半年上市[强]期待[,2019/9/1,cdbdyx,4
几何lx 650公里续航？,2019/9/1,mv008,7
诺基亚的今天就是BBA的明天,2019/8/31,C160829,6
Aion LX真香,2019/9/1,heartthinker,22
北京新能源指标明年要翻倍了吧？,2019/9/1,tobeworker,5
Re: 主题:北汽最近降价，有意买车的小伙伴注意，举报一个黑店和,2019/9/1,原帖已删除,29
版面积分变更记录,2019/9/1,deliver,0
一键加电独立app来了,2019/9/1,sgice,10
[合集] 蔚来的结局是ofo,2019/9/1,wydfz,0
16年帝豪253，四万四卖给车商了…,2019/8/31,shaohaifeng,15
model3购置税多少？什么时候可以免？,2019/9/1,Abron,2
据传蔚来将下调公积金缴纳比例至5%。,2019/8/30,mingongjia,4
有个同事买了广汽aions，冲不进去电,2019/8/31,ykai666,13
Re: 特斯拉model3怎么没看到卖二手的？,2019/9/1,原帖已删除,12
垃圾广汽，我想退车，大家给出出主意吧,2019/8/30,wildwood,20
真正的新能源是俺刚买的超标电动车,2019/8/31,anotherstone,17
新能源车卖了后，指标状态如何查询？,2019/8/31,cassiopeia,2
9月1日10:00起 理想ONE将开放订单锁定,2019/9/1,marong,1
科力远公司的chs技术怎么样,2019/8/31,senyumu,6
不管你们怎么黑广气都没用,2019/9/1,gen9,2
Re: 充电桩告jing灯一直闪,2019/9/1,原帖已删除,0
「广州市发布新能源汽车地方补贴标准,2019/9/1,marong,0
﻿电车就不能几个口一块充？,2019/8/29,qko,43
锂电池汽车是最终方案吗？氢能源等会替代锂电池吗,2017/11/14,aihelphelp,29
aion s优惠一万价格怎么样？,2019/8/31,caicaists,10
有个吉利gse的充电桩名额转让，需要站内,2019/8/7,hsf1025,3
诸位MBAer，造车跟共享单车有可比性吗？,2019/8/31,plen,2
续航804公里 充电1分钟,2017/11/17,Qxff,116
广汽Aion LX 93度电NEDC 650km 两驱25万,2019/8/29,yaodavid,123
mirai这车看着不错……,2019/8/30,catherineyun,7
[讨论]能量密度160续航500的铁电池和能量密度180续航570的NCM81,2019/8/31,zhkyg,10
比亚迪明年或推新磷酸铁锂电池 能量密度升50%成本降30%,2019/8/23,zhkyg,60
Re: erx5现在14.88万如何？,2019/8/31,原帖已删除,5
恒驰长什么样子？,2019/8/29,fengwudian,3
才发现这个版版主是so局？,2019/8/30,raymonda,3
交通部：以安全为底线推广新能源汽车,2019/8/31,magichare,0
「财政部：勿片面解读国家不再支持纯电动」 - - - - - - - - - ,2019/8/31,magichare,0
大家来看看广汽新能源这个大骗子,2019/8/31,wildwood,10
上海厂建好特斯拉会便宜吧,2019/8/29,dadou,42
免购置税了,2019/8/30,qoros,20
安装充电桩需要花费两千还有必要装不？,2019/8/30,Michaelss,11
国产15w以上的电车都要降价了,2019/8/30,spritesw,7
蔚来只有放弃老客户才有活路,2019/8/31,lecco,6
工信部：2035年新能源汽车规划在推进中,2019/8/31,marong,0
广汽Aion X配置表,2019/8/30,MyNameIs007,7
广汽上次推出的Aion S 牛皮吹得也挺大,2019/8/31,gaolilaike,6
AION LX 出来以后， 唐没啥竞争力了啊,2019/8/30,youzailangzi,25
蔚来app不让车主薅羊毛了,2019/8/30,aragon1115,9
奔驰家族第二位纯电成员 EQV实车亮相,2019/8/31,marong,2
最高涨1.98万元 特斯拉进口版车型调价,2019/8/30,marong,3
有点爽,2019/8/30,onewaistcoat,2
车托之家说某需要交购置税的车型要免税了,2019/8/24,funman,4
走起啊，大家抢特斯拉去！,2019/8/30,wuxiao,1
Aion LX——似是故人来，传统车厂的螺旋前进！,2019/8/29,oktay,26
[讨论]电动车时代，BBA的位置会在哪里？,2019/8/30,zhkyg,6
7月新能源销量榜单出炉 哪款车你最爱？,2019/8/30,marong,1
历时三个半月，充电桩终于装上了。,2019/8/22,coollglove,31
特斯拉全系免购置税了,2019/8/30,aragon1115,1
准备订小鹏520了，有人来说说这车咋样吗？,2019/8/29,yehorse,31
回应解散传闻 蔚来谈北美公司业务进展,2019/8/30,marong,0
大家觉得工况520的车能抗几年,2019/8/30,yuandao888,9
人保哪里买最省心,2019/8/30,KickUOff,5
加长版model3，中国特密的专属,2019/8/30,gangshen,10
特斯拉涨价了,2019/8/30,aames,1
811三元电池出来后的车还能买吗,2019/5/7,fengwudian,9
蔚来的质量真好,2019/8/30,GXN,13
现在还不满意续航的同学坚持住，明年将会是600+大年，这样的车,2019/8/30,gangshen,9
[合集] 为什么蔚来容易招黑,2019/8/30,wydfz,0
[合集] 那么多人爱蔚来，其实道理非常简单,2019/8/30,wydfz,0
谁要7座纯电动mpv来着？,2019/8/30,gaolilaike,11
长安的车好不好,2019/8/27,alexaa123,22
lOOO被取消在GreenAuto版的发文权限,2019/8/30,deliver,0
[合集] 车主自己给蔚来做免费广告,2019/8/30,wydfz,0
Bolitengteng被取消在GreenAuto版的发文权限,2019/8/30,deliver,0
现在还有暂时不用电车牌照的同学吗？,2019/8/30,pelucoola,0
很多人找不到便宜的公用桩或者共享桩吗,2019/8/29,fuweihua,37
百度地图上的一键加电比蔚来APP上的还便宜,2019/8/30,yakov2018,4
有私桩的，从来就没再关心过电钱,2019/8/28,VSE,57
已动心，求拍醒,2019/8/29,chonglaiba,34
aiono LX  和  aion s,2019/8/30,sndyzhang,1
我还是比较看好国产电车的……,2019/8/29,catherineyun,52
关于Aion LX我比较期待的是,2019/8/29,hondooo,11
[合集] 欧拉感觉是最丑的车！,2019/8/30,wydfz,0
[合集] 荣威Marvel x性价比远高于es6吧？,2019/8/30,wydfz,0
现在多花钱买长续航版本不划算,2019/8/29,gen9,4
[合集] 广汽和比亚迪谁的牌子更硬一些？,2019/8/30,wydfz,0
王电黑终于把魔爪伸向了威马,2019/8/29,StillKeeper,26
提车北汽EU5 r550,2019/8/27,Maxwelly,51
补贴后25万元起 广汽新能源Aion LX预售,2019/8/29,marong,1
近两年新能源汽车疲软了，不如前两年火力猛,2019/8/27,Laurasia,76
取消补贴，车到手价涨了吗？,2019/8/28,banbanya,6
这次电动车革命国产品牌换道超车还是真有可能的,2019/8/29,cnvsus,1
电动汽车vs氢能汽车vs油车,2019/8/25,Heismyson,17
已购新能源车已上牌，可以换车牌号吗？,2019/8/28,susu0918,23
[电动]理想one的那种增程电动车思路挺好呀,2019/8/29,ychristian,26
宋ev500京北1400km游,2019/8/10,zerone01,19
[合集] 所以为啥蔚来能卖四五十万？,2019/8/29,wydfz,0
续航270km 东风风行T1EV将于9月5日亮相,2019/8/28,marong,3
分享个十一计划（新能源，带2岁娃）,2019/8/28,wq07,16
补贴后11.95万起 江淮多款新能源车上市,2019/8/29,marong,0
北汽的混动今年上了不少,2019/8/28,linyixiao,4
感觉电池衰减是不是跟年限关系更大一些？,2019/8/28,hbhdr,20
今天把威马续航开到接近极限,2019/8/26,pipeng,30
今天逛商场碰到aion s促销,2019/8/28,legacy,3
超充的技术难点在哪？,2019/8/26,plen,22
上汽MAXUS D60纯电工况600km,2019/8/28,yaodavid,6
冬季寒冷和夏季炎热地区最好买配备电池包液冷系统的电车,2019/8/28,GXN,6
家里没桩硬要买电车的比例有多少,2019/8/24,zuigao,68
如果新能源放开想买个300公里的市内开，买哪个好？,2019/8/27,Littleghost,3
问个更名操作,2019/8/28,warrior,2
北京新能源车转出后多长时间可以更新指标,2019/8/28,wanshiwuyou,1
理想one媒体试驾都出来了，本版毫无波澜啊,2019/8/24,Lypher,64
性价比最高的电车suv是哪个？,2019/8/27,XOlf,10
吉利几何A马上会爆款吧?,2019/8/23,yubing,42
开了几个小时的ES6~~~,2019/8/27,ttl,10
[合集] 再问一下充电桩指标的问题,2019/8/28,wydfz,0
法兰克福车展亮相 拜腾M-Byte最新消息,2019/8/27,marong,1
刚提车ＥＳ６,2019/8/26,lookformm,94
ex3单日北京保定青岛行,2019/8/27,accumarray,31
蔚来免费换电是不是只能70度电,2019/8/26,lecco,11
有望四季度推出 欧拉R2最新信息曝光,2019/8/27,marong,1
曝光这个鸡贼加无耻之徒,2019/8/25,asaids,9
搞不懂蔚来砸钱搞换电，竟然砍掉了轿车，无限延迟上市,2019/8/26,GXN,23
新能源自燃率的官方数据,2019/8/27,plen,10
上半年三大新势力销量之和不及特斯拉,2019/8/26,GXN,37
有威马用户群吗？,2019/8/26,guest007,2
EU5单踏板省电长续航心得,2019/8/22,hsv,65
买了新能源车是不是就算有车了，不能享受无车家庭发一个油牌政,2019/8/27,zbaez,35
请教事故后的车辆减值损失,2019/8/27,maliang11,12
漏电/自燃 电动车充电桩七成产品存隐患,2019/8/26,marong,1
家用车搞换电就是噱头,2019/8/25,catherineyun,26
1-7月我国氢燃料电池装机量同比增长642.6%,2019/8/27,txgx,0
或2021年亮相 Genesis电动SUV骡车谍照,2019/8/27,marong,0
补贴后售7.38万元 欧拉R1亲子版上市,2019/8/27,marong,0
Re: 新能源排号42万多，需要8年啊,2019/8/27,原帖已删除,0
车博会买车能便宜么？,2019/8/26,lostbeauty,7
搭车问已有一个电车，要不要再切个电号,2019/8/26,donnie125,5
用曲面屏 广汽新能源Aion LX内饰设计图,2019/8/27,marong,7
补贴后4.95万起 江淮多款新能源车上市,2019/8/27,marong,2
现在品质好点，几年内不会太过时的，是不是等model3靠谱点？,2019/8/26,laimu8,11
我这情况该买个新能源吗？,2019/8/26,iamccp,20
有在北京西站充过电的吗,2019/8/24,ko25,26
现在eu5 550版本能优惠到1万5一以上了？,2019/8/27,smthwdz,5
秦尾灯灯罩撞碎了，修要多少钱？,2019/8/26,aircrane,4
Re: 首次体检蔚来换电，全程10分钟左右,2019/8/27,原帖已删除,8
市场前景乐观 长安谈新能源营销策略,2019/8/27,marong,1
中国汽研拟5亿元投建氢能动力质检中心,2019/8/27,marong,0
直营+授权 小鹏汽车门店数量正逐步扩大,2019/8/27,marong,0
9月到港的model3是AP3.0硬件吗？,2019/8/23,sunlustre,4
8月27日上市 江淮iEV6E青春版官图发布,2019/8/26,marong,6
两种续航版本 比亚迪e2将于9月2日上市,2019/8/26,marong,10
堆电池就是畸形政策下的产物,2019/8/25,shaney,15
朗逸电动车上市了，续航278km,2019/8/26,Laurasia,0
整车厂搞啥自动驾驶啊,2019/8/26,zuigao,2
补贴前售22.48万起 新款富康ES500上市,2019/8/26,marong,0
那种刚刚好的停车位能难倒自动驾驶么？,2019/8/26,zuigao,10
请教大家一个问题，车还没排上队，能先让物业安个桩吗？,2019/8/26,metalic,7
请教，如果先安桩后买车的话，安哪家的好些？,2019/8/26,metalic,1
电动瑞虎出来了,2019/8/25,mythepic,12
将于南京生产 LG为国产Model 3供应电池,2019/8/24,marong,8
dolphinlang被取消在GreenAuto版的发文权限,2019/8/26,deliver,0
欧拉R1现在是什么价格？,2019/8/26,shichina,2
现在排队要九年了！！！,2019/8/25,zby732,18
央视报道：起火、生锈、漏电、触电，7成充电桩有“严重风险”,2019/8/25,klk214,8
充电桩怎么挪？,2019/8/24,xuliang,10
补贴后售10.99万起 瑞虎e/艾瑞泽e上市,2019/8/26,marong,10
首任蔚来ES6/ES8车主享终生免费换电,2019/8/24,marong,14
将于广州车展亮相 起亚K3纯电版新消息,2019/8/26,marong,0
奇瑞新能源正在开发全铝纯电平台车型,2019/8/26,marong,0
这么多国产电动车，中保研应该赶紧搞碰撞测试,2019/8/26,yasaka,0
补贴前19.90-22.30万元 福特领界EV上市,2019/8/26,marong,4
这个快充头听说很多人拿不动,2019/8/25,linyixiao,38
奇瑞瑞虎e纯电动如何？,2019/8/24,mythepic,2
电动朗逸只比汽油车贵不到一半,2019/8/25,sunxd,14
有一事不明,2019/8/25,socool,8
特斯拉还要不要建厂了，别建了吧,2019/8/25,Octavius,4
北汽ec220还值得买吗,2019/8/25,TiMesS,3
东风启辰D60 EV将于9月2日正式上市,2019/8/26,marong,0
新能源车牌黑字容易被酒精檫掉吗？,2019/8/25,FLYBBS,11
朗逸纯电静态体验,2019/8/25,reachstar,1
Re: 有一个续航瓶颈的错觉，供批判,2019/8/25,原帖已删除,31
[合集] 分析一下蔚来换电免费政策,2019/8/25,wydfz,0
所有厂家都不让自己领走充电桩吗,2019/8/23,csman,11
福特领界EV将于8月25日上市,2019/8/24,yaodavid,4
16款305续航的e5用的铁锂电池能量密度到底是多少？,2019/8/24,SwimingPig,13
智能驾驶现在就是个噱头,2019/8/24,guest007,14
唯续航论的奇葩思维,2019/8/25,Octavius,11
长安CS15EV400i，新车出故障拖延了12天才修好，赔偿多少合适？,2019/8/22,wendyjimmy,3
利润增长130% 宁德时代发布上半年财报,2019/8/25,marong,0
加油加氢如何合建？中石化启动标准制定,2019/8/25,marong,0
换电站列表,2019/8/24,plen,10
排不排队自己看,2019/8/24,plen,19
北汽为什么不能把车标的设计改一改呢？,2019/8/21,yingfengge,30
哈哈哈哈哈哈，这就是蔚来的免费换电 (转载),2019/8/24,tsa300,9
补贴后预售18.28万起 领界EV明日上市,2019/8/24,marong,2
荣威85kw电机是万金油吗,2019/8/22,monkey80,6
今天红绿灯起步被秒了,2019/8/22,iuhnaijuw,53
浪姨正式上市了，14.89w,2019/8/24,socool,8
[合集] 蔚来放出了大杀器：终身免费换电,2019/8/24,wydfz,0
关于试驾车的问题,2019/8/24,beck01,0
满足个性需求 欧拉R1亲子版8月27日上市,2019/8/24,marong,0
电车的中控供电是小电瓶还是大电池？,2019/8/24,jishufan,7
求助：合众公司和卖的哪吒新能源汽车怎天？,2019/8/24,xingzouzhong,0
吉利帝豪EV300 延保 咨询,2019/8/24,simonwood7,2
Re: eu5有一事不明，车主解答,2019/8/24,原帖已删除,65
最近自燃的案例少了,2019/8/20,Wooble,13
粗大！威马和格力搞在一起,2019/8/23,Arial,11
比亚迪现在用的朝代，字都是对称的，至少没分成左右两半。,2019/8/20,MyNameIs007,20
求问，秦ev450，从798到天津静海一天往返，一锅电靠谱么,2019/8/21,matchcaseone,14
求推荐落地10万左右的新能源车，先自用，将来可跑滴滴,2019/8/18,zhanglili,47
成本降30% 比亚迪将推新磷酸铁锂电池,2019/8/24,marong,0
与辉能合作 蔚来将推固态电池新能源车,2019/8/24,marong,0
十万至十五万新能源轿车通勤哪款？,2019/8/23,wanshiwuyou,25
特斯拉要涨价？,2019/8/23,legacy,2
e2想成为爆款，定价8到10万,2019/8/23,GXN,6
忽然发现充电桩的电费竟然比居民用电还便宜,2019/8/22,viny,19
王传福又在吹牛了,2019/8/23,spare,37
船夫说要打爆低价市场,2019/8/22,zphh,20
真的有低速提示音这个东西嘛……,2019/8/11,polarwind,71
BYD为啥电机越做越小,2019/8/23,youzailangzi,13
eu550 编辑测试的续航为什么跟网友使用差距大的原因,2019/8/23,yubing,30
蔚来汽车计划裁员1200人,2019/8/23,mingongjia,5
续航超400km 2020款雪佛兰Bolt信息曝光,2019/8/23,marong,0
zz蔚来内部邮件全文：将裁至7500人，提升运营效率,2019/8/22,reachstar,20
本小区的唯一充电桩,2019/8/17,WebGL,7
【友情提示】新能源换绿牌，交强险不再享受限行减免,2019/8/21,adobeps,8
iEV6E青春版等 江淮多款车8月27日上市,2019/8/23,marong,0
candy04502被取消在GreenAuto版的发文权限,2019/8/23,deliver,0
哪里能单独购买车用的动力电池,2019/8/17,gen9,15
北汽EU5近期电耗表现,2019/3/20,captliu,46
eu5续航到底如何？,2019/8/21,Icanread,25
老司机近期实测的各车真实续航,2019/8/21,kuailian,53
有打算入手北汽EX3的嘛,2019/8/20,emma163,15
北汽eu5，别克velite6如何选？,2019/8/19,X2CR,24
EU5 R550 570km 续航总结,2019/5/27,diaozi,44
又一辆电动车燃了,2019/8/21,cgsaini,42
Re: 电动车面子排序,2019/8/23,原帖已删除,24
今天试驾了蔚来ES6,2019/8/10,netherlands,163
怎么关天窗,2019/8/21,lovxm,6
量产时间临近 合众U或将更名为哪吒U,2019/8/22,marong,0
紧凑型车 广汽丰田iA5将于9月5日上市,2019/8/22,marong,1
中关村数码大厦附近有好用的公共桩吗？,2019/8/22,chou,3
现代氢能源车续航609km,2019/8/19,yaodavid,78
r500是不是关不了蠕行,2019/8/22,zbh333022,1
比亚迪电池充电电压为啥高？,2019/8/21,aames,23
目前看 在北京最成功的电动车应该是秦了吧,2019/8/20,wangkuo111,20
Re: 开车时您们是怎样舒服的把手放在车窗上的？,2019/8/22,原帖已删除,11
合众U有没有知道的,2019/8/22,tclj9,1
新出行续航排名,2019/8/21,wangkuo111,79
新能源车牌号中，如果字母达到3位，会不会带来识别上的兼容性问,2019/6/11,jijiqiqi,10
续航278km 朗逸纯电将于8月23日上市,2019/8/21,marong,10
Mustang设计风格 福特电动SUV谍照曝光,2019/8/22,marong,0
特斯拉Model 3长续航后驱版国内下架,2019/8/22,marong,0
两挡减速器是未来趋势吗？,2019/8/22,andydmx,0
7月份新能源销量完整版,2019/8/16,plen,46
Re: 求草原天路充电攻略,2019/8/22,原帖已删除,4
牛人真多，抖音有人开着唐EV游西藏,2019/8/11,gaolilaike,68
一汽-大众宝来·纯电/高尔夫·纯电预售,2019/8/20,marong,11
Re: 国内哪家造车新势力已经进入欧美市场了？,2019/8/21,原帖已删除,10
“北汽”大熊猫奔驰,2019/8/20,xwnf,8
到目前为止有电车自燃致人死亡的报道吗,2019/8/21,gen9,8
大众的电车套娃应该销量不错,2019/8/21,plen,2
广汽aions 630最近优惠力度多少,2019/8/21,snowdraem,12
本想买model3，结果今天被朋友diss惨了,2019/8/10,godlike2017,64
EU5和Model 3停一起,2019/8/20,linyixiao,11
[新能源]用朋友的指标买了车，明年自己的指标下来，明年如何操,2019/8/19,luan79944,16
Re: 北汽的电动车到底怎么样，有没有客观的评价,2019/8/21,原帖已删除,120
新人求推荐电车，谢谢！,2019/8/21,catherineyun,10
原因未知 宁波发生比亚迪e5起火燃烧,2019/8/21,marong,0
两年后电车能到600吗？,2019/8/21,im9527too,16
[充电]五棵松地下停车场有能用的电桩吗？,2019/8/20,mEngSen,1
法兰克福车展亮相 奔驰EQV官图正式发布,2019/8/21,marong,0
各位 电动车日常保养能在汽配城做吗？都有什么项目？先谢谢,2019/8/19,nemo2013,10
元EV360也刷了一趟草原天路,2019/8/21,Eko520,8
纪念EU5一周年，百公里电费5块5,2019/8/20,wakinwang,11
深圳一电动车充电站凌晨起火 7辆电动车烧毁,2019/8/21,Sweetshow,1
EU5 550 夏季续航投票结果,2019/8/15,Hook2008,15
比亚迪这个荣誉是实至名归吗？？,2019/8/20,gaolilaike,11
[合集] 小女求问，驾照快到期了，换了新驾照后，更新材料，会影,2019/8/21,wydfz,0
不懂车的试驾ES6的感受：内饰40万，操控体验20万,2019/8/19,conniewyy,52
[合集] 北汽的电动车到底怎么样，有没有客观的评价,2019/8/21,wydfz,0
400公里续航电车坝上+木兰围场作业,2019/8/19,general9,9
唐ev七座是否四驱？,2019/8/17,alienzy,15
比亚迪老型号电车可以换新电池,2019/8/19,hua1985,11
r550 慢充桩 近期慢充时 总是跳闸 咋回事？,2019/8/18,emeuUSA,2
没固定车位怎么解决充电问题？,2019/8/20,idiotwsh,2
广汽新能源Aion LX将于8月29日开启预售,2019/8/19,marong,7
城市通勤车-北京大猫,2019/8/19,zphh,54
比亚迪把朝代名字都用的差不多了,2019/8/13,zhyulily,42
沽源草原天路eu5 550,2019/8/20,fengys,14
预售11.5-15万 瑞虎e将于8月25日上市,2019/8/20,marong,2
蔚来汽车否认传闻：近期无回科创板计划,2019/8/20,marong,1
爱驰：首款量产车爱驰U5成都车展预售,2019/8/20,marong,0
续航421km 全新一代比亚迪秦EV亮相,2019/8/20,marong,8
给大家科普一下，有两个北汽,2019/8/20,MyNameIs007,8
车牌号带3个4，媳妇觉得心里别扭！,2019/6/25,Allen1008,51
GSe惊艳上市，价格十分美丽。,2019/8/7,Devide,42
新能源车报废有些什么处理，能保留绿牌车号吗？,2019/8/19,lauhoo,4
今天在路上看见个叫做前途的新能源跑车,2019/8/19,nanjian,7
有电车去海坨山自驾的吗？,2019/8/19,senies,5
北汽销量为啥高？,2019/8/17,wuxiao,36
转载：南京网约车上锂电池爆炸致自燃，给电动车主哪些警示？,2019/8/19,hsv,10
补贴前售22.58万元起 红旗E-HS3上市,2019/8/18,marong,8
调查显示 超四成新能源车在行驶时起火,2019/8/19,marong,12
如何查找电价最便宜的公共充电桩,2019/8/17,smarg,4
紧急情况停应急被拍，能撤销么？,2019/8/15,franvo88,13
fawa被取消在GreenAuto版的发文权限,2019/8/20,deliver,0
紧密筹备 天际ME7预计明年一季度交付,2019/8/20,marong,0
model3 长续航后驱版停售…,2019/8/19,injustice,6
上半年新能源销量目标完成率,2019/8/16,dandinga,13
hondooo说的天际汽车我也看到了，还有妹子,2019/8/16,LiuYiShou,41
北汽550    现在9千公里了，该保养了吗？,2019/8/19,emeuUSA,1
转载：有人问电驹哥怕自燃吗？我这样回答……,2019/8/19,hsv,0
有两座皮实耐用电车么？,2019/8/9,bottle85,13
售4.98万起 雷丁i3、i5双车上市开售,2019/8/19,marong,1
EU7领衔 北汽新能源成都车展阵容曝光,2019/8/19,marong,0
比亚迪秦Pro EV600 和广汽Aions 二选一，应该选哪款？,2019/6/9,crystal0613,74
老秦EV北京往返大同流水账,2019/8/19,bluebean96,2
国网充电桩安装手续是什么,2019/7/11,ztbit,2
几何A 500km到店了,2019/8/19,Haversack,1
四机构联合发布中国新能源汽车评价规程,2019/8/19,marong,3
地下车库没信号，充值到不了电表，电管站的人来拆电表了？,2019/8/18,aames,19
最近听到的假消息,2019/8/18,laopeng,31
[求助] 刹车时的动能回收是怎么实现的？,2019/8/18,williamtong,12
普莱德获北汽新能源1.18亿元电池订单,2019/8/19,marong,3
又到了电车续航吹牛逼的时间,2019/8/19,chocolate001,0
今天办事儿遇到一油一电抛锚。。。u,2019/8/18,ttl,2
Re: 定了车，出厂时间有快半年了，正常吗,2019/8/19,原帖已删除,0
北汽新能源将向北京投2000辆换电出租车,2019/8/18,marong,10
地下车位充电桩安装完毕,2019/8/16,qdfxy0704,7
江淮爆了，这是真的爆了,2019/8/14,leo747,35
领界EV咋没人讨论？,2019/8/18,Laurasia,0
宋pro怎么没有网上看到的好看,2019/8/18,wangkuo111,3
唐北京没有两驱五座版到店吗？,2019/8/18,XOlf,0
质量服务问题 特斯拉损失500万欧元订单,2019/8/18,marong,0
ge3 530停产了,2019/8/13,dakuta,10
第二年续保大概什么行情，头一年没出险,2019/8/16,gaodatou1107,4
凯迪拉克计划2022年推首款纯电动车型,2019/8/16,marong,2
广汽GE3 530车友群（感谢版主建议）,2019/6/17,tmq532925778,15
有没有aion s的群,2019/8/15,guest007,1
电动mini 的参数不错，城市代步好工具,2019/8/14,zphh,21
Devide被取消在GreenAuto版的发文权限,2019/8/17,deliver,0
广汽新能源Aion LX将推出双电机版本,2019/8/15,marong,10
应该持续大力度补贴电动车，只要十年，日欧汽车工业就完蛋,2019/8/12,chinatongue,40
Aions这个车咋样？续航如何呀,2019/7/26,k6888888,25
比亚迪秦出险维修后玻璃出现裂缝！（玻璃已换）,2019/8/7,dimanman,35
Re: 唐EV 上周提车了 开了477公里 不错,2019/8/16,原帖已删除,27
这个观点大家认同吗：e1折戟 比亚迪靠什么冲击50万销量目标？,2019/8/15,zphh,47
分享几款纯电拆车详细评测，脱掉表皮看内在,2019/8/16,zhouguangxiu,4
本周下班开出了两次电耗8.8,2019/8/16,hsv,23
最高车速100km/h 曝海马新款E1申报图,2019/8/16,marong,0
东方新天地遇到天际汽车展示,2019/8/16,hondooo,0
电动车的秋天来了,2019/8/16,kkzhu,9
外观小改 曝华晨中华H530纯电版申报图,2019/8/16,marong,0
市场已经证明，插混作为过度产品都是失败的,2019/8/16,GXN,12
配120kW电机 启辰T60 EV更多参数曝光,2019/8/16,loliva,1
全新比亚迪秦EV将于8月19日正式亮相,2019/8/13,marong,5
高瓴资本翻倍增持蔚来,2019/8/15,hondooo,14
威马新政策,2019/8/15,hondooo,30
大同晋北三日,2019/8/15,godeyes,7
除了特斯拉，国产哪家的辅助驾驶做的比较好,2019/8/15,wulaishiwo,13
Re: 被出租车司机两次敲门,2019/8/16,原帖已删除,7
majia53被取消在GreenAuto版的发文权限,2019/8/16,deliver,0
zxy007被取消在GreenAuto版的发文权限,2019/8/16,deliver,0
解决残值焦虑 威马推出用户关怀计划,2019/8/15,marong,7
【咨询】咸鱼卖充电桩安装资格的问题,2019/8/13,wangchenmlg,15
贴个威马的里程,2019/8/14,pipeng,75
腾势X纯电/插混版申报信息,2019/8/15,yaodavid,20
笑喷了,2019/8/15,hondooo,1
电车为啥刹车感觉都很软,2019/8/14,xiangyuan,16
Re: 有些国产车标真是…,2019/8/15,原帖已删除,18
小鹏的超充不错呀。。。,2019/8/14,ttl,24
大屯路的小鹏充电桩，带地锁，对外开放。,2019/8/13,ggyypeng,30
新增两款车型 江淮iEV6E、iEV7S申报图,2019/8/15,marong,0
预计三季度上市 比亚迪全新秦EV下线,2019/8/14,marong,13
补贴退坡后全国新能源车销量开始硬着陆,2019/8/14,AFP,2
续航为501km 曝北汽新能源EU5 R600信息,2019/8/15,marong,1
与车辆无关 江淮回应电动车自燃事件,2019/8/15,marong,7
雪弗兰纯电SUV MENLO看起来不错啊,2019/8/15,omeuamor,6
Model 3崇礼归来...,2019/8/11,ttl,25
领动混动怎么样？,2019/8/15,aihua,4
几何A中配和秦PRO EV中配如何选择,2019/8/13,panlee721,33
吉利星星充电桩一年内不给免费安了？,2019/8/15,zhaobotao,1
近期哪家的保险有优惠啊？,2019/8/15,cathy0898,0
Re: 有多少车主觉得二手纯电动车能卖上价啊,2019/8/15,原帖已删除,14
第二年保费帮忙看一下，怎么那么贵,2019/8/15,cathy0898,6
byd唐，红色的，真漂亮啊,2019/8/14,X2CR,55
吉利帝豪EV300 在行驶过程中突然失去动力......谨慎选择,2019/1/10,carfield,137
欧拉r1爆炸,2019/8/13,yyff,15
威马520和宋pro高续航 哪个续航更高？,2019/8/12,beray,30
棒子model3卖19万,2019/8/15,X2CR,0
