﻿主题,发帖时间,_ 作者,回复
充电桩危害,2018/7/3,doris319,33
有安华商三优充电桩的吗？,2018/7/9,zhuce1102,8
6.1亿元加码电动轿车 海马汽车在河南增5万新能源产能,2018/7/11,marong,1
Re: EU5 和逸动460 有最新消息吗,2018/7/11,原帖已删除,3
6月新增5000个 全国公共充电桩超27万个 ,2018/7/11,marong,0
不惧子弹穿透 现代投资电池公司开发新技术,2018/7/11,marong,1
Ei5 nb啊，爆款节奏  完全没想到,2018/7/4,xianrenb,59
可以“反哺”电网/缓解负载 特斯拉或将重新推出V2G技术,2018/7/6,marong,23
Re: 长城宝马在江苏建电动车厂：对半持股，投资51亿造MINI,2018/7/11,原帖已删除,5
期中成绩出炉 2018上半年新能源汽车产销超41万辆,2018/7/11,marong,0
据说EU5到车了，看起来不错，贴几张图片,2018/7/10,captliu,12
以后开电车跑高速不是事,2018/7/10,Laurasia,19
路上见了几辆上了绿牌的江淮蔚来es8,2018/7/9,starsailor69,18
[新能源]比亚迪秦新能源--空调滤芯和绿静滤芯可以自己更换吗？,2018/6/20,strubby,20
蔚来这营销做的好啊,2018/7/10,dygood198816,5
产权车位有房本吗,2018/3/9,JEFW,8
荣威Ei5现在多少钱啊？,2018/7/11,iEric,0
奔奔360才6w？,2018/7/6,wuditianke,35
请问这个月切新能源，大约要排多久？,2018/7/9,driver80836,27
es8高速下掉电太快,2018/7/9,boyabook,33
绝境求生 马斯克推动特斯拉中国建厂,2018/7/11,marong,0
版上对比亚迪售后意见这么大，上汽和北汽是不是更靠谱一些,2018/7/10,sinQ,6
云度π1 Pro/π3 Pro 补贴后预售9.2万起,2018/7/10,marong,4
友情提醒，千万别用富电的充电桩,2018/6/7,passbyer,17
算是比较客观的评价了帝豪ev450,2018/7/9,zhangning021,21
特斯拉中国工厂将在上海临港落户,2018/7/10,marong,0
特斯拉中国工厂将在上海临港落户,2018/7/10,llei03,0
将本id第一次献给电车版,2018/7/10,liangjiahe,8
16款帝豪ev两年4万公里无衰减,2018/7/9,unstar,15
近期有新能源车展吗？想集中看一看,2018/7/10,sinQ,1
北汽EU5有试驾车了,2018/7/7,toughlife,26
[新能源]去看了EU5,2018/7/9,darky,14
e6怎么换空调滤芯和空气滤芯？,2018/7/9,richie2008,6
突然要买车，请教E5和秦的落地价,2018/7/3,earnmoney,44
问一下新车网上选号,2018/7/10,adalin66,3
特斯拉在华全线涨价，这次马斯克该怼谁？,2018/7/9,marong,3
eu5续航靠谱吗,2018/7/10,creasure,9
Re: e5和eu5的疑问,2018/7/10,原帖已删除,19
EU5 开始小批量铺货,2018/7/9,alall,11
组成换电大联盟 北汽/奥动/优电等5方代表成立合资公司,2018/7/9,marong,8
买BYD秦EV的虐心经历！！！！！,2018/7/9,blueskygreen,13
续航或达600km/充电效率翻倍 新款日产聆风谍照曝光,2018/7/9,marong,9
埃隆马斯克展示了他另一个伟大梦想：全电动无人驾驶特斯拉卡车,2018/7/10,marong,0
配套宝马/大众 宁德时代电池厂落户德国,2018/7/10,marong,1
后悔没多屯几个新能源号牌,2018/7/6,binghe1988,52
没有一个app好用,2018/7/10,aotuzifu1968,1
奔奔360，补贴后5.99万,2018/7/7,reachstar,14
总理再次见证 中德车企合作发力新能源 ,2018/7/10,marong,0
什么是智能电动车的真正拐点？,2018/7/10,marong,0
等不到的BYD宋EV400,2018/7/5,myzx,21
京哈沿线服务区充电挺方便快捷的,2018/7/9,andy1984,4
帝豪的GSE一年内会出续航升级款吗？,2018/7/9,cosun,2
奇瑞瑞虎3xe 480要来了,2018/6/21,joaquin25,17
eu5居然是5门,2018/5/2,michaelchen,10
所谓预售价有任何法律保障吗？,2018/7/9,nanyanghe,3
奔奔360是4座还是5座？,2018/7/8,zgsjs,7
隔壁的隔壁的隔壁车位的女司机,2018/7/4,ZhangJiang,33
Re: 请问房本是先生的，买车位可以挂我的名字吗,2018/7/9,原帖已删除,6
秦pro 58度电 以及其他18批免税车辆,2018/6/19,ciper,27
逸动ev460开售了？,2018/7/8,katefly,21
比亚迪直营店在哪,2018/7/9,luomandike,1
最高涨价25.662万元 特斯拉Model S/Model X调价,2018/7/7,marong,5
请教一下，byd秦保养需要去买车的4s店吗？,2018/7/7,TigerYang414,2
[合集] 新能源电动车是有辐射吗,2018/7/9,wydfz,0
Re: 北汽的ev150尿崩了，等拖车中.......,2018/7/9,原帖已删除,10
周末跑了趟昌黎,2018/7/9,tenorio,1
Re: 开车的时候，女朋友在旁边真烦,2018/7/9,原帖已删除,97
再次调整 外媒称中国新能源车补贴明年或削减1/3,2018/7/7,marong,2
看了GSE，感觉很不错啊,2018/6/22,zcrok07,49
主流车企可靠性排名，荣威吉利比亚迪北汽江淮？,2018/7/9,starsailor69,3
前几天还有人问为啥不推荐e5,2018/6/30,tianbo,18
深评：如何看待比亚迪长安合作电池业务,2018/7/9,marong,2
比亚迪E5 450工况多少?,2018/7/8,sharchin,6
2018秦，回老家，没有接地线,2018/7/8,djxiao,16
富电凉了？看来新能源销售业不好干啊,2018/7/8,reachstar,16
朋友圈别人发的，怎么样？,2018/7/8,ebw,1
新装修时考虑飞线装充电桩,2018/4/11,garyzhang1,62
陪练都找哪家啊,2018/7/8,Antigone,4
清华附近哪有比亚迪4S店？想去看看车,2018/7/8,lansxk,3
没有对比，就没有伤害 | 18款纯电动汽车轮胎对比分析,2018/7/4,Laurasia,32
今天有人去参加了吉利的那个万人团购会吗？,2018/7/7,dormouseBHU,15
【强调】新能源组团帖属商业行为，请相互告知,2018/7/8,wydfz,6
比亚迪 E5 EV450 不好别买之现身说法,2018/7/1,yy1234,24
5万多的奔奔EV360性价比无敌了吧，工况续航300KM,2018/7/6,kevin110,29
修改constgener在GreenAuto版的发文权限封禁,2018/7/8,deliver,0
kaellen被取消在GreenAuto版的发文权限,2018/7/8,deliver,0
我就问你，没有油牌的情况下，高价油牌和高价电车你选哪个？,2018/7/1,reachstar,62
一文读懂动力电池回收利用溯源管理规定,2018/7/8,marong,1
去年年底哪些车有促销？,2018/7/8,fightforlife,2
一个同学要换车，非新能源不买,2018/7/7,Mrsundy,6
北三环易能环耀比亚迪秦,2018/7/7,yzqlyy157,1
今天是有优惠吗,2018/7/7,sun1986329,9
定了元，西红门店,2018/7/7,foreverlix,22
有秦450的群吗，入手了，一起讨论交流一下啊,2018/7/7,ssming,4
发展换电是长远眼光,2018/7/6,honestman,13
比亚迪e5后备箱尺寸,2018/7/7,flybird2007,0
大家保险都怎么上啊？,2018/7/7,dormouseBHU,4
newstate被取消在GreenAuto版的发文权限,2018/7/7,deliver,0
constgener被取消在GreenAuto版的发文权限,2018/7/7,deliver,0
补贴后售6.39万 众泰E200 Pro车型上市,2018/7/5,marong,6
感觉北汽的换电只适合跑滴滴,2018/7/6,aiyawoqu,7
"江淮iev4s,4万公里，报告一下",2018/7/7,zhangyiyao,12
新能源续航计算方法-更新,2018/7/3,leelay84719,19
日媒：Apollo是真正的威胁 中国自动驾驶已成真,2018/7/5,Genlux,27
有奔奔4s的电话吗。,2018/7/7,findmyhappy,1
请问西边哪有比较集中的新能源车4S店？,2018/7/6,bfalee,3
最高2.04元/kWh 苏州发布充电服务标准,2018/7/7,marong,2
[ 求问 ] 奔奔360是多少度电？,2018/7/7,cha,4
估算个夏季空调耗电情况,2018/7/7,wska,4
电池巨头沃特玛遭遇“生死劫” 资金短缺全体员工放假6个月,2018/6/29,marong,1
圡问：奔奔ev180启动异响,2018/7/7,hhab0310,6
公司门口停一辆未上牌emg6,2018/7/7,xianrenb,2
路面电缆沟的混凝土磨掉了，露出了装电缆的pvc管，怎么办,2018/7/6,dadadahema,2
凯源充电桩,2018/7/7,normalman,0
腾势随车配的充电器是这样的吗？,2018/7/7,jqmdd,0
请问南边有集中的新能源店吗,2018/7/7,rijndael,0
特斯拉远胜于丰田的一个地方,2018/7/3,tianbo,34
[求助]Ei5还是BYD元,2018/7/5,weiboyy,35
其实电车和油车续航差不多,2018/7/6,dawei78,1
hellokitty66被取消在GreenAuto版的发文权限,2018/7/6,deliver,0
看到的一个电车衰减,2018/7/6,tianbo,25
uibeer被取消在GreenAuto版的发文权限,2018/7/6,deliver,0
dorothss被取消在GreenAuto版的发文权限,2018/7/6,deliver,0
10分钟充满电 滴滴正加速建立快充网络 ,2018/7/6,marong,2
其实电车和油车续航差不多,2018/7/6,dawei78,2
感觉北汽EU260销量很高呀,2018/7/6,djiabei,3
逸动三百，元，瑞虎，选哪个，价格差不多,2018/7/6,jianjian2015,10
合作敲定 东风汽车与宁德时代成立电池合资公司,2018/7/6,marong,2
奔奔9000公里了-送娃买菜利器,2018/6/29,compaqn800c,72
彭bo社：消息人士称新能源汽车补贴明年或将削减1/3,2018/7/6,tianbo,2
含纯电动及氢燃料动力 奔驰公布新能源货车计划,2018/7/6,marong,0
鼓励新能源汽车推广，广东将免收充电设施基本电费,2018/7/6,marong,0
换电版的还是太贵,2018/7/6,apollolee,0
Re: 北汽的换电eu300来了,2018/7/6,原帖已删除,2
指标12月10号到期，什么时候买合适,2018/7/6,sun1986329,2
家里有个卡罗拉，再买一个元ev是不是鸡肋,2018/7/5,meiyoua,16
现在秦ev整个北京都是要等好久么？,2018/6/26,zxz32041,57
跨界造车 地产商进军新能源汽车版图,2018/7/6,marong,0
有东边的比亚迪和帝豪的新能源4s店推荐吗？,2018/6/30,wwwatcher,17
同等条件下，电车的商业险返现少么？,2018/7/4,DLJC,8
周末看车，请推荐10万左右性价比高的五座和4S店,2018/7/5,sharchin,3
3分钟换电/售7.98万元 北汽新能源EU快换版上市,2018/7/5,marong,8
最高0.8元/kWh 深圳调电动车充电服务费,2018/7/5,marong,6
荣威ei5现在什么价啊？这两天买的说下呗？,2018/6/23,passerby126,46
交警肉眼识别新能源车牌是否限行是个技术活儿啊,2018/7/3,starsailor69,30
2018年北京市顺义区继续执行购车补贴 方案出台,2018/7/5,Laurasia,1
已经定了秦高配今天提车，详细说一下费用,2018/7/3,G00DBYE,39
北汽EU300的换电，透着一股鸡贼的味道,2018/7/5,Lazy250,2
长安汽车与比亚迪电池合资合作正式签约,2018/7/5,marong,1
支持对私换电 北汽新能源EU300今日上市 ,2018/7/5,marong,5
威马公众号上说9月30号前开始交付,2018/7/5,solar2ain,9
求问，年初排到号，几月出手比较好？,2018/7/5,iceci,1
2019年推3款纯电动车型 启辰新能源计划,2018/7/5,marong,0
向奔驰、宝马看齐 大众计划推出电动汽车共享服务,2018/7/5,Genlux,0
沃尔沃推全新共享出行品牌M 将首先服务于瑞典和美国市场,2018/7/5,Genlux,0
新能源指标每年都是5万4吗?,2018/7/5,wangwenzhi,6
国家开始鼓励用你的电动汽车赚钱了，要不要干？,2018/7/5,marong,8
华商三优交流充电桩,2018/7/4,zhantao,9
Re: 被gl8的油耗惊着了,2018/7/5,原帖已删除,11
zz  【我的特斯拉Model X的18个月30000公里】,2018/7/3,marong,18
威马怎么样？谁有最新的消息？,2018/7/4,duan123128,12
土豪可以出手了，保时捷taycan,2018/7/4,bluegod,10
大家觉着何时国产新能源量产车能实现实际续航500公里以上？,2018/7/4,carrickwang,32
汽车之家电动车测试,2018/7/4,D40s,9
中高端一下子多了两个,2018/6/29,tianbo,77
广汽传祺GE3送的充电桩是什么样的呀？,2018/6/25,LeoLeo,3
雪佛兰Bolt上半年全球销量增加40% 通用汽车决定第四季度增产,2018/7/4,marong,5
现在10w以下买什么电动？,2018/7/4,FDA,6
宋400快充考察,2018/7/4,godeyes,1
[讨论] 现在预订model3 什么时候能拿到车？,2018/7/3,arenasgilber,12
刹不住车，真危险,2018/7/4,Laurasia,1
电车轮胎都是哪家供应商的？谁家采用的质量最好？,2018/7/4,Laurasia,3
40万用户还要等多久？特斯拉宣布Model 3产能达标,2018/7/3,marong,4
帝豪gse能算suv吗？看三围跟奥迪Q3差不多，矮了3cm,2018/6/30,nianru20W,15
以后电车多了，物业都得同意装充电桩吧？,2018/7/2,Feisike,32
新车保险费计算,2018/7/4,wmrabbit,1
昨天明光桥上一个特斯拉毛豆x被追尾,2018/7/4,sofa,3
想买gse的板油们，你们都想买什么配置什么颜色呀？,2018/6/15,htly,32
从生产到报废 工信部新公告将严格监测电池回收利用,2018/7/4,marong,0
未来是换电池还是充电？,2018/7/3,Russo,14
补贴后售价或7万起 续航301km的众泰E200 Pro来了,2018/7/3,marong,12
除特斯拉外，哪款车实际续航里程最大？,2018/7/4,ak48,1
比亚迪秦,2018/6/20,smileluo,33
北汽新能源LITE将改款上市 续航大幅提升80%,2018/7/4,content,0
充电桩过几年又要拆了吧,2018/7/3,amimperius,10
cpafan被取消在GreenAuto版的发文权限,2018/7/4,deliver,0
[合集] 谁的责任？,2018/7/4,wydfz,0
就在国内各股势力借着“新能源”的由头推销各种技术上没新意的,2018/7/3,marong,3
我就希望唐ev， 荣威Marvel X 能倒逼腾势降价,2018/6/29,KickUOff,18
marvel x哪里可以看到实车,2018/7/1,ilovedodo,2
长安逸动300低配多少钱,2018/7/3,jianjian2015,5
发一张e5保养项目对应的时间和里程，供e5车主去4S店保养时参考,2018/7/3,zjl26545479,12
特斯拉提高产能背后：马斯克开始暴躁 强制工人轮,2018/7/3,marong,4
7月7日是个什么情况？好几家都有活动,2018/7/3,cosun,14
请问现在切电车，大概要拍到什么时候,2018/7/3,segfault,9
大家充电还是要选大的公司，小易出行跑路了,2018/5/21,uuu9,14
油车尾号8，电车尾号几可以利益最大化？,2018/7/2,careers,15
下半年有一起买腾势的嘛？,2018/7/3,KickUOff,0
同盟关系正式达成 拜腾与一汽签署合作框架协议,2018/7/3,marong,0
荣威Marvel  3天预定不足三千人,2018/7/2,owenfirst,21
刚看了一下换电模式,2018/6/30,apollolee,31
现在买的电动车，以后有升级电池的可能吗？,2018/5/30,xishimu,33
eu5低续航怎么也没有消息啊,2018/7/1,shmtc,12
你们的慢充功率是多少？,2018/7/2,godeyes,8
换电问题有人来讨si论bi吗？,2018/7/2,Lazy250,8
听说现在的秦优惠快一万了,2018/6/26,lietolee,13
电动汽车还能获得额外收益？发改委出台价格调控意见,2018/7/2,marong,4
大家新能源电动车保养花了多少钱？,2018/7/2,mechanic,16
marvel 价格公布,2018/6/29,topyp,60
Re: 新奔奔7月7日上市,2018/7/3,原帖已删除,19
Re: 【成本】到手价10万的新能源车厂商能赚多少？,2018/7/3,原帖已删除,5
周末去4S店看了看电动轩逸,2018/7/2,seik,27
北汽eu5带行车记录仪吗？,2018/7/1,holygrail,3
秦450正面还挺好看的，路面上越来越多了,2018/7/2,JEFW,5
哪里可以看到排队序号呢,2018/7/2,victer,5
北汽退款了,2018/7/2,Laurasia,5
ecat被取消在GreenAuto版的发文权限,2018/7/2,deliver,0
自有充电桩、买菜通勤车，电车成本残暴的不像样子,2018/6/28,pipr,18
周末的节能大赛，没取上名次,2018/7/2,hxy01,14
电动轩逸ev宣称的综合续航338km根本不可能做到啊,2018/7/2,kevin110,8
新能源车有按补贴后上保险并理赔过的么？,2018/6/28,ljtxjtu,6
[合集] 秦450降价，准备出手了,2018/7/2,wydfz,0
新车上牌可以找人代办吗,2018/7/2,kenikaka,3
忍痛把家里的油车卖了,2018/7/1,aiyawoqu,9
元和gse怎么选？？,2018/7/2,zuiyehaixing,1
鸿雁16安智能插头，电量统计显示为零，为什么？,2018/7/2,firstmj,3
Re: 帮我选一款10万元以内的电动汽车？,2018/7/2,原帖已删除,2
电车不好别买之现身说法,2018/6/30,yy1234,27
隔壁宝驴525落地只要40了,2018/7/1,xiechuanhust,17
自贸区外商投资负面清单发布，新能源汽车无股比限制,2018/7/2,marong,0
马斯克致信员工：产量达标 我们成了真正的汽车公司 (转载),2018/7/2,tianbo,1
Re: 保号车型推荐,2018/7/2,原帖已删除,6
比亚迪元ev电池,2018/7/1,texhika,3
比亚迪e5 450充电问题,2018/7/1,miketiang,2
有那种电池可以取下来充电的电车麽,2018/7/1,zdzaba,9
订了gse次顶配，问问大家觉得有没有必要加装电量输出装置,2018/7/1,qingyueling,16
帝豪ev不如gse，价格还高几万,2018/6/30,macas,23
现在10万内性价比最高的电车是啥？,2018/7/1,Kevinforever,3
marvel x，唐ev，es8，腾势,2018/6/29,aragon1115,2
油门当刹车 蔚来首款量产车交付前出事故,2018/7/1,marong,3
Re: Re: 北汽et400和北汽ex5不一样,2018/7/1,原帖已删除,2
最快成都车展上市/续航里程有望达400km 北汽新能源ET400消息,2018/6/29,marong,12
上市8年未盈利但投资回报惊人 特斯拉股价涨近2000%,2018/7/1,marong,1
青海湖比赛逸动的续航把秦和eu5都秒了。。。,2018/6/30,ciper,45
Tesla model3产量破五千,2018/6/30,tianbo,12
chaodide被取消在GreenAuto版的发文权限,2018/7/1,deliver,0
补贴停了？价格变了吗？,2018/7/1,pp2009,0
新能源自选车牌,2018/7/1,flybird2007,0
求问昌平欧德宝有帝豪gse么？或者西北边哪里有。想去看看,2018/7/1,kehua,3
电车车主都很能开啊，一两年就能开个三四万,2018/6/27,liweizxc,42
嚓，刚发现新能源申请过期了,2018/6/30,jackadandy,19
版面积分变更记录,2018/7/1,deliver,0
求估计,2018/6/30,bloodlust,3
[讨论] 最保值的国产电动车,2018/6/22,kriseddy,10
去年的新车都是几月上的,2018/7/1,munich12,0
总结一下消失了的关于电车的说法,2018/6/28,Sweetshow,14
求教秦中控防灰尘问题。,2018/6/30,sycau,3
电车有特别好的号码吗？,2018/6/29,bluegod,27
第二年电车保险这优惠力度可以不,2018/6/28,morningleaf,9
新能源车牌怎么选？有啥技巧？,2018/6/30,wuguibao,2
squr被取消在GreenAuto版的发文权限,2018/6/30,deliver,0
dolphinlang被取消在GreenAuto版的发文权限,2018/6/30,deliver,0
有必要买盗抢险吗？,2018/6/30,kaellen,5
[合集] 荣威膨胀了,2018/6/30,wydfz,0
[合集] 主题:主题:接下来是es8迅速火起来的日子,2018/6/30,wydfz,0
顶配补贴后售价不超46万元 荣威MARVEL X现已开启预订,2018/6/29,marong,4
marvel x工信部续航多少？,2018/6/29,Icanread,10
买电车的明显多起来了1,2018/6/30,tianbo,3
续航达252公里 红星X2将于今晚上市 ,2018/6/30,marong,3
8月份上市/价格高于C30 EV 欧拉iQ消息,2018/6/30,marong,3
今天提秦，遥控钥匙驾驶贴库还是很有用,2018/6/29,youarefat,11
路上经常看见奔奔，真是神车,2018/6/30,JEFW,1
逸动生产出来就是为了证明国家的钱都在使着,2018/6/29,q1w2e3r4t5y6,8
钢铁侠为啥续航那么牛逼,2018/6/30,q1w2e3r4t5y6,6
北汽EU5低配不是号称六月能交车吗？,2018/6/28,Laurasia,12
求推荐比亚迪秦车主群,2018/6/30,iampal,3
去看了元，汇报一下,2018/6/20,q1w2e3r4t5y6,24
元ev提车,2018/6/26,nzczhao,24
marvel x做的这么好看,2018/6/29,Fcity,0
有辆ex260，想换个续航更大的，有什么途径吗？,2018/6/29,lixunhuan001,6
电车真是为夏天烈日而生,2018/6/29,wuxiao,8
Re: Marvel X是热泵空调,2018/6/29,原帖已删除,9
有人因为动能回收被追尾的吗？,2018/6/29,tbahc,15
SUV车型居多 聊第三季度将上市新能源车 ,2018/6/29,marong,0
Model3产能恢复 或2019年国内交付,2018/6/29,travelerjack,1
比亚迪秦ev450现在补贴后的低配和中配分别是多少钱？,2018/6/29,jijiqiqi,1
路遇几板车的小鹏，都是红色。这个一直闷声干的品牌，看来马上,2018/6/29,marong,3
我国燃料电池汽车进展缓慢 与国际差距明显,2018/6/29,marong,2
哈弗H6为啥不出电动版？,2018/6/29,iEric,5
续航提升很快嘛！,2018/6/28,mememe,44
秦EV出现故障，懂行的来帮下忙,2018/6/28,baidu100,13
宁德时代再获大单 与宝马签订10亿欧元动力电池合同,2018/6/29,marong,1
不是说今天公布漫威X价格吗？,2018/6/28,bloodlust,9
2nd内部交付,2018/6/28,aiyawoqu,33
请问大家华商三优装的桩拉的线是真的10平方吗？,2018/6/29,xujiji,2
奔奔真是神车,2018/6/29,Laurasia,8
[请教] 秦EV450充电问题,2018/6/29,landrover,10
秦ev450提车一周,2018/6/27,heyman00,29
排队又往前了 2w多变1.9w了,2018/6/29,echobin27,2
不需要自动点击延期申请了,2018/6/29,wmstanley,3
七月后i3能便宜多少？,2018/5/22,bloodlust,38
新能源有50w左右的非国产的车么,2018/6/29,foxmailed,6
交了意向金,2018/6/29,bloodlust,7
荣威为什么不出纯电轿车？,2018/6/29,MyNameIs007,9
pliu13被取消在GreenAuto版的发文权限,2018/6/29,deliver,0
请问，上地周围比较靠谱的充电地方有哪些啊？,2018/6/29,iyfd,4
为什么那么多人不待见e5？,2018/6/28,caocheng1122,35
挺感谢年初有奔奔260,2018/6/29,kevinsanaa,1
绿牌简直是垃圾，相比以前的蓝牌白字，绿牌黑字根本看不清,2018/6/29,tradeYao,0
蔚来ES8北京上海交付中心正式启动大批量交付开始。。快来喷,2018/6/28,feining125,44
特斯拉真的要来了？新能源领域股比将于7月28日正式放开,2018/6/29,marong,0
特斯拉续航不也就四五百吗？国内的咋这么牛逼了,2018/6/26,liweizxc,35
选3.3还是7kw的,2018/6/29,fdsa1234,14
宁德时代老黄对电池的看法节录，据我了解都是真实的,2018/6/27,wormvirus,10
大家提车都是怎么验车的?,2018/6/28,miketiang,4
上次听专业人士说插混的电池是难度最大的,2018/6/28,yyyxxx1221,8
现在的车怎么工信部续航这么接近匀速60续航了,2018/5/23,Sweetshow,11
2018年取消新能源汽车整车制造外资股比限制,2018/6/29,pegasus55,0
销量/车型规划 六家车企下半年将要给出怎样答卷,2018/6/29,marong,1
深评：换道增长 解析电动车市场新趋势,2018/6/29,marong,0
无立足之地？评北京大力整治低速电动车,2018/6/29,marong,0
物业说装充电桩，容易起火，消防安全过不了。不让装。,2018/6/28,flying168,7
特斯拉电池能量密度是多大?,2018/6/28,jocusperrin,10
知豆就是个电三蹦子,2018/6/28,xiaofatuo,4
[合集] 鉴于问的人太多，分享一下秦和e5的价格信息,2018/6/28,wydfz,0
[合集] 垃圾比亚迪！垃圾环耀4S！,2018/6/28,wydfz,0
[讨论]ei5 现在什么价格了,2018/3/26,pliu13,23
荣威Marvel X消息 将6月29日开启预售,2018/6/28,yaodavid,2
明年2月26日之前能买到秦pro不？,2018/6/24,profo,28
逸动ev460在青海跑出了510的成绩,2018/6/28,hsv,6
批量交付开始了。 ,2018/6/28,marong,0
从唐二看比亚迪有点上道了,2018/6/27,Sweetshow,5
电车车门是不是都很薄，很轻,2018/6/28,Laurasia,6
贾跃亭能否对赌成功？恒大称FF满足量产条件,2018/6/28,marong,0
将于三季度上市 合众新能源首款车型哪吒N01官图发布,2018/6/28,marong,0
北京私人电动乘用车保有量达12.4万辆 超28万人排队申请指标,2018/6/28,marong,0
东北新能源市场会火？北汽与华晨联手布局,2018/6/28,marong,5
贡献比亚迪e5的电耗（公用桩充电）,2018/6/26,norainbow,8
es8飞起,2018/6/27,KeepHope,22
比亚迪e5保险费,2018/5/11,healthyfish,33
为何2018年第三期新能源池内查不到编码？,2018/6/26,yanqiseven,12
买车选4s店是选便宜的还是近的,2018/6/28,kaellen,2
唐EV售价会是多少？,2018/6/27,zzzzz,13
高性能电动车以后都是双电机了,2018/6/27,tianbo,10
哪里有大量的快冲桩，基本去了就能冲的那种,2018/6/27,chenmervyn,23
现在买电车有口诀吗？,2018/6/25,icesoso,13
后年中旬将会普及500公里nedc里程，补贴后12万，跑滴滴真好,2018/6/27,wormvirus,17
Re: 宁德时代：今年下半年出货15分钟快充电池,2018/6/28,原帖已删除,2
唐二代电池多重？,2018/6/28,yyyxxx1221,0
淘汰赛加剧 国内动力电池行业现状分析 ,2018/6/28,marong,0
友情提示，单位新能源指标目前队伍不是很长,2018/6/26,wfzyl2007,4
电动车都去哪儿买？,2018/6/27,yaqli,5
唐ev听上去牛逼闪闪,2018/6/26,tianbo,98
幸亏排了两个电车号,2018/6/15,lqw,15
奇点汽车发展怎么样呢？,2018/6/27,zhoupizi,0
新能源汽车真 起来之后，这些4S店怎么办？,2018/6/27,dygood198816,8
有没有私人充电桩共享的APP,2018/6/27,vincent1008,5
"Re: [建议][新能源]新手历程12000km, 想自己开车去乐亭",2018/6/27,原帖已删除,1
元什么时候才能随便买，不用等,2018/6/27,jianjian2015,6
续航提升至301km 奇瑞eQ1小蚂蚁400官图 ,2018/6/27,marong,1
北汽新能源将推出对私换电版EU300 开启私人换电服务,2018/6/25,marong,11
综合续航里程301km 众泰E200 Pro将上市,2018/6/27,marong,0
北汽新能源EU5涉水赛丢人啊,2018/6/26,hsv,28
Re: EU5有两厢版吗？,2018/6/27,原帖已删除,1
比亚迪青海12GWh动力电池项目投产 2020年总产能达60GWh,2018/6/27,marong,1
富电新能源拖延不退订金怎么办？,2018/6/26,jinsheng777,9
惨惨惨，奔奔ev保养后快充120A变成60A了,2018/6/26,kevin110,8
请教：二手电动车水深不深？,2017/11/17,zhantan96,15
朋友占号的车怎么还人情？,2018/6/27,everkitty,9
电梯里看见nissan开始卖纯电动的轩逸，这车怎么样？,2018/6/27,xg0632,5
2017年中国动力电池投资项目达100多个 金额超2000亿元,2018/6/27,marong,0
byd以及帝豪体验,2018/6/23,Archers,45
电动车换车还能享受补贴吗,2018/6/27,maradona888,5
有没有类似嘉年华，雨燕那样的电车,2018/6/27,roc009,4
大家帮忙看看，我这个新能源汽车指标延期有问题吗？,2018/6/27,williamzdyl,0
[合集] 蔚来是以服务为导向，这是区别其他传统车企的主要特征之,2018/6/27,wydfz,0
3秒“破百”/续航650km 游侠汽车X量产版四季度发布,2018/6/27,marong,5
蔚来汽车将于6月28日交付第二批用户,2018/6/23,marong,2
舍不得我的车牌，怎么换新车啊?,2018/6/27,fochi,4
动力电池进入洗牌期 1/3企业已被淘汰出局,2018/6/27,marong,0
据说上海也要逐步取消插混绿牌,2018/6/26,tianbo,22
五月中旬转的新能源指标,2018/6/27,FancyLee,0
要是放开了买，这些排号的能剩下五分之一出手不？,2018/6/27,bd95,3
[求助]现在入手电动车，买二手还是新车呢？,2018/2/7,xujie5407,3
[合集] 6月份这次审核发现又前进了1699名！,2018/6/27,wydfz,0
[合集] 好多人一说es8张口闭口就是身份的象征，搞笑,2018/6/27,wydfz,0
[合集] 二手秦EV300求估个价(4),2018/6/27,wydfz,0
2020年底前重点城市公交车将全部更换为新能源车,2018/6/26,marong,3
上海插混蛮讽刺的,2018/6/27,cdd,6
现在宋EV400有优惠吗？,2018/6/27,zhuce1102,0
纠结，选外地牌二手车还是买新电车,2018/1/15,huhu666,13
想买电动车的都抓紧买了，传闻新能源补贴很快就要叫停了,2018/6/26,djkstra,35
空调清洗和换滤芯真贵,2018/3/24,flythink,3
问啥新能源排号还能往后？,2018/6/26,lengxinyi,9
有转让过充电桩指标的么？,2018/6/26,yw209021,3
想买新能源纯电动车，求推荐，续航里程长，同时相对便宜，性价,2018/6/26,donkey978,2
续航工况400以上现在都哪些车？,2018/6/26,total,5
排名又前进了2000名，目前62000+，明年有戏？,2018/6/25,ccypython,11
新能源排序,2018/6/26,zhamyu,2
唐EV12月底出来，续航500公里,2018/6/21,cnvsus,24
e5需要加电池护板吗？,2018/6/26,maidongxi8,5
五线小城买电车合适吗？,2018/6/25,Rumba,26
借款研发新能源汽车项目 比亚迪欲打造平台化产品,2018/6/26,marong,0
Re: [原创]分享个纯电动通勤用车电费记录-奔奔EV180-公共桩,2018/6/26,原帖已删除,3
第三期前进了9名，1869-----<1860,2018/6/26,xqn11,15
售6.9-8.9万/定位纯电动物流车 容大智造迈图正式上市,2018/6/26,marong,0
请问北边哪家荣威4s店比较靠谱？,2018/5/26,BaroqueBach,6
weima不退意向金怎么办,2018/6/25,pinganli123,5
[求助]如何测算自己新能源什么时候可以排到？,2018/6/25,Doramo,28
光之翼何时发布啊,2018/6/25,garywasdren,11
求推荐电车购买型号,2018/6/26,Behappyall,2
电动轩逸的电量,2018/6/25,steven201409,8
回收再利用 格林美集资29.5亿元打造电池产业链,2018/6/26,marong,0
[教程]如何查询新能源排名,2017/12/21,icyfox,22
手动清洗汽车空调，更换滤芯，图文讲解,2018/6/26,nkzlin,0
好像以前车型不多的时候很多人捧聆风,2018/6/25,nolovivi,48
新能源汽车申请也有6个月有效期？过期重新申请会重新排队么？,2018/6/25,fotobang,1
百公里电耗app,2018/6/25,arge129,6
人人车卖车买比亚迪的车补贴怎么领,2018/6/25,meiyoule,7
纯电唐啥时候能买到啊,2018/6/25,shmtc,1
续航里程超450km 观致3 EV或于广州车展前后上市,2018/6/25,marong,7
[合集] 【预测】2020年电车到手价和续航里程,2018/6/26,wydfz,0
北京普通小客车指标约2031人抢一个 新能源排队到2024年,2018/6/25,hisder,1
e5充电跳闸,2018/6/25,DuerOS,6
请问，在北七家那些经销商手里买车和在4s店买车有啥区别？,2018/6/22,LeoLeo,14
北京~南戴河，往返，求老司机指导下充电攻略,2018/6/25,ronaldo1984,8
警车带头占充电车位，停车新政能执行的好吗？,2018/6/25,xiaoqiongya,9
电车确实不好，真的，连特斯拉也是如此德行,2018/6/25,djiabei,6
明年10万价位的车可以期待续航400-450吗？,2018/6/25,cosun,10
外地牌限制进京次数，新能源车牌申请量感觉会剧增啊,2018/6/15,LutaNews,30
初看了一下唐有点失望,2018/6/25,Sweetshow,3
西三旗下单e5，销售承诺总价免4k，靠谱不,2018/6/23,kingsimba,30
许家印买下FF！恒大67亿港元入股45%成第一大股东,2018/6/25,marong,2
元哪款性价比高值得买,2018/6/23,zhangjl521,5
推广新能源 涠洲岛将禁止燃油车上岛 ,2018/6/25,marong,0
新能源领域再添新秀 红星X2于6月30日上市,2018/6/25,marong,2
装充电桩自己买线么？100米距离。,2018/6/25,holded,6
帝豪450如果降价1.5万，跟e5比哪个性价比更高？,2018/6/25,hfgung33,10
请问大家新装充电桩是用6平方还是10平方的线？,2018/6/25,xujiji,5
威马9月份就交付了快7月了还没有能坐进去的展车？,2018/6/22,cdbdyx,21
北汽eu5高配什么时候出来,2018/6/24,wangxiutong,13
秦ev450北京到济南,2018/6/20,shmtc,35
质量标准这么低，国家允许出厂？,2018/6/25,Tommy120,1
电车现在不需要拉人入伙,2018/6/24,tianbo,6
为什么4s店要强制在他们店里上保险？,2018/6/25,zhuce1102,3
2020年杭州新能源汽车产销量将达10万辆,2018/6/25,marong,0
PatrickLiu被取消在GreenAuto版的发文权限,2018/6/25,deliver,0
北四环外的国家体育场南侧公共充电站还能用不？,2018/6/22,popcorn837,6
血泪篇之电车不好，别买 (转载),2018/6/23,tianbo,50
Re: 新能源的绿牌，丑爆,2018/6/25,原帖已删除,15
我觉得应该在高速公路发展外置电池租赁,2018/6/23,Ylong,8
新能源指废弃的指标可以跨年回炉吗,2018/6/25,iphonel0,1
中国电动汽车啥时出口北美,2018/6/23,ballard,13
Re: 吉利的新车星越(sx11）终于改前脸了,2018/6/25,原帖已删除,0
小鹏汽车，意向金可以退不？,2018/6/24,leeWH,2
快评：谋求高端 北汽新能源押注麦格纳,2018/6/24,marong,2
比亚迪e5选低配还是高配？天窗意义多大呢？,2018/6/24,kingsimba,8
明天去提e5，有啥要注意的么,2018/6/23,miketiang,8
Re: 腾势500低配什么时候25万落地,2018/6/24,原帖已删除,15
宋400续航表现,2018/6/16,godeyes,16
看的我笑的不行，油车版黑电车辐射,2018/6/23,aragon1115,9
腾势电动车,2018/6/22,yanhu,23
工作居住证到期办了新的，重新申请是否影响新能源指标排序，,2018/6/23,GoodLuckAG,2
续航之外，有关注安全的吗？,2018/6/23,munich12,2
从电机技术入手 保时捷准备向特斯拉开战,2018/6/24,marong,1
长安逸动EV300是全国唯一进行“带电池碰撞试验”的新能源车,2018/6/23,Laurasia,5
2021年实现350千瓦快充标准,2018/6/21,kaellen,35
我在小区群里发了电车不错，推荐大家买新能源汽车,2018/6/23,Laurasia,53
广州发布2018年充电基础设施补贴办法,2018/6/24,marong,0
广州启动2017-2018年充电设施补贴申报,2018/6/24,marong,0
快充至变涓流后最终充满，是否还会虚电？,2018/6/23,cuigp32,5
目前制约新能源汽车发展的就是电池技术吧？,2018/6/23,Laurasia,7
排名两万加什么时候能轮到买车？,2018/6/23,wormvirus,6
Re: 【预测】明年会出500km电车么 价格多少,2018/6/23,原帖已删除,17
电车的发展,2018/6/23,yyyxxx1221,0
买个10-15万左右（补贴后）的电动车，求推荐~,2018/6/15,imcas,20
慢充桩的充电效率,2018/6/22,godeyes,6
有帝豪EV450车主最近做首保的吗？,2018/6/23,johanson991,0
问个比亚迪保养的问题,2018/6/23,bombo1,2
marvel x究竟值不值得等,2018/6/23,iyfd,7
北京新能源17.5万,2018/6/23,chuangzilin,1
除了特斯拉，还有什么特别好的电动车品牌吗？,2018/6/18,nuandashi,17
Re: 南面五棵松附近哪里可看帝豪GSE呢,2018/6/23,原帖已删除,3
威马EX6和EX5有什么区别？,2018/6/23,michaelchen,2
紧盯中国，日本以举国之力做这件事,2018/6/22,marong,1
现在电池安全性如何啊？,2018/6/23,coolidge,4
现在是出手的时机？,2018/6/23,fightforlife,1
比亚迪当务之急是停掉油车业务。,2018/6/21,skyandearth,38
新能源汽车国家监管平台建成 已接入车型5159款,2018/6/23,marong,0
Re: Re：感觉耗电有点高,2018/6/23,原帖已删除,43
随时充电有啥坏处吗？,2018/6/19,Laurasia,11
秦EV 450比e5 450贵了2万，选谁？,2018/6/21,hisder,6
新能源车型实力如何？推荐目录秀肌肉 ,2018/6/23,marong,0
有买众泰E200的嘛？,2018/6/22,jx214,5
最新申报的纯电动车，秦Pro能量密度最高,2018/6/22,cnvsus,7
电动高尔夫如果国产会大卖,2018/6/22,tianbo,2
国网e充电app充电要实名认证吗,2018/6/22,shiyz09,2
小电池的大电动车的两个短板,2018/6/22,tianbo,3
为什么外国品牌续航都短？,2018/6/21,bigbigbing,41
帝豪EV300快充充电车头下方滴了一滩水,2018/6/22,Scofield9,3
﻿电动轩逸顶配16.6，还算凑合吧,2018/6/22,zjgdlove,7
威马管理混乱,2018/6/22,pinganli123,0
上外牌后，还能继续排队吗,2018/6/22,X2CR,1
实地看了下元360，刚开门就能呛死，气味感人,2018/6/22,Acui,2
新能源不止是室内代步——ERX5 “千里奔袭”木兰围场,2018/6/20,L949238389,55
北京正在研究以家庭为单位摇号,2018/6/20,mengjuzi,18
电车车主说说自己的最长的一次续航呗,2018/6/22,zpw2000,17
奇瑞小蚂蚁怎么样,2018/5/7,milescolin,18
咨询，GSe后排空间比秦大么,2018/6/20,Loneheart,6
请问比亚迪官方指定的充电桩安装单位叫什么名字？,2018/6/19,landrover,7
2019年投产/生产入门级车型 绿驰汽车新能源工厂落户九江,2018/6/22,marong,0
RUSL被取消在GreenAuto版的发文权限,2018/6/22,deliver,0
老头乐续航很给力,2018/6/21,hokkaidoc,12
续航可大幅提升 大众加速固态电池研发,2018/6/22,marong,3
质感突出 曝北汽新能源EX3内饰谍照,2018/6/21,marong,1
轩逸用的什么高科技,2018/6/21,djiabei,6
提车时需要准备啥吗？,2018/6/17,dormouseBHU,5
威马的订金退的挺快啊,2018/6/21,passer11,1
北汽ex360还是加点预算上gse,2018/6/21,lovxm,8
我来回答一下为嘛合资电车普遍腿短,2018/6/21,tianbo,28
荣威ERX5开了2万公里了,2018/6/21,flymaple,2
比亚迪秦第一个百公里电耗,2018/6/21,ssming,6
重庆出台2018年新能源汽车补贴政策 ,2018/6/21,marong,0
威马的配置什么时候能出来,2018/6/21,qnym,2
刚查新能源，6万1千号左右，啥时候能排到？,2018/6/21,X2CR,6
秦ev高配熄火后,2018/6/20,kenikaka,12
没找到切新能源的按钮,2018/6/21,gogogjj,17
ERX5开了2000公里了,2018/6/20,JEFW,53
瑞虎3XE480占号怎么样,2018/6/20,cpdeniu,9
艹，瑞虎3xe480到底是不是宁德时代？,2018/6/21,q1w2e3r4t5y6,1
轩逸可惜了一副好皮囊,2018/6/20,omeuamor,27
砸钱推广新能源车？Uber对电动车主进行补贴,2018/6/21,marong,0
于9月发布/2019年年初海外上市 奔驰EQC信息进一步曝光,2018/6/21,marong,4
现在哪家还有续航显示不线性的问题么？,2018/6/21,cosun,1
小区电力没有容量了,2018/6/21,fuweihua,4
比亚迪的保养是个大问题,2018/6/21,ZhangJiang,5
[合集] Re：巨量的外牌油车车主加入电车排队是灾难,2018/6/21,wydfz,0
[合集] 17年7月和9月，果断将我和媳妇 转排电车，放弃油车摇号,2018/6/21,wydfz,0
i3使用9000公里感受,2018/6/19,Diop,26
通用、本田、比亚迪在美签署合作协议 旨在推进汽车电气化,2018/6/21,marong,0
充电数据对比，电压，电流,2018/6/18,dh8219,7
靠全固态电池重夺新能源市场地位？日本23家企业结盟研发,2018/6/20,marong,7
北京ex5什么时候上市,2018/6/20,zhousidun,6
雷诺投10亿欧元布局电动车 联盟全新平台开发在即,2018/6/21,marong,0
"请问大家 ,北汽新能源ev200都去哪里清洗空调?",2018/6/21,gloria114,0
ge3旧款降到11.6了,2018/6/20,jason2597,12
逸动ev460,2018/6/19,keyman169,6
Re: 电动版轩逸补贴后售价,2018/6/21,原帖已删除,15
比亚迪绿净系统有用吗,2018/6/19,kaellen,15
按国补50%补助 青海发布2018年新能源补贴政策,2018/6/21,marong,0
给笔记本充电是不是只有秦？元可以吗？,2018/6/21,shenxie,2
秦和e5销量真大啊,2018/6/19,JEFW,8
比亚迪e5-450的实际续航怎么样？,2018/6/20,toughlife,2
换车还能享受补贴吗？,2018/6/20,benbaodian,3
为啥帝豪ev450的定价没有比亚迪e5 450高，补贴后售价却高不少呢,2018/6/13,szxzhy1991,10
请问下腾势十天试驾有坑吗？,2018/4/30,myeinfo,29
请问，特斯拉现在能上北京新能源车牌吗？,2018/6/15,iyfd,5
Re: 众泰E200or奇瑞EQ1,2018/6/20,原帖已删除,7
买车的时候没给我保养手册,2018/6/20,maidongxi8,3
投产纯电动轿跑 长安汽车200亿新能源项目动工,2018/6/20,marong,2
宋EV400和帝豪GSE怎么选？,2018/6/20,zhuce1102,16
两年2.1w公里的比亚迪e5保养,2018/6/20,batgirl,2
还是这里清净,2018/6/16,mememe,8
腾势三元锂电后重量没变,2018/6/20,apollolee,3
轩逸·纯电今晚公布预售,2018/6/20,xiaoming82,19
第十八批免购置税目录,2018/6/20,GXN,20
还有哪几款车用磷酸铁锂电池？,2018/6/20,qnym,13
比亚迪在北京地区要举办节能大赛了,2018/6/20,hxy01,9
奔奔EV涨价以后，是不是比亚迪元EV是最好的保号选择了？,2018/6/5,Kevinforever,9
据说快取消地补了？明年再买是不是会贵好多？,2018/6/20,pegasus55,1
帝豪450的刹车很硬啊，有同感吗？,2018/6/17,toughlife,2
昨天下班回家74续航开了82km,2018/6/20,sallydyw,6
买了电车的 你们还好吗？,2018/6/20,tradeYao,18
比亚迪e5保养,2018/6/20,batgirl,0
电车得开20万公里以上才够本,2018/6/18,jack1234jack,15
Re: 威马不能退3000定金，呵呵，确实被套路了。,2018/6/20,原帖已删除,6
真心请教，10w以内，家庭代步。,2018/6/16,dunxb,32
76款车型入选 第18批免购置税目录发布,2018/6/20,marong,0
哪些城市买新能源车优惠最大？最新地补政策来了,2018/6/20,marong,0
触手伸向欧洲 特斯拉或将选择德国建设超级工厂,2018/6/20,marong,0
新能源车残值低这个事儿，有希望解决吗,2018/6/18,bluegod,16
安充电桩，自己买电缆，给多少施工费合适？,2018/6/19,y153000,6
[充电]秦ev450快充充到75%就不充了，有人遇到过这种情况吗？,2018/6/20,FTZ123,0
粗大，对米国电动车加税了，买特斯拉更贵了！,2018/6/16,wuxiao,2
求问：新能源指标申请需要更新吗？,2018/6/15,ccnic,3
人保给两年无出险的e5保单报价,2018/6/19,huangyao1982,11
大家有人用过e约充电app么,2018/6/19,miketiang,8
Ei5续航多少？优惠多少？哪个4S便宜？,2018/6/17,wuguibao,5
[原创][充电]北京-承德-丰宁-北京 700公里,2018/6/19,asenyizu,3
定速110左右，京港澳高速，续航比较线性,2018/6/18,dh8219,37
昨天看了广汽传祺的GE3和比亚迪E5，觉着还是GE3好点,2018/6/17,LeoLeo,16
长安  ev460好像到了,2018/6/19,liyang88481,19
开了300km，路上没看到一辆电车,2018/6/16,dryfish118,37
那种四轮老年代步车也能用公共桩？,2018/6/17,ceb,9
关税或从15%升至50% 预订特斯拉需签附加协议,2018/6/19,marong,1
他怎么开来的啊,2018/6/19,morok,5
高速速度120长时间开，心里还是有点点小担心。,2018/6/19,anomy,9
第三季度上市/丰富品牌阵列 曝北汽新能源EC3最新消息,2018/6/19,marong,0
来同步一下行情吧,2018/6/19,kaellen,6
租辆电动汽车走了趟幽州大峡谷，堪比郭亮单行挂壁公路，看沿河,2018/6/18,chuangzilin,10
比亚迪秦和宋选哪个好呢？,2018/6/17,shmtc,12
六环限非京牌深入剖析,2018/6/18,senix,5
订元上当了，能否拿回定金？,2018/6/18,beattitude,34
在河南某市发现街上不少北汽新能源,2018/6/17,johanson991,15
求教今年10月份到期，最晚啥时候买电车,2018/6/19,xiaomaotuan,4
按现在的发展速度，5年后满大街都是700km起步的电动车了,2018/6/19,Gestapo622,14
从动力电池到储能 宁德时代签约24亿元大型锂电储能项目,2018/6/19,marong,1
新政说油车通过碳交易平台转为新能源车，请教一下什么意思？,2018/6/15,jimmydada,19
买了新车以后,2018/6/18,kaellen,5
蔚来6月底前交付550辆，9月底前1万辆,2018/6/16,dolphinlang,4
感觉自己运气简直是坏的不行,2018/6/17,okawaru,9
发现北京买奔奔比天津便宜1w多,2018/6/19,meiyoua,4
"订了eu5,感觉还是秦坐着舒服",2018/6/18,EricZhangXin,9
[合集] 电车十大缺点，这是车版的人总结的，为什么我一条也没有,2018/6/19,wydfz,0
[合集] 电车能上高速吗？,2018/6/19,wydfz,0
[讨论]一个月死这么多人,2018/5/15,ldw218,48
不限号，能买插混的城市有人买纯电吗,2018/6/11,tianbo,20
北汽有没有可能拿绅宝D35当EX360后续车型的外观呢？,2018/6/18,cosun,2
求推荐新能源车,2018/6/18,XOlf,7
电车车主应该坚持忽悠大家不买电车,2018/6/16,babydollxp,7
model s真漂亮啊，白色的像个跑车,2018/6/18,Laurasia,1
大家对新能源电动汽车有偏见，主要是源于误导吧？！,2018/6/16,Laurasia,3
比亚迪的三元锂电池靠谱吗？,2018/6/16,huxl007,60
明年二月牌照到期，今年最晚几月份买车，大家都说年底便宜,2018/6/18,jianjian2015,2
马一龙和特斯拉高干亲自吃住车间提高产能,2018/6/18,tianbo,4
外地牌不让用了，家里都切了电车,2018/6/17,cpdeniu,15
2018年5月汽车销量排行榜,2018/6/18,rex88,1
刚去了蔚来体验店,2018/6/16,djiabei,12
挪充电桩,2018/6/16,smileluo,3
我来说个电车不好的原因！别买~,2018/6/18,wq07,6
6月12的新能源补贴新证对比亚迪元的售价会有影响么？,2018/6/17,zylway,19
好惨，一个公共桩场地被一个租车公司占了,2018/6/18,shichina,5
碰到很慢的快充桩,2018/6/17,aiyawoqu,6
Re: 明年2月的新能源指标，提前几个月订车合适？,2018/6/18,原帖已删除,9
嫌现在的不够快？这台双电机版特斯拉Model 3满足你,2018/6/18,marong,0
去看GSE，结果买了帝豪 ev450,2018/6/16,dormouseBHU,37
下午交款，比亚迪400,2018/6/8,aotuzifu1968,19
今天开e5跑了一趟慕田峪长城，还是挺线性的,2018/6/17,zjl26545479,7
许继公共桩增加三孔插座以便老年代步车充电，河南已建七百个。,2018/6/17,jimmydada,4
我觉得这是为放开新能源汽车限购 (转载),2018/6/16,meihuaa,3
本青在杭州视察 ei6真tmd多,2018/6/17,xianrenb,5
造型个性 曝北汽新能源EX3量产版申报图,2018/6/17,marong,1
全部办下来八万的车有啥,2018/6/17,jianjian2015,3
[合集] 油版车主很有想法啊,2018/6/17,wydfz,0
wangying0381被取消在GreenAuto版的发文权限,2018/6/17,deliver,0
据说已经排到2024年了？,2018/6/16,wlan,3
Re: 尼桑4s店有没有轩逸纯电啊？,2018/6/17,原帖已删除,0
爱琴海搞了个小型新能源展览,2018/6/16,IAH,7
Re: 秦pro9月上市，稳妥吗,2018/6/17,原帖已删除,8
大家觉得gse最多降多少钱,2018/6/17,zhousidun,5
定了秦ev450，是不是比较屌丝了,2018/6/1,G00DBYE,48
Re: 主题:新能源牌照目前用不上 2020年才需要 有意者私聊,2018/6/17,原帖已删除,1
电动汽车最大的问题是不能拆下电池来拿单位充电,2018/6/16,pir,10
能提前装充电桩吗？,2018/6/16,carrie2002,3
请教，电车排号和油车摇号不能同时进行吗？,2018/6/16,oRo,6
绿牌，无法保留原号码，想换车的要注意,2018/6/17,fochi,5
Re: 外地车政策出台后新能源车牌市场价大概多少,2018/6/17,原帖已删除,0
续航或提至400km 东南DX3 EV400申报图,2018/6/16,marong,0
今天完成e5 ev450订车和电表申请,2018/6/16,ZmcZmcZmc,7
假药停的ff91估计也是交付给员工吧,2018/6/16,amimperius,1
北汽将获近2亿元 北京第二批新能源地补名单公示,2018/6/13,marong,1
在300km范围内适合开电车，超过了肯定还是开油车方便。。。。,2018/6/16,trainbus,2
帝豪gse实际续航有350吗,2018/6/16,katefly,9
遭遇江淮掉电,2018/6/16,xjtu2epri,2
Re：帝豪GSe真能干出这么恶心的事来呢？,2018/6/16,原帖已删除,22
太危险了,2018/6/16,pipixiong01,3
瑞虎销量不行啊,2018/6/16,guo2ma,12
特斯拉启动史上最大规模裁员，被裁员工却为马斯克加油,2018/6/16,marong,0
共享新能源2元一小时,2018/6/16,apollolee,0
上午试驾帝豪GSE感受,2018/6/16,gunhua,5
上海居然没有e5 ev450卖,2018/6/16,ZmcZmcZmc,1
一辆电动货车占了3个公共慢充,2018/6/16,mawenjian,3
买外车牌油车还是京牌电车?,2018/4/15,ruiba123,74
秦ev450快充完毕云服/4G卡挂了,2018/6/15,dh8219,2
车顶真的可以考虑装太阳能板？,2018/6/15,lOOO,12
北京秦450低配会有货吗,2018/6/15,tigerwb,4
9月交付10000辆ES8靠谱吗？江淮蔚来工厂量产进展揭秘,2018/6/16,marong,0
江西省重金发展新能源：销售5万辆乘用车奖励3600万元,2018/6/14,marong,2
明年2月可以稳妥拿到牌照的话，申请编号不能大于？,2018/6/15,feierbuni,2
Re: 四个人来回过户，是不是就破解了？,2018/6/16,原帖已删除,6
有没有在排第二个电号的，以家庭为单位会有影响吗？,2018/6/15,youzailangzi,12
[合集] 当年嘲讽电车的外地油车主们正在隔壁练键盘拳法～,2018/6/16,wydfz,0
请问北京哪里可以买到低配版秦ev450,2018/6/15,katefly,8
比亚迪元ev，帝豪gse怎么选,2018/6/15,lovxm,5
大家推荐一款30万内的电车？,2018/6/15,iyfd,5
关于限行政策请移步汽车世界讨论,2018/6/15,wydfz,4
 新的补贴政策，哪些车价格下降了？,2018/6/15,fightforlife,0
e5和eu5,2018/6/15,rqiu,1
快充需要选装 汉腾新纯电动SUV曝光,2018/6/15,marong,1
推进燃料电池车发展 广东发新能源意见,2018/6/15,marong,0
龙乡中区固定充电车位出租,2018/6/15,yyxwxy,0
两种版本/续航提升 新款江淮iEV6E即将上市,2018/6/15,marong,2
gracebaby123被取消在GreenAuto版的发文权限,2018/6/15,deliver,0
高田气囊隐患 10064辆腾势宣布被召回,2018/6/15,marong,1
或7月上市/续航里程为301km 众泰E200新增车型消息,2018/6/15,marong,0
Re: 电车不好，别买！,2018/6/15,原帖已删除,3
晒晒太阳就能跑420公里 汉能这款Solar A了解一下？,2018/6/15,marong,9
看了GSE的配置,2018/6/15,sadianye,0
[电动]SUV有哪些可以选？明年2月指标就过期了,2018/6/12,pinesteven,8
求问怎么看自己什么时候能排上,2018/6/15,lihq03,4
新交管措施六环内都限制外地车了,2018/6/15,piqiuxa,0
福特与戴姆勒“分手” 将关闭燃料电池合资项目,2018/6/15,marong,3
[合集] 我觉得很好笑，只是触碰到了利益非提到原则的高度,2018/6/15,wydfz,0
融合云端大数据的智能语音交互系统,2018/6/15,sangtianwu,1
威马的图，有人能看懂S阶段是什么意思吗？,2018/6/14,tcmzxp,14
[合集] 今天看到最好笑的新闻就是进京证挑战摇号政策，影响社会,2018/6/15,wydfz,0
号牌借给我妹妹了,2018/6/14,weiweiami,3
我来起个话题，你们不觉得纯电动都弄个蓝色轮毂特别low么,2018/6/11,ngqy,16
对比新车的虚标，EV253真是一代良心，明明可以标EV300的,2018/6/12,HKBJ,7
大家的充电桩都是多少功率的？有比7KW小的吗,2018/6/14,cosun,1
100万能买下Taycan不,2018/6/13,qoros,3
宋EV400能买么？,2018/6/12,yuooyuoo,22
威马汽车订单破1.3万 9月30日前交付EX5,2018/6/14,marong,2
家里和公司都没有充电桩，能买电动车吗,2018/6/12,sofa11,25
电动车的刹车，请教各位,2018/6/12,chabei414,14
指标20才能拍到咋破？,2018/6/12,wddecember,10
涉水杯具了,2018/6/12,ZhangJiang,9
Re: 有意思的图片,2018/6/14,原帖已删除,1
京AD+5个数字的车牌号还没用完吗？,2018/6/10,dengq,13
秦ev450如何只启动媒体档~~,2018/6/13,axljohn,30
储能市场有多大？为何比亚迪/特斯拉/宝马纷纷布局？,2018/6/14,marong,1
请问怎么看自己排号在第几位呢?,2018/6/14,seik,4
公共桩现在一般多少钱一度电？,2018/6/14,cosun,4
千辆知豆D2将进驻韩国公共服务领域,2018/6/13,marong,3
新能源补贴新政来了！高续航可享受更大优惠,2018/6/12,hongtaishi,8
[合集] 主题:我觉得电车工况续航500左右足矣,2018/6/14,wydfz,0
[合集] 现场说法~恭喜北汽拿下1.95亿元,2018/6/14,wydfz,0
sksnkdkmk被取消在GreenAuto版的发文权限,2018/6/14,deliver,0
求大牛解答！工况续航300的车，每次充完电都显示300,2018/6/13,Laurasia,1
看到隔壁车位新入一个特斯拉,2018/6/12,cosun,7
冬天高速续航里程损耗有多少,2018/6/12,zn717,13
e5前排比后排还挤？,2018/6/11,macas,6
往年北京市地补政策一般什么时候出？,2018/6/13,franklin23,0
补贴前预售20万元内 零跑S01开启预售,2018/6/13,marong,5
WEY P8击败唐,2018/6/11,tianbo,4
准备买e5，中配还是顶配？,2018/6/12,macas,11
燃料电池技术受关注，中美等国补助力度哪个更大？,2018/6/13,marong,0
为实现三季度盈利目标 特斯拉将大规模裁员,2018/6/13,marong,0
精工细制、匠心铸造的智能电机系统,2018/6/13,sangtianwu,4
逛逛CES A，汉能展出了一辆太阳能汽车。。。 ,2018/6/13,marong,8
2个月后，特斯拉将推出这项改变驾驶的升级包,2018/6/12,marong,4
yanqi123被取消在GreenAuto版的发文权限,2018/6/13,deliver,0
[合集] 比亚迪4S店的话术培训,2018/6/13,wydfz,0
给新司机认识下什么叫油耗高,2018/6/12,dawei78,20
和加油站一样多 北汽新能源大建充换电站,2018/6/13,marong,0
特斯拉电池能量密度三年内将提升30% 降低成本,2018/6/12,marong,8
秦450能在熄火锁车的情况下给手机充电吗？,2018/6/12,rockie,5
荣威ERX5去年12月份出厂的库存车能要吗？说要优惠2万。,2018/6/12,yuyang850715,10
[合集] 特快的哥们太有意思了，评价新能源公交,2018/6/13,wydfz,0
hcskjhjk被取消在GreenAuto版的发文权限,2018/6/13,deliver,0
eu5 r550啥时候可以买到啊,2018/6/11,shmtc,28
北京市超4万占15% 全国充电桩超26万个,2018/6/12,marong,0
Re: e5低配有220V放电吗？,2018/6/12,原帖已删除,9
定位豪华轿车 拜腾K-Byte概念车发布,2018/6/12,marong,1
2020年规模化量产？买小鹏汽车可能还要等三年,2018/6/12,marong,3
纯电里面有没有B级车？,2018/6/11,Feisike,10
现在买车好还是再多等一段时间买比较好？,2018/6/6,aore,9
荣威Marvel X怎么样？,2018/6/10,ForestPeak,20
排上新能源号了是不是就不用管了，还是每年年底要续,2018/6/12,ggyypeng,2
虚标确实可以骗骗外行,2018/6/12,tianbo,7
明年推首款新车 绿驰汽车最新产品计划,2018/6/12,hongtaishi,1
6.11了，补贴新政出来了么,2018/6/11,miketiang,18
半年过去了，新能源绿牌你看习惯了吗？,2018/6/10,Fcity,16
成本降低/能量密度大增 特斯拉获电池突破性技术,2018/6/12,marong,1
拜腾汽车的总部设在了南京栖霞区，估计量产车型要明年下半年上,2018/6/12,marong,7
那个烧着的电动车同小区的业主出来散散步？,2018/6/12,rallyman,0
eu5 铺货信息,2018/6/11,alall,10
2018年 5月新能源销量排行,2018/6/12,tianbo,0
吉利车主戳进来,2018/6/8,johanson991,29
最近有遇到提车提不了的么？,2018/6/12,crescentstar,0
比亚迪的性能 帝豪的舒适？,2018/6/12,macas,3
广汽新能源GE3 530工况410公里 补贴后14万起,2018/6/11,zzzzz,2
删了,2018/6/11,munich12,9
isedai被取消在GreenAuto版的发文权限,2018/6/12,deliver,0
早晨收到威马的箱子了,2018/6/9,tl163,13
请教帝豪GSE和秦怎么选？,2018/6/10,martinmj,68
"江淮iEV6E,4.74万，是真的，还是套路？",2018/6/11,carcarnal,2
传祺Ge3  14万起,2018/6/11,myeinfo,26
乘联会：5月新能源车销9.2万台 增140% ,2018/6/11,marong,0
新能源车与北京交警APP,2018/5/31,Gallery,11
EMD3.0超级电控 电动汽车的“最强大脑”,2018/6/11,sangtianwu,1
帝豪GSe售价11.98万元起，比竞品低七八万,2018/6/10,huangbabe,9
北京能上牌的最便宜的纯电新车是哪款？,2018/6/11,carcarnal,1
工况500，20万以下的车啥时能出现？,2018/6/10,pacificsing,10
荣威的车，为啥总是续航短板？,2018/6/10,pacificsing,25
6月20日预售/续航338km 东风日产轩逸·纯电开启预售,2018/6/11,marong,10
王朝系列规划,2018/6/11,原帖已删除,0
2019年面世 广汽新能源推多款电动车型,2018/6/11,marong,0
明年买车今年装充电桩怎么操作,2018/6/8,fuweihua,7
路边社：北京的地补是50%国补,2018/6/11,Bolitengteng,3
想买电动车的都抓紧了，补贴发一天就少一天,2018/6/11,djkstra,2
威阔明确了，电池品牌由用户自由选装,2018/6/11,shenxie,7
电动车充电市场蛋糕有300亿美元？运营企业尚不能盈利,2018/6/11,marong,1
新能源汽车集中的4s店在哪块？那家比亚迪有元的现车可以看,2018/6/2,qingyueling,6
补贴后售11.99万元 广汽新能源传祺GE3乐享版上市,2018/6/11,marong,1
电动车指标要点延期吗,2018/6/11,davyfl,6
新能源汽车能贷款吗？,2018/6/11,holygrail,3
今天第一次起步输给油车,2018/6/9,Decryption,85
【提醒】荣威Ei5不能用国电充值，务必及时升级呀,2018/6/11,chuangzilin,0
蔚来跑美国ipo去了,2018/6/11,wakesman,1
买电动车有私桩的比例大概多少？,2018/6/10,pacificsing,6
【求问】摇号的没有点击延期的选项？,2018/6/11,chuangzilin,1
北京市地补应该没了吧,2018/6/11,orient0001,4
共御外敌，日本9大车企抱团研发电动车动力总成zz,2018/6/10,ZhangJiang,3
租个电动车ev200去古北水?颍?型婀?穆铮?,2018/6/9,chuangzilin,6
那些说油车可以轻松跑500以上的都不是在市区开的吧,2018/6/9,plen,7
Re:这个啥意思,2018/6/11,原帖已删除,3
电动车淘汰的电池去哪里？,2018/6/9,yyyxxx1221,8
按照每两月新增5w排队人数计算,2018/6/11,chrome2000,2
新能源指标怎么过户，中介和大神求助,2018/6/10,Judger,4
[请教] 请问现在购买BYD送几次免费保养？ 谢谢,2018/6/11,landrover,1
28.9万了,2018/6/9,myeinfo,14
宁德时代今日敲钟上市 开盘大涨32%,2018/6/11,marong,0
与谷歌合作，大众将通过量子力学技术开发电池产品,2018/6/11,marong,0
今天跟比亚迪撕了一波，维权成功！,2018/6/10,echo0533,9
byd销售说新款宋八月份应该能提车了,2018/6/7,JEFW,12
百公里加速7.8s/54分钟充电80% 起亚极睿EV了解一下,2018/6/8,marong,9
售11.98-14.58万 吉利帝豪GSe正式上市 ,2018/6/9,marong,20
$特斯拉 TSLA$  Mayday! 看去年11月到今年5月的美国市场表现，,2018/6/10,marong,2
综合续航305km/纯电6座SUV 北京清行竞克400将于8月投产,2018/6/1,marong,6
500特来电电卡，九折出,2018/6/10,Ginkgo001,1
每公里只花不到7分钱,2018/6/8,aragon1115,8
Re: 这两天刚学会怎么开省电,2018/6/10,原帖已删除,26
昨天在路口等红绿灯，输给了帝豪ev,2018/6/10,Laurasia,13
新能源的号在北京能买插电混动吗？,2018/6/9,hfgung33,2
北京市现在的新能源汽车存量多少了？,2018/6/7,Laurasia,4
Gse价格，11.98起,2018/6/9,myeinfo,36
[合集] 北京地区比亚迪宋EV400交车仪式,2018/6/10,wydfz,0
今天订了秦ev450，看来看去还是这个吧,2018/5/20,ssming,49
大家觉得“前途”车怎么样？,2018/6/9,hnpymouse,5
"现车周末提车，预算落地15万，e5,ei5怎么选",2018/5/5,mabcook,39
团车网买车跟4S点买车有啥区别？,2018/6/9,holded,1
有人去周六汽车之家组织的Ei5团购吗？,2018/6/10,Doraemon,4
现有的新能源排队政策到哪一年？,2018/6/9,heartthinker,2
#葱爆新车# 续航353km，纯电SUV，十万出头？这车不仅造型跨界，,2018/6/10,marong,2
Re: 1000元普天电卡 900出,2018/6/10,原帖已删除,0
保时捷Mission E真名公布——Taycan，这个名字源于保时捷车标上,2018/6/10,marong,0
刚刚在四环上一辆秦好像趴窝了,2018/6/10,newsong,4
【转】北京新能源车申请者破28万 指标已排至2024年后,2018/6/9,buptzdh,8
Re: 唉，现在的人屁股都歪啊,2018/6/10,原帖已删除,0
6月11日公布参数/续航提升 广汽传祺将推GE3 530车型,2018/6/9,marong,7
aquamen被取消在GreenAuto版的发文权限,2018/6/10,deliver,0
2040年全球新能源车销量将达6000万辆,2018/6/10,marong,0
慢充充电桩接口都是统一标准吧？,2018/6/9,hijackerhunt,3
外地牌和电车怎么选？穷，只能买一辆,2018/6/3,XJTUMEC,34
油车会累积到一万人摇一个号么,2018/6/9,cpdeniu,2
荣威erx5有换代升续航计划么？,2018/6/9,beforebefore,4
现在电车及充电的防漏电做得怎么样,2018/6/9,hmu,17
新能源排队人数猛增啊,2018/6/9,ASTRBC,7
风暴来临 ！特斯拉正式宣布：在上海修建除美国以外的第一个工,2018/6/7,sanye,44
特斯拉三月份中国码工加州highway 101事故报告,2018/6/8,Douzidouzi,3
想买车可能要等5年 北京个人新能源车指标申请超过28万,2018/6/9,marong,0
怎么又开始油电之争了？电车不好,2018/6/9,Lazy250,4
每次剩余电量50%多就充电对电池有损害吗？,2018/6/6,Laurasia,44
近3亿元 广东省发布充电基础设施建设补贴计划,2018/6/9,marong,0
续航超过匀速最大里程了……,2018/6/8,bobo9,3
[合集] 如果有人用汽油车指标换你的电车指标你换吗？,2018/6/9,wydfz,0
[合集] 电动车主感觉比隔壁版油车车主领先一个时代,2018/6/9,wydfz,0
朗逸速腾会不会出EV版本,2018/6/8,omeuamor,17
从油车换到电车一个月了,2018/6/7,JEFW,8
在线求问，比亚迪车，第二次保养，如果不免费要800多？,2018/6/9,cowardhbb,0
传说说智能电表多走字，不对的。,2018/6/8,ylh1969,9
北汽EU5看起来不错,2018/6/8,captliu,11
这个是不是新的宋ev ,2018/6/8,linyixiao,4
比亚迪建年产12GWh电池项目 将对外销售,2018/6/8,marong,1
电车的阶段性问题,2018/6/8,zdjnju,4
e5现在下来多少钱？,2018/6/8,wddecember,2
排到了的指标不需要点续期了么？,2018/6/8,EricZhangXin,4
