﻿主题,发帖时间,_ 作者,回复
看到一个很漂亮的车标：威马,2023/3/1,chaobill,6
蔚小理最后都是给比亚迪，小米作嫁衣。,2023/3/1,silvereyes,12
特斯拉如果电池上到90度，是不是秒杀同行？,2023/3/1,drifter777,16
带京牌2018款比亚迪秦ev450私家车出租，长租 (转载),2023/3/2,MVPlonelycat,0
蔚来渲染充电焦虑，换电优势，结果被理想干死了,2023/2/27,djshaofei,63
【赛力斯：2月赛力斯销量同比增长230%】,2023/3/1,lqw,2
8-10万现在能买什么新能源呢？,2023/3/1,research,6
蔚来“高速领航换电”这个功能很牛啊,2023/3/1,churchilllee,9
BZ4X也不停产清仓啊，可以-6定新车,2023/3/1,zyzx77,14
蔚来第四季度营收160.6亿元 Non-GAAP净亏损50.7亿元,2023/3/1,lOOO,8
绿蛤蟆的脑回路 (转载),2023/3/1,OPPINE,0
置换新能源车仍可获补贴，最高1万元,2023/3/1,cheshirely,10
"比亚迪2月193,655",2023/3/1,netv,22
保养只能去买车那家4s店吗？在同一个车的其他4s店有什么后果,2023/3/1,NuscaleSMR,0
特斯拉没有第三方鉴定吗，都是他自己解读？,2023/3/1,peibch,8
我们电车没有像特斯拉一样搞一家有竞争力的吗,2023/3/1,MachuPicchu,5
个人觉得蔚来小鹏应该是我们发展的方向啊,2023/3/1,MachuPicchu,1
理想2月份16620，不如预期,2023/3/1,playmobil,17
北京3月1日起继续实施汽车置换补贴政策,2023/3/1,heartsword,0
理想销量增长乏力，颓势已现,2023/3/1,touareg,7
有辆秦ev300闲置出租，有意者站内联系,2023/3/1,good360,1
我今天才知道理想是堆料的油车，比亚迪大头也油车,2023/3/1,MachuPicchu,1
大为震撼！丰田拆解特斯拉Model Y后称其为艺术品,2023/3/1,henrykaka00,5
蔚来有点像乐视后期了,2023/2/25,fancysky,66
理想不是电车吗？？？老婆告诉我他还能烧油。。。,2023/3/1,MachuPicchu,1
美国电动皮卡制造商Rivian出财报了,2023/3/1,TrinidadSeal,11
富士康出了款电车model b????????,2023/2/28,gjq,4
蔚来一座换电站成本只要200万？,2023/3/1,xingbake,34
春天来了,2023/3/1,wsnsw,3
纯电汽车有什么缺点,2023/2/27,dahai2999,51
特斯拉新model y,2023/3/1,tricky61,26
极狐T653S+ 3000KM 用车感受,2023/2/28,redgladi,53
今天报2月销量新势力去哪了？,2023/3/1,lOOO,0
Re: 现在的车真的能比得上上个世纪的车的质量吗？,2023/3/1,原帖已删除,5
集度robo01来北京开店了,2023/3/1,ok868,6
小鹏改款P7要成为爆款了,2023/3/1,AD007,36
转：踩错踏板引发交通事故占比高达12.6%,2023/3/1,zyzx77,7
蔚来最大的问题应该是李斌,2023/3/1,fancysky,0
zwjwswjwz2被取消在GreenAuto版的发文权限,2023/3/1,deliver,0
gdi11被取消在GreenAuto版的发文权限,2023/3/1,deliver,0
本周新能源品牌上险量,2023/2/28,gaozhuang,37
2月，我国新能源销量约40万辆，渗透率由1月的25.7%上升到29.6%,2023/3/1,HLWJSJ,1
2月长安深蓝SL03交付4103辆 环比下降33%,2023/3/1,Mars102,6
国产毛豆y舒适悬架上线了,2023/3/1,bobolp,5
预计 63 分，今年可以了么,2023/3/1,arikchan,11
今天碰到ET5挺好看的,2023/2/28,wsnsw,7
哨兵模式还是有用的,2023/2/27,damengbj,4
蔚来ES6真实续航能多少公里？,2023/3/1,hc0twx,6
一哥们几年前买的秦免费换电池,2023/2/28,wsnsw,30
Re: 一堆新能源车标,2023/3/1,原帖已删除,6
汉到底靠什么把续航做扎实的？,2023/2/28,BrownPupil,5
25~40万的双门小车有么？,2023/3/1,laputa2013,1
第四周上险量,2023/2/28,wuhuadasha,16
电动车最脑残的设计,2023/2/27,flaybird111,24
猜测特斯拉新款是Q还是2？,2023/3/1,ibcas,5
充电桩线90m左右要不要升级10平方的，谢谢,2023/2/27,zelatan,27
新能源汽车消费反弹如何？,2023/3/1,dahai2999,0
Re: 40W适什么什么样的纯电车？,2023/3/1,原帖已删除,27
保时捷工程师：单踏板驾驶效率低，会造成两倍能量损失,2023/2/27,nVidia,79
版面积分变更记录,2023/3/1,deliver,0
