﻿主题,发帖时间,_ 作者,回复
没有桩能不能买51km 宋Pro dmi？,2023/2/28,wen1984,32
特斯拉Q2主打15万，市场会如何？,2023/2/25,HLWJSJ,28
小鹏还有根救命稻草,2023/3/1,googlestyle,7
蔚来要开大了,2023/2/21,mafama,231
理想的环形大灯有个特别好的优点,2023/3/1,xingbake,0
现在的日车电车确实很少坑国人,2023/2/28,shunderen,8
下个月开始，比亚迪销量会飙升,2023/3/1,wuhuadasha,0
再来问一款车，小鹏G3i怎么样？,2023/2/27,kunseng,21
没有充电桩的人，买电车都是怎么充电的,2023/2/25,hitfm2018,26
顺义区发放800万元汽车消费券,2023/2/28,wabd123,13
出大：理想实现盈利了！,2023/2/27,touareg,19
预测这个月销量,2023/2/28,shunderen,3
现在理想这么吹,2023/2/28,wsnsw,2
时间不等人，不存在所谓底蕴,2023/2/28,shunderen,0
比亚迪壳牌首座充电站将开业(转载),2023/2/28,nonmoon,11
车上看电视不伤眼吗？,2023/2/27,CoEnzyme,40
威马已死，下一个就是小鹏，然后是蔚来,2023/2/27,langmanyixia,15
听说台湾纳智捷又造了一款新能源车,2023/2/27,xiadayu,8
宋plus、元plus和海豚，你们推荐哪一款？,2023/2/27,kunseng,41
国内车企为啥都喜欢搞这么多不同的车型,2023/2/27,gondar,12
没人关注智己吗，LS7，外形帅气呀,2023/2/28,getto,12
有必要等新款model3吗？,2023/2/28,albatross08,5
说理想是油车的人觉得dmi和dht也是油车吗？,2023/2/28,touareg,14
蔚来做适度的改变还是有戏的,2023/2/27,shunderen,34
长城混动卖得惨不忍睹，是因为技术路线错判,2023/2/8,touareg,37
2023年电动汽车难以重现去年的强劲表现，价格螺旋式下跌,2023/2/24,dahai2999,30
ha11ywsw被取消在GreenAuto版的发文权限,2023/2/28,deliver,0
旧的新能源车的电池能更新吗？,2023/2/27,luoxiaoyi,3
早上芍药居北里四环边上烧了一辆,2023/2/28,idiotwsh,0
tedxyz被取消在GreenAuto版的发文权限,2023/2/28,deliver,0
BYD宋PLUS充电过程中，突然没电了 (转载),2023/2/28,touareg,1
粗大，日本品牌中型挖掘机开始使用中国产发动机 (转载),2023/2/28,qsw,0
纯电被混动碾压，不做改变的公司没戏,2023/2/28,Onepunchman1,16
Re: 日产汽车全固态电池研发成功 (转载),2023/2/28,原帖已删除,0
五环路遇比亚迪节能赛海豹，龟速,2023/2/25,piggybankk,28
身高193，试了一下秦plus,2023/2/27,GUAZHA,15
丰田bz4x优惠8万,2023/2/26,ssay,36
0跑已经彻底哑火了？,2023/2/27,zyshaw01,10
新能源车行驶一段时间后，手摸引擎盖能感到温度嘛？,2023/2/27,taotaiji,7
INSTANTUSER被取消在GreenAuto版的发文权限,2023/2/28,deliver,0
增程，本质就是燃油车，通过串联提高热效率。,2023/2/27,silvereyes,5
特斯拉为何不把哨兵模式取消了,2023/2/25,samsonov,15
干掉蔚来的不是特斯拉,2023/2/26,keeliu67,54
真心求教问界纯电车主，纯电m5到底如何？,2023/2/26,youzigui,33
说到车载“大彩电”，现在的基本还都是个笑话,2023/2/27,dasnet,1
[讨论]头顶锅盖问下，有喜欢小代步车的吗？,2023/2/27,shyfox,2
vyndmywsd被取消在GreenAuto版的发文权限,2023/2/27,deliver,0
有没有便宜的电动皮卡,2023/2/27,ralfak,7
智能辅助驾驶天梯图,2023/2/26,laoxinzhe,26
One-Pedal单踏板功能，是鸡肋还是亮点？,2023/2/6,zmren,16
菜车只买交强和三者,2023/2/27,changhui,7
[合集] 比亚迪只是矬子里的选将军，有条件还是得买油车！,2023/2/27,oBigeyes,0
传感器发展趋势：激光雷达将消失,2023/2/27,iGeek,0
livemored被取消在GreenAuto版的发文权限,2023/2/27,deliver,0
hawkabc被取消在GreenAuto版的发文权限,2023/2/27,deliver,0
充电桩的服务费为啥有高有低？安装方随意定的？,2023/2/27,xiti,1
为什么很多新能源车最高车速才100刚出头？与同价位油车差这么大,2023/2/10,hj674438511,35
汉创世版，p7长续航，极狐阿尔法t长续航怎么选,2022/6/8,sspride,35
三元电池材料的占比大幅下降,2023/2/23,dahai2999,8
阻碍电动车一统江湖的关键,2023/2/25,topking,23
乘联会建议取消「绿牌」，结束绿牌不限行、补贴等政策制度优惠 ,2023/2/26,garfieldking,45
极狐能买嘛？,2023/2/20,ltzh83365468,56
为啥寨都油车摇号还是那么难？按道理这地方适合电车,2023/2/27,xiti,6
甲醇，中国新能源汽车的另一种可能,2023/2/24,XC90,22
最近电车 主吹 什么亮点,2023/2/23,dahai2999,32
hemeronwsc被取消在GreenAuto版的发文权限,2023/2/27,deliver,0
家用直流慢充桩能普及吗？,2023/2/27,hanb,11
极狐阿尔法t 低配版可以买吗,2023/2/26,npp,26
汉-今年的新版会是3.0平台的吗？,2023/2/20,livemored,23
小鹏算不算一手好牌打烂,2023/2/24,gesheng,45
为何其他厂商不用换电模式,2023/2/25,zhouxxs,13
蔚来抖音上的评论都是因为一个人而讨厌一个品牌,2023/2/25,shuiwoods,11
威马汽车为啥不行了,2023/2/23,bbbmmm,33
谁也没想到补贴没了后，价格反而下降吧,2023/2/25,meirenai,17
昨天看了韩系豪华品牌捷尼赛思的电车,2023/2/26,sherlocked,16
建议政策允许电车和油车车牌互换，毕竟准官方认为都是汽车,2023/2/27,q1w2e3r4t5y7,5
刚才销售来电话说哪吒V,2023/2/24,imchenghaibo,9
10万块落地能买到啥车？,2023/2/27,czn586,9
摩卡phev快成性价比神车了吧,2023/2/24,hhawk,22
那些说问界不行的是看不懂华为接下来的大招,2023/2/23,ruizhu,187
丰田电车疯了,2023/2/25,Acui,147
辅助驾驶技术水平的厂家应该怎么排名？,2023/2/24,wanllow,70
特斯拉为什么销量不行了呢？,2023/2/23,liangjiahe,82
特斯拉转CCS1的充电转接头好大,2023/2/26,Vas,7
深蓝sl03今年会升级改款吗？,2023/2/26,Laurasia,2
比亚迪今年首次大规模降价,2023/2/25,Dankeschon,10
[合集] 我敢说。,2023/2/26,oBigeyes,0
Johnnywu1被取消在GreenAuto版的发文权限,2023/2/26,deliver,0
8-10万价格区间接近空白,2023/2/26,imchenghaibo,1
倒车挡下坡会充电更猛么,2023/2/26,wsnsw,27
普法一下，订金是不退的,2023/2/24,liangjiahe,25
郊区田里农村用电有补贴，拉根线充电1毛一度,2023/2/24,haolihai,8
一汽大众id4 现在有啥优惠会动？,2023/2/26,lwc1785,0
笑翻了，建议本版照此执行,2023/2/22,LucaToni,40
海淀这个街道“挖出”458个停车位,2023/2/24,dasu,8
有谁买极狐觉得自己价格最优惠的,2023/2/23,wsnsw,12
准备把9年的电动汽车淘汰换极狐了,2023/2/17,dazui,37
特斯拉是不是自动开远光灯,2023/2/26,test321,4
吉利银河发布会有点尬,2023/2/23,googlestyle,10
完美的新能源应该是: 钠离子电池+光伏甲醇增程吧?,2023/2/26,Elric,9
想起当年的广汽丰田IA 5要贵几千,2023/2/25,shunderen,3
比亚迪秦ev,2023/2/26,dawei78,1
油车发动机耗油量，一年能上升多大比例？,2023/2/26,Simu1ink,2
理想汽车的车机能自行安装app吗？,2023/2/25,polaire,16
虽然一直不看好蔚来，但蔚来肯定不会倒,2023/2/25,Eldo,23
锂矿价格腰斩了,2023/2/23,james6,15
早就说了，华为不亲自下场肯定完蛋,2023/2/23,o0O0o,63
好像没人讨论特斯拉失控的事情了,2023/2/19,bigbreast,87
凯迪拉克和奥迪也要降价了,2023/2/24,cococap,3
h6插混比宋plus价格低配置高啦,2023/2/25,Elanmiao,10
BYD E6 开了4年，2.6万公里，现在续航基本打6折,2020/5/25,breadlgh,211
宁王 碳酸锂 直接来个5折大甩卖 20万/吨,2023/2/23,HLWJSJ,25
上高架/高速的匝道不清晰的实线能变道吗,2023/2/25,swen,3
汽车其实早就是低端产业了。,2023/2/25,Johnnywu1,9
我天，威。马都是关键词了？,2023/2/24,imbjer,6
最早做换电的是better place,2023/2/25,Vegetarian,4
蔚来变道不爱打灯常见吗？,2023/2/25,subeichangdi,1
极氪去年12月份的宣传材料,2023/2/15,realsjxyz,13
比亚迪秦现在订车要等多久？,2023/2/25,wuhuadasha,2
