﻿主题,发帖时间,_ 作者,回复
我买了比亚迪元plus,2023/2/23,geostar,34
增程充电的速度比消耗的快？,2023/2/22,bdjnl58,3
半固态电池车，现在什么状态了?,2023/2/24,LLClown,1
长租车位，物业不同意电桩施工,2023/2/24,hyys,17
有没有发现这两年电车迭代速度明显趋缓,2023/2/24,uacau,3
宁德时代有技术壁垒吗？,2023/2/24,rusherbob,11
特斯拉倒车雷达 障碍物贴雷达脸上都不带提示的,2023/2/24,zpw2000,5
电池大减价是好事，新版高密度电池会推开,2023/2/24,shunderen,1
dancekaya被取消在GreenAuto版的发文权限,2023/2/25,deliver,0
宝马I3降价确实卖得不错,2023/2/21,shunderen,10
电驱车想活下来，必须走偏锋,2023/2/24,touareg,6
十几万的电车哪款最好?,2023/2/23,SHTower,21
大部分电车设计师都还是油车的设计思路,2023/2/23,pigflying,13
刚去之家ix3论坛逛了一圈，好久没关注降价这么多了,2023/1/28,wabd123,21
试驾了智己ls7感觉et5应该卖不出去了,2023/2/24,liruia,4
【求购】个人求购一个7kw充电桩安装资格,2023/2/24,hgcqu,4
[合集] 某来车主竟然这样？,2023/2/24,nolonger,0
lacrover被取消在GreenAuto版的发文权限,2023/2/24,deliver,0
auto008被取消在GreenAuto版的发文权限,2023/2/24,deliver,0
AD007被取消在GreenAuto版的发文权限,2023/2/24,deliver,0
ab1234567被取消在GreenAuto版的发文权限,2023/2/24,deliver,0
车机和车载电气系统到底是不是车的灵魂？,2023/2/24,touareg,6
国产电车车头有储物的吗？,2023/2/23,bdjnl58,17
有没有过来人推荐几篇介绍几种混动优劣比较清楚的文章,2023/2/24,a0000000,0
Model 3交付5年了，依旧是技术/体验领先的状态,2023/2/23,piggybankk,45
byd 4s客流冷清,2023/2/24,ykai666,13
极氪009比腾势D9有一点明显好,2023/2/24,alou,1
原来特斯拉充电桩除了安装费用还有额外的8000电桩费啊,2023/2/23,evermore,24
新能源汽车充电桩的终极形态,2023/2/24,Mars102,0
增程车开得远是啥原理？,2023/2/23,vehicle9,19
现在电影电视剧里有男主女主开比亚迪的吗？,2023/2/24,peibch,8
理想的L7和智己LS7哪个强点？,2023/2/11,ruizhu,20
夏天结束前所有s3xy新车交付完成hw4转换，包括中国德国,2023/2/23,GeneralMilk,7
大家的充电机过保后还好吗？,2022/4/6,mrsenvy,29
华为与奇瑞，江淮的智选车挂什么牌？,2023/2/23,ruizhu,3
以后不要抱怨芯片规格问题了,2023/2/24,stoneyang,2
三月份能上改款的汉和唐嘛？,2023/2/24,ltzh83365468,5
ID6C会不会出2023款,2023/2/14,clorcy,6
首台钠离子电池试验车亮相,2023/2/24,census,11
吉利银河基本就是个增程车吧,2023/2/24,touareg,12
为啥现在什么电动都叫L7？？,2023/2/23,bbbmmm,3
正在试用蔚来的nop+,2023/2/22,biubiu02,20
小鹏汽车的名字和车标都太弱了,2023/2/22,perfecter,24
吉祥航空跨界造车，均瑶集团如何拯救云度？,2023/2/24,xianrena,2
聊聊我见过有高级感的电动车,2023/2/23,ruizhu,3
国电申请家用充电桩的流程是什么？,2023/2/23,volman,1
每公里三毛二,2023/2/23,woxianzhe,15
新势力的问题是生死容易被一两款车型影响,2023/2/23,ruizhu,7
02月13日-02月19日，各品牌新能源乘用车当周上险量（来源：雪球,2023/2/22,bufu110,11
如果车企倒闭，售后是不是就没人管了呀,2023/2/23,dataee,60
急需国家标准，电车配件通用化,2023/2/23,HiIISilver,8
猜测一下明年特斯拉会不会放大招,2022/12/27,langmanyixia,14
最近买车，重点关注已深度降价的车型,2023/2/23,wuhuadasha,2
在model3和models之前，特斯拉还有中间车型吗？,2023/2/21,skyandearth,22
【求助】靠谱二手车渠道,2023/2/22,Michale85,10
银河的标好丑啊,2023/2/23,rockgirl,0
新买的比亚迪，一次充电跑200公里，售后说新电池要磨合几个月,2023/2/23,aotz,18
油车下长坡用发动机制动,2023/2/22,nowan,16
高速上一个不安全的省电方法,2023/2/22,xahuer,29
家庭积分58分(至5月26日)今年能排到么,2023/1/11,tuweibalang,16
"合资小众车配件有是有,就是太贵了~~~",2023/2/23,zyzx77,1
特斯拉再安全，有一个问题确实无法忽视,2023/2/21,bigbreast,10
买特斯拉的，都是体制外的吧,2023/2/22,phoenixhills,6
三年后 国产新能源还活着的只有byd了吧,2023/2/19,Ctrl1005,39
小鹏P5 550E提车报告,2023/1/20,cumthyj,25
有同学买了埃安Y-plus的吗,2022/11/6,pfred,14
有EX3车主感觉高速情况下方向盘转动困难的吗？,2022/10/29,unixfan,7
埃安Y 2023的600公里很虚啊,2023/2/19,imchenghaibo,30
比亚迪太狠了，传新唐DMI3月4日上市，19.98万起,2023/2/21,peibch,34
dmi便宜啊，要不要等宋plus dmi？,2023/2/21,kunseng,23
电车为什么速度过快就续航少了？,2023/2/21,HYXMU,51
新车预售价一般和上市价差多少,2023/2/23,ltzh83365468,2
很多人可能还没意识到北京的市场和全国的市场是不一样的。,2023/2/23,wangcity,6
唐买了半年，省了4000油钱,2023/2/23,wuhuadasha,7
还有人说电车便宜么,2023/2/22,HLWJSJ,23
插混领克PHEV09，入手一个多月，满意,2022/2/16,bingfeng,16
ID4，1.8万公里，衰减5度电，衰减近7%,2023/2/21,kw123456789,63
[合集] 要省钱买油混，要省油买纯电，要花冤枉钱买增程式,2023/2/23,oBigeyes,0
wangcity被取消在GreenAuto版的发文权限,2023/2/23,deliver,0
其实电车不买车位自己安装充电桩，和油车的使用成本也没啥差别,2023/2/19,wangcity,67
深蓝增程一锅电跑162公里 1.05倍wltc续航,2023/2/21,doremy,9
1万公里私桩累积充1600度电，算下才来不到1毛钱每公里,2023/2/22,goalgoalgoal,7
二月份第三周上险数据,2023/2/21,wuhuadasha,31
2022年上汽mg在欧洲卖了11w多辆,2023/2/21,Icanread,7
新能源汽车威马温州基地大门紧闭 生产完全停摆,2023/2/19,Dankeschon,9
觉得刹车会失灵的看看这个视频,2023/2/17,piggybankk,29
比亚迪的车1月销量也大跌了，微利时代，正式开始,2023/2/21,wangcity,7
请问新能源车保险都买哪些划算,2023/2/22,ptmjygb,2
便宜还是硬道理，只要车还可以,2023/2/21,shunderen,2
捷尼赛思G80，优惠8万。 这车怎么样？,2023/2/22,zhouguangxiu,10
2月国产新势力前三甲 还是魏小理霸榜,2023/2/22,yuanshanqian,8
2月份  两周 新能源上险量,2023/2/22,HLWJSJ,12
得十万者得天下。未来车辆价格走低买几十万车的觉得自己傻。,2023/2/21,wangcity,48
北京十几万买什么纯电车好，大神推荐推荐,2023/2/16,fuyunzi,45
蔚来说它卖一台车亏13万,2023/2/13,wyid,71
鬼子固态电池技术突破了？,2023/2/22,bangke,7
工信部等八部门：公共领域车辆全面电动化,2023/2/5,census,95
特斯拉降价，销量也不行啊,2023/2/21,wuhuadasha,13
其实并不是丰田点错了科技树,2023/2/21,fengwudian,37
增程是不是可以完全不用充电？,2023/2/22,meirenai,20
下午试驾了ARIYA,2023/2/21,zyzx77,19
讲真，理想L9的确是5米2以上大型SUV里最便宜的,2023/2/22,weboo,4
北汽ex3车窗无法升窗,2022/6/26,babala,20
理想L9，L8应该是狂增,2023/2/22,wholeholes,4
二手进口电动高尔夫还值得买么,2023/2/21,sanks,80
电车遇到长下坡，该如何制动？,2023/2/22,phoenixhills,11
延期开始了,2023/2/21,daotiande,18
ID6的主动刹车非常靠谱,2023/2/20,skyfromheart,75
更新个bz4x的优惠情况,2023/2/21,sherlocked,38
现在可以不强制单踏板模式和动能回收的电车还有哪些？,2023/2/22,ooosssooo,3
增程是最好的电车，也是最好的车，,2023/2/22,luoxiaoyi,12
15万左右的电车有啥推荐吗,2023/2/20,yfp008,63
消息：蔚来拟安徽设厂生产廉价电动车,2023/2/21,Dankeschon,9
modely 解决了我两个痛点,2023/2/19,jseanj,13
比亚迪唐拖车上自燃,2023/2/17,CC2CC,27
2月新能源销量会如何？,2023/2/22,HLWJSJ,9
自己安的反映车辆实时动态的APP，会不会有安全隐患？,2023/2/22,zheshimimi,1
【什么是真车友啊，这位真粉丝被峰哥在日本金刚山祝福了！】,2023/2/22,chaodide,0
北汽极狐的安全问题都不受重视，提啥服务好？,2023/2/19,RH100,28
感觉国产新势力或者其他高端国产受众主要是80后,2023/2/22,xianrena,1
小区俩极狐,2023/2/22,bier4446,3
[转载]2022年最愚蠢的车，让丰田造出来了,2023/2/21,iGeek,11
宋pro当时优惠多少,2023/2/22,HLWJSJ,2
都说特斯拉保费贵,2023/2/20,yuanshanqian,20
今后新能源的主流续航里程是不是也就是600km附近了？,2023/2/17,SUPERDK,36
dingyu0102被取消在GreenAuto版的发文权限,2023/2/22,deliver,0
家庭积分26，感觉啥时候能排到呢？,2023/2/22,Kenny1107,5
这两年新能源主流续航是多少？,2023/2/21,dahai2999,29
定了奔奔estar4.98万,2022/3/14,yzx1986,15
[合集] 本版大部分人不懂车居然有一堆人喜欢增程式和dmi,2023/2/22,oBigeyes,0
一女子试驾蔚来汽车致母子一死一伤,2023/2/21,xwzbupt,20
30万左右的中大型纯电、混动suv，是新能源车型的一首挽歌。,2023/2/21,wangcity,19
特斯拉最近刹车门事件这么多，已付定金能要回吗？,2023/2/20,shuguohui,22
增程是电车，混动是油车,2023/2/21,seeasee,3
特斯拉刹车门是国家不作为吗,2023/2/21,TimeAndRiver,29
珍惜生命远离北汽，北汽EX3 安全气囊故障4S无法处理,2023/2/16,feifeimao,30
Johnnywu1被取消在GreenAuto版的发文权限,2023/2/21,deliver,0
Re: 介意电动车自燃的多吗？,2023/2/21,原帖已删除,21
flomiwsm被取消在GreenAuto版的发文权限,2023/2/21,deliver,0
世界最便宜，加州18万买毛豆3，25万四驱y,2023/2/20,junopapaya,13
现在有这个良心配置的电车不多了吧,2023/2/20,skyfromheart,47
极狐北京哪家店优惠多,2023/2/20,Celestials,7
纠结日产ariya艾睿亚,2023/2/20,sherlocked,68
丰田bz4x在湾湾那160多万台币,2023/2/21,he111,4
蔚来一月份的销量太拉胯了,2023/2/9,wudashu,223
nvw1983被取消在GreenAuto版的发文权限,2023/2/21,deliver,0
纯电车中国品牌在国际上销量不太行,2023/2/19,dadadedada,31
ID4是不是北京卖的的多,2023/2/20,Lfei1649,7
智己 ls7 定的人多么么,2023/2/21,tanguofu,8
中国确实容易被全世界嫉妒。,2023/2/21,Johnnywu1,3
2023年1月，全尺寸SUV销量排行榜 (转载),2023/2/21,xingbake,2
关于近来谣传数据“据不完全统计，错将加速踏板当刹车的事故约9,2023/2/20,wangdass8,33
智己新发布的LS7感觉会买的不错,2023/2/21,zyzv5,1
广汽和比亚迪受丰田影响很重啊,2023/2/20,skyfromheart,11
毛豆y主控中间的后视镜的视角，咋那么小,2023/2/20,daniven,13
智己ls7怎样呢,2023/2/20,YuRuiTianXia,11
不懂就问，增程车算混动车吗？,2023/2/20,dreamr,13
现在疫情指标延期还有效吗？谁最近跟官方渠道确认过？,2023/2/19,Apchy2016103,9
U8价格出来了吗？,2023/2/21,flysand,0
对空调喷粉有个疑问,2023/2/21,zyzx77,1
买特斯拉model3和同等价位油车比，真的省钱吗,2023/2/19,chniao,48
比亚迪秦频繁出现转向系统错误，4S店检测不到不给修怎么办,2023/2/17,mathzqy,39
比亚迪在日本两周，卖了100多辆车,2023/2/20,peibch,20
求各位大佬分析，什么时候换什么车？,2023/2/19,yjx125164194,13
现在哪些新能源车企卖车还存在销售套路,2023/2/21,kaka2w,11
有没有比亚迪汉ev车友群,2023/2/19,InterRonaldo,1
有人出2017款秦吗,2023/2/14,aishuishou,21
双门小钢炮，是电动车的未来主流发展方向。,2023/2/20,wangcity,17
重磅:为刺激高阶智能辅助驾驶车型的销售 即将放开高精地图限制,2023/2/20,AD007,17
天幕的核心是偷空间,2023/2/21,zyzx77,6
试驾每一脚都是ESP0-100速度2.95秒800V充电空间巨大莲花超跑,2023/2/21,wangcity,0
20万以下的纯电有啥选择？求推荐,2023/2/18,omni,13
现在新车办牌真快,2023/2/20,panyrd,2
"蔚来的车挺保值的，es6,19年上牌4年了",2023/2/18,content,41
新能源的保险确实贵啊,2023/2/20,txq,2
求推荐30以下的车,2023/2/20,ltzh83365468,3
求推荐纯电SUV-北京-SUV-25w以内,2023/2/16,bluebellting,154
新能源续保4100,2023/2/18,yuanshanqian,9
想买一台 二手蔚来ES6,2023/2/20,shengfang666,16
刚性火焰，头一次见到,2023/2/20,wsnsw,8
今天提了11.8定的海豚,2023/2/20,zelatan,14
特斯拉在高速公路上撞上消防车，司机死亡 (转载),2023/2/20,Armageddon,2
求购二手新能源车，要求电池50度以上的,2023/2/20,bjcheng001,0
个人求一辆二手新能源电车,2023/2/20,zhp924,0
发现这个视频不到5M,2023/2/20,zyzx77,2
要首保了，推荐北京比亚迪王朝网4s店,2023/2/20,renningfei,1
理想one八万公里可靠性实测,2023/2/19,touareg,22
ID4追尾前车，刹不住也没有辅助制动,2023/1/5,xahuer,24
惨！美国 特斯拉Model S疑似失速撞上消防车：司机死亡 车被压扁,2023/2/20,sun0star,0
理想的用户群,2023/2/19,seeasee,6
D9 算不算腾势最高端的车型,2023/2/20,albatrosss,5
近年来特斯拉加速冲撞的事故的次数有人统计吗？,2023/2/20,glamerick,7
电池成本下降会让大电池推广开,2023/2/17,shunderen,12
太惨烈了,2023/2/19,stockjack,12
说下tsl的能耗吧,2023/2/17,lkx114,50
特斯拉再次失控,2023/2/18,h9527,66
我对于新款model 3的预测准确无比,2023/2/17,TimeAndRiver,41
有转广汽ge3的车友么？我自己收一辆,2023/2/19,a11,1
为啥油车失控大部分都是油门当刹车，电车就不可能踩错踏板？,2023/2/19,skyfromheart,14
昨天看了毛豆y,2023/2/20,bdjnl58,7
雷克萨斯这种车以前还有人会买么？,2023/2/18,wyid,18
恒大的纯电动车，性价比很高，车子也不错。可以搞,2023/2/18,wangcity,33
lookatjane被取消在GreenAuto版的发文权限,2023/2/20,deliver,0
如此惨烈的市场，没有特色就是死,2023/2/19,AD007,35
比亚迪、特斯拉谁强让美国吵翻：前者利润、技术差太多？！,2023/2/20,bufu110,0
xx0791被取消在GreenAuto版的发文权限,2023/2/20,deliver,0
[合集] 为什么警车不用电动车大家说说,2023/2/20,oBigeyes,0
特斯拉的主动刹车，就是个摆设吧,2023/2/20,jocusperrin,21
日产90度电的艾睿雅直降6万,2023/2/18,xx0791,50
wuyaming614被取消在GreenAuto版的发文权限,2023/2/20,deliver,0
二手15w左右SUV电车推荐,2023/2/17,williambest,6
确认赴美！拿出核心技术换35亿美元，宁德时代这样做值得吗？,2023/2/19,txgx,30
求问：新能源私家车上必备的工具和材料有哪些？谢谢,2023/2/18,smallflyfish,12
贡献个昨天范崎路雪后跑山的记录吧,2023/2/19,wangdass8,7
合资电车打折卖拼价格拼配置,2023/2/19,shunderen,15
求推荐20万左右的新能源,2023/2/18,iphonexr,2
大家都买过4s店的延保吗？,2023/2/19,gaulee,1
我开出来过所谓“转弯时自动加速”,2023/2/18,vta,2
六座纯电SUV除了es8还有其他选项吗,2023/2/17,wudashu,14
zz生产线上电池起火：福特F-150电动皮卡暂时停产,2023/2/19,churchilllee,9
现在的车都内置了北斗接受仪了么？,2023/2/19,tanguofu,2
电动车主一定要带一个把带破窗锥的户外刀割安全带，破窗逃生。,2023/2/19,wangcity,2
昨天终于有了自己的充电桩！,2023/2/18,nemo2013,72
上汽荣威致己，广汽埃安，这波应该都能活下来,2023/2/19,baobestest,1
电车什么时候换冷却液和制动液,2023/2/18,oowa,6
有十万以内300续航的电车吗,2023/2/17,ppccbb,21
不欢迎品牌黑子行为,2023/2/17,nolonger,33
比亚迪刀片电池能经常快充吗？,2023/2/18,piyao,9
打不过特斯拉，就拿日系撒气,2023/2/13,TimeAndRiver,36
特斯拉副驾为啥不系安全带,2023/2/19,qbb,5
[合集] 今年汽车消费又要拉垮了。,2023/2/19,oBigeyes,0
[合集] 太恐怖了，上海中环某新能源车惨烈爆炸燃烧,2023/2/19,oBigeyes,0
coollpe被取消在GreenAuto版的发文权限,2023/2/19,deliver,0
特斯拉失控撞大巴车，抖音又来了比亚迪自燃,2023/2/19,findmyhappy,3
贴个续保，供参考,2023/2/19,dahai2999,1
新能源的隐秘增量市场：电动化的工程机械,2023/2/19,Simu1ink,6
现在也没人预测分数了。明年家庭60有戏么,2023/1/28,vipfish,13
合资电车的PK序列,2023/2/19,shunderen,0
阿维塔是凉一半了？,2023/2/17,Castrol,38
有消息说m y今年会有改款吗？,2023/2/17,LaughLy,5
比亚迪刀片电池满充满放好 还是保持20%~80%好,2023/2/18,eshark,12
慢充直流化会是趋势么？,2023/1/17,hutongcat,44
zhang195011被取消在GreenAuto版的发文权限,2023/2/19,deliver,0
上海特斯拉又停产了，号称要“进一步升级”,2023/2/15,mafama,21
浙江特斯拉事故，感觉冲出一条街不止,2023/2/17,guojiadui,32
现在买特斯拉合适吗，近期会不会再调价,2023/2/17,EMU,14
特斯拉再次平地起飞,2023/2/19,chery,0
丰田验证码再创新低-优惠7万-继续看戏,2023/2/19,doremy,1
电动车一点维护都不需要吗？,2023/2/16,crabberzgz,22
两大巨头同一天出事,2023/2/17,xiadayu,8
每日经济新闻：比亚迪顶级豪车仰望将采用增程式技术路线,2023/2/19,xingbake,2
仰望来仰望吧！猛士917实车到店,2023/2/15,wangcity,47
蔚来充电桩76%服务于非蔚来品牌,2023/2/16,Muscle2021,66
38号评理想L9,2023/2/14,census,22
刹车也不可能是不会坏的,2023/2/18,tedxyz,3
据说LS7大爆？,2023/2/18,ruizhu,8
大疆更新智能驾驶方案矩阵,2023/2/17,census,1
求大佬推荐个充电桩,2023/2/18,luyouli,3
动力电池的理想指标,2023/2/18,wanllow,25
为什么不能搞个仪表盘指示灯，油门变绿刹车变红,2023/2/18,zheshimimi,7
问问dmi百公里电耗问题,2023/2/18,wen1984,7
狂飙的特斯拉事故车的自动驾驶,2023/2/19,LaughLy,3
特斯拉虽然才几年，造车功底比起百年老车企也不遑多让,2023/2/18,zhangxy11,4
model y和A4l，价格差不到1w,2023/2/17,presento,6
thuranaf被取消在GreenAuto版的发文权限,2023/2/18,deliver,0
这个说的是理想L8L9吗？,2023/2/18,vop,0
kkkkv31被取消在GreenAuto版的发文权限,2023/2/18,deliver,0
[合集] 某些大众电车版友真是让我不能理解,2023/2/18,nolonger,0
开的是油混车，整天关心各家新能源车，这是什么心理？,2023/2/18,soochowboy,5
汽油里有养路费成分,2023/2/18,jpye,3
秦plus如果出个油车，大概卖多少钱？对成本感兴趣,2023/2/13,census,14
问界怎么忽然就卖不动了？,2023/2/2,flybox,60
20万元一吨，宁德时代降价,2023/2/18,census,10
可拔插的换电还要多久,2023/2/18,shunderen,6
增程器比同排量的发动机，是更贵还是更便宜？,2023/2/16,census,9
hurriuuma被取消在GreenAuto版的发文权限,2023/2/18,deliver,0
求购家用慢充充电枪,2023/2/18,qinjian,1
model3大幅转向慢速启动时咯噔咯噔响,2023/2/18,chrome2000,4
现在到底有没有哪款车能做到在二环拥堵蠕行的时候自动跟车,2023/2/15,content,26
superbalic被取消在GreenAuto版的发文权限,2023/2/18,deliver,0
对标modely 超越modely g7来了,2023/2/16,AD007,36
rabiuuut被取消在GreenAuto版的发文权限,2023/2/18,deliver,0
小道消息，丰田验证码停产＾ω＾,2023/2/17,doremy,19
真心请教:蔚来et5值不值得买,2023/2/13,Gabriel79,91
TimeAndRiver被取消在GreenAuto版的发文权限,2023/2/18,deliver,0
Model3已经质保到期了，目前依然能打,2023/2/17,kochpy,28
油车还能活多久？从市场与政策来看， (转载),2023/2/17,luoxiaoyi,5
特斯拉油门有刹车功能？温州潮州司机用命踩油门？,2023/2/17,sai123456,4
吉利为啥搞这么多品牌出来？,2023/2/16,tanguofu,3
哎，绝大部分电车都是政府逼着买的,2023/2/16,zhaozhao1982,29
又失控了,2023/2/17,tanguofu,8
最便宜的混动是不是秦,2023/2/16,a0000000,17
Re: 个人求新能源电车（300续航以上）,2023/2/17,原帖已删除,3
想买个二手model3有什么需要注意的吗？,2023/2/17,aaasssddd,6
理想L7、智己L7，LS7、腾势N7，飞凡 F7,2023/2/17,tanguofu,5
sdlk被取消在GreenAuto版的发文权限,2023/2/17,deliver,0
wangdass8被取消在GreenAuto版的发文权限,2023/2/17,deliver,0
iTuzi被取消在GreenAuto版的发文权限,2023/2/17,deliver,0
重磅预测，今年10万以下新能源车会血洗市场。,2023/2/15,wangcity,50
又见特斯拉,2023/2/17,glamerick,9
什么叫充放电循环,2023/2/17,luoyd,3
特斯拉车主又开始抢热点了。,2023/2/17,nkzz,2
有个电车在拖车上烧起来,2023/2/17,ZLLF,1
小鹏今年能活,2023/2/17,mafama,3
混动直驱用在4驱上是怎么弄的？,2023/2/14,seeasee,11
Re: 现在买极狐525s+有没有必要？,2023/2/17,原帖已删除,45
泰国这车主，元plus半年开了16万公里,2023/2/17,peibch,8
纯电加可拆卸增程发动机是最好的形态,2023/2/16,bxdx,25
打个出租电车， 晕了半下午。司机都电车通病?,2023/2/15,sai123456,18
理想L7的pro空悬靠谱么,2023/2/14,axlsan,54
计划下半年买一辆特斯拉model Y玩玩,2023/2/16,TimeAndRiver,30
Wang1514566被取消在GreenAuto版的发文权限,2023/2/17,deliver,0
Re: [求助][新能源]谁有闲置下来的指标,2023/2/17,原帖已删除,0
Jiang356被取消在GreenAuto版的发文权限,2023/2/17,deliver,0
s779899570被取消在GreenAuto版的发文权限,2023/2/17,deliver,0
特斯拉毛豆3一万公里的能耗,2023/2/17,djkstra,7
魔都新颁布上海市公共停车场（库）充电设施建设管理办法,2023/2/17,antzzz,1
秦PLUS DM-i冠军版上市5天，订单超2.5万台,2023/2/15,census,35
小鹏最大的问题是没搞清楚用户怎么想的,2023/2/11,ruizhu,83
今年新推出的车型,2023/2/17,zthenry,1
动力电池产能过剩，宁王支撑车厂价格战,2023/2/17,CC2CC,2
十几万的车有能塞下电动自行车的吗？,2023/2/16,pkupctner,24
[合集] 极狐，这名字毁了一个品牌，谁取的？狐狸等于小三，谁会,2023/2/17,oBigeyes,0
中型五座suv今年要杀的血肉横飞了,2023/2/16,mafama,8
新手问个事,2023/2/13,tenderfoot,6
特斯拉中国model Y涨价了？,2023/2/17,TrinidadSeal,1
今年的电车历史最卷？,2023/2/16,tanguofu,4
华为主导问界看来是真的了,2023/2/17,TimeAndRiver,7
[合集] 某合伙人：“我从来就事论事，不黑特斯拉”,2023/2/17,oBigeyes,0
电动车低速是不是都有电流声？,2023/2/14,topking,24
极狐北京还在促销吗？,2023/2/16,wsnsw,6
网约车打到了埃安V,2023/2/15,wyid,12
为什么路上特斯拉 总是窜来窜去的？什么原因,2023/2/16,dahai2999,13
验证码这就下6万了？,2023/2/15,doremy,79
今天吃完早饭在路口蹲着看蔚来换电,2023/2/16,TimeAndRiver,7
悬挂死硬的“运动”车，改款调软之后也有人吹捧运动,2023/2/16,zhangxy11,2
纠结i3和model3,2023/2/9,htwei,48
二月汽车销量比一月又差了很多,2023/2/16,RiverFish,15
4680电池确实比刀片要先进吧,2023/2/17,Acui,0
蔚来这一撞，撞出了什么,2023/2/16,LionKing1628,8
上汽广汽北汽东风,2023/2/16,wyid,2
理想有点高调了……,2023/2/14,chelseaLL,34
去年买了个本田的混动，优惠了将近7w,2023/2/16,buaavivi,9
特斯拉销量趋于平淡，准备升级生产线,2023/2/16,Acui,1
最近好多LS7的广告，上气这次画血本了,2023/2/16,bbbmmm,3
家用充电桩未来会不会升级？感觉7kw太慢了,2023/2/16,nemo2013,36
20万左右这个市场是不是竞争最激烈的,2023/2/16,wyid,7
仰望银河，那是一抹深蓝,2023/2/16,snwofox303,7
今天打车打了个几何,2023/2/16,biubiu02,0
零跑C11为什么要用三缸发动机？,2023/2/16,dreamr,8
老实说国内在电动车领域没啥优势，乱折腾,2023/2/14,wangcity,108
上海蔚来又出事了,2023/2/14,guojiadui,69
你有没有听过高合,2023/2/10,xiaomanyao,11
今年不是降价的问题，本质是经济差，销量都得跌,2023/2/13,dahai2999,24
Re: 对丰田插电混动的猜测,2023/2/16,原帖已删除,1
吉利中高端新能源系列正式命名“吉利银河”,2023/2/16,AZTU,11
140度电的极客001到底有多牛,2023/2/15,shunderen,14
理想的产能感觉快不够了吧,2023/2/16,mafama,4
lacrover被取消在GreenAuto版的发文权限,2023/2/16,deliver,0
秦dmi实际使用效果怎么样,2023/2/14,kkkk3,10
【提车报告】小鹏G9一个月驾驶体验,2023/2/14,eric518,53
hiphi这车咋还贴悦达起亚,2023/2/16,DoubleH,0
刚才路上看见一辆阿维塔,2023/2/16,imbjer,0
高速充电献计：充电桩限充到80%,2023/1/26,wen1984,38
奥迪电动轿车起火烧毁,2023/2/14,shunderen,13
2月第二周(2.6-2.12) 上险量数据,2023/2/16,ia,19
智己的ls7是真的性价比超高啊,2023/2/14,qian272,15
准备抄底订小鹏p7，大家最近能谈到多少优惠？,2023/2/16,zhangxy11,9
潮州特斯拉的鉴定结果是不是不会公布了？大概率是人为失误吧？,2023/2/15,yishuihanxia,15
拯救北汽的好办法,2023/2/15,fengwudian,40
黑粉自费400万投超级碗广告抨击特斯拉FSD,2023/2/16,nisus,6
1月新能源销量排行 确实差点意思,2023/2/16,alexshen2012,5
小米新车要出来了吧 13万轿跑,2023/2/14,HLWJSJ,34
感谢赐教，现在北京置换新能源车有什么官方明确的补贴或者优惠,2023/2/14,iamyiyi,4
[合集] 新出行专稿说比亚迪内部认识到了增程强于dmi,2023/2/16,oBigeyes,0
蔚来，抖抖抖，换电的便宜车来啦，睿蓝9，12万470公里！,2023/2/15,wangcity,14
新手须知，电动车找电池包大价格便宜的买。其他浮云,2023/2/13,wangcity,41
我觉得小米汽车会毁掉中国新能源汽车产业,2023/2/14,seeasee,32
智能驾驶到底值多少钱？,2023/2/15,doudouba,8
[合集] DHT优于增程,2023/2/16,oBigeyes,0
理想l系列只能匹配一个手机钥匙？,2023/2/15,liruia,2
[合集] 对丰田插电混动的猜测,2023/2/16,oBigeyes,0
[合集] 听说上桥底A7L要停产,2023/2/16,oBigeyes,0
byd要出六棱柱的电池了,2023/2/15,be250,57
北京增程能按电车号买吗？,2023/2/16,huangyao1982,2
多加几个按钮会死？,2023/2/14,imchenghaibo,19
长城的车名字都是咋取的,2023/2/16,wyid,1
极氪001都1032公里续航了,2023/2/15,xiadayu,14
16年秦ev300早上趴窝充满42.34度,2023/2/14,tniuli,19
比亚迪1月收退单量都是8万左右，接近100%,2023/2/15,CC2CC,4
你们充电是充到100%么？,2023/2/15,ggoo,2
重磅预测，近期新能源车，终极形态是纯电加上增程器，二合一,2023/2/15,wangcity,6
油车有没有系统性的大幅降价？,2023/2/15,Simu1ink,7
纯电是不限行吧？,2023/2/15,larker,8
宋pro dmi上新，ev呢？,2023/2/15,wen1984,0
蔚来es7 vs 理想L7,2023/2/12,spinage,70
蔚来这企业的价值观真是有问题,2023/2/14,IrnBru,24
目前能量质量密度有突破特斯拉21700电池组的嘛？,2023/2/15,lOOO,3
又发现了一个二货设计,2023/2/15,fengwudian,18
北京之前单双号限行的时候,2023/2/15,larker,6
外地的电车过户到北京应该没啥限制吧,2023/1/11,a0000000,3
Bz4X这货竟然在美国也在卖,2023/2/15,tbbt2013,17
两年的ex3置换极狐能抵扣多少,2023/2/14,xtqdm,15
据传 华为撤出赛里斯了,2023/2/14,be250,23
想买id6这个车有什么问题吗,2023/2/6,ztbit,58
雷子的小米汽车明年会玩死一批新势力，三傻最后只能留一个,2023/2/13,godlike2017,42
零跑 c11 增程性价比很高啊,2023/2/12,ChangKaishek,8
理性分析各价位最值得买的电动SUV,2023/2/11,ruizhu,47
一般民营企业钱亏完破产结束，问题北汽亏不完啊,2023/2/14,MachuPicchu,25
刚买没多久的车,2023/2/15,fengwudian,3
大众的电动车卖得如何，马路上几乎看不到,2023/2/14,bbbmmm,13
理想one海南驾驶体验,2023/2/13,ok868,21
想不明白，新能源车怎么会有这么多的厂家,2023/2/14,MachuPicchu,10
全体电车都降价了吧？,2023/2/13,dahai2999,7
预算15万以内哪款电车性价比好？,2023/2/14,strikerlw,13
这样是不是就算切电了,2023/2/12,tinyhell,10
想不到传统车企追赶上来了，LS7云试驾真心好车,2023/2/14,playmobil,2
个人觉得产业规划调整是有问题的，别卷死外资啊,2023/2/14,MachuPicchu,2
比亚迪开始大降价了,2023/2/12,CC2CC,62
20万以下的插混，比亚迪可能要一统江湖了,2023/2/14,mchh211,17
