﻿主题,发帖时间,_ 作者,回复
让小米华为比亚迪搞新能车是对的，民营企业反应快,2023/2/14,MachuPicchu,0
比亚迪库存应该在20万左右,2023/2/12,hellokkzhu,29
想问一下，有没有特斯拉车主从来不用ap的？,2023/2/13,bigbreast,14
小孩一泡尿就把奶爸神车给干翻了 (转载),2023/2/5,leyouyip,94
比亚迪钠电池汽车是谣言？,2023/2/8,soochowboy,55
有出大众充电桩的吗？,2023/2/14,wuxu,0
五菱纯电“宝骏悦也”,2023/2/13,blackbamboo,8
中国现在家家bba。,2023/2/14,Johnnywu1,13
请问和摩卡phev差不多档次或者性价比更好的有哪几款？,2022/12/27,huazhzhai,9
Re: 新手买车，啥都不懂，真的纠结,2023/2/14,原帖已删除,98
23版秦估计要卖疯了吧,2023/2/13,wyid,31
发现热泵空调比油车的空调舒服太多了,2023/2/14,lengsong,17
预定了飞凡F7，大订有什么要注意得嘛,2023/2/14,ltzh83365468,16
mifa9怎么样,2023/2/12,menglongwang,1
Ls7能成爆款吗？,2023/2/14,jimmylee0726,20
蔚来市值被理想超了,2022/6/14,wonder0321,36
什么网站能设定筛选条件？,2023/2/14,imchenghaibo,2
同意某大V的观点，随着电车销量的暴增，充电不便的车型品牌会遭,2023/2/13,AD007,32
请教新能源家庭积分去年48分，今年应该是56分，有资格不？,2023/2/6,xinxingege,30
长线看蔚小理大概率全要倒。,2023/2/13,Johnnywu1,21
请教个问题，中国所有汽车每年的石油消耗,2023/2/14,wjhtingerx,9
4680电池model y,2023/2/12,tingshuo604,8
现阶段纯电车完全用不着考虑自动驾驶的问题,2023/2/12,hhawk,16
Re: 不要以车来辨别穷富,2023/2/14,原帖已删除,46
智己 ls7 和 极客 01 怎么选？,2023/2/13,tanguofu,3
零跑增程版的发布会开始了,2023/2/9,census,30
[求助] 新车置换操作能行么,2023/2/13,alphones,7
宋plus ev 3.0平台会是什么参数？,2023/2/13,wen1984,8
看到一只活的海豹,2023/2/14,imbjer,1
Ls7怎么做到这个定价的,2023/2/13,cococap,26
充电桩要求车位产权人与车主必须是同一人或同一家庭怎么办？,2023/2/12,tmsi,6
有一起买秦的吗  一起买是不是可以优惠些,2023/2/13,sgacp,4
[求助]收一个充电桩，有转的联系我。,2023/2/14,xujie5407,0
亲身体验告诉你为什么冬季特斯拉会有松踏板加速的错觉？,2023/2/13,zhouxxs,12
新能源汽车的高端形象问题,2023/2/13,afailor,8
想入手极狐alpha T 653s+求比较靠谱的优惠渠道,2023/2/13,charang,19
2月份第一周的销量还没出来？,2023/2/13,wuhuadasha,2
蔚来的2000意向金怎么退，有知道的吗？,2023/2/13,quantumme,3
增程车符合奥卡姆剃刀原理,2023/2/11,dreamr,34
开个好车，带女孩出去。,2023/2/13,Johnnywu1,3
叶青的公车革命真可以帮助解决交通拥堵问题？,2023/2/14,zmren,0
续航显示惨状！,2023/2/13,zyzx77,7
2023款秦dmi销售情况（zz）,2023/2/13,census,6
9.98万的秦居然这么快就交付了,2023/2/13,peibch,12
理想L7虚假宣传,2023/2/12,census,10
其实如果能够自动驾驶的话，即使告诉只能开80也是可以忍受的,2019/4/5,bigbreast,7
极狐708续航的，北京的气温能保底行驶三百公里丨5吗？,2023/2/13,Celestials,18
极氪市值超过小鹏了,2023/2/13,winsen,11
按里程交钱!澳洲多地或收电动汽车税,2023/2/13,shemar,7
极狐阿尔法t21.88万的那款现在多少钱,2023/2/11,benz450,2
神车EX360用车5年体验,2023/2/13,PEANUTMUSIC,19
i925XE被取消在GreenAuto版的发文权限,2023/2/13,deliver,0
yutong被取消在GreenAuto版的发文权限,2023/2/13,deliver,0
lookatjane被取消在GreenAuto版的发文权限,2023/2/13,deliver,0
memory166被取消在GreenAuto版的发文权限,2023/2/13,deliver,0
宋plus dmi怎么样,2023/2/13,RISC,3
电车造车的门槛非常高，看看BBA丰田造出的电车垃圾,2023/2/12,shunderen,18
理想本月交付2.5万辆保底，air交付后3万辆/月保底,2023/2/13,vvest,3
这次蔚来促销有多少人买了啊？,2023/2/13,cnflyings,2
rovskin被取消在GreenAuto版的发文权限,2023/2/13,deliver,0
北京哪个品牌电车店能帮忙上外地牌照,2023/2/12,benz450,2
深蓝才70多度电啊,2023/2/13,yaqli,16
电动自行车/电驴锂电池，我推荐一款质量及其可靠的,2023/2/11,lifeforever,2
比亚迪方向盘助力突然故障了~4S店说复现不了，怎么破？,2023/2/13,Kenny1107,8
出口和内销model y有不同吗,2023/2/13,gesheng,10
1月份大众这几兄弟也太惨了吧,2023/2/13,zergcq,17
宋plus EV会出2023款吗？,2023/1/12,DateBase,27
家庭摇号咨询,2023/2/13,bpdxcc,7
仰望是不是没有确定的上市日期？,2023/2/13,IrnBru,4
作为油车党，今天体验了下L7，心心念念的Glc不香了,2023/2/12,ninipa,35
Re: bz4x的换壳版来了,2023/2/13,原帖已删除,2
增程能原地发电吗,2023/2/12,shunderen,8
Re: 转比亚迪7kw充电桩安装权益,2023/2/13,原帖已删除,0
唐和垃7的热卖,2023/2/12,SuperKan,13
没想明白什么定语能做出这样的排行榜,2023/2/12,LucaToni,21
理想L7和宝马X5L的NVH及实际油耗对比,2023/2/13,touareg,3
大家觉得model Y长续航值得入吗？预测还会继续降价吗？,2023/2/10,abiao8,11
在33万的LS7前实在想不出新势力有啥竞争力,2023/2/11,ruizhu,84
Re: 中国大陆的汽车市场极为不公。,2023/2/13,原帖已删除,0
1月40万以上纯电销量，凯迪拉克锐歌销量不错,2023/2/13,he111,1
其实有时候买100的车，真是为了孩子。,2023/2/7,Johnnywu1,218
比亚迪汉是不是20万以上唯一使用筷子悬挂的？,2023/2/7,soochowboy,30
今早 四环 慈云寺桥东 公交自燃,2023/2/13,HLWJSJ,6
丰田验证码SUV降价3万，16.98万起，很诱惑呀，能翻身吗,2023/2/9,soochowboy,8
增程车一个致命问题,2023/2/12,hitero,34
驾驶特斯拉my一周的感受,2023/2/10,luanma,75
奇瑞自己承认了鲲鹏e+dht混动系统的问题,2023/2/13,touareg,10
百思不得其解，为什么你们大陆的新势力随便就做出巨好看的电车,2023/2/12,meirenai,24
小区外面的停车场新建了个蔚来换电站,2023/2/12,linyixiao,14
L7和L8的测试数据出来了，低温下无法启动弹射模式,2023/2/9,census,6
Model 3再摘1月高端中型车销冠，媒体：加速汽车“油换电”,2023/2/13,henrykaka00,3
参加车评活动，百度美团小米和滴滴，谁最有可能先出新车？,2023/2/13,dahai2999,0
传言,2023/2/10,biubiu02,19
理想受欢迎最重要的两个原因,2023/2/9,dreamr,27
比亚迪是应该全面放弃dmi改增程了,2023/2/10,mafama,101
本田中国销量连跌两年，日系车神话终结前夜如何挣扎？,2023/1/6,Simu1ink,30
我再强调一下理想的优势,2023/2/9,AD007,63
理想从来不说自己风阻是多少,2023/2/11,AD007,20
6座SUV能否代替MPV？,2023/2/12,wanllow,12
新能源的皮实可靠现在能比得上日系油车了么,2023/2/12,dukenuke,2
用其他燃料如酒精做燃料电池有啥缺点？,2023/2/11,pklmsthree,18
[合集] 中国大陆的汽车市场极为不公。,2023/2/13,nolonger,0
soochowboy被取消在GreenAuto版的发文权限,2023/2/13,deliver,0
都说蔚来换电成本高，纠结有多高,2023/2/12,heagle,2
为什么所有的新能源车都是贯穿式尾灯？,2023/2/11,flybox,20
新能源电池有啥技术门槛么？,2023/2/12,wyid,4
我预测明年新能源汽车/动力电池产能将过剩,2022/11/12,CC2CC,20
韭菜真多，一个靠堆料的半成品Ls7，也敢瞎吹,2023/2/12,AD007,15
smart 1月才卖了3000，又凉了,2023/2/12,content,9
春节至今开了四款新能源真的是感觉都很先进,2023/2/10,chinamz,10
智己LS7上市竟然在本版毫无波澜,2023/2/10,xixihaha2019,16
理想L7发布48小时大定三万多,2023/2/12,touareg,7
M5增程和纯电版电耗怎么差这么多？,2023/2/12,ruizhu,6
合资车卖不好，合资粉怪政策怪国人,2023/2/12,shunderen,6
电动车的技术门槛是什么？为何阿猫阿狗都能造出电动车,2023/2/10,soochowboy,10
求个水木特斯拉群,2023/2/6,tiankonghl,4
看了理想L7，觉得后排还是不够宽,2023/2/9,UIA,17
一月份销量根本不能说明问题,2023/2/12,wuhuadasha,0
Re: 北汽车轱辘掉了,2023/2/12,原帖已删除,13
斯威大虎增程太便宜了,2023/2/12,stockjack,2
理想L7和宝马X5L深度横评,2023/2/12,touareg,10
蔚来es6  75度电池实际续航多少？,2023/2/11,edger,14
比亚迪2023年销量顶天250,2023/1/8,soochowboy,15
那几个迪粉表演音容宛在,2023/2/12,AZTU,6
梦想汽车的维修确实已跨入豪华车行列,2023/2/12,googlestyle,7
客观的说蔚来的设计语言过于单一了,2023/2/10,bjny99,44
传统企业转型为什么那么难,2023/2/12,wyid,4
理想就是车壳子大,2023/2/11,jocusperrin,9
现在造车就是攒机，居然越攒越贵,2023/2/12,bdjnl58,3
今年新能源销量会暴涨吧,2023/2/12,wuhuadasha,3
北京应该是，生三娃给一牌，不生娃牌回收,2023/2/10,wangcity,5
更新：比亚迪二次换电被拒，投诉无门[23456..13][23456..13][23,2022/7/9,bbqdd,142
LS7好像比G9好一些,2023/2/11,chelseaLL,12
宝马用户从不关心宝骏降不降价,2023/2/12,mafama,4
想买个二手电动车，买啥好？,2023/2/10,artech51,9
觉得辅助驾驶能大大减轻疲劳的可以详细说一下是怎么减轻的吗？,2023/2/8,cloudlight,100
真心推荐买g3或者p5,2022/11/25,lcy362,21
合资油车企业纯粹混不下去了。,2023/2/11,chery,11
如果极虎推出电池升级版本,2023/2/11,shunderen,3
修改XC90在GreenAuto版的发文权限封禁,2023/2/11,deliver,0
hawkabc被取消在GreenAuto版的发文权限,2023/2/11,deliver,0
我想装个单独的后视记录仪的话,2023/2/11,alcoholism,1
内燃机部门想不失业，只能去研究增程系统小型化紧凑化,2023/2/11,Lypher,7
比亚迪dmi将来会提高纯电续航吗，全系列,2023/2/10,Dankeschon,18
极氪001第一烧，这也太寸了,2023/2/9,zergcq,42
收一个大众充电桩带安装指标,2023/2/10,lilysong2,13
电池一边充电 一边放电是不是降低寿命？,2023/2/11,tanguofu,10
喜讯：国产的民用增程式越野车来了,2023/2/11,touareg,0
北京新能源2021年1月排46000,2023/2/11,fantasy2011,1
北京车牌应该抓紧放开,2023/2/10,maplab,19
新能源时代哪些城市汽车产业衰落了？,2023/2/11,wyid,11
转：我來給特斯拉一些市場指導,2023/2/11,imchenghaibo,2
特斯拉MY 7万公里电池衰减5%正常吗？,2023/2/7,nuoya123,66
打算glc换L7，大家有什么看法,2023/2/10,content,26
igo共享汽车和比亚迪的纠纷,2023/2/11,test321,7
Re: 增程车是不是两块电池,2023/2/11,原帖已删除,4
哪些新能源品牌快被淘汰？,2023/2/10,ruizhu,18
雷军：小米造车目标未来20年内跻身世界前五,2023/2/10,Dankeschon,27
知己 l7 的方向盘 打死还是一圈半了吗,2023/2/11,tanguofu,1
小米造车估计出师未捷身先死,2023/2/10,xiadayu,26
【这个是圈里最牛逼的10个人吗?他们能决定中国汽车未来吗？】,2023/2/10,chaodide,4
有靠谱陪练推荐么,2023/2/10,sailor88128,1
特斯拉松油门会亮刹车灯吗,2023/2/11,jseanj,1
一泡尿浇坏理想L9  官方：人为损坏,2023/2/8,shemar,13
一月惨不忍睹,2023/2/10,sanford66,19
巴菲特再度出售比亚迪H股423.5万股,2023/2/10,nisus,11
唐dmi退车，对方同意了,2023/2/3,huang10zhi,41
坐等23款宋plus dmi,2023/2/10,hellokkzhu,2
从L7上市看梦想汽车营销水平,2023/2/11,googlestyle,3
今年留给蔚来交付量不足的理由不多了,2023/2/8,lOOO,51
电动车走老头乐路线行不行？,2023/2/9,fjkj,8
刚去对比了一下秦dmi2021和2023款的丐版技术参数,2023/2/10,Dadubaba,12
Model Y涨价了,2023/2/10,alexshen2012,12
唐EV降价？,2023/2/10,ltzh83365468,7
恒大汽车如何了？,2023/2/9,henrykaka00,1
理想是三家当中第2个死掉的企业。,2023/2/8,wangcity,154
今天去京顺检测场上牌,2023/2/10,larker,6
memory166被取消在GreenAuto版的发文权限,2023/2/10,deliver,0
zhangxy11被取消在GreenAuto版的发文权限,2023/2/10,deliver,0
litra被取消在GreenAuto版的发文权限,2023/2/10,deliver,0
XC90被取消在GreenAuto版的发文权限,2023/2/10,deliver,0
前途怎么样了  还没倒闭  会出新车吗,2023/2/10,yellowChange,0
北京家庭三阶梯 0.78元充汽车，是不是不如外面快充 1.2元充便宜,2023/2/3,Kenny1107,32
北京新能源家庭摇号解惑,2023/2/10,Hexis1020,29
青们，3年3万公里的iA5大概能卖啥价,2023/2/10,goldsmith777,2
L8/9有啥缺点吗？,2023/2/9,JXZ,36
飞凡R7,2023/2/9,ltzh83365468,30
哪吒几何创维这种车真有人买么？,2023/2/8,wyid,23
smart精灵退车难,2022/12/24,springpeak,19
国内现在新能源有四五十个牌子吧,2023/2/10,wyid,9
现在北京新能源排序是48006，减去2022 的19080,2023/1/6,wangzaijc,9
理想的电吸门有防夹功能吗？,2023/2/9,dreamr,12
轩逸，朗逸，速腾，卡罗拉正在瑟瑟发抖,2023/2/10,hellokkzhu,5
理想L7 air 31.98万,2023/2/8,touareg,21
洗车排队,2023/2/10,dahai2999,6
理想车的电池质保是真的只有八年吗？,2023/1/29,TimeAndRiver,87
温州 极氪001 首烧事件认定结果,2023/2/10,dahai2999,0
减震漏油你们管不管啊,2023/2/10,mouseking007,5
[建议][新能源][电动]广汽丰田 bZ4X 纯电 SUV 厂家直降 30000 ,2023/2/9,speedyw,68
李想回复博主夸赞发布会,2023/2/9,census,8
"""电网或车辆出现问题 交流充电受限""",2023/2/10,bigbreast,0
混动车电池以后上300公里，就好多了吧,2023/2/10,oldgeng,4
蔚来降价面面观,2023/2/7,superbalic,74
[讨论]小米造车目标未来20年内跻身世界前五,2023/2/10,dataee,2
北京中号还在延期吧？,2023/2/3,HLWJSJ,4
增程跟混动一样省油，还是比混动费油啊？,2023/2/7,census,26
乘联会发布了1月新能源车批发量,2023/2/4,Vas,27
极狐底盘真高，轿车也像 SUV,2023/2/9,shunderen,14
大众id 4x 极致长续航,2023/2/9,huanhuan87,10
极氪被曝大规模动力系统故障,2023/2/9,Mars102,5
特斯拉Y 的标续 和 长续 应该怎么选择,2023/1/30,cytotoxin,33
理想最牛逼的——张罗了一大票鼓吹手PUA。,2023/2/9,silvereyes,33
固态电池越来越近了,2023/2/9,be250,35
试驾了理想L7，说说体会,2023/2/9,touareg,18
越南特斯拉,2023/2/9,Dankeschon,1
除了比亚迪和特斯拉，其他杂牌电车都什么人买？,2023/2/8,klong,16
bZ4X拥有快充的同时让车主享受慢充的待遇，牛！,2023/2/9,doremy,7
比亚迪大厂也这么流氓吗，不退订金,2023/2/9,langmanyixia,10
L 7也是大车,2023/2/9,shunderen,8
懂车帝冬测比亚迪表显很亮眼，极狐很拉胯,2023/2/9,xiechuanhust,5
李想为啥是理想最好的产品经理,2023/2/9,KBKATE,7
比亚迪D1是网约专用车么,2023/2/9,wyid,1
固态电池和麒麟电池成本还没定,2023/2/9,shunderen,0
插电混合纯电续航200公里以上的应该享受不限行,2023/2/9,txq,5
秦pro的中控屏，坏了，质保三年,2023/2/9,sulinTSU,14
中航工业的电池怎么样,2023/2/9,imchenghaibo,6
今天在L7店里有个自媒体在拍视频,2023/2/9,wsnsw,0
理想汽车是真的产品力强,2023/2/9,zhiliang,8
第一辆，求推荐新能源,2023/2/8,iamjkl,56
长安深蓝这个新SUV颜值还不错 (转载),2023/2/8,pigflying,30
有一段时间没在贵版听人说“脱了裤子放屁”了,2023/2/9,touareg,0
[合集] sdlk表示《深蓝这个SUV就是照抄的极狐T，眼没瞎的都能看,2023/2/9,nolonger,0
wangdass8被取消在GreenAuto版的发文权限,2023/2/9,deliver,0
cosun被取消在GreenAuto版的发文权限,2023/2/9,deliver,0
sdlk被取消在GreenAuto版的发文权限,2023/2/9,deliver,0
乘联会：特斯拉1月份中国产汽车销量66051辆，环比增长18%,2023/2/8,xiadayu,20
Re: 关于特斯拉，可以看下富人怎么选择,2023/2/9,原帖已删除,19
风暴眼｜一天遭155名车主投诉，极氪车辆上到底发生了什么？,2023/2/9,bufu110,19
我没有用车接送过孩子,2023/2/9,TimeAndRiver,2
瞄了一眼发布会，L7肯定要爆了,2023/2/8,mafama,28
现在比亚迪宋提车要多长时间啊,2023/2/4,wyid,2
极氪001和蔚来et5哪个更牛逼,2023/2/8,maradona888,94
电车开长途人轻松油车人累,2023/2/4,hyeana,31
理想的产品线比小鹏清晰太多了,2023/2/8,wudashu,57
黑特的人要先搞清楚辅助驾驶与自动驾驶的区别,2023/2/7,TimeAndRiver,28
bz4x配了三个拖车钩,2023/2/9,dldd,0
林志颖仍开特斯拉！,2023/2/7,west,33
开年，电车打垮了日系三巨头,2023/2/8,chery,21
元plus会降价吗？,2023/2/8,ph0632,7
闫闯陈震38都在推理想,2023/2/8,wyid,22
梦想汽车营销确实可以,2023/2/9,googlestyle,11
假设每次充电20-80%，那相当于电池打了6折，冬天再打6折,2023/1/26,presento,9
只有一辆电车的感觉在北京都是穷人,2023/2/8,zhaozhao1982,24
李斌撤下免战牌，蔚来挥出降价第一剑,2023/2/9,west,14
哎，车一进入六年，7万公里以上,2023/2/6,zhaozhao1982,48
电车120时速和80时速续航差太多了,2023/1/28,CHAOSH,18
C-NCAP也能得1星，20万的创维EV6安全性堪比老头乐？,2023/2/9,xilong,2
丰田bz4x就这水平,2023/2/8,Mars102,3
大众新能源在国内好像很危险了,2023/2/7,mafama,41
特斯拉降价对smart精灵的冲击估计挺大的,2023/1/11,pigflying,25
电动Smart街头出镜率越来越高了,2022/10/20,yehorse,100
放弃挣扎，100分转进新能源。。,2023/2/9,BrownPupil,8
除了本身就是卖车的人，其他为车企辩护的精神股东,2023/2/8,cashrock,13
KOFLazycat被取消在GreenAuto版的发文权限,2023/2/9,deliver,0
推测一下马斯克3.1会发布些什么东西,2023/2/8,warriorchen,6
求推荐新能源车，先谢了！,2023/2/6,cxjy,22
特斯拉今年最低点,2023/2/8,LaughLy,2
春节高速见闻,2023/2/9,AGP,1
是哪家最先把air plus pro max这些手机型号用在车上的？,2023/2/8,LucaToni,5
Re: 求租电车牌，长期自用,2023/2/9,原帖已删除,1
帖子被删了？,2023/2/8,AZTU,2
特斯拉的自动辅助驾驶也不靠谱,2023/2/6,pigflying,139
蔚来的最大优点就是老顾客保持的好，这一降价全没了,2023/2/8,peibch,12
北京绿交的补贴什么时候到账,2023/2/8,sunuper,12
昨天试驾了理想L9,2023/2/7,com2657,3
欣旺达的动力电池咋样啊？,2023/2/8,socool,2
特斯拉仍然是L2下应对特殊场景最优秀的,2023/2/7,LucaToni,23
极狐哪家店优惠比较大啊？,2023/2/6,y153000,26
想二万左右买个二手车练练手 (转载),2023/2/8,luoxiaoyi,5
理想l7 8点发布会,2023/2/8,liaotian,0
Re: 买100的车接孩子和阿三买可乐是一回事,2023/2/8,原帖已删除,8
据说特斯拉会继续降价,2023/2/7,spinage,50
只要严格执行24*7贴条，保管没人买车,2023/2/7,meirenai,18
听说比亚迪的4S店可以免费充电？,2023/2/8,zheshimimi,4
自媒体继续说特斯拉继续大降价MY17.99,2023/2/7,huizhijia,22
贾会计的FF 91不会量产就过时了吧,2023/2/8,shemar,2
深蓝的辅助驾驶还不错,2023/2/8,doremy,0
车型求推荐,2023/2/8,polaire,12
有人关注凯迪拉克 锐哥么,2023/2/8,partner82,9
比亚迪质量确实拉胯,2023/2/8,zhaozhao1982,10
智能驾驶取决人工智能发展？停滞10余年了吧,2023/2/8,zhejiushij5,2
帮忙推荐新能源车,2023/2/8,maosi22,18
理想L7今晚发布，零跑C11增程版明天下午发布,2023/2/8,census,2
比亚迪刀片电池2022自燃事件汇总，磷酸铁锂自燃也不少啊,2023/2/6,xingbake,19
现在切新能源指标要多久能拿到？,2023/2/6,metall,12
比亚迪起诉大V  ZZ,2023/2/7,googlestyle,15
北京燃油车转新能源车的比例是多少？,2023/2/8,HLWJSJ,12
蔚来降十几万，是不是理想也快大幅降价了？,2023/2/7,census,14
今年的期待：百度电电车,2023/2/6,shunderen,3
钠离子电池汽车靠普吗？,2023/2/7,baobestest,9
钠电池如果用到车上 锂电池续航再长都是渣渣呀,2023/2/7,qianliexian,36
【问界销售直播的时候投“迪”了，这华为受得了？】,2023/2/8,chaodide,0
[求助][讨论]Smart精灵交付延期，也不给退，打12345说投诉的太,2023/2/7,zhenlijiu,4
能不能弄一种超大充电宝，然后搞成租赁业务？,2023/2/8,zheshimimi,8
比亚迪什么时候降价？,2023/2/3,dahai2999,14
下周开始限行了，正好天气转暖了，可以启用电车了,2023/2/7,newssmth,7
请问，什么品牌的家庭充电桩好用？,2023/2/7,nemo2013,6
蔚来现在高速上的一代站简直就是毫无用处,2023/2/6,ZLLF,54
汽车减震器是去4s还是维修店去修？,2023/2/7,nanoLi,5
【转】知名汽车专家孙少军一对一交流,2023/2/8,hyys,0
现在租电动汽车一个月得多少钱？,2022/10/27,mygodxp,19
byd如何通过前脸判断是汉dmi还是ev,2023/1/29,AZTU,12
今年新能源销量有不降的车企么？,2023/2/8,dahai2999,11
derdhun被取消在GreenAuto版的发文权限,2023/2/8,deliver,0
ameday被取消在GreenAuto版的发文权限,2023/2/8,deliver,0
长期快充对电池影响大不？,2023/2/5,xiti,23
据传这货明年进中国市场，15万,2023/2/3,TimeAndRiver,65
天气回暖几度,2023/2/6,biubiu02,3
北汽神车ex3，这季节从北戴河一锅电跑回来了,2023/2/5,pating,25
今天下午开了1:1续航了,2023/2/6,huankuib,1
发现本版的一个特点,2023/2/6,bbxin,3
据说蔚来能源业务已经盈亏平衡了,2023/2/7,mafama,18
麻豆Y那样前面两个座椅抬高可以让后排伸直腿很难吗,2023/2/7,henhenhahi,2
指标自动延期政策,2023/1/27,csoh,10
激光雷达可能灼伤相机，大家怎么看,2023/2/7,Mars102,18
刚问了几家店ID价格,2023/2/4,summerlover0,35
蔚来估计是第一个死掉的。,2023/2/6,wangcity,47
荣威的车续航怎么样？,2022/10/7,wlan,36
咨询关于比亚迪唐EV的几个问题,2023/2/5,kingstone233,26
丰田车的发动机质保真的只有三年吗,2023/2/6,dawei78,2
电车的使用周期只有六年？,2023/2/5,test321,35
德国之声把byd元吹爆了,2023/2/4,content,9
昨天试驾了理想L8 pro,2023/2/7,ok868,20
是我用车方式不对吗？,2023/2/6,WebSun,15
历时2个月，外迁补贴终于到账了,2023/2/7,chrome2000,1
一个蔚来换电站要实现连续换电的话相当于12台快充的功率？,2023/2/6,xiti,12
林志颖车祸后首谈特斯拉：称自己还在开特斯拉 没有任何阴影,2023/2/7,Vas,16
有人买理想会当电车用吗,2023/2/7,hrbeuwujin,14
媒体报道林志颖继续开特斯拉，但放出来的图片显示开的是i3,2023/2/7,sirius0777,3
我又买不起，加了黑名单还老打电话,2023/2/7,zyzx77,2
也论限购限行流行话题,2023/2/7,sun0star,1
开国产车面子怎么办？,2023/2/7,Johnnywu1,14
myaueey被取消在GreenAuto版的发文权限,2023/2/7,deliver,0
小鹏现在卖，还卖的掉，晚了就不好说。,2023/2/7,silvereyes,2
智能灯语和下车警示灯闪烁,2023/2/7,zmren,1
一月，比亚迪出货15万，蔚小理总共不到3万。,2023/2/6,silvereyes,35
1月份德国市场,2023/2/6,west,19
新能源车会限行么？,2023/2/7,dahai2999,5
求个唐EV车友群,2023/2/6,ltzh83365468,4
蔚来的官方置换是啥政策？,2023/2/7,lcy362,2
比亚迪汉被撞废了，对手是…？,2023/2/7,peibch,3
看看这个电池衰减计算对不对？,2023/2/6,zxy007,4
国内特斯拉已经卖不过理想了,2023/2/5,mafama,49
汽车版已经在咬牙切齿的号召12345让新能源加入尾号限行了,2023/2/6,tuelee,9
宁德时代：预计2022年净利润291亿-315亿,2023/1/12,fzf,108
[转载] 导航辅助驾驶（高速篇）6车横评 by 42号车库,2023/2/7,doudouba,0
蔚来降价揭开了一个事实,2023/2/7,lOOO,1
"疑似刹车失灵, 小客车冲进水果超市",2023/2/6,dynasty1215,15
锂矿从60万一吨回落到40多万一吨,2023/2/6,census,3
olaveoo被取消在GreenAuto版的发文权限,2023/2/7,deliver,0
wdseaun被取消在GreenAuto版的发文权限,2023/2/7,deliver,0
daotiande被取消在GreenAuto版的发文权限,2023/2/7,deliver,0
[合集] @Googlestyle 来来，我和你赌,2023/2/7,oBigeyes,0
为什么没有混动摩托车,2023/2/6,heartthinker,3
理想汽车因“克扣年终奖”导致多部门人员流失,2023/2/6,Dankeschon,18
如果有某个国产车企宣传自己成本降低了，你们咋想？,2023/2/6,zhangxy11,13
中电联：太阳能、风电规模2023年分别超过水电规模,2023/2/6,census,12
去了几个4S店，没有一个销售说牌照还在延期的事,2023/2/6,kingstone233,6
蔚来150度电池今年能量产吗,2023/2/5,shunderen,1
比亚迪7个半月不交车，大伙有啥办法吗？,2023/2/4,coolfist,29
极狐四驱满电从北戴河回京，冷车门到门数据,2023/2/5,wangdass8,33
特斯拉车漆被蹭了,2023/2/6,pinklemon,15
我发现,2023/2/6,fengwudian,1
极狐如果让比亚迪去卖，销量绝对爆了,2023/2/6,tankcar,52
视频展示特斯拉Cybertruck四轮转向功能,2023/2/5,singleboy,3
埃安的售后咋样，会比BYD好点儿吗,2022/12/27,KEB,30
本韭的唐续航好像恢复了,2023/2/6,xiadayu,9
新能源车就是短程低速导弹，油车就是高超音速远程导弹,2023/2/6,wangcity,13
Re: 我真玩不明白锂电池，研究太累了,2023/2/6,原帖已删除,0
蔚来换电亏得不多。,2023/1/17,mafama,99
1月的销量其实没啥参考意义,2023/2/2,mafama,27
5年的二手电动车报价,2023/2/5,HLWJSJ,11
[求助]请教一个油车换电车后车牌的问题,2023/2/6,WalkerSun,6
ryan964被取消在GreenAuto版的发文权限,2023/2/6,deliver,0
闲鱼上1300的北汽充电桩包安装,2022/9/26,wangjianwei,17
第一次才知道比亚迪有清,2023/2/5,goodpower,11
说个汽车电池的个人看法,2023/2/6,zooblast,17
[讨论]2022年7月交了定金一款smart精灵1，交车时间推到了2023年,2023/2/4,zhenlijiu,4
梦想汽车还有什么坑？,2023/2/5,googlestyle,6
2月13日起，北京市恢复机动车工作日高峰时段区域限行措施,2023/2/6,haolihai,11
美国上下班普遍远、家里有车库，新能源很合适吧？,2023/2/3,census,45
[合集] 我真玩不明白锂电池，研究太累了,2023/2/6,oBigeyes,0
代友卖个奇瑞3XE 480,2023/2/6,zyzx77,0
预算15-18万，求推荐纯电车,2023/2/4,smpeony,23
比亚迪的电池下降到多少时可以换电池,2023/2/5,zhtoad,10
Model Q可以等吗？,2023/2/5,U8,7
理想经常能招来一些奇葩黑,2023/2/6,touareg,4
纠结蔚来ES8和理想L9，蔚来是真的降价吗？降就来一台啊,2023/2/2,playmobil,8
除了销量靠前的那几家，剩下的新能源赚钱吗？,2023/2/5,bdjnl58,9
问界的问题是整个国产新能源车的一个缩影,2023/2/2,TimeAndRiver,42
有同时开过56E和海豹的吗？,2023/2/6,FB86829067,3
gifteffe被取消在GreenAuto版的发文权限,2023/2/6,deliver,0
发展中国家发展电动汽车未必不行，机会其实很大,2023/2/5,lemonbox,3
电车是旧能源，油车是新能源,2023/2/6,imchenghaibo,0
拥堵费为什么一直收不上来呢,2023/2/5,zmren,3
电车就是手机，油车是手表。,2023/2/6,Johnnywu1,0
电车的用车成本还是比油车高,2023/2/5,artech51,15
我觉得电车现在还有个空缺位,2023/2/5,okawaru,4
买电车都是电在车前,2023/2/5,shunderen,3
理想汽车又被黑了！,2023/2/6,chery,0
新势力放水设计大概真不行 蔚来也因为漏水烧了 声音功放单元,2023/2/5,xxyy0088,6
换车的时候，老电车都是怎么处理的呀？,2023/2/5,hellojinan,33
报告一下深蓝增程电耗油耗,2023/2/4,doremy,3
极氪那个麒麟电池版本的上市了吗？,2023/2/5,xiechuanhust,6
理想亏电后加速下降这么多？dmi怎么样？,2023/2/2,glj,22
吹dmi，黑增程的迪粉都进来,2023/2/5,snwofox303,12
现在哪个车续航最长？,2023/2/3,spritesw,22
油车换电车，号牌要换吗，北京,2023/2/5,soccerwang,3
比亚迪现在火到都没啥优惠了？,2023/2/5,wyzx,12
中国的电动车在国外有大卖的可能吗？,2023/2/4,soochowboy,18
