﻿主题,发帖时间,_ 作者,回复
到目前为止没有电车的第三方电池厂商,2023/2/5,gen9,3
以后自动驾驶商用了，不用驾照了吧,2023/2/4,zmren,1
新能源轮侯24983，今年能排上吗？,2023/2/5,c1022189,2
曝余承东独掌华为智能车业务：王军已被停职,2023/2/5,xtfj,5
特斯拉降价就是遵从第一性原理,2023/2/5,googlestyle,15
比亚迪啥时候降价,2023/2/5,ltzh83365468,4
特斯拉无论涨价降价，背后都涵盖了无数工程创新！,2023/2/4,zhangxy11,5
MY在美国又涨价了,2023/2/4,lOlOlO,2
chatgpt能和自动驾驶结合吗,2023/2/4,dawei78,1
我心中完美的新能源车,2023/2/4,content,14
temiibu被取消在GreenAuto版的发文权限,2023/2/4,deliver,0
不理解l9这么个家庭用车，测试亏电、极限越野的意义何在,2023/2/4,kxtjmn,15
这个趋势下去，宁德时代该着急了吧,2023/2/2,fancysky,32
[心得] 蔚来ES8 八万公里体验,2023/2/2,nonehide,43
纯电轿车其实车没有必要做那么长,2023/2/4,huankuib,2
特小蔚的自营充电桩基本和万达广场、万象汇绑定了,2023/2/4,AD007,2
有路径规划的车应该全搞成新能源,2023/2/4,masterbe,0
特斯拉的黑点,2023/2/3,tbbt2013,14
【理想L9四驱的真实越野能力，请touareg谈谈感想】,2023/2/2,chaodide,26
id6crozz什么时候出2023款？,2023/2/4,wobucunzai,4
新能源界最靓的星,2023/2/4,googlestyle,8
版面积分变更记录,2023/2/4,deliver,0
有人出modelY么？,2023/2/4,martin931110,0
买特斯拉就像去超市买东西,2023/1/27,sniperGG,30
今年电动车看起来不妙,2023/2/4,baobestest,5
目测特斯拉美国所有Model Y可能要涨价,2023/2/4,TrinidadSeal,3
Tesla涨价啦,2023/2/4,presento,3
北京新能源摇号排队到哪一年了,2023/2/3,qingchong,7
weelluai被取消在GreenAuto版的发文权限,2023/2/4,deliver,0
春节1500公里电车体验,2023/1/30,xunzhe,8
二手车降价,2023/2/4,wuhuadasha,1
电车摇号顺序我是31万，猴年马月能排到？,2023/2/3,Hishawn,19
电车把油车打的无力还手了。,2023/2/3,chery,10
老美不买豪车?美国新车平均售价5万美金,2023/2/4,junopapaya,1
ID4春节北京至山东走高速表现,2023/2/3,summerlover0,6
电车整体要大降一波，想买的可以等等,2023/2/3,zhuzhuxi,14
其他车厂会不会联合起来对比亚迪进行围剿,2023/2/3,bournez,9
新能源车企靠卖碳积分一年就能赚几十亿真的假的,2023/2/2,yellowChange,7
2023款元plus啥时候上市？,2023/2/2,ph0632,5
昨天一单顺风车说到特斯拉,2023/2/3,TimeAndRiver,24
也说说春节开长途的感想,2023/1/23,swen,21
chaodide被取消在GreenAuto版的发文权限,2023/2/3,deliver,0
[合集] 蔚来智能驾驶功能真垃圾，直接把静止的车给撞了。,2023/2/3,nolonger,0
好消息，特大好消息,2023/2/3,socool,8
argo201被取消在GreenAuto版的发文权限,2023/2/3,deliver,0
testimonial被取消在GreenAuto版的发文权限,2023/2/3,deliver,0
lacrover被取消在GreenAuto版的发文权限,2023/2/3,deliver,0
sdlk被取消在GreenAuto版的发文权限,2023/2/3,deliver,0
TimeAndRiver被取消在GreenAuto版的发文权限,2023/2/3,deliver,0
apterousfly被取消在GreenAuto版的发文权限,2023/2/3,deliver,0
superbalic被取消在GreenAuto版的发文权限,2023/2/3,deliver,0
请问id6还有冬天仪表盘不显示的问题吗,2023/2/1,rtrtrt,7
bcedolle被取消在GreenAuto版的发文权限,2023/2/3,deliver,0
nugeeing被取消在GreenAuto版的发文权限,2023/2/3,deliver,0
这都3号了新能源车企也不公布销量了,2023/2/3,xiadayu,4
全球60%的电车销量在中国？,2023/2/3,HLWJSJ,6
es8 雪地模式不错 上山不打滑 下山上了雪袜很少很少打滑,2023/2/3,xxyy0088,0
北京车牌解禁后买个什么新能源小车占号,2023/2/1,lawker,26
蔚来降价促销 降幅最高超过10万,2023/2/2,keeliu67,33
经常听人说买了某部车是大冤种,2023/2/3,TimeAndRiver,9
贴两段理想one轻越野的视频,2023/2/3,touareg,7
华为为啥不抢占车机系统市场,2023/2/3,nolonger,13
发个理想L9春节3500公里云南自驾的详细体验 (转载),2023/2/3,pigflying,5
都怪特斯拉降价，严重打击国产电动车发展,2023/2/2,meirenai,11
特斯拉充分说明了朝三暮四耍猴子的有效性,2023/2/3,zhangxy11,0
看了闪电猫,2023/2/2,wsnsw,12
看看二手新能源车的市场报价,2023/1/31,zhejiushij5,33
i3 26.5w还值得买么？,2023/2/3,splinter,12
比亚迪在日本开卖几天了，卖出去了吗？,2023/2/3,peibch,0
问界和华为到底什么关系？,2023/2/3,covidtest,10
怎么感觉电车突然间从去年的火爆就冷下来了,2023/2/3,meirenai,14
这一波造车热可能已经到了尾声,2023/2/2,xianrena,48
老家很多人买四轮电动车,2023/2/3,jpye,6
BYD1月共销售乘用车150164辆，其中出口10409辆,2023/2/3,census,0
特斯拉确实急了，因为马斯克定的目标是年销200万辆,2023/1/31,zhouxxs,39
就剩byd还在涨价,2023/2/2,meirenai,15
北京十四五规划保有量200万辆，如何实现？,2023/2/3,HLWJSJ,5
开不了油车了,2023/1/15,YxMg,120
以后还嘴硬说二手保值,2023/2/2,dahai2999,26
正在车里等着充电,2023/2/1,zhaozhao1982,122
这就是增程高速要充电的原因吗,2023/1/15,swen,74
model Y黑色改白色车衣，需要去车管所备案吗？,2021/11/23,ecjtuqx,13
补贴没了，新能源卖不动了,2023/1/28,kettle,40
有EQE 用户吗，感觉怎么样？ ,2023/1/31,thuwgy,39
感觉电车上半年普遍要降价,2023/2/2,ltzh83365468,12
我来给比亚迪添黑料了,2023/2/2,xiadayu,17
马斯克研究核电池，续航问题将不存在,2023/2/2,dahuazhai,2
限行限号摇号政策跟新冠放开与否会否很像？,2023/2/2,pany,6
特斯拉还得继续衰退,2023/1/31,tbbt2013,8
油牌买理想必须换绿牌吗？,2023/2/2,skyfromheart,4
插电的增程式，不如直接买纯油，搞不好油箱的油过期了！,2023/2/3,wangcity,1
蔚来的豪车人设算是立住了！,2023/2/2,kunseng,13
特斯拉Model y 提车体验报告,2021/4/13,jinmoney,43
比亚迪估计也快降价了,2023/2/1,hellokkzhu,4
新势力太low了降价就不能学特斯拉公开透明吗?,2023/2/2,V587,5
电吹们说的服务区去个厕所走两步就充好电了是说厕所距离远么…,2023/2/2,fantesy,18
增程车确实省油，但这并不是理想卖得好的原因——卖得好关键还,2023/2/2,dasnet,7
各位大佬帮分析一下该选纯电还是插电？,2023/2/2,llongago,12
除了比亚迪，特斯拉。国内造车的,2023/2/2,Johnnywu1,20
Re: 比亚迪唐ev质量这么差？,2023/2/2,原帖已删除,9
北欧人的冬测,2023/2/2,GeneralMilk,42
现代ioniq 6很牛啊,2023/2/2,gjq,18
北京今年还会有去年下半年油车外迁补贴政策吗？,2023/2/2,zhangtian988,2
[心得]冬季电车长途数据分享,2023/2/2,waye,9
销售说问界m5增程也降价了,2023/2/1,rockgirl,9
miisnna被取消在GreenAuto版的发文权限,2023/2/2,deliver,0
现在家庭分60分，前几周转电车号池,2023/2/2,CRH380,0
开比亚迪汉，送一位快退休的老干部，被当成特斯拉，囧,2023/1/30,DavidKING516,28
充电桩充几分钟就断开是什么情况,2023/2/2,Acui,3
这几个月在南京打滴滴几乎都是电车,2023/2/2,youyuan715,6
问个小白问题，电池寿命的影响因子都是啥？,2023/1/28,datatime,13
问界M7长途油耗,2023/1/28,gallado,66
别唧唧，新能源车是弯道超车的,2023/2/1,singtiger,4
家庭积分36分，63能排上车吗？,2023/2/2,wfsuntshine,1
立个Flag：L7会成为理想公司有史以来最大的爆款,2023/2/1,touareg,59
蔚来完蛋了,2023/2/1,soboat,20
作为补能手段，增程远远优于换电和超快充,2023/2/2,snwofox303,2
广汽埃安AION S Plus 70乐享版 14.98万,2023/2/1,yuanshanqian,11
初二北京-河南，id4，多少时间能到,2023/1/15,fuyunfeng,53
现在买宋plus ev 是不是不划算呢,2023/2/1,huanhuan87,12
电车使用成本现身说法,2023/1/29,couldyou,24
这两天在苏州打滴滴都是油车,2023/2/2,fancysky,2
转让华商三优7kw充电桩,2023/2/2,kongpumc,0
想求个随车充,2023/2/1,qinjian,4
理想1月销量不行才1w5，不过还是吊打友商！,2023/2/1,kxtjmn,10
丰田全球销量微跌，大众大跌,2023/1/31,Crusade,46
腾势这个牌子还在好好弄吗？,2023/2/1,coolidge,12
scleoyd被取消在GreenAuto版的发文权限,2023/2/2,deliver,0
[合集] 为什么大家总骂违停？,2023/2/2,oBigeyes,0
比亚迪说冬季空气阻力比夏天高,2020/12/22,sirius0777,59
特斯拉方向盘掉下来了,2023/1/31,stockjack,7
不吹不黑，广汽埃安lx80 suv，三年三万公里，百公里电耗17.8,2023/1/28,lamhn,37
把混动和纯电放在一起比销量不妥,2023/2/2,AD007,1
[合集] 东京为什么不限行不限号不摇号？,2023/2/2,oBigeyes,0
一月有些车厂有点惨啊，环比跌了八成,2023/2/2,Vas,7
海南的新能源是真多了,2023/1/31,xlrh,29
理想卖的好，主要是沾了油车的光,2023/2/2,o0O0o,3
"byd一月销售151,341 环比大幅下跌",2023/2/1,Icanread,14
et5都有现车了？,2023/2/1,chelseaLL,13
理想1月交付15141辆，大过年还有这个销量算不错了,2023/2/1,playmobil,5
XC90被取消在GreenAuto版的发文权限,2023/2/2,deliver,0
【来算个账】新能源车使用成本血亏,2023/1/27,LYMing1986,358
北京日报：为什么要让我花钱证明“我儿子是我儿子”？,2023/2/1,yu6018,11
北京如果放开限购根本不需要投入成本去收拥堵费,2023/2/1,talentcat,2
比亚迪内饰的拉跨是审美缺失，还是客户定位做得好？,2023/2/1,djshaofei,21
试驾了蔚来,2023/1/29,youyuan715,122
Re: 奥迪Q2Le-tron纯电智享型,2023/2/1,原帖已删除,21
赶紧取免费换电吧,2023/1/31,biubiu02,10
现在电车价格还处在高位吧,2023/2/1,bom,5
春节期间开蔚来北京至山东单程588km，换电4次，简单记录。,2023/1/29,hous,43
E-ROCK冬季表现 百公里电耗23+,2023/2/1,zhuming717,9
怎么理想爆出来了，很多跟我说理想很好，不是油车吗？？,2023/2/1,MachuPicchu,2
金康问界是不是凉了？,2023/2/1,touareg,6
2023年6月1日起实施，车险改革，最高涨11%，最低降23% (转载),2023/2/1,tsa300,0
[求助]现在这个阶段20万左右的纯电SUV选哪个啊？,2023/1/31,cnflyings,27
电车盛世危言：当世人皆因电车打了鸡血之时，我要泼一盆冷水,2022/8/20,dasnet,216
这些优惠值钱吗？,2023/2/1,kunseng,1
新能源这个车太吓人,2023/1/31,hongbin8615,20
上海延长新能源车购置补贴1万块，北京有啥跟进？,2023/1/31,bbbmmm,8
国产电动2023准备薅羊毛，结果特拉斯捣乱,2023/1/30,dahai2999,181
一月份新势力上险量统计,2023/2/1,leon1020,6
换电路线的代价很大，隐形成本没有被考虑进去,2023/1/30,lemonbox,20
中国新势力的电池安全性比特斯拉强啊,2022/10/27,AD007,93
2023款的海豚还值得买嘛？,2023/1/30,kunseng,21
飞凡r7怎么样,2023/1/31,stockjack,25
感觉仰望完全没有目标客户,2023/1/31,IrnBru,81
比亚迪挑战低温。。。跪了,2023/1/30,wei507166,34
奥迪指控蔚来车名侵权胜诉，蔚来德国总经理或面临6个月监禁,2023/1/20,xixihaha2019,18
理想车主进，请教一下：速度超过130会掉电吗？,2023/1/29,census,54
有没有可能，新能源被欧美忽悠了,2023/1/30,fancysky,63
Wang1514566被取消在GreenAuto版的发文权限,2023/2/1,deliver,0
极氪003怎么样？,2023/2/1,hsv,5
mkleawo被取消在GreenAuto版的发文权限,2023/2/1,deliver,0
funa被取消在GreenAuto版的发文权限,2023/2/1,deliver,0
现在加入北京电车单人排队，还要排多长时间呢？,2023/1/26,xuyongustc,7
问个正事，电车买哪个品牌的洗车枪？,2023/1/29,Nordahl,31
被保险公司气死了,2023/2/1,lxf,3
早上上班跟了辆奔驰eqb350的电车，发现后门车标,2023/2/1,haolihai,8
【购车前篇】决定去订车了，有什么需要注意的地方嘛？,2023/1/31,kunseng,11
[新能源]长续航Y，春节期间跑了5000公里，详细信息分享,2023/1/31,aminyjiss,32
咨询下，这个软件叫啥名字,2023/1/31,qdfly,3
收一个充电桩,2023/2/1,nemo2013,0
不知道靠不靠谱的一月份上险量,2023/2/1,ia,6
说蔚来贵的可以看下这个表格，扣除换电价格您看还贵吗？,2023/1/30,charles263,33
[合集] 版上有要江淮iEV4的吗,2023/2/1,oBigeyes,0
日韩车和合资电车还会继续溃退,2023/1/31,shunderen,3
[新能源]长续航MODEL Y 春节跑长途，往返3000公里,2023/1/30,yafoxcn,31
韭菜L8返程 1300 公里 (转载),2023/1/31,powell,4
舒适性悬架ModelY啥时候上,2023/1/30,skyfromheart,18
新能源车企应该好好学学苹果,2023/1/31,kunseng,12
2022款比亚迪唐EV一万公里总结,2023/1/31,Dadubaba,7
今年北京新能源车还会像上海一样继续补贴吗？,2023/1/31,jppaaa,1
有些高知网友逻辑堪忧啊---吐槽下特黑,2023/1/31,idavailable,9
冲动了，花了1000元，在店里订了特斯拉m3,2023/1/30,zhanglili,22
几何大甩卖了么 ？,2022/10/17,yuanshanqian,24
特斯拉近期还会涨价吗？想交定金了，店里人说可以推迟2个多月提,2023/1/31,presento,10
很多人充电非要充满！,2023/1/27,MyNameIs007,54
今年有比较突出的技术更新被期待么？,2023/1/31,wsnsw,0
三亚机场有大瓜！,2023/1/30,Nordahl,19
有没有安装国网有序桩的，遇没遇到过设备离线的情况？,2023/1/31,SUPERDK,0
美国电车价格战开始了,2023/1/31,gjq,4
梦想L9 高速 acc都能追尾,2023/1/27,zhangxy11,6
国产传统汽车厂家谁的辅助驾驶L2做的好？,2023/1/31,infaith,5
一月电车销量不好,2023/1/29,bbbmmm,36
2023是插混年,2023/1/31,HLWJSJ,3
翻看了近期热帖，感觉不买蔚来不行了,2023/1/30,Warwick,100
请问现在海南还有哪些共享新能源车呀,2023/1/31,csman,0
收一个充电桩安装指标,2023/1/31,insanery,0
现在的新能源车市场有点像十几年前的手机市场吧,2023/1/31,wyid,1
电车高速开出了村道共享单车飙车的感觉 (转载),2023/1/31,xilong,2
小鹏汽车称今年将在中国推出全自动驾驶,2023/1/31,trek,7
luugheya被取消在GreenAuto版的发文权限,2023/1/31,deliver,0
Re: 宝马i3太少了，还有车主吗，可以进群,2023/1/31,原帖已删除,6
保养的意义是啥？？,2023/1/19,kaellen,24
净利同比涨超四倍，“全球销冠”比亚迪去年最高赚170亿,2023/1/31,Dankeschon,3
换电站最重要的是可靠性,2023/1/31,qiangsir,1
听说找特死啦维权的车主统统未遂,2023/1/30,noirecafe,15
不懂就问，不是纯电平台造出来的车有什么硬伤吗？,2023/1/29,samsonov,13
求教，从外地迁移新能源车到北京,2023/1/31,imeyangguang,1
北京有没有可能23年不限号随便购买新能源汽车,2023/1/30,qiqi2qiqi,27
Re: 今天被埃安坑惨了(后续）,2023/1/31,原帖已删除,189
L9起火的新闻居然没人转？,2023/1/30,Muscle2021,15
当前主流新能源厂家存量订单及1月份新增订单,2023/1/29,gaozhuang,8
汉ev一年花费现身说法,2023/1/29,willdx,45
车主称理想L9高速NOA失灵 没有主动刹车,2023/1/29,byh,19
真是搞笑，一群非蔚来车主替蔚来车主担心换电模式,2023/1/30,DiZhuo,19
极氪001春节期间来回崇礼之初体验,2023/1/28,whitelies,11
比亚迪E5防冻液需要全换掉么,2023/1/30,BMW320IM,3
换电模式潜力巨大,2023/1/30,geroge,14
古北水镇见闻,2023/1/26,KBKATE,61
隔壁版还有人造谣理想L9保不住电,2023/1/28,touareg,141
开仰望U8有面子还是开保时捷卡宴有面子？,2023/1/26,henhenhahi,98
[新能源]三亚通报67辆新能源客车起火#,2023/1/31,gliet,1
蔚来租电池是否要换成买电池？,2023/1/30,xinquan,28
蔚来的换电和快速充电不矛盾,2023/1/30,shunderen,6
马斯克在y发售前就预言这款车销量将大于sx3的总和,2023/1/30,zhouxxs,7
马斯克的粉丝，电动车就买特斯拉，还是Y。,2023/1/30,nzjw2016,4
借宝地问一句，现在隧道导航有突破了么？,2023/1/30,djshaofei,5
为啥有人吹蔚来换电,2023/1/30,fancysky,26
看到有人把电车改成了房车，很羡慕,2023/1/30,kunseng,0
车企今年会大量上麒麟电池吗,2023/1/30,tricky61,0
Re: 个人求新能源电车（300续航以上）,2023/1/30,原帖已删除,1
甲醇才是最环保的新能源吧,2023/1/30,Elric,4
比亚迪汉EV2023会有改款车上市吗？,2023/1/29,stonecold,3
#春运归家记#春节开着id 从北京到郑州 武汉 华山 西安 平遥 回,2023/1/30,chenyihan,6
理想为啥不尝试麒麟电池,2023/1/29,shunderen,5
有新手直接上高速的吗？,2023/1/1,exist09,388
蔚来换电这个方向已经错了吧，预测一下，最多五年就会消失,2023/1/29,herofeng2000,107
3月1日要是真有15万的特斯拉，那国产怎么办？,2023/1/29,nemo2013,22
江苏苏北县城见闻,2023/1/26,googlestyle,6
电车快充和手机快充,2023/1/29,HLWJSJ,18
春节IX3长途单程670公里表现,2023/1/30,Elman,13
上海：6月底前置换纯电车将获1万元财政补贴,2023/1/30,Zhusaid,10
特斯拉最可怕的还不止是降价,2023/1/23,TimeAndRiver,74
倡议！投票！成立一个极狐版吧,2023/1/4,shiguang,56
春节往返2300km高速感受,2023/1/30,windprint,10
现在对我的特斯拉极不满意,2023/1/29,tedxyz,17
北京有继续补贴的希望吗？,2023/1/30,luanma,1
哈哈，好搞笑，我买了辆车别人说我不懂自己的需求,2023/1/30,shemar,4
Model Y牛大了，司机自杀，开下75米的悬崖，大人没死,2023/1/4,TrinidadSeal,121
Re: 国产电车涨价也太猛了,2023/1/30,原帖已删除,5
感觉混动比纯电好啊,2023/1/28,bdjnl58,21
初八回京居然充电排队——下高速充电走山路更快,2023/1/30,zyzx77,9
小米汽车曝光，5个激光雷达,2023/1/30,wholeholes,6
求充电桩加安装资格,2023/1/30,anotherliyou,0
补贴会不会重新启动，上海给指明方向了,2023/1/30,covidtest,3
lacrover被取消在GreenAuto版的发文权限,2023/1/30,deliver,0
蔚来的“可变电池容量”值得大力推广啊,2023/1/30,tankcar,16
一月份第三周上险量,2023/1/18,ia,25
特斯拉不是高档车吧,2023/1/30,youzigui,0
有没有想过某想的小电池，大概率15万公里就要报废？,2023/1/4,gucasxiaot,103
日本汽车工业的“现在”和“未来”都被中美摁死了！,2023/1/30,chery,3
我的电车小电瓶最近经常没电什么情况？,2023/1/27,seaseasea9,9
去哪买二手特斯拉划算,2023/1/29,meirenai,4
新能源有没有可被卡脖子的零部件？,2023/1/23,dadadedada,14
美国制裁芯片会影响新能源吗,2023/1/29,npp,17
贡献一个春节电车超便宜的自驾经历,2023/1/29,sqrxj,4
雪佛兰探界者21款不想开了,2023/1/29,xiyici,1
春节长途返程740公里,2023/1/28,sm8822,28
说下汉EV回京情况,2023/1/29,tblxben,50
为什么各大新能源车企的降价还没有跟进？,2023/1/28,NewYorkSir,6
梦想汽车春节事不少,2023/1/29,googlestyle,10
蔚来换电没有错，非常正确,2023/1/29,TimeAndRiver,17
唐dmi异常掉电。,2023/1/26,huang10zhi,23
特斯拉价格还有可能再涨回去吗？？？？？？,2023/1/28,czx1990,15
能量密度、充电速度和安全性,2023/1/29,bjny99,0
碳氧电池，成本是锂电1/10，NASA火星探测器用的技术,2023/1/29,census,5
与纯电车相比，比亚迪的dmi混动车有哪些硬伤？,2023/1/25,yspeechless,45
电车春节1800km+长途返京，供参考,2023/1/29,insanery,21
小米汽车看起来很难有什么惊艳的东西,2023/1/29,Acui,7
贡献个北京-宝鸡往返记录,2023/1/29,tom6bj,8
doitmy被取消在GreenAuto版的发文权限,2023/1/29,deliver,0
小狐狸往返2700公里顺利返京,2023/1/28,compaqn800c,7
理想L9在馈电（hev）模式下的NVH比很多纯电车都好,2023/1/28,touareg,72
梦想汽车如何只通过车头辨别是L8还是L9？,2023/1/29,zhangxy11,4
电车走高速就像潜泳，只能憋气闷头前行，随时氧气不足憋死水中,2023/1/29,yehorse,12
id 4现在什么报价呢,2023/1/29,huanhuan87,4
服务区能大力普及快充吗？,2023/1/28,zhuzhuxi,28
纯电汽车就是个半截子工业品,2023/1/29,zhejiushij5,4
春节北京山东高速往返800公里小记,2023/1/29,haixian02,6
开长途回家，直流充电口坏了,2023/1/17,inthepast,26
有没有特斯拉的车主群啊，能发个二维码吗,2023/1/29,presento,1
为啥新能源车非要和智能系统挂钩？,2023/1/28,rehug,20
如果我是蔚来，我会向资本方讲述一个,2023/1/29,TimeAndRiver,8
有些人拿手机电池类比汽车电池,2023/1/29,leatherhead,5
贡献个初四往返天津的记录,2023/1/26,wangdass8,23
一车充电 占仨车位,2023/1/29,Mars102,3
5月下家庭指标，二娃，唐ev咋样？还有别的7座纯电吗？,2023/1/28,liugang177,27
蔚来车确实挺好的,2023/1/29,shunderen,1
Re: 北京冬天，电车高速出行，90%电量--可用续航约260km,2023/1/29,原帖已删除,10
柴暖确实是个好东西,2023/1/25,irance,65
ET7已经开到稻城亚丁了,2023/1/27,lacrover,6
丰田的27-28年规划,2023/1/29,AZTU,1
modelY高速实测,2023/1/27,fieldwind202,42
宝马i3这销量相当可以啊,2023/1/19,socool,41
个人出售2016款比亚迪秦EV300(尊贵版),2023/1/27,lushaojin,27
电动车只有两类,2023/1/28,tbbt2013,7
有埃安v 的群吗,2023/1/28,huanhuan87,1
汽车充电宝机器人来了,2023/1/28,stockjack,1
国产新势力拥有哪些核心技术才摆脱山寨地位的,2023/1/28,TimeAndRiver,7
开特斯拉的为啥还要手机导航呢？？？？,2023/1/28,czx1990,17
比亚迪或进军保险业 将全资接盘易安财险,2023/1/28,Mars102,5
今年还会有外迁补助吗,2023/1/28,davyfl,3
还是自驾爽,2023/1/27,zthenry,17
怎么买车最省钱？,2023/1/17,KEL,9
计划今年6月份买车，有什么值得期待的新车嘛,2023/1/28,ltzh83365468,3
开了7年的新能源咋处理？,2023/1/28,ltzh83365468,12
蔚来的车为啥那么贵？,2023/1/27,wyid,37
自驾去了躺天津，感觉不错，电车,2023/1/26,chouachou,13
现在极狐s有啥优惠呢？想看看！大家谁知道帮忙透露下。,2023/1/22,tecsun,19
完蛋了，我招惹3YC股东了,2023/1/28,zyzx77,2
有没有特斯拉和比亚迪的毛利数据？,2023/1/28,yuanshanqian,7
家庭的话，就主申请人北京户口，是不是没啥希望？,2023/1/28,Yankovic,2
Chaoji快充示范桩,2023/1/26,linyixiao,10
夫妻一方有车，另一方可以跟子女、父母组建无车家庭吗？,2023/1/28,candy04502,7
元plus近期有没有降价的可能？,2023/1/28,zheshimimi,3
特斯拉配置如此低为啥还有大量人购买,2023/1/27,TimeAndRiver,104
怎么找车位？,2023/1/28,mooners,2
特斯拉值得学习的一点,2023/1/28,presento,9
特斯拉最大的技术优势,2023/1/27,SSJ100,10
过年实测Model Y不同均速和温度下的能耗,2023/1/27,Muslera,25
电车在北方的冬天也就是和电动自行车差不多吧,2023/1/28,zhaozhao1982,1
理想L8长途油耗,2023/1/28,CRDM,16
[转载] 小鹏2023年将推出5款全新与改款车型,2023/1/28,doudouba,1
塞力斯咋样啊？,2023/1/28,xtutu0003,2
10-12万左右的，是不是只有海豚了？,2023/1/28,shichina,3
[合集] 留给国内杂牌电车的时间不多了,2023/1/28,nolonger,0
家庭号满10年后，是不是就可以重新参加摇号？,2023/1/28,dahai2999,1
那些敢在至暗抄底特斯拉的人，大概已经财富自由,2023/1/27,shiguang,10
我认为芯片封锁对中国汽车发展影响不大,2023/1/28,TimeAndRiver,6
中关村理想国际大厦地库B3充电，咋能上楼？,2023/1/27,firstmj,7
本土电车芯片企业也不少啊,2023/1/28,nolonger,13
这个是啥车呀,2023/1/27,lookatjane,5
glc比eqc好开很多吗？,2022/10/15,omin,13
byd汉 冬季北京实际续航,2023/1/25,RickyZhou,14
丰田章男卸任丰田集团ceo,2023/1/28,Icanread,11
是不是快充的时候，不能开空调？,2023/1/28,hernij,2
贴个20款理想one的准高峰长途油耗,2023/1/27,touareg,11
北京混动车能上蓝牌吗,2023/1/26,microcheng,7
帝都有私桩的能超过20%吗,2023/1/28,TimeAndRiver,6
枫叶是个什么车,2023/1/28,wyid,4
开旧车才是省钱,2023/1/27,wuhuadasha,10
北京插混指标问题,2023/1/17,commandolwp,26
北京安装家用充电桩比例有多少？,2023/1/12,HLWJSJ,15
电池成本下降迅速，电车用几年后换电池成本应该很低,2023/1/28,Tmoon,4
还有极狐的群吗？,2023/1/27,saturdays,3
增程车为什么都用三元锂电？,2023/1/28,leelay84719,4
特斯拉成本为什么低？,2023/1/26,nightknight2,31
腾势d9有优惠吗？,2023/1/26,hayxin,11
理想L9的麋鹿成绩打败了库里南和X7,2023/1/27,touareg,8
今年新能源指标分数线预计,2023/1/27,LaughLy,3
2023版的秦plus dmi上新了,2023/1/27,sunny81,0
梦想汽车这个是车的问题还是人的问题？,2023/1/27,googlestyle,0
打算买个外地油车长途用了,2023/1/26,KBKATE,40
请问DMI插混在北京免购置税吗？,2023/1/26,gesiladj,1
也说春节长途体验,2023/1/26,spinage,17
高速路上的电爹,2023/1/27,imchenghaibo,16
开油车的体验,2023/1/27,shunderen,10
日行1000公里  全程14小时 充电2小时 一共花费200元,2023/1/26,ruige0822,37
考虑三元锂建议只充到90%，似乎也没什么优势,2023/1/26,zhangxy11,16
3YC这锁的有点坑人,2023/1/27,zyzx77,2
如果特斯拉后续推出phev，比亚迪就彻底懵逼了,2023/1/27,wormvirus,2
要省钱干嘛不买五菱和老头乐,2023/1/27,shunderen,6
电车省下巨额油费的优势，远超过偶尔跑长途多充几次电的麻烦,2023/1/24,yehorse,265
回京了小结一下,2023/1/27,huankuib,21
第一次上较长的高速，然后顶着限速跑,2023/1/2,wordsword,57
我这老破短腿充电真文明,2023/1/27,zyzx77,0
电车春节高速简直就是噩梦,2023/1/26,wzwmiemie,11
极狐直流快充，75分钟充14度电，请问是什么原因？,2023/1/26,saturdays,16
春运等假期真是要强制车道居中,2023/1/27,doitmy,0
传比亚迪要收购福特的德国工厂,2023/1/27,peibch,3
蔚来车主，现在高速换电站的电池够用么,2023/1/27,lakepanda,13
春节电车体验,2023/1/27,democray,3
五年内有没有可能出现这种电车,2023/1/25,valleyshaDow,37
纯电车应该将柴暖作为一个配件设计进入产品,2023/1/26,TimeAndRiver,7
电车速度超过100以后，掉电极快,2023/1/26,littelShrimp,13
[求助]现在电车家庭号排到多少分了,2023/1/25,Pameda,6
xhs上看到的，应该是特斯拉财报上的,2023/1/26,TrinidadSeal,36
特斯拉真硬，把货车撞飞了,2023/1/23,xiadayu,13
这个冬天蔚来完胜啊！,2023/1/26,churchilllee,26
[新能源]MY长续航这几天的能耗,2023/1/25,zai,13
仰望希望谁仰望？,2023/1/26,Johnnywu1,2
换电真是个好想法,2023/1/22,stanlyliusu,53
有华为加持的问界为啥还打不过三傻？,2023/1/23,o0O0o,26
今天丢人了,2023/1/25,yeguo,14
时隔俩月，我的几何C又坏了,2023/1/23,bj003,23
比亚迪、腾势、仰望的定位分别是啥？,2023/1/26,mchh211,9
谁的车装了柴暖，谈谈经验呗,2023/1/26,phoenixhills,4
为什么在中国大卖的比亚迪新能源在别的国家没人喜欢,2023/1/25,zhaozhao1982,19
在北京市区开电车还行,2023/1/25,zhaozhao1982,7
开完了电车开油车，受不了啊,2023/1/25,sharonyue,8
二手新能源求分析,2023/1/23,fzw6239,9
其实我应该开电车,2023/1/26,trabalhar,7
电车冬天里程缩水太厉害,2023/1/26,hongbin8615,7
零下20度电车1000公里长途,2023/1/26,sunyanzi,4
今天体验了李韭三百多公里,2023/1/24,leyouyip,84
据说蔚来在流浪地球2多次植入，不知花了车主和股东多少钱,2023/1/22,DiZhuo,13
春节回家体验,2023/1/26,zhangjl521,13
要是能发明核动力电池就好了,2023/1/25,gwyxg,8
